,ego_vehicle,route_length,pedestrians,npc_vehicles,outside_route_lanes,carla_version,completion_score,simulation_time,driving_score,system_time,infraction,weather
0,vehicle.bmw.isetta,207.01921297077124,145.0,177,0.0,10,100.0,114.90000171214342,100.0,496.5440793037415,none,0
1,vehicle.bmw.isetta,82.7731237397857,140.0,177,0.0,10,0.0,2.450000036507845,0.0,8.039913892745972,red_light,1
2,vehicle.bmw.isetta,178.9391330373126,147.0,177,0.0,10,98.31287360840916,418.0000062286854,98.31287360840916,1755.8151788711548,none,2
3,vehicle.bmw.isetta,238.10978756392848,142.0,177,0.0,10,100.0,141.20000210404396,100.0,674.2910680770874,none,3
4,vehicle.bmw.isetta,223.3329029008772,143.0,177,10.64,10,98.68428625713396,594.0500088520348,88.18204332228864,2567.2544350624084,none,1
5,vehicle.bmw.isetta,167.56487086493937,148.0,177,0.0,10,98.68817242944812,432.7000064477325,98.68817242944812,2095.9694731235504,none,4
6,vehicle.bmw.isetta,194.9718798637444,146.0,177,26.31,10,8.68647644522261,999.0500148870052,6.400980281759373,5317.947593450546,none,5
7,vehicle.bmw.isetta,115.88590957775584,141.0,177,0.0,10,100.0,308.5500045977533,100.0,1465.9135229587555,none,6
8,vehicle.bmw.isetta,43.096043644042815,142.0,177,0.0,10,7.066566422530138,8.550000127404928,4.239939853518083,40.87426996231079,collisions_vehicle,3
9,vehicle.bmw.isetta,58.63827134877027,0.0,177,0.0,10,0.0,0.050000000745058,0.0,0.1574633121490478,red_light,1
10,vehicle.bmw.isetta,77.26589929384768,143.0,177,0.0,10,47.818190214542334,67.75000100955367,28.6909141287254,284.82965755462646,collisions_vehicle,6
11,vehicle.bmw.isetta,162.78504929646405,145.0,177,7.9,10,100.0,197.75000294670463,92.10249296008108,836.0990481376648,none,4
12,vehicle.bmw.isetta,198.33133495156537,145.0,177,0.0,10,97.07372719097572,138.20000205934048,58.24423631458543,670.5642559528351,collisions_vehicle,7
13,vehicle.bmw.isetta,101.61206212778252,143.0,177,0.0,10,97.79732483468278,546.1000081375241,97.79732483468278,2352.1731362342834,none,8
14,vehicle.bmw.isetta,114.14997116258075,141.0,177,8.62,10,69.16579887436914,150.75000224635005,41.08074195236943,593.0328617095947,collisions_layout,8
15,vehicle.bmw.isetta,89.85816825817592,142.0,177,0.0,10,97.79184070872851,491.0500073172152,97.79184070872851,2427.017853975296,none,3
16,vehicle.bmw.isetta,117.1820118020656,144.0,176,0.0,10,98.69252614297608,601.5500089637935,98.69252614297608,2867.559336423874,none,5
17,vehicle.bmw.isetta,124.7108900544878,149.0,177,0.0,10,100.0,96.40000143647194,100.0,351.6483519077301,none,6
18,vehicle.bmw.isetta,97.85226981529962,146.0,177,0.0,10,0.3341582457648769,2.550000037997961,0.2339107720354138,9.162339210510254,red_light,9
19,vehicle.bmw.isetta,152.4820958031289,146.0,177,0.0,10,100.0,86.45000128820539,100.0,413.30203914642334,none,2
20,vehicle.bmw.isetta,273.33199613203595,145.0,177,0.0,10,0.689627730899564,13.15000019595027,0.4827394116296947,49.98420262336731,red_light,8
21,vehicle.bmw.isetta,174.53322915148334,150.0,176,0.0,10,35.228764899498465,176.2000026255846,21.13725893969908,832.1360611915588,collisions_vehicle,5
22,vehicle.bmw.isetta,56.30132988530262,141.0,177,0.0,10,97.95634578939412,324.55000483617187,97.95634578939412,1450.6225192546844,none,10
23,vehicle.bmw.isetta,187.8028807307963,139.0,177,0.0,10,98.50886750767948,901.650013435632,98.50886750767948,3012.6688725948334,none,7
24,vehicle.bmw.isetta,148.57995264526733,141.0,177,0.0,10,100.0,290.200004324317,100.0,1237.3627924919128,none,3
25,vehicle.bmw.isetta,67.64448743494455,139.0,177,0.0,10,97.8667075132946,257.500003837049,97.8667075132946,1143.4386954307556,none,1
26,vehicle.bmw.isetta,247.34437197628097,143.0,177,33.01,10,7.750058654082857,18.55000027641654,3.115179895991939,114.5644793510437,collisions_vehicle,9
27,vehicle.bmw.isetta,185.99463978365304,144.0,177,0.0,10,100.0,75.40000112354755,100.0,297.60253834724426,none,11
28,vehicle.bmw.isetta,50.992664209856144,147.0,177,0.0,10,95.88114004257964,224.2000033408404,95.88114004257964,1081.725418329239,none,12
29,vehicle.bmw.isetta,80.77520493729264,142.0,177,0.0,10,30.866339863699032,282.3000042065978,21.60643790458932,1274.1912157535553,red_light,2
30,vehicle.bmw.isetta,154.22773630668453,144.0,177,0.0,10,100.0,165.65000246837735,100.0,863.9446232318878,none,8
31,vehicle.bmw.isetta,81.18335428520193,142.0,177,0.0,10,98.0943522509119,102.95000153407454,68.66604657563832,491.81799387931824,red_light,13
32,vehicle.bmw.isetta,126.51974353648706,143.0,177,0.0,10,98.07636276672449,490.850007314235,98.07636276672449,1800.837732553482,none,1
33,vehicle.bmw.isetta,275.5098342056596,143.0,177,40.37,10,8.10938483824933,503.4000075012445,2.9011389523875377,2678.4467408657074,collisions_vehicle,12
34,vehicle.bmw.isetta,161.0705508614438,144.0,177,0.0,10,98.51706946026783,457.3500068150461,98.51706946026783,2400.0307602882385,none,8
35,vehicle.bmw.isetta,212.21998513514657,146.0,177,0.0,10,63.01566886784535,288.500004298985,37.80940132070721,1328.9706528186798,collisions_vehicle,14
36,vehicle.bmw.isetta,92.67208641879182,143.0,177,31.63,10,18.11085582765734,212.1000031605363,12.382020693053107,955.7349982261658,none,13
37,vehicle.bmw.isetta,155.64995003145023,144.0,177,0.0,10,100.0,228.35000340268016,100.0,852.8260481357574,none,13
38,vehicle.bmw.isetta,168.14150198346732,146.0,177,0.0,10,31.966944547459185,121.40000180900095,19.18016672847551,788.5562937259674,collisions_vehicle,8
39,vehicle.bmw.isetta,135.6931039120751,144.0,176,0.0,10,32.9771254860188,93.40000139176846,21.435131565912226,349.4457323551178,collisions_layout,12
40,vehicle.bmw.isetta,121.9713958242025,149.0,177,0.0,10,100.0,206.4500030763448,100.0,881.256457567215,none,15
41,vehicle.bmw.isetta,90.0830794673052,145.0,177,0.0,10,12.166403723490731,60.400000900030136,8.51648260644351,287.8887724876404,red_light,14
42,vehicle.bmw.isetta,71.692100036983,145.0,176,0.0,10,98.79505801832866,444.0000066161156,98.79505801832866,2101.469473600388,none,14
43,vehicle.bmw.isetta,195.33833164299287,144.0,177,0.0,10,98.96883652118282,663.5000098869205,98.96883652118282,2717.8410823345184,none,13
44,vehicle.bmw.isetta,96.40022461549356,140.0,177,3.81,10,52.62688635077831,70.15000104531646,30.37245399782861,394.3113565444946,collisions_vehicle,5
45,vehicle.bmw.isetta,151.55090419619987,145.0,177,0.0,10,100.0,301.2000044882297,100.0,1211.9695479869845,none,11
46,vehicle.bmw.isetta,185.7261592234176,145.0,177,0.0,10,66.72317298759765,163.4500024355948,46.70622109131836,670.2482786178589,red_light,4
47,vehicle.bmw.isetta,141.90401885803934,144.0,176,0.0,10,98.96942421376984,372.4000055491924,98.96942421376984,1334.9148542881012,none,1
48,vehicle.bmw.isetta,159.02180304401404,141.0,177,0.9,10,98.71864427457284,236.50000352412465,97.82525274166154,958.6776537895204,none,1
49,vehicle.bmw.isetta,69.93839879481226,143.0,177,0.0,10,48.56649498202687,161.50000240653753,29.13989698921612,928.064206123352,collisions_vehicle,14
50,vehicle.bmw.isetta,222.93380901648845,145.0,177,0.0,10,100.0,371.8500055409968,100.0,1796.7693712711334,none,3
51,vehicle.bmw.isetta,237.9464389452768,143.0,177,0.0,10,100.0,378.050005633384,100.0,1670.3951377868652,none,16
52,vehicle.bmw.isetta,200.10978739194945,145.0,177,0.0,10,100.0,85.45000127330422,100.0,433.64402985572815,none,17
53,vehicle.bmw.isetta,139.8224897592828,139.0,176,0.0,10,27.69300306906916,110.7500016503036,16.615801841441492,481.1803512573242,collisions_vehicle,2
54,vehicle.bmw.isetta,129.7494968599369,146.0,177,0.0,10,47.100629936088986,110.35000164434314,28.26037796165339,529.5445241928101,collisions_vehicle,3
55,vehicle.bmw.isetta,59.98171397690685,144.0,177,0.0,10,98.3079209536202,240.0500035770237,98.3079209536202,1096.5891332626345,none,5
56,vehicle.bmw.isetta,164.30197183978018,144.0,176,23.14,10,100.0,200.4000029861927,76.86435148621442,791.8892726898193,none,18
57,vehicle.bmw.isetta,135.3497162420629,149.0,177,0.0,10,22.45979934506745,34.80000051856041,15.721859541547216,127.0293755531311,red_light,7
58,vehicle.bmw.isetta,85.66889046054116,141.0,177,18.75,10,18.746580168973,264.8000039458275,9.139452108403171,1367.8451356887815,collisions_vehicle,19
59,vehicle.bmw.isetta,62.57769689198829,143.0,177,0.0,10,8.721102557733534,46.000000685453415,6.104771790413474,189.00525379180908,red_light,14
60,vehicle.bmw.isetta,209.0502379953276,145.0,177,22.66,10,100.0,120.7500017993152,77.33906469630894,483.4859035015106,none,7
61,vehicle.bmw.isetta,109.91696340852243,140.0,177,0.0,10,100.0,138.75000206753612,100.0,691.7406885623932,none,20
62,vehicle.bmw.isetta,112.25633952510816,148.0,177,0.0,10,98.70493413451766,398.4500059373677,98.70493413451766,1865.498320817948,none,11
63,vehicle.bmw.isetta,113.50148540809884,145.0,177,42.99,10,100.0,123.25000183656812,57.00518395721994,532.8976774215698,none,8
64,vehicle.bmw.isetta,245.14782311563644,145.0,176,0.0,10,98.02592793562016,723.0500107742846,98.02592793562016,2642.6630692481995,none,18
65,vehicle.bmw.isetta,250.12245508861588,142.0,177,0.0,10,100.0,149.10000222176313,100.0,649.628725528717,none,14
66,vehicle.bmw.isetta,54.506131352703086,146.0,177,0.0,10,1.922133754220524,4.150000061839819,1.2493869402433406,23.24409556388855,collisions_layout,14
67,vehicle.bmw.isetta,132.2912577005324,145.0,177,0.0,10,98.66845135169544,416.35000620409846,98.66845135169544,1827.271270751953,none,18
68,vehicle.bmw.isetta,84.74849002285849,144.0,177,0.0,10,6.719365758315189,49.05000073090196,4.703556030820632,184.2746238708496,red_light,9
69,vehicle.bmw.isetta,152.37286603245602,140.0,177,9.97,10,98.57961856889568,800.4000119268894,88.7513690596257,4158.342066287994,none,9
70,vehicle.bmw.isetta,170.35434195336265,152.0,177,17.98,10,47.31223244073093,602.850008983165,38.804998050100245,2146.7856101989746,none,4
71,vehicle.bmw.isetta,135.50261038028492,148.0,177,0.0,10,100.0,131.80000196397305,100.0,758.1399157047272,none,20
72,vehicle.bmw.isetta,184.08247304405248,149.0,177,0.0,10,13.941977759018808,40.25000059977174,9.759384431313164,171.79761171340942,red_light,5
73,vehicle.bmw.isetta,185.4022201237888,141.0,177,29.57,10,9.192650906292693,503.4500075019896,3.88467003696137,2621.894773960113,collisions_vehicle,6
74,vehicle.bmw.isetta,262.73995804947594,145.0,177,0.0,10,98.84994890665476,1047.0500156022608,98.84994890665476,3591.9793236255646,none,0
75,vehicle.bmw.isetta,128.95913185645716,141.0,177,0.0,10,97.64275447337164,407.400006070733,97.64275447337164,1621.7740864753723,none,2
76,vehicle.bmw.isetta,157.49129412890363,143.0,176,1.67,10,34.372168737400166,404.750006031245,20.279145494045974,1459.0723264217377,collisions_vehicle,13
77,vehicle.bmw.isetta,105.84117500426734,147.0,177,0.0,10,97.75127002530397,492.1000073328614,97.75127002530397,2204.6328287124634,none,9
78,vehicle.bmw.isetta,106.08523701555264,142.0,177,0.0,10,98.29589459508338,388.1000057831407,98.29589459508338,2051.0444066524506,none,0
79,vehicle.bmw.isetta,134.9649352416446,141.0,177,0.0,10,100.0,349.15000520274043,100.0,1562.8312299251556,none,20
80,vehicle.bmw.isetta,133.9996692194524,149.0,177,0.0,10,97.74635526451712,512.8500076420605,97.74635526451712,2072.881031990052,none,2
81,vehicle.bmw.isetta,188.62217081727417,145.0,176,0.0,10,100.0,304.2500045336783,100.0,1605.305303812027,none,8
82,vehicle.bmw.isetta,56.72804923831599,142.0,177,0.0,10,95.94121613803009,300.0500044710934,95.94121613803009,1646.4756174087524,none,20
83,vehicle.bmw.isetta,55.99933212657137,144.0,177,0.0,10,92.60870265222016,213.50000318139791,92.60870265222016,915.3659663200378,none,12
84,vehicle.bmw.isetta,77.74474012433396,139.0,177,4.99,10,96.54440981059945,457.0500068105757,91.72433128358318,2975.845786333084,none,9
85,vehicle.bmw.isetta,201.47522325688308,142.0,177,29.52,10,11.491324909390322,203.95000303909185,4.859655572906432,1265.2035586833954,collisions_vehicle,0
86,vehicle.bmw.isetta,57.91582883374336,144.0,177,0.0,10,46.94864040840038,86.05000128224492,28.169184245040228,413.3227133750916,collisions_vehicle,20
87,vehicle.bmw.isetta,233.5059863989048,146.0,176,0.0,10,100.0,158.40000236034393,100.0,761.5877070426941,none,19
88,vehicle.bmw.isetta,136.38078640210082,143.0,176,0.0,10,96.90177151692124,491.5000073239207,96.90177151692124,2268.7285730838776,none,17
89,vehicle.bmw.isetta,64.84443288939383,146.0,176,0.0,10,36.723078646196186,100.10000149160624,22.03384718771771,402.9048681259155,collisions_vehicle,9
90,vehicle.bmw.isetta,63.51635132231508,143.0,176,17.3,10,25.32188516010996,8.700000129640102,12.564464726941564,31.67264056205749,collisions_vehicle,2
91,vehicle.bmw.isetta,147.48200195171145,145.0,177,0.0,10,35.64632125549054,83.80000124871731,24.952424878843377,335.02011013031006,red_light,20
92,vehicle.bmw.isetta,217.51892947055245,143.0,177,0.0,10,0.1742981948761061,2.500000037252903,0.1220087364132742,9.21553087234497,red_light,1
93,vehicle.bmw.isetta,190.8164069727564,147.0,177,0.0,10,98.87893876606095,629.6500093825161,98.87893876606095,3057.5263125896454,none,5
94,vehicle.bmw.isetta,254.1060713159461,143.0,177,0.0,10,98.53894403577496,468.1000069752336,98.53894403577496,1927.51245713234,none,8
95,vehicle.bmw.isetta,165.2617979987117,147.0,177,0.0,10,100.0,176.1000026240945,100.0,719.9097108840942,none,1
96,vehicle.bmw.isetta,149.99601064107898,149.0,177,0.0,10,98.9853033374528,478.9000071361661,98.9853033374528,2353.8423495292664,none,14
97,vehicle.bmw.isetta,71.50994652828354,141.0,177,0.0,10,95.6913884078739,267.6500039882958,95.6913884078739,945.3402945995332,none,19
98,vehicle.bmw.isetta,135.46155381851938,143.0,177,0.0,10,98.64036961389672,406.8000060617924,98.64036961389672,1880.958476305008,none,14
99,vehicle.bmw.isetta,156.79689825163248,145.0,177,0.0,10,100.0,104.00000154972076,100.0,488.6875584125519,none,1
100,vehicle.bmw.isetta,83.13450328178256,142.0,177,0.0,10,31.9917041949291,218.15000325068831,31.9917041949291,892.951751947403,none,17
101,vehicle.bmw.isetta,250.78999932384824,144.0,177,4.09,10,97.20061442009342,287.00000427663326,65.25995633219017,1180.4867460727692,red_light,10
102,vehicle.bmw.isetta,114.62667096986732,146.0,177,0.0,10,100.0,76.9000011458993,100.0,361.31624364852905,none,2
103,vehicle.bmw.isetta,63.43423489382118,146.0,177,20.92,10,13.872248183931212,424.7500063292682,6.581770572262919,1648.3894202709198,collisions_vehicle,9
104,vehicle.bmw.isetta,192.3656901274608,141.0,176,0.0,10,100.0,202.5000030174852,100.0,1058.0078783035278,none,3
105,vehicle.bmw.isetta,209.0900054293799,146.0,177,0.0,10,100.0,176.5500026308,100.0,835.925047159195,none,7
106,vehicle.bmw.isetta,70.43334556254084,138.0,177,0.0,10,98.15217492859551,728.8000108599663,98.15217492859551,2736.7428052425385,none,18
107,vehicle.bmw.isetta,257.85431282278745,140.0,177,90.57,10,10.952152723374663,7.900000117719173,0.6713843453136381,37.01704573631287,collisions_layout,13
108,vehicle.bmw.isetta,163.9999400746265,147.0,177,0.0,10,98.77390316183312,381.0000056773424,98.77390316183312,1618.4657373428345,none,18
109,vehicle.bmw.isetta,269.2091664486068,146.0,177,0.0,10,98.96297071699668,438.5500065349042,98.96297071699668,2041.6324999332428,none,0
110,vehicle.bmw.isetta,171.19559751444055,141.0,177,0.0,10,98.23381879969747,336.85000501945615,98.23381879969747,1384.8547084331512,none,8
111,vehicle.bmw.isetta,98.00128842523004,144.0,177,0.0,10,96.87888005618302,307.7500045858324,96.87888005618302,1286.25457572937,none,11
112,vehicle.bmw.isetta,4.00000021027517,144.0,177,0.76,10,100.0,302.0000045001507,99.24433307723008,1189.3718605041504,none,13
113,vehicle.bmw.isetta,251.3352438596285,145.0,177,0.0,10,100.0,190.8500028438866,100.0,791.7078804969788,none,12
114,vehicle.bmw.isetta,271.3472965796286,140.0,177,0.0,10,98.58742993841996,841.7500125430524,98.58742993841996,4744.509454250336,none,9
115,vehicle.bmw.isetta,126.89068320142172,144.0,177,0.0,10,100.0,260.1500038765371,100.0,1339.5008521080017,none,9
116,vehicle.bmw.isetta,65.17453134346205,145.0,177,0.73,10,98.88364081905956,336.75000501796603,98.16478582746636,1442.0740883350372,none,4
117,vehicle.bmw.isetta,191.8171785347349,142.0,177,0.0,10,100.0,92.150001373142,100.0,427.6512529850006,none,6
118,vehicle.bmw.isetta,135.53081141470167,144.0,176,0.0,10,23.17066744979273,98.05000146105886,16.219467214854916,363.9776835441589,red_light,9
119,vehicle.bmw.isetta,159.83405030843176,147.0,177,2.69,10,86.11118135005106,139.40000207722187,54.46905768489466,501.0829849243164,collisions_layout,19
120,vehicle.bmw.isetta,120.04475960989669,142.0,177,0.0,10,100.0,30.500000454485416,100.0,176.33686923980713,none,3
121,vehicle.bmw.isetta,83.45133697663786,147.0,177,0.0,10,10.39701925309564,357.45000532642007,7.277913477166948,1562.600902557373,red_light,8
122,vehicle.bmw.isetta,147.97621366078394,0.0,177,0.0,10,0.0,0.050000000745058,0.0,0.1934244632720947,red_light,1
123,vehicle.bmw.isetta,149.18479208755417,142.0,177,6.18,10,48.13286327252799,47.60000070929527,27.095019959094326,159.62729454040527,collisions_vehicle,2
124,vehicle.bmw.isetta,240.84659042508247,145.0,177,0.0,10,98.81551645519954,495.7000073865056,98.81551645519954,1809.2159640789032,none,0
125,vehicle.bmw.isetta,141.7120253036426,147.0,177,0.0,10,100.0,157.10000234097242,100.0,642.1372773647308,none,7
126,vehicle.bmw.isetta,134.68550795661574,140.0,177,23.92,10,5.384166610340327,100.45000149682164,2.457679722098117,461.3971018791199,collisions_vehicle,14
127,vehicle.bmw.isetta,217.9950009430536,142.0,177,0.0,10,100.0,221.20000329613688,100.0,1001.6876983642578,none,6
128,vehicle.bmw.isetta,140.85397776372758,143.0,177,0.0,10,97.82877999058944,243.05000362172723,58.69726799435367,1156.1588361263275,collisions_vehicle,9
129,vehicle.bmw.isetta,141.17222919562278,142.0,176,0.0,10,36.933383910724885,93.20000138878822,22.16003034643493,419.5050776004791,collisions_vehicle,5
130,vehicle.bmw.isetta,57.690003107429895,142.0,177,0.0,10,92.93386586879048,230.05000342801213,92.93386586879048,1076.1083793640137,none,14
131,vehicle.bmw.isetta,211.56213862926955,145.0,177,11.65,10,27.474108432085483,52.05000077560544,14.56339823960434,194.30234837532043,collisions_vehicle,10
132,vehicle.bmw.isetta,130.30642004913034,148.0,177,0.0,10,100.0,279.000004157424,100.0,1354.5848352909088,none,2
133,vehicle.bmw.isetta,216.3700031067862,141.0,176,0.0,10,100.0,199.15000296756625,100.0,928.1883602142334,none,7
134,vehicle.bmw.isetta,97.7799995055068,145.0,177,0.0,10,100.0,53.35000079497695,100.0,318.80888748168945,none,10
135,vehicle.bmw.isetta,91.21650580385666,138.0,177,0.0,10,97.27666399329824,445.0500066317618,97.27666399329824,1738.2314081192017,none,1
136,vehicle.bmw.isetta,153.947210454538,146.0,177,0.0,10,42.82518303436055,72.35000107809901,21.412591517180275,319.1151280403137,collisions_pedestrian,12
137,vehicle.bmw.isetta,119.900140564025,144.0,176,0.0,10,100.0,215.30000320822,100.0,964.4721806049348,none,11
138,vehicle.bmw.isetta,238.7324055173933,144.0,177,0.0,10,100.0,158.9000023677945,100.0,814.2722444534302,none,5
139,vehicle.bmw.isetta,151.87153975210185,143.0,177,0.0,10,59.80244126992867,245.7500036619604,41.86170888895007,1124.164763212204,red_light,20
140,vehicle.bmw.isetta,247.73842490293512,146.0,177,3.62,10,92.0696820385431,192.1000028625131,57.67874631226885,716.4770984649658,collisions_layout,9
141,vehicle.bmw.isetta,278.8517179140669,146.0,177,0.0,10,0.0,4.6500000692904,0.0,28.100945711135864,red_light,10
142,vehicle.bmw.isetta,13.066559092344626,152.0,177,0.0,10,100.0,153.00000227987766,100.0,810.878258228302,none,6
143,vehicle.bmw.isetta,133.6516813305543,142.0,177,0.0,10,3.6652064279135113,17.100000254809856,1.832603213956756,64.25951313972473,collisions_pedestrian,6
144,vehicle.bmw.isetta,115.96521403280724,151.0,177,0.0,10,59.95905978137629,373.45000556483865,59.95905978137629,1560.8646767139437,none,18
145,vehicle.bmw.isetta,185.93342229434964,140.0,177,0.0,10,40.1968131382733,65.70000097900629,26.127928539877644,234.36070489883423,collisions_layout,18
146,vehicle.bmw.isetta,167.38486120028512,142.0,176,2.41,10,100.0,737.4000109881163,97.5854241744091,2896.527435064316,none,19
147,vehicle.bmw.isetta,251.15731424878263,141.0,177,0.0,10,97.88798631802662,759.0500113107264,97.88798631802662,2739.188759326935,none,6
148,vehicle.bmw.isetta,97.41958226021404,144.0,177,0.0,10,96.8795564721874,275.45000410452485,96.8795564721874,1205.324824333191,none,11
149,vehicle.bmw.isetta,54.10762331426994,147.0,177,14.74,10,96.3634540761652,265.0500039495528,82.15701427804089,1590.7738494873047,none,2
150,vehicle.bmw.isetta,121.65021018505978,141.0,176,0.0,10,97.09760123515312,379.8500056602061,97.09760123515312,1982.812822341919,none,12
151,vehicle.bmw.isetta,218.0465004233209,146.0,176,0.0,10,98.58071891040586,949.5000141486526,98.58071891040586,3284.394062757492,none,1
152,vehicle.bmw.isetta,136.80629150040426,140.0,177,0.0,10,98.78550714376324,244.7000036463141,98.78550714376324,1316.144035577774,none,14
153,vehicle.bmw.isetta,177.63438654998097,147.0,177,10.9,10,100.0,76.40000113844872,89.1032558527043,316.14029812812805,none,9
154,vehicle.bmw.isetta,66.90389832381031,143.0,177,0.0,10,18.808814334554985,239.400003567338,18.808814334554985,1124.1466886997223,none,4
155,vehicle.bmw.isetta,273.3407856255807,146.0,177,0.0,10,49.44723669563706,110.45000164583324,29.66834201738224,553.2036263942719,collisions_vehicle,18
156,vehicle.bmw.isetta,98.3758070779555,144.0,177,17.54,10,98.43680534813092,289.75000431761146,81.17328340591601,1425.3353173732758,none,20
157,vehicle.bmw.isetta,75.509947236394,143.0,177,0.0,10,97.2836420247244,239.00000356137755,97.2836420247244,869.7731275558472,none,7
158,vehicle.bmw.isetta,215.69296777720123,146.0,177,0.0,10,100.0,211.20000314712524,100.0,1008.4321992397308,none,10
159,vehicle.bmw.isetta,127.99489155404224,143.0,176,0.0,10,100.0,233.75000348314643,100.0,1021.0975337028505,none,9
160,vehicle.bmw.isetta,113.54286258512876,142.0,177,0.0,10,100.0,43.7500006519258,100.0,192.91480350494385,none,3
161,vehicle.bmw.isetta,77.70679167100221,143.0,176,0.0,10,96.8536658101505,310.050004620105,96.8536658101505,987.4837365150452,none,0
162,vehicle.bmw.isetta,128.00041635409687,143.0,177,0.0,10,98.91708087253984,1078.250016067177,98.91708087253984,5834.679062366486,none,3
163,vehicle.bmw.isetta,63.61396366476734,146.0,177,4.78,10,45.17933965196986,94.85000141337514,25.813038816131616,438.3228647708893,collisions_vehicle,8
164,vehicle.bmw.isetta,210.35719774473657,144.0,177,11.15,10,60.189858149423145,123.10000183433294,34.76060704401907,494.6421365737915,collisions_layout,4
165,vehicle.bmw.isetta,218.17279493959552,142.0,177,0.0,10,98.29318517346394,1025.8500152863562,98.29318517346394,4562.988571643829,none,9
166,vehicle.bmw.isetta,114.13830922825704,146.0,177,0.0,10,100.0,93.60000139474867,100.0,455.2019150257111,none,8
167,vehicle.bmw.isetta,91.5848828385856,145.0,177,17.73,10,75.09831132086862,54.05000080540776,40.15735211744994,218.1385428905487,collisions_layout,14
168,vehicle.bmw.isetta,127.5593661832002,141.0,177,0.0,10,100.0,170.8500025458634,100.0,803.7956557273865,none,11
169,vehicle.bmw.isetta,153.806218665598,145.0,177,0.0,10,22.255602351129344,35.35000052675605,14.466141528234074,140.84434294700625,collisions_layout,20
170,vehicle.bmw.isetta,230.50704928789344,144.0,177,0.0,10,17.697581416438464,28.750000428408384,10.618548849863078,168.58344554901123,collisions_vehicle,6
171,vehicle.bmw.isetta,155.21271208235316,142.0,177,0.0,10,97.54485466912752,288.45000429823995,97.54485466912752,1355.9877865314484,none,5
172,vehicle.bmw.isetta,68.45236296257079,146.0,177,0.0,10,94.6156681858529,264.60000394284725,94.6156681858529,1154.7015142440796,none,16
173,vehicle.bmw.isetta,289.7189203220309,143.0,177,0.0,10,89.95692263842373,218.20000325143337,62.96984584689661,828.1167740821838,red_light,0
174,vehicle.bmw.isetta,255.72384592595856,149.0,177,57.03,10,2.59672205217349,4.800000071525574,0.7252778840541294,29.11664843559265,collisions_layout,8
175,vehicle.bmw.isetta,62.44134756354121,145.0,177,0.0,10,96.83319335900794,251.25000374391675,96.83319335900794,1065.3497564792633,none,2
176,vehicle.bmw.isetta,107.60914881202362,143.0,177,0.0,10,75.53607751112105,126.10000187903644,52.87525425778473,497.4952864646912,red_light,9
177,vehicle.bmw.isetta,160.69567727484127,151.0,176,0.0,10,100.0,256.8000038266182,100.0,1130.0068261623385,none,13
178,vehicle.bmw.isetta,84.00000790754952,143.0,176,0.0,10,96.3906749769688,313.50000467151403,96.3906749769688,1264.7085342407229,none,4
179,vehicle.bmw.isetta,135.98085964910393,146.0,177,0.0,10,100.0,53.60000079870224,100.0,247.93069100379944,none,3
180,vehicle.bmw.isetta,187.1840081355105,141.0,177,19.21,10,100.0,121.80000181496143,80.79169110527805,501.4198627471924,none,10
181,vehicle.bmw.isetta,198.1508534574193,146.0,177,0.0,10,100.0,85.6000012755394,100.0,355.4441311359405,none,19
182,vehicle.bmw.isetta,149.37026287944542,142.0,177,0.0,10,97.93180685761462,301.7500044964254,97.93180685761462,1358.671321630478,none,12
183,vehicle.bmw.isetta,78.14909887959358,143.0,176,0.0,10,98.63698829776536,624.6000093072653,98.63698829776536,2828.4061348438263,none,11
184,vehicle.bmw.isetta,169.63795273239205,145.0,177,0.0,10,2.148748990391639,3.9000000581145287,1.3966868437545652,17.787397146224976,collisions_layout,2
185,vehicle.bmw.isetta,201.75301977211643,144.0,177,0.0,10,6.936569811150515,138.45000206306577,4.161941886690309,757.4438021183014,collisions_vehicle,2
186,vehicle.bmw.isetta,84.73965023148577,143.0,177,0.0,10,14.48751206388804,7.000000104308128,9.416882841527226,35.91695165634155,collisions_layout,5
187,vehicle.bmw.isetta,199.61393678283733,148.0,177,13.8,10,98.99712416554785,970.0500144548714,85.33502754083712,5738.406041145325,none,17
188,vehicle.bmw.isetta,231.035249317076,144.0,177,0.0,10,98.38340927399068,437.0000065118074,98.38340927399068,1775.193153142929,none,2
189,vehicle.bmw.isetta,224.4508093747655,145.0,176,0.0,10,100.0,242.70000361651185,100.0,1271.4068400859833,none,10
190,vehicle.bmw.isetta,160.59174114741538,142.0,176,0.0,10,37.2968235328875,144.65000215545297,26.10777647302125,584.8666925430298,red_light,14
191,vehicle.bmw.isetta,175.09000599072704,144.0,177,0.0,10,98.85849985928472,355.2500052936375,98.85849985928472,1758.7723271846771,none,3
192,vehicle.bmw.isetta,105.7259278791228,139.0,177,28.24,10,18.618461113169747,70.15000104531646,8.015975617465028,454.05128049850464,collisions_vehicle,9
193,vehicle.bmw.isetta,242.25000000600124,149.0,176,0.0,10,100.0,181.05000269785523,100.0,801.9106788635254,none,3
194,vehicle.bmw.isetta,60.41715755173839,147.0,177,0.0,10,94.88871252970874,317.0500047244132,94.88871252970874,1481.9188647270205,none,5
195,vehicle.bmw.isetta,124.26716564462544,144.0,177,0.0,10,49.271879922870816,44.90000066906214,34.49031594600957,197.61065864562988,red_light,0
196,vehicle.bmw.isetta,246.3376246675904,143.0,177,0.0,10,85.98226775550516,414.3000061735511,60.18758742885361,1891.5074381828308,red_light,20
197,vehicle.bmw.isetta,181.734017212836,143.0,176,10.46,10,55.84640572022961,62.55000093206763,30.00329750501818,222.7241535186768,collisions_vehicle,2
198,vehicle.bmw.isetta,61.75445811744025,144.0,176,0.0,10,98.97253756964152,601.3500089608133,98.97253756964152,2630.454422235489,none,9
199,vehicle.bmw.isetta,139.14688912305118,146.0,177,0.0,10,96.50518070471264,558.050008315593,96.50518070471264,2264.0331296920776,none,15
200,vehicle.bmw.isetta,92.62465890700264,142.0,177,0.0,10,96.71907905649414,370.0500055141747,96.71907905649414,1813.944147825241,none,20
201,vehicle.bmw.isetta,174.25697675114515,144.0,177,0.0,10,98.7502084088984,437.2000065147877,98.7502084088984,2139.8716163635254,none,10
202,vehicle.bmw.isetta,183.97032391451447,146.0,177,0.82,10,58.50198111699566,166.00000247359276,34.81222032844455,600.4654810428619,collisions_vehicle,9
203,vehicle.bmw.isetta,202.18308424118496,146.0,177,0.0,10,100.0,150.15000223740935,100.0,609.685958147049,none,2
204,vehicle.bmw.isetta,152.86000559795005,146.0,177,0.0,10,98.68364710853758,477.05000710859895,98.68364710853758,2059.382011651993,none,6
205,vehicle.bmw.isetta,69.96409608455757,145.0,177,0.0,10,89.8156418827547,64.5000009611249,62.870949317928286,279.5594758987427,red_light,7
206,vehicle.bmw.isetta,160.56496478786465,145.0,177,1.79,10,89.17136585578194,405.4000060409308,87.57517986699315,1844.9835562706,none,8
207,vehicle.bmw.isetta,144.41420865579255,144.0,177,29.15,10,9.018404063947342,16.950000252574682,3.833845002367589,94.4733374118805,collisions_vehicle,13
208,vehicle.bmw.isetta,141.2596863076324,148.0,177,17.25,10,98.79222166686588,383.8500057198107,81.75192207343018,2082.022589445114,none,20
209,vehicle.bmw.isetta,250.70334896953392,142.0,177,1.77,10,76.0361730615411,153.2000022828579,48.54638152425795,637.610134601593,collisions_layout,2
210,vehicle.bmw.isetta,94.00071938021614,146.0,177,0.0,10,95.6573639314332,274.60000409185886,95.6573639314332,946.9445617198944,none,1
211,vehicle.bmw.isetta,78.52384916000362,146.0,177,29.27,10,26.98372573027813,120.70000179857016,11.45183613395659,425.6812627315521,collisions_vehicle,7
212,vehicle.bmw.isetta,103.99867141155153,141.0,177,0.0,10,97.06222267407654,412.0500061400234,97.06222267407654,1587.4803836345673,none,10
213,vehicle.bmw.isetta,59.41275985558396,139.0,177,0.0,10,96.27997608292893,219.05000326409936,96.27997608292893,1001.5515489578248,none,0
214,vehicle.bmw.isetta,220.3460545638561,143.0,177,0.0,10,98.48890213355476,533.6000079512596,98.48890213355476,2239.712416172028,none,18
215,vehicle.bmw.isetta,91.16367443389557,146.0,177,0.0,10,49.59316776157006,114.05000169947743,29.755900656942032,459.9458873271942,collisions_vehicle,0
216,vehicle.bmw.isetta,126.5800249155539,145.0,177,0.0,10,97.61711895628753,392.05000584200025,97.61711895628753,1719.2716963291168,none,13
217,vehicle.bmw.isetta,115.78998008039962,144.0,177,0.0,10,98.25125939035942,376.1000056043267,98.25125939035942,1350.2483866214752,none,13
218,vehicle.bmw.isetta,199.0611845425313,145.0,177,0.0,10,19.468751688882143,203.20000302791595,19.468751688882143,761.7369124889374,none,5
219,vehicle.bmw.isetta,39.51298327846472,144.0,177,0.0,10,98.8128362068459,820.9500122331083,98.8128362068459,3295.072577476501,none,0
220,vehicle.bmw.isetta,134.82516645917676,143.0,177,0.0,10,98.15714991925756,655.0500097610056,98.15714991925756,2816.751826286316,none,5
221,vehicle.bmw.isetta,176.04473564672733,144.0,177,0.0,10,98.51028637311876,530.3000079020858,98.51028637311876,2372.670872688293,none,4
222,vehicle.bmw.isetta,97.46146430176618,141.0,176,0.0,10,39.160458344826495,47.20000070333481,23.496275006895896,209.985244512558,collisions_vehicle,8
223,vehicle.bmw.isetta,85.01128944107964,145.0,177,0.0,10,97.504928053139,399.5000059530139,97.504928053139,1902.9526624679563,none,5
224,vehicle.bmw.isetta,84.2791168394927,143.0,177,0.0,10,0.0,3.450000051409006,0.0,15.527708530426024,red_light,20
225,vehicle.bmw.isetta,67.53636251445108,142.0,177,0.0,10,100.0,160.65000239387155,100.0,779.9655921459198,none,3
226,vehicle.bmw.isetta,167.99996240809642,145.0,176,0.0,10,98.80324090345952,340.05000506713986,98.80324090345952,1498.96191740036,none,16
227,vehicle.bmw.isetta,193.7218500399844,146.0,177,0.0,10,21.538098988237216,88.30000131577253,15.07666929176605,436.1719334125519,red_light,4
228,vehicle.bmw.isetta,141.12593610356925,143.0,177,0.0,10,98.83573022480492,522.4500077851117,98.83573022480492,2161.468475818634,none,8
229,vehicle.bmw.isetta,109.3971503213479,144.0,177,0.0,10,52.17359597039064,255.3500038050115,36.521517179273445,948.0543055534364,red_light,11
230,vehicle.bmw.isetta,148.92514730795034,146.0,177,0.0,10,83.52196791794339,429.6500064022839,83.52196791794339,2061.007801771164,none,2
231,vehicle.bmw.isetta,158.68891930218643,143.0,177,0.0,10,63.109245912335695,113.45000169053674,37.86554754740141,627.3727941513062,collisions_vehicle,6
232,vehicle.bmw.isetta,76.90635351557887,141.0,177,0.0,10,86.37961033590506,257.35000383481383,51.82776620154304,1223.3871290683746,collisions_vehicle,0
233,vehicle.bmw.isetta,186.62042559656945,145.0,176,0.0,10,96.55499481537188,591.1000088080764,96.55499481537188,2561.805154800415,none,9
234,vehicle.bmw.isetta,222.385490044924,145.0,176,0.0,10,33.23388834193321,93.20000138878822,21.602027422256587,478.65903210639954,collisions_layout,17
235,vehicle.bmw.isetta,178.23508386477212,143.0,177,11.63,10,98.80979616672576,844.4000125825405,87.32212204291353,4509.771413803101,none,20
236,vehicle.bmw.isetta,78.0000161598569,143.0,177,0.0,10,97.40556314605809,299.9500044696033,58.44333788763485,1542.252049446106,collisions_vehicle,15
237,vehicle.bmw.isetta,118.8098843933318,143.0,177,0.0,10,98.99314232892682,514.8000076711178,98.99314232892682,2370.852031707764,none,6
238,vehicle.bmw.isetta,179.964561912339,144.0,177,29.72,10,10.703475785741054,24.050000358372927,4.513127742963829,108.88102698326112,collisions_vehicle,0
239,vehicle.bmw.isetta,169.5013052937602,144.0,177,21.43,10,100.0,153.05000228062272,78.5679237523916,581.5100758075714,none,15
240,vehicle.bmw.isetta,132.53723393111662,144.0,177,0.0,10,39.27256036183907,69.95000104233623,23.56353621710344,323.9031026363373,collisions_vehicle,10
241,vehicle.bmw.isetta,165.70690746680884,142.0,177,0.0,10,97.57162049962513,663.0500098802149,97.57162049962513,2779.4427375793457,none,8
242,vehicle.bmw.isetta,242.2096374248703,147.0,177,0.0,10,97.4844226717185,1173.0500174798071,97.4844226717185,5080.485011577606,none,16
243,vehicle.bmw.isetta,243.72050897647105,147.0,177,0.0,10,0.0,5.200000077486038,0.0,30.66883683204651,red_light,15
244,vehicle.bmw.isetta,172.47023603808037,144.0,177,0.0,10,54.82979322795492,147.05000219121575,38.38085525956844,612.5085668563843,red_light,3
245,vehicle.bmw.isetta,215.6713346003968,146.0,177,0.0,10,100.0,185.95000277087087,100.0,806.6180920600891,none,7
246,vehicle.bmw.isetta,117.5310984930196,148.0,177,0.0,10,100.0,81.5500012151897,100.0,403.8424832820892,none,4
247,vehicle.bmw.isetta,236.0266182942848,145.0,176,12.18,10,16.85502822093062,15.400000229477882,9.62154384254654,53.411012411117554,collisions_layout,4
248,vehicle.bmw.isetta,91.7189155740634,144.0,177,0.0,10,35.57293866854153,42.100000627338886,23.122410134552,152.11635637283325,collisions_layout,12
249,vehicle.bmw.isetta,98.37931889628884,141.0,177,1.45,10,100.0,189.35000282153487,98.55330742472836,943.9313461780548,none,20
250,vehicle.bmw.isetta,97.61171908771536,143.0,177,0.0,10,98.96618279764176,327.6000048816204,98.96618279764176,1398.7552330493927,none,19
251,vehicle.bmw.isetta,170.68055255753555,148.0,177,17.8,10,87.89718678708701,158.00000235438347,43.35097663236187,571.3486483097076,collisions_vehicle,12
252,vehicle.bmw.isetta,88.80355356292397,143.0,177,0.0,10,100.0,85.80000127851963,100.0,325.8178095817566,none,15
253,vehicle.bmw.isetta,85.49173440828262,139.0,177,0.0,10,100.0,216.7500032298267,100.0,884.2373311519623,none,9
254,vehicle.bmw.isetta,110.76065795970584,145.0,176,0.0,10,44.258867071245376,103.10000153630972,26.555320242747225,485.3976912498474,collisions_vehicle,5
255,vehicle.bmw.isetta,177.8571279682478,146.0,177,0.0,10,98.8616830538816,696.6000103801489,98.8616830538816,2432.820213317871,none,7
256,vehicle.bmw.isetta,81.9999806667819,140.0,177,0.0,10,96.30168412493126,328.050004888326,96.30168412493126,1209.601771593094,none,6
257,vehicle.bmw.isetta,62.717139549735016,140.0,177,17.8,10,39.21260886848318,765.6500114090741,32.23303622725626,4324.674915313721,none,12
258,vehicle.bmw.isetta,181.206637504591,147.0,177,1.4,10,65.97510434894488,86.15000128373504,39.03230758634076,298.720440864563,collisions_vehicle,11
259,vehicle.bmw.isetta,192.1228271723634,141.0,177,8.05,10,46.86195080245992,62.15000092610717,25.853822625111142,227.53762817382807,collisions_vehicle,10
260,vehicle.bmw.isetta,235.9040388418787,141.0,177,0.0,10,98.38846699395135,460.3500068597496,98.38846699395135,2141.242107152939,none,8
261,vehicle.bmw.isetta,156.17705486881516,148.0,176,0.0,10,17.58917114563028,30.90000046044588,10.553502687378169,181.3686528205872,collisions_vehicle,1
262,vehicle.bmw.isetta,203.43585952739693,146.0,177,0.0,10,100.0,246.75000367686152,100.0,1071.648538827896,none,17
263,vehicle.bmw.isetta,111.219846834658,148.0,177,0.0,10,97.60193723698998,504.0500075109303,97.60193723698998,1915.5315113067627,none,12
264,vehicle.bmw.isetta,234.6213070717789,144.0,177,10.94,10,24.410405439164148,41.70000062137842,13.044059031060492,164.49656748771667,collisions_vehicle,19
265,vehicle.bmw.isetta,123.1801075207984,145.0,177,0.0,10,98.60336352789842,514.7000076696277,98.60336352789842,2014.485170841217,none,10
266,vehicle.bmw.isetta,50.35727855555831,144.0,177,0.0,10,98.45655333899911,248.30000369995832,98.45655333899911,1320.2381901741028,none,19
267,vehicle.bmw.isetta,89.66100072719145,149.0,177,0.0,10,100.0,159.5000023767352,100.0,790.4317803382874,none,5
268,vehicle.bmw.isetta,138.3080047843275,146.0,177,0.0,10,100.0,105.00000156462193,100.0,576.4598064422607,none,10
269,vehicle.bmw.isetta,226.40089809172488,145.0,177,0.0,10,98.95083668690178,743.6000110805035,98.95083668690178,3809.8160774707794,none,5
270,vehicle.bmw.isetta,152.83714049296856,146.0,177,0.0,10,100.0,108.6000016182661,100.0,607.9719388484955,none,14
271,vehicle.bmw.isetta,173.2256221408636,145.0,177,0.0,10,98.61411183861934,902.4500134475528,98.61411183861934,5147.610817432404,none,9
272,vehicle.bmw.isetta,135.01133770819789,145.0,177,29.23,10,98.86496064245716,547.9000081643462,69.9618599009197,2692.9772248268127,none,19
273,vehicle.bmw.isetta,188.14687270246912,146.0,177,0.0,10,100.0,200.90000299364328,100.0,754.2911036014557,none,15
274,vehicle.bmw.isetta,44.18144665181526,145.0,177,0.0,10,100.0,308.300004594028,100.0,1626.1719720363617,none,16
275,vehicle.bmw.isetta,30.31612559092024,144.0,177,0.0,10,41.5468705037133,57.45000085607171,24.92812230222798,259.5180125236511,collisions_vehicle,2
276,vehicle.bmw.isetta,82.52403395916362,142.0,177,36.36,10,30.90438170379819,351.05000523105264,19.668666413660272,1957.763999223709,none,16
277,vehicle.bmw.isetta,220.05331647310825,144.0,177,35.49,10,13.980000530803546,658.0000098049641,5.411334786989049,3191.193401813507,collisions_vehicle,11
278,vehicle.bmw.isetta,84.29327349453786,147.0,177,9.25,10,12.76644434798524,47.40000070631504,6.951468713414066,160.2555124759674,collisions_vehicle,6
279,vehicle.bmw.isetta,135.56536383854268,144.0,177,0.0,10,98.83924820952872,257.35000383481383,98.83924820952872,1155.1614866256714,none,4
280,vehicle.bmw.isetta,227.06584469435467,143.0,176,0.0,10,7.784641782740766,26.95000040158629,4.67078506964446,149.42988991737366,collisions_vehicle,19
281,vehicle.bmw.isetta,92.66999869677429,142.0,177,0.0,10,96.73160004747746,303.70000452548265,96.73160004747746,1121.3402779102323,none,1
282,vehicle.bmw.isetta,153.7799770326952,148.0,177,0.0,10,98.03004885044172,613.0500091351569,98.03004885044172,2635.018208026886,none,3
283,vehicle.bmw.isetta,136.68384612986242,145.0,177,0.0,10,100.0,88.00000131130219,100.0,354.4924728870392,none,19
284,vehicle.bmw.isetta,56.77745733053168,143.0,177,23.81,10,33.08813019504147,101.20000150799753,15.126475179724098,487.07932209968567,collisions_vehicle,14
285,vehicle.bmw.isetta,140.29320998810496,140.0,177,0.0,10,100.0,514.7000076696277,100.0,2222.9412360191345,none,18
286,vehicle.bmw.isetta,130.61080761316128,146.0,177,0.0,10,87.8955804065041,279.5500041656196,52.73734824390245,1244.3487973213196,collisions_vehicle,2
287,vehicle.bmw.isetta,109.97205490190288,144.0,177,0.0,10,10.321472153786376,19.30000028759241,6.1928832922718255,93.4180862903595,collisions_vehicle,3
288,vehicle.bmw.isetta,190.57421685215644,145.0,177,0.0,10,100.0,102.00000151991844,100.0,493.0156395435333,none,19
289,vehicle.bmw.isetta,161.24031255030107,141.0,177,0.0,10,8.418275934878606,41.350000616163015,5.050965560927163,213.25801277160645,collisions_vehicle,19
290,vehicle.bmw.isetta,212.0514713791468,147.0,176,0.0,10,98.83997997572818,658.1000098064542,98.83997997572818,2465.0083677768707,none,18
291,vehicle.bmw.isetta,50.13066670904022,148.0,177,39.77,10,95.28260940503664,258.05000384524465,57.38473190723369,1416.0367560386658,none,17
292,vehicle.bmw.isetta,9.903743135627703,144.0,177,3.07,10,98.76516386746631,919.0500136949122,95.7341622742452,4824.818077802658,none,3
293,vehicle.bmw.isetta,147.88777250643483,145.0,177,0.0,10,98.92216204284492,306.3000045642257,98.92216204284492,1375.9414021968842,none,0
294,vehicle.bmw.isetta,132.45084750914103,143.0,177,12.22,10,31.76181381923612,22.40000033378601,18.12167227286932,73.42269468307495,collisions_layout,10
295,vehicle.bmw.isetta,175.46213915057518,144.0,177,0.0,10,98.37476559424044,251.00000374019143,98.37476559424044,1132.1217305660248,none,14
296,vehicle.bmw.isetta,146.50222051911055,139.0,177,0.0,10,98.63998508714424,551.150008212775,98.63998508714424,2437.697552204132,none,15
297,vehicle.bmw.isetta,97.78918153678758,145.0,177,0.0,10,97.93215183307728,207.30000308901072,97.93215183307728,832.1883864402771,none,0
298,vehicle.bmw.isetta,84.7644301521923,145.0,177,0.0,10,16.318390962514595,22.750000339001417,9.791034577508755,104.18877458572388,collisions_vehicle,14
299,vehicle.bmw.isetta,138.25085451995548,139.0,177,0.0,10,96.8624644770669,381.65000568702817,96.8624644770669,1466.520495414734,none,0
300,vehicle.bmw.isetta,207.01921297077124,133.0,177,0.0,11,100.0,98.7000014707446,100.0,686.4791889190674,none,0
301,vehicle.bmw.isetta,82.7731237397857,136.0,177,0.0,11,0.0,2.350000035017729,0.0,13.038082361221312,red_light,1
302,vehicle.bmw.isetta,178.9391330373126,139.0,177,0.0,11,98.31287360840916,389.6500058062375,98.31287360840916,2540.049281597137,none,2
303,vehicle.bmw.isetta,238.10978756392848,132.0,177,0.0,11,100.0,277.70000413805246,100.0,1863.036861896515,none,3
304,vehicle.bmw.isetta,223.3329029008772,132.0,177,10.64,11,98.68428625713396,439.4500065483153,88.18445381628793,3091.2196922302246,none,1
305,vehicle.bmw.isetta,167.56487086493937,135.0,177,0.0,11,100.0,282.9000042155385,100.0,2180.105206489563,none,4
306,vehicle.bmw.isetta,194.9718798637444,138.0,177,14.44,11,7.4808979601112,400.0000059604645,3.840588169055624,2965.202404975891,collisions_vehicle,5
307,vehicle.bmw.isetta,115.88590957775584,136.0,177,16.84,11,49.776111784356736,37.10000055283308,26.90549751111078,240.8309359550476,collisions_layout,6
308,vehicle.bmw.isetta,43.096043644042815,136.0,177,0.0,11,100.0,265.3500039540231,100.0,1850.8852894306185,none,3
309,vehicle.bmw.isetta,58.63827134877027,0.0,177,0.0,11,0.0,0.050000000745058,0.0,0.0393109321594238,red_light,1
310,vehicle.bmw.isetta,77.26589929384768,135.0,177,0.0,11,98.09710909354682,424.0500063188374,98.09710909354682,3065.885122537613,none,6
311,vehicle.bmw.isetta,162.78504929646405,135.0,177,8.83,11,98.67759846236028,308.300004594028,89.96811479527388,2226.169583082199,none,4
312,vehicle.bmw.isetta,198.33133495156537,137.0,177,0.0,11,100.0,156.35000232979655,100.0,1255.951814174652,none,7
313,vehicle.bmw.isetta,101.61206212778252,136.0,177,0.0,11,98.53154988978852,253.6500037796796,98.53154988978852,1556.9423308372498,none,8
314,vehicle.bmw.isetta,114.14997116258075,134.0,177,0.0,11,56.993801699836304,137.15000204369426,34.19628101990178,869.2170004844666,collisions_vehicle,8
315,vehicle.bmw.isetta,89.85816825817592,133.0,177,0.0,11,96.97096206561318,491.0500073172152,96.97096206561318,3426.3571841716766,none,3
316,vehicle.bmw.isetta,117.1820118020656,130.0,176,0.0,11,98.03878921446416,366.2000054568052,98.03878921446416,2450.265162229538,none,5
317,vehicle.bmw.isetta,124.7108900544878,132.0,177,0.0,11,97.98934665780769,589.000008776784,97.98934665780769,3797.9814274311066,none,6
318,vehicle.bmw.isetta,97.85226981529962,137.0,177,0.0,11,0.3341582457648769,2.500000037252903,0.2339107720354138,15.237244129180908,red_light,9
319,vehicle.bmw.isetta,152.4820958031289,134.0,177,0.0,11,36.56713254304204,54.20000080764294,21.940279525825225,388.2479853630066,collisions_vehicle,2
320,vehicle.bmw.isetta,273.33199613203595,139.0,177,0.0,11,0.689627730899564,40.60000060498714,0.4827394116296947,257.21601963043213,red_light,8
321,vehicle.bmw.isetta,174.53322915148334,133.0,176,0.0,11,98.99572817184564,503.5500075034797,98.99572817184564,3281.76622581482,none,5
322,vehicle.bmw.isetta,56.30132988530262,132.0,177,0.0,11,97.95634578939412,402.7000060006976,97.95634578939412,2867.5995478630066,none,10
323,vehicle.bmw.isetta,187.8028807307963,137.0,177,0.0,11,76.03979654137663,222.6500033177436,53.22785757896364,1488.1777493953705,red_light,7
324,vehicle.bmw.isetta,148.57995264526733,134.0,177,0.0,11,100.0,183.1000027284026,100.0,1143.3537285327911,none,3
325,vehicle.bmw.isetta,67.64448743494455,134.0,177,0.0,11,97.8667075132946,283.80000422894955,97.8667075132946,1997.6906464099884,none,1
326,vehicle.bmw.isetta,247.34437197628097,135.0,177,39.06,11,8.52042855674651,18.80000028014183,3.1151798959919383,168.0480444431305,collisions_vehicle,9
327,vehicle.bmw.isetta,185.99463978365304,139.0,177,0.0,11,100.0,73.00000108778477,100.0,456.412136554718,none,11
328,vehicle.bmw.isetta,50.992664209856144,131.0,177,0.0,11,95.88114004257964,237.05000353232023,95.88114004257964,1667.897642850876,none,12
329,vehicle.bmw.isetta,80.77520493729264,136.0,177,0.0,11,82.32790791152206,470.7500070147216,53.51314014248934,3246.407587051392,collisions_layout,2
330,vehicle.bmw.isetta,154.22773630668453,128.0,177,0.0,11,100.0,88.65000132098794,100.0,625.0726532936096,none,8
331,vehicle.bmw.isetta,81.18335428520193,135.0,177,0.0,11,96.88424732039968,424.0500063188374,96.88424732039968,2993.2173948287964,none,13
332,vehicle.bmw.isetta,126.51974353648706,132.0,177,0.0,11,100.0,155.15000231191516,100.0,978.2191970348358,none,1
333,vehicle.bmw.isetta,275.5098342056596,134.0,177,0.0,11,4.063887042362004,205.9000030681491,2.438332225417202,1579.160966873169,collisions_vehicle,12
334,vehicle.bmw.isetta,161.0705508614438,132.0,177,0.0,11,100.0,92.5000013783574,100.0,647.5192148685455,none,8
335,vehicle.bmw.isetta,212.21998513514657,135.0,177,0.0,11,11.272697389350007,11.800000175833702,6.763618433610005,80.00416159629822,collisions_vehicle,14
336,vehicle.bmw.isetta,92.67208641879182,133.0,177,17.9,11,98.30465990617334,447.0000066608191,80.70844411478252,3336.201632261276,none,13
337,vehicle.bmw.isetta,155.64995003145023,137.0,177,2.33,11,98.72144526918169,426.1500063501298,96.41668723991258,2621.532021760941,none,13
338,vehicle.bmw.isetta,168.14150198346732,135.0,177,7.03,11,34.38440158415169,124.95000186190008,19.18016672847551,1024.938636302948,collisions_vehicle,8
339,vehicle.bmw.isetta,135.6931039120751,132.0,177,0.0,11,75.52628626251945,508.4500075764954,45.31577175751167,3334.313438653946,collisions_vehicle,12
340,vehicle.bmw.isetta,121.9713958242025,139.0,177,0.0,11,100.0,160.1000023856759,100.0,1158.7789931297302,none,15
341,vehicle.bmw.isetta,90.0830794673052,136.0,177,0.0,11,98.34905256193204,685.3000102117658,98.34905256193204,4268.449564695358,none,14
342,vehicle.bmw.isetta,71.692100036983,131.0,176,0.0,11,100.0,628.3000093623996,100.0,4046.032744884491,none,14
343,vehicle.bmw.isetta,195.33833164299287,132.0,177,0.0,11,32.07891345259709,33.25000049546361,19.247348071558253,262.8999984264374,collisions_vehicle,13
344,vehicle.bmw.isetta,96.40022461549356,134.0,177,0.0,11,50.20439953387324,86.80000129342079,30.12263972032394,665.5629947185516,collisions_vehicle,5
345,vehicle.bmw.isetta,151.55090419619987,134.0,177,0.0,11,100.0,159.90000238269567,100.0,1098.470298290253,none,11
346,vehicle.bmw.isetta,185.7261592234176,138.0,177,0.0,11,98.52004225660286,700.4000104367733,98.52004225660286,4971.657937526703,none,4
347,vehicle.bmw.isetta,141.90401885803934,133.0,176,0.0,11,98.45413632065474,467.3000069633126,98.45413632065474,2847.077042818069,none,1
348,vehicle.bmw.isetta,159.02180304401404,130.0,177,0.9,11,98.71864427457284,322.9000048115849,97.82525274166154,2257.2260377407074,none,1
349,vehicle.bmw.isetta,69.93839879481226,137.0,177,0.0,11,42.85985827638216,48.50000072270632,27.8589078796484,359.16797065734863,collisions_layout,14
350,vehicle.bmw.isetta,222.93380901648845,133.0,177,0.0,11,100.0,304.000004529953,100.0,2043.4098954200745,none,3
351,vehicle.bmw.isetta,237.9464389452768,138.0,177,0.0,11,100.0,244.3500036410988,100.0,1662.8786489963531,none,16
352,vehicle.bmw.isetta,200.10978739194945,132.0,177,0.0,11,100.0,79.20000118017197,100.0,594.737188577652,none,17
353,vehicle.bmw.isetta,139.8224897592828,135.0,176,0.0,11,20.717144034865697,229.65000342205167,14.502000824405988,1440.0752022266388,red_light,2
354,vehicle.bmw.isetta,129.7494968599369,138.0,177,0.0,11,98.3101043126062,479.6000071465969,98.3101043126062,3429.06164431572,none,3
355,vehicle.bmw.isetta,59.98171397690685,131.0,177,0.0,11,94.9237628608606,240.0500035770237,94.9237628608606,1648.7990925312042,none,5
356,vehicle.bmw.isetta,164.30197183978018,134.0,176,0.0,11,10.518873787354124,18.80000028014183,6.311324272412475,114.06204223632812,collisions_vehicle,18
357,vehicle.bmw.isetta,135.3497162420629,137.0,177,0.0,11,40.36776633372535,38.50000057369471,24.220659800235207,247.84560322761536,collisions_vehicle,7
358,vehicle.bmw.isetta,85.66889046054116,135.0,177,13.52,11,17.613180451981908,357.0500053204596,15.23242018067195,2901.1490371227264,none,19
359,vehicle.bmw.isetta,62.57769689198829,134.0,177,20.56,11,67.69735489391826,69.70000103861094,34.95824312585514,433.5228042602539,collisions_layout,14
360,vehicle.bmw.isetta,209.0502379953276,136.0,177,23.13,11,100.0,118.70000176876783,76.8727123913174,794.6926143169403,none,7
361,vehicle.bmw.isetta,109.91696340852243,137.0,177,0.0,11,83.95242279099,116.05000172927976,50.371453674594,806.330943107605,collisions_vehicle,20
362,vehicle.bmw.isetta,112.25633952510816,139.0,177,0.0,11,63.58275011355319,103.55000154301524,41.32878757380957,679.034420967102,collisions_layout,11
363,vehicle.bmw.isetta,113.50148540809884,132.0,177,0.0,11,29.4762351999786,31.600000470876694,17.685741119987156,196.4604947566986,collisions_vehicle,8
364,vehicle.bmw.isetta,245.14782311563644,136.0,176,0.0,11,98.02592793562016,680.2000101357698,98.02592793562016,4254.825457811356,none,18
365,vehicle.bmw.isetta,250.12245508861588,136.0,177,0.0,11,94.7029228483708,153.05000228062272,66.29204599385956,1047.0158774852753,red_light,14
366,vehicle.bmw.isetta,54.506131352703086,137.0,177,0.0,11,1.922133754220524,4.200000062584877,1.2493869402433406,32.47142720222473,collisions_layout,14
367,vehicle.bmw.isetta,132.2912577005324,137.0,177,0.0,11,86.6885864858731,47.90000071376562,56.34758121581752,310.8008906841278,collisions_layout,18
368,vehicle.bmw.isetta,84.74849002285849,135.0,177,0.0,11,3.402231514424797,197.150002937764,3.402231514424797,1272.0495340824127,none,9
369,vehicle.bmw.isetta,152.37286603245602,135.0,177,9.49,11,98.57961856889568,342.20000509917736,89.22482953666048,2735.2379257678986,none,9
370,vehicle.bmw.isetta,170.35434195336265,135.0,177,1.08,11,39.23035976963178,40.00000059604645,23.282998830060148,255.5374746322632,collisions_vehicle,4
371,vehicle.bmw.isetta,135.50261038028492,138.0,177,0.0,11,100.0,75.20000112056732,100.0,552.8905279636383,none,20
372,vehicle.bmw.isetta,184.08247304405248,131.0,177,0.0,11,98.0357260888332,208.45000310614705,68.62500826218323,1479.289123058319,red_light,5
373,vehicle.bmw.isetta,185.4022201237888,137.0,177,0.0,11,7.160290925577742,372.3000055477023,7.160290925577742,2995.49417924881,none,6
374,vehicle.bmw.isetta,262.73995804947594,140.0,177,0.0,11,98.84994890665476,693.1000103279948,98.84994890665476,4264.043110847473,none,0
375,vehicle.bmw.isetta,128.95913185645716,130.0,177,0.0,11,100.0,104.00000154972076,100.0,656.0013003349304,none,2
376,vehicle.bmw.isetta,157.49129412890363,136.0,176,7.75,11,37.26128485069199,481.35000717267394,34.372168737400166,3245.633974313736,none,13
377,vehicle.bmw.isetta,105.84117500426734,140.0,177,0.0,11,96.5940863709252,557.0500083006918,96.5940863709252,3770.749740839005,none,9
378,vehicle.bmw.isetta,106.08523701555264,132.0,177,0.0,11,98.29589459508338,434.7000064775348,98.29589459508338,3217.788526535034,none,0
379,vehicle.bmw.isetta,134.9649352416446,136.0,177,0.0,11,43.08992542608351,150.60000224411488,25.853955255650103,977.5065186023712,collisions_vehicle,20
380,vehicle.bmw.isetta,133.9996692194524,134.0,177,0.0,11,100.0,29.90000044554472,100.0,212.30521821975708,none,2
381,vehicle.bmw.isetta,188.62217081727417,132.0,176,0.0,11,98.79513442866784,452.75000674650073,98.79513442866784,3316.4589755535126,none,8
382,vehicle.bmw.isetta,56.72804923831599,134.0,177,0.0,11,95.94121613803009,229.75000342354176,95.94121613803009,1616.6981732845306,none,20
383,vehicle.bmw.isetta,55.99933212657137,132.0,177,0.0,11,94.45652698916513,195.55000291392207,94.45652698916513,1389.5911178588867,none,12
384,vehicle.bmw.isetta,77.74474012433396,138.0,177,14.99,11,96.54440981059945,457.0500068105757,82.07316490595096,3999.7974054813385,none,9
385,vehicle.bmw.isetta,201.47522325688308,137.0,177,12.65,11,9.272005320695406,34.00000050663948,4.85965557290643,262.4038591384888,collisions_vehicle,0
386,vehicle.bmw.isetta,57.91582883374336,131.0,177,0.0,11,65.12463075437647,167.40000249445438,45.58724152806352,1054.22749376297,red_light,20
387,vehicle.bmw.isetta,233.5059863989048,131.0,176,0.0,11,60.19821314901237,83.00000123679638,36.118927889407416,693.9895756244659,collisions_vehicle,19
388,vehicle.bmw.isetta,136.38078640210082,135.0,176,0.0,11,96.33743173858466,581.300008662045,96.33743173858466,3794.842848539352,none,17
389,vehicle.bmw.isetta,64.84443288939383,133.0,176,0.0,11,100.0,680.350010138005,100.0,5193.669971466064,none,9
390,vehicle.bmw.isetta,63.51635132231508,135.0,176,6.52,11,22.40114912585891,68.35000101849437,12.564464726941564,445.0610587596893,collisions_vehicle,2
391,vehicle.bmw.isetta,147.48200195171145,136.0,177,0.0,11,95.1756534515015,139.45000207796693,61.86417474347598,1012.8777704238892,collisions_layout,20
392,vehicle.bmw.isetta,217.51892947055245,135.0,177,0.0,11,0.1742981948761061,2.400000035762787,0.1220087364132742,14.725717782974243,red_light,1
393,vehicle.bmw.isetta,190.8164069727564,138.0,177,0.0,11,98.87893876606095,624.400009304285,98.87893876606095,4299.413450241089,none,5
394,vehicle.bmw.isetta,254.1060713159461,133.0,177,0.0,11,98.53894403577496,364.6500054337084,98.53894403577496,2334.6990191936493,none,8
395,vehicle.bmw.isetta,165.2617979987117,132.0,177,0.0,11,98.79958644037671,823.0500122644007,98.79958644037671,5414.021152496338,none,1
396,vehicle.bmw.isetta,149.99601064107898,138.0,177,0.0,11,100.0,230.4500034339726,100.0,1598.515329360962,none,14
397,vehicle.bmw.isetta,71.50994652828354,131.0,177,0.0,11,97.12759227191592,261.6500038988888,97.12759227191592,1629.5307686328888,none,19
398,vehicle.bmw.isetta,135.46155381851938,138.0,177,0.0,11,100.0,120.70000179857016,100.0,758.6840753555298,none,14
399,vehicle.bmw.isetta,156.79689825163248,135.0,177,0.0,11,41.35534568526127,52.90000078827143,24.81320741115676,390.4929792881012,collisions_vehicle,1
400,vehicle.bmw.isetta,83.13450328178256,140.0,177,0.0,11,97.25570353766324,441.05000657215714,97.25570353766324,2688.3375568389893,none,17
401,vehicle.bmw.isetta,250.78999932384824,133.0,177,4.07,11,97.5367125873273,238.75000355765224,65.49522504925389,1673.2790625095367,red_light,10
402,vehicle.bmw.isetta,114.62667096986732,139.0,177,0.0,11,98.71324752952351,510.2500076033175,98.71324752952351,3865.806866645813,none,2
403,vehicle.bmw.isetta,63.43423489382118,133.0,177,24.21,11,14.473652184556633,41.15000061318278,6.581770572262919,261.9371817111969,collisions_vehicle,9
404,vehicle.bmw.isetta,192.3656901274608,134.0,176,0.0,11,100.0,149.55000222846866,100.0,1116.7793080806732,none,3
405,vehicle.bmw.isetta,209.0900054293799,134.0,177,0.0,11,100.0,130.60000194609165,100.0,1028.5955166816711,none,7
406,vehicle.bmw.isetta,70.43334556254084,133.0,177,0.0,11,98.15217492859551,461.5000068768859,98.15217492859551,2951.754250764847,none,18
407,vehicle.bmw.isetta,257.85431282278745,134.0,177,90.57,11,10.952152723374663,7.200000107288361,0.6713188376746932,51.515950202941895,collisions_layout,13
408,vehicle.bmw.isetta,163.9999400746265,136.0,177,0.0,11,100.0,68.90000102669,100.0,518.5446364879608,none,18
409,vehicle.bmw.isetta,269.2091664486068,133.0,177,0.0,11,98.96297071699668,574.1000085547566,98.96297071699668,4230.70343542099,none,0
410,vehicle.bmw.isetta,171.19559751444055,133.0,177,0.0,11,98.23381879969747,337.8500050343573,98.23381879969747,2113.2749395370483,none,8
411,vehicle.bmw.isetta,98.00128842523004,134.0,177,0.0,11,96.87888005618302,389.0500057972968,96.87888005618302,2557.182087659836,none,11
412,vehicle.bmw.isetta,4.00000021027517,130.0,177,2.61,11,76.04064657269208,119.3500017784536,44.43282640549666,820.6272370815277,collisions_vehicle,13
413,vehicle.bmw.isetta,251.3352438596285,135.0,177,0.0,11,100.0,265.55000395700336,100.0,1687.8646430969238,none,12
414,vehicle.bmw.isetta,271.3472965796286,140.0,177,0.0,11,94.59668527770698,236.4500035233796,56.758011166624186,1856.1649734973907,collisions_vehicle,9
415,vehicle.bmw.isetta,126.89068320142172,131.0,177,0.0,11,100.0,235.3500035069883,100.0,1992.555686712265,none,9
416,vehicle.bmw.isetta,65.17453134346205,135.0,177,0.0,11,39.71563598069683,51.55000076815486,23.82938158841809,388.9205136299133,collisions_vehicle,4
417,vehicle.bmw.isetta,191.8171785347349,136.0,177,0.0,11,100.0,111.50000166147947,100.0,876.4481294155121,none,6
418,vehicle.bmw.isetta,135.53081141470167,138.0,176,0.0,11,100.0,178.1000026538968,100.0,1200.8805665969849,none,9
419,vehicle.bmw.isetta,159.83405030843176,139.0,177,5.16,11,89.58012794844764,177.10000263899565,55.220662781213925,1145.1067397594452,collisions_layout,19
420,vehicle.bmw.isetta,120.04475960989669,137.0,177,0.0,11,100.0,32.40000048279762,100.0,262.30966997146606,none,3
421,vehicle.bmw.isetta,83.45133697663786,135.0,177,0.0,11,10.39701925309564,236.0500035174191,7.277913477166948,1499.5843815803528,red_light,8
422,vehicle.bmw.isetta,147.97621366078394,0.0,177,0.0,11,0.0,0.050000000745058,0.0,0.0308632850646972,red_light,1
423,vehicle.bmw.isetta,149.18479208755417,136.0,177,20.88,11,39.69612635304762,295.2000043988228,31.408634865426656,1834.799900770188,none,2
424,vehicle.bmw.isetta,240.84659042508247,135.0,177,0.0,11,98.81551645519954,717.350010689348,98.81551645519954,4385.087309598923,none,0
425,vehicle.bmw.isetta,141.7120253036426,132.0,177,0.0,11,100.0,326.7500048689544,100.0,2088.5648114681244,none,7
426,vehicle.bmw.isetta,134.68550795661574,138.0,177,23.92,11,5.384166610340327,98.65000146999957,2.457679722098117,693.3412690162659,collisions_vehicle,14
427,vehicle.bmw.isetta,217.9950009430536,131.0,177,0.0,11,100.0,137.00000204145908,100.0,1114.8282997608185,none,6
428,vehicle.bmw.isetta,140.85397776372758,137.0,177,0.0,11,98.9143759271982,463.55000690743327,98.9143759271982,3685.681934595108,none,9
429,vehicle.bmw.isetta,141.17222919562278,134.0,176,0.0,11,31.82081080387665,124.45000185444952,19.092486482325988,827.3939604759216,collisions_vehicle,5
430,vehicle.bmw.isetta,57.690003107429895,131.0,177,0.0,11,92.93386586879048,230.05000342801213,92.93386586879048,1533.851063489914,none,14
431,vehicle.bmw.isetta,211.56213862926955,133.0,177,6.65,11,26.762602202586613,134.6000020056963,14.990301977303664,824.9393088817596,collisions_vehicle,10
432,vehicle.bmw.isetta,130.30642004913034,136.0,177,0.0,11,100.0,146.35000218078494,100.0,1057.7938857078552,none,2
433,vehicle.bmw.isetta,216.3700031067862,136.0,176,0.0,11,100.0,112.9000016823411,100.0,820.5301599502563,none,7
434,vehicle.bmw.isetta,97.7799995055068,133.0,177,0.0,11,100.0,50.40000075101853,100.0,417.4167597293854,none,10
435,vehicle.bmw.isetta,91.21650580385666,134.0,177,0.0,11,97.27666399329824,274.5500040911138,97.27666399329824,1905.943070411682,none,1
436,vehicle.bmw.isetta,153.947210454538,139.0,177,0.0,11,41.88933925320822,67.90000101178885,25.13360355192493,480.3952531814575,collisions_vehicle,12
437,vehicle.bmw.isetta,119.900140564025,133.0,176,0.0,11,100.0,134.20000199973583,100.0,895.9916858673096,none,11
438,vehicle.bmw.isetta,238.7324055173933,137.0,177,0.0,11,100.0,116.15000173076989,100.0,821.5165934562683,none,5
439,vehicle.bmw.isetta,151.87153975210185,133.0,177,0.0,11,100.0,330.6500049270689,100.0,2261.421015739441,none,20
440,vehicle.bmw.isetta,247.73842490293512,135.0,177,12.05,11,100.0,156.50000233203173,87.95269482718828,1047.643693447113,none,9
441,vehicle.bmw.isetta,278.8517179140669,134.0,177,0.0,11,0.0,4.6500000692904,0.0,39.9865505695343,red_light,10
442,vehicle.bmw.isetta,13.066559092344626,142.0,177,0.0,11,100.0,153.15000228211284,100.0,1195.184280872345,none,6
443,vehicle.bmw.isetta,133.6516813305543,135.0,177,0.0,11,3.6652064279135113,17.100000254809856,1.832603213956756,106.12575888633728,collisions_pedestrian,6
444,vehicle.bmw.isetta,115.96521403280724,134.0,177,0.0,11,98.9043225487494,354.7000052854419,98.9043225487494,2739.3363699913025,none,18
445,vehicle.bmw.isetta,185.93342229434964,134.0,177,0.0,11,40.80811453630496,41.40000061690807,26.52527444859823,256.6339192390442,collisions_layout,18
446,vehicle.bmw.isetta,167.38486120028512,130.0,176,4.22,11,100.0,47.75000071153045,95.784158111928,325.7679669857025,none,19
447,vehicle.bmw.isetta,251.15731424878263,134.0,177,0.0,11,97.236140750401,807.8500120379031,97.236140750401,5040.52979850769,none,6
448,vehicle.bmw.isetta,97.41958226021404,136.0,177,0.0,11,96.8795564721874,363.5000054165721,96.8795564721874,2442.370330095291,none,11
449,vehicle.bmw.isetta,54.10762331426994,132.0,177,44.85,11,56.8406597552293,140.50000209361315,18.80864094786644,1046.5097374916077,collisions_vehicle,2
450,vehicle.bmw.isetta,121.65021018505978,136.0,176,0.0,11,97.09760123515312,481.5000071749091,97.09760123515312,3657.68860578537,none,12
451,vehicle.bmw.isetta,218.0465004233209,132.0,176,0.0,11,98.58071891040586,425.8000063449144,98.58071891040586,2559.1905059814453,none,1
452,vehicle.bmw.isetta,136.80629150040426,137.0,177,0.0,11,98.78550714376324,226.95000338181853,98.78550714376324,1613.128653049469,none,14
453,vehicle.bmw.isetta,177.63438654998097,136.0,176,10.08,11,100.0,92.05000137165187,89.91677271969316,597.8299887180328,none,9
454,vehicle.bmw.isetta,66.90389832381031,133.0,177,0.0,11,65.84205495046214,99.35000148043036,39.50523297027728,639.5361702442169,collisions_vehicle,4
455,vehicle.bmw.isetta,273.3407856255807,130.0,177,0.0,11,100.0,201.8000030070544,100.0,1391.220644235611,none,18
456,vehicle.bmw.isetta,98.3758070779555,132.0,177,17.75,11,100.0,58.35000086948276,82.24991975057725,357.33064317703247,none,20
457,vehicle.bmw.isetta,75.509947236394,137.0,177,0.0,11,100.0,23.45000034943223,100.0,153.8576283454895,none,7
458,vehicle.bmw.isetta,215.69296777720123,133.0,177,0.0,11,63.07801701033905,201.75000300630927,37.84681020620343,1424.0595457553864,collisions_vehicle,10
459,vehicle.bmw.isetta,127.99489155404224,137.0,176,0.0,11,76.6946364904528,211.1000031456352,46.01678189427167,1403.2204179763794,collisions_vehicle,9
460,vehicle.bmw.isetta,113.54286258512876,138.0,177,0.0,11,100.0,360.80000537633896,100.0,2266.774444103241,none,3
461,vehicle.bmw.isetta,77.70679167100221,130.0,176,0.0,11,96.8536658101505,385.0500057376921,96.8536658101505,2253.107938528061,none,0
462,vehicle.bmw.isetta,128.00041635409687,134.0,177,0.0,11,98.91708087253984,474.40000706911087,98.91708087253984,3373.2582590579987,none,3
463,vehicle.bmw.isetta,63.61396366476734,140.0,177,4.3,11,98.29015966954016,590.750008802861,94.06394170242666,4381.033878326416,none,8
464,vehicle.bmw.isetta,210.35719774473657,136.0,177,0.0,11,21.352125465423374,110.95000165328383,14.94648782579636,700.7465784549713,red_light,4
465,vehicle.bmw.isetta,218.17279493959552,133.0,177,0.0,11,98.29318517346394,663.10000988096,98.29318517346394,4542.650831222534,none,9
466,vehicle.bmw.isetta,114.13830922825704,132.0,177,0.0,11,98.54763964319004,264.2000039368868,59.12858378591403,1798.898586511612,collisions_vehicle,8
467,vehicle.bmw.isetta,91.5848828385856,137.0,177,0.0,11,3.72646791893514,32.95000049099326,2.608527543254598,196.6753287315369,red_light,14
468,vehicle.bmw.isetta,127.5593661832002,136.0,177,0.0,11,96.69151166334508,571.0500085093081,96.69151166334508,4112.189532518387,none,11
469,vehicle.bmw.isetta,153.806218665598,134.0,177,0.0,11,22.255602351129344,19.000000283122063,14.466141528234074,113.4818069934845,collisions_layout,20
470,vehicle.bmw.isetta,230.50704928789344,135.0,177,0.0,11,17.256605176978375,21.15000031515956,10.353963106187026,176.39645743370056,collisions_vehicle,6
471,vehicle.bmw.isetta,155.21271208235316,138.0,177,0.0,11,94.70471419901229,109.60000163316728,61.55806422935799,694.041012763977,collisions_layout,5
472,vehicle.bmw.isetta,68.45236296257079,132.0,177,0.0,11,96.4104481888696,278.05000414326787,96.4104481888696,1768.8471632003784,none,16
473,vehicle.bmw.isetta,289.7189203220309,141.0,177,0.0,11,89.61037057350379,159.00000236928463,62.72725940145265,1066.5117285251615,red_light,0
474,vehicle.bmw.isetta,255.72384592595856,134.0,177,57.03,11,2.59672205217349,4.6500000692904,0.7252778840541294,37.7588803768158,collisions_layout,8
475,vehicle.bmw.isetta,62.44134756354121,131.0,177,0.0,11,98.41659667950395,257.0500038303435,98.41659667950395,1637.5959041118622,none,2
476,vehicle.bmw.isetta,107.60914881202362,134.0,177,0.0,11,76.47772210349106,104.40000155568124,53.53440547244374,688.8114988803864,red_light,9
477,vehicle.bmw.isetta,160.69567727484127,139.0,176,0.0,11,100.0,303.95000452920794,100.0,2122.494040966034,none,13
478,vehicle.bmw.isetta,84.00000790754952,135.0,176,0.0,11,97.5937833179792,227.25000338628888,97.5937833179792,1494.7384078502655,none,4
479,vehicle.bmw.isetta,135.98085964910393,135.0,177,0.0,11,100.0,81.10000120848417,100.0,587.2938649654388,none,3
480,vehicle.bmw.isetta,187.1840081355105,135.0,177,7.31,11,78.4343872769139,98.45000146701932,43.621907021954286,639.8591482639313,collisions_vehicle,10
481,vehicle.bmw.isetta,198.1508534574193,130.0,177,0.0,11,100.0,84.45000125840306,100.0,621.8920221328735,none,19
482,vehicle.bmw.isetta,149.37026287944542,137.0,177,0.0,11,100.0,35.150000523775816,100.0,272.257529258728,none,12
483,vehicle.bmw.isetta,78.14909887959358,136.0,176,0.0,11,33.55410955220238,306.4000045657158,33.55410955220238,1990.625261068344,none,11
484,vehicle.bmw.isetta,169.63795273239205,135.0,177,0.0,11,1.7193986240067771,4.200000062584877,1.1176091056044053,29.64133381843567,collisions_layout,2
485,vehicle.bmw.isetta,201.75301977211643,133.0,177,22.73,11,8.976703957891127,114.550001706928,4.161941886690308,940.7096140384674,collisions_vehicle,2
486,vehicle.bmw.isetta,84.73965023148577,135.0,177,0.0,11,14.48751206388804,9.600000143051147,9.416882841527226,71.25594067573547,collisions_layout,5
487,vehicle.bmw.isetta,199.61393678283733,133.0,177,6.86,11,81.36258995632545,625.1000093147159,75.78391749223555,4419.329935789108,none,17
488,vehicle.bmw.isetta,231.035249317076,134.0,177,0.0,11,100.0,213.3500031791628,100.0,1427.9037306308746,none,2
489,vehicle.bmw.isetta,224.4508093747655,139.0,177,0.0,11,26.22278695500228,170.6000025421381,18.35595086850159,1135.7663085460665,red_light,10
490,vehicle.bmw.isetta,160.59174114741538,139.0,176,0.0,11,100.0,212.75000317022204,100.0,1321.955138206482,none,14
491,vehicle.bmw.isetta,175.09000599072704,132.0,177,0.0,11,98.85849985928472,366.6000054627657,98.85849985928472,2501.702235221863,none,3
492,vehicle.bmw.isetta,105.7259278791228,132.0,177,15.51,11,15.812200659369438,18.250000271946192,8.01597561746503,168.23802042007446,collisions_vehicle,9
493,vehicle.bmw.isetta,242.25000000600124,134.0,176,0.0,11,100.0,180.6500026918948,100.0,1207.8757166862488,none,3
494,vehicle.bmw.isetta,60.41715755173839,134.0,177,0.0,11,94.88871252970874,219.4000032693148,94.88871252970874,1454.7423667907717,none,5
495,vehicle.bmw.isetta,124.26716564462544,135.0,177,0.0,11,96.50175259967718,468.20000697672367,96.50175259967718,2790.7475872039795,none,0
496,vehicle.bmw.isetta,246.3376246675904,136.0,177,0.0,11,100.0,249.10000371187925,100.0,1681.302686214447,none,20
497,vehicle.bmw.isetta,181.734017212836,131.0,177,47.78,11,98.8066789498384,260.3500038795173,51.59659002993519,1694.161324262619,none,2
498,vehicle.bmw.isetta,61.75445811744025,135.0,176,0.0,11,46.295045895200495,97.35000145062804,30.091779831880324,790.6062846183777,collisions_layout,9
499,vehicle.bmw.isetta,139.14688912305118,138.0,177,0.0,11,94.87090090077557,118.20000176131724,66.40963063054289,855.8573863506317,red_light,15
500,vehicle.bmw.isetta,92.62465890700264,136.0,177,0.0,11,96.71907905649414,370.0500055141747,96.71907905649414,2507.7897398471832,none,20
501,vehicle.bmw.isetta,174.25697675114515,130.0,177,0.0,11,98.7502084088984,347.1500051729381,98.7502084088984,2713.524166584015,none,10
502,vehicle.bmw.isetta,183.97032391451447,131.0,177,37.79,11,100.0,82.95000123605132,62.20665169427247,542.8526515960693,none,9
503,vehicle.bmw.isetta,202.18308424118496,129.0,177,0.0,11,70.62192957958321,113.30000168830156,45.90425422672909,729.1688866615295,collisions_layout,2
504,vehicle.bmw.isetta,152.86000559795005,134.0,177,0.0,11,100.0,117.20000174641608,100.0,861.94034075737,none,6
505,vehicle.bmw.isetta,69.96409608455757,136.0,177,0.0,11,98.54509249039806,67.40000100433826,59.12705549423883,450.3401463031769,collisions_vehicle,7
506,vehicle.bmw.isetta,160.56496478786465,132.0,177,0.0,11,80.23902883088985,140.50000209361315,48.14341729853391,878.6688458919525,collisions_vehicle,8
507,vehicle.bmw.isetta,144.41420865579255,138.0,177,29.15,11,9.018404063947342,312.90000466257334,3.833845002367589,2591.1183309555054,collisions_vehicle,13
508,vehicle.bmw.isetta,141.2596863076324,133.0,177,17.28,11,100.0,60.00000089406967,82.7178547364046,377.5772566795349,none,20
509,vehicle.bmw.isetta,250.70334896953392,141.0,177,2.72,11,74.34938274280309,146.20000217854977,47.01140233420635,941.8548233509064,collisions_layout,2
510,vehicle.bmw.isetta,94.00071938021614,135.0,177,0.0,11,95.6573639314332,225.3000033572316,95.6573639314332,1397.947880268097,none,1
511,vehicle.bmw.isetta,78.52384916000362,136.0,177,12.32,11,21.768277573706303,25.600000381469727,11.451836133956588,159.52960586547852,collisions_vehicle,7
512,vehicle.bmw.isetta,103.99867141155153,133.0,177,0.0,11,98.04148178271768,224.6000033468008,98.04148178271768,1448.590308427811,none,10
513,vehicle.bmw.isetta,59.41275985558396,131.0,177,0.0,11,98.13998804146443,197.5500029437244,98.13998804146443,1450.7428467273712,none,0
514,vehicle.bmw.isetta,220.3460545638561,134.0,177,0.0,11,98.48890213355476,444.7000066265464,98.48890213355476,2965.5044136047363,none,18
515,vehicle.bmw.isetta,91.16367443389557,136.0,177,0.0,11,49.28896910409247,122.2000018209219,29.573381462455483,821.6973900794983,collisions_vehicle,0
516,vehicle.bmw.isetta,126.5800249155539,134.0,177,0.0,11,98.41141263752502,353.7500052712858,98.41141263752502,2450.4471333026886,none,13
517,vehicle.bmw.isetta,115.78998008039962,139.0,177,0.0,11,97.37688908553912,461.0500068701804,97.37688908553912,2814.259768724441,none,13
518,vehicle.bmw.isetta,199.0611845425313,135.0,177,13.87,11,25.39203801594344,979.050014588982,21.869815613179657,6576.517681598663,none,5
519,vehicle.bmw.isetta,39.51298327846472,135.0,177,0.0,11,67.12095295794873,182.1500027142465,40.27257177476924,1425.6013073921204,collisions_vehicle,0
520,vehicle.bmw.isetta,134.82516645917676,136.0,177,0.0,11,98.15714991925756,473.2000070512295,98.15714991925756,2939.00932097435,none,5
521,vehicle.bmw.isetta,176.04473564672733,132.0,177,0.0,11,98.51028637311876,573.4000085443258,98.51028637311876,4053.7459285259247,none,4
522,vehicle.bmw.isetta,97.46146430176618,132.0,176,12.85,11,100.0,54.15000080689788,87.1455898991963,333.60211181640625,none,8
523,vehicle.bmw.isetta,85.01128944107964,130.0,177,0.0,11,97.504928053139,443.2500066049397,97.504928053139,3087.665490627289,none,5
524,vehicle.bmw.isetta,84.2791168394927,134.0,177,0.0,11,0.0,3.400000050663948,0.0,21.473737716674805,red_light,20
525,vehicle.bmw.isetta,67.53636251445108,135.0,177,0.0,11,100.0,156.15000232681632,100.0,1090.9521732330322,none,3
526,vehicle.bmw.isetta,167.99996240809642,130.0,176,0.0,11,98.80324090345952,295.10000439733267,98.80324090345952,1914.3645939826963,none,16
527,vehicle.bmw.isetta,193.7218500399844,132.0,177,0.0,11,98.75136719884652,547.5500081591308,98.75136719884652,3954.120861291885,none,4
528,vehicle.bmw.isetta,141.12593610356925,135.0,177,0.0,11,100.0,475.1000070795417,100.0,2952.9075133800507,none,8
529,vehicle.bmw.isetta,109.3971503213479,132.0,177,0.0,11,98.92873254306474,528.3500078730285,98.92873254306474,3653.942102432251,none,11
530,vehicle.bmw.isetta,148.92514730795034,133.0,177,1.02,11,100.0,193.15000287815928,98.97907390614664,1338.4533295631409,none,2
531,vehicle.bmw.isetta,158.68891930218643,136.0,177,0.0,11,98.74822074442712,738.1000109985471,98.74822074442712,4682.495714187622,none,6
532,vehicle.bmw.isetta,76.90635351557887,133.0,177,0.0,11,98.86532151444572,357.0500053204596,98.86532151444572,2544.988457918167,none,0
533,vehicle.bmw.isetta,186.62042559656945,136.0,176,0.0,11,96.01593689553904,333.05000496283174,96.01593689553904,2138.90429520607,none,9
534,vehicle.bmw.isetta,222.385490044924,135.0,176,0.0,11,33.751999877444064,93.90000139921904,21.93879992033864,709.5541648864746,collisions_layout,17
535,vehicle.bmw.isetta,178.23508386477212,136.0,177,83.83,11,10.390318047576526,7.550000112503767,1.0918610309127217,52.84136438369751,collisions_layout,20
536,vehicle.bmw.isetta,78.0000161598569,134.0,176,0.0,11,97.40556314605809,312.0500046499073,97.40556314605809,2500.910492658615,none,15
537,vehicle.bmw.isetta,118.8098843933318,131.0,177,0.0,11,98.99314232892682,573.0000085383654,98.99314232892682,3962.293691396713,none,6
538,vehicle.bmw.isetta,179.964561912339,135.0,177,39.25,11,12.381738915380463,320.1000047698617,4.513127742963829,2351.779732465744,collisions_vehicle,0
539,vehicle.bmw.isetta,169.5013052937602,136.0,177,0.0,11,69.84528023983802,132.55000197514892,41.90716814390281,858.3330721855164,collisions_vehicle,15
540,vehicle.bmw.isetta,132.53723393111662,134.0,177,0.0,11,98.37086568661596,389.80000580847263,98.37086568661596,2435.7600371837616,none,10
541,vehicle.bmw.isetta,165.70690746680884,133.0,177,0.0,11,96.96452562453142,436.4500065036118,96.96452562453142,2914.9006247520447,none,8
542,vehicle.bmw.isetta,242.2096374248703,139.0,177,0.0,11,97.14236312352784,1173.0500174798071,97.14236312352784,7481.833098173141,none,16
543,vehicle.bmw.isetta,243.72050897647105,135.0,177,0.0,11,0.0,26.55000039562583,0.0,231.3296382427216,red_light,15
544,vehicle.bmw.isetta,172.47023603808037,132.0,177,0.0,11,100.0,423.1000063046813,100.0,2595.460972070694,none,3
545,vehicle.bmw.isetta,215.6713346003968,133.0,177,0.0,11,100.0,228.0500033982098,100.0,1693.4051704406738,none,7
546,vehicle.bmw.isetta,117.5310984930196,136.0,177,0.0,11,83.94062219278659,86.10000128298998,50.36437331567196,813.8256981372833,collisions_vehicle,4
547,vehicle.bmw.isetta,236.0266182942848,134.0,177,12.18,11,16.85502822093062,26.05000038817525,9.62154384254654,156.12021708488464,collisions_layout,4
548,vehicle.bmw.isetta,91.7189155740634,134.0,177,0.0,11,36.09604255742981,40.550000604242086,23.46242766232937,245.04615902900696,collisions_layout,12
549,vehicle.bmw.isetta,98.37931889628884,135.0,177,1.11,11,60.06004743566688,131.6000019609928,35.63552564507907,919.0034520626068,collisions_vehicle,20
550,vehicle.bmw.isetta,97.61171908771536,134.0,177,0.0,11,100.0,54.45000081136823,100.0,424.4270625114441,none,19
551,vehicle.bmw.isetta,170.68055255753555,134.0,177,4.89,11,72.24733735271994,147.1000021919608,44.66627760765321,914.1225476264954,collisions_layout,12
552,vehicle.bmw.isetta,88.80355356292397,138.0,177,0.0,11,31.70817005862921,76.9000011458993,22.19571904104045,475.1742351055145,red_light,15
553,vehicle.bmw.isetta,85.49173440828262,131.0,177,0.0,11,100.0,207.40000309050083,100.0,1401.3101975917816,none,9
554,vehicle.bmw.isetta,110.76065795970584,136.0,176,0.0,11,16.60533167057919,35.450000528246164,9.963199002347514,234.8841528892517,collisions_vehicle,5
555,vehicle.bmw.isetta,177.8571279682478,139.0,177,0.0,11,98.8616830538816,379.7000056579709,98.8616830538816,2392.8848445415497,none,7
556,vehicle.bmw.isetta,81.9999806667819,132.0,177,0.0,11,95.068912166575,328.050004888326,95.068912166575,2073.3583030700684,none,6
557,vehicle.bmw.isetta,62.717139549735016,133.0,177,21.58,11,37.14237669302116,208.7000031098724,29.12533592360596,1599.7739148139954,none,12
558,vehicle.bmw.isetta,181.206637504591,138.0,177,5.95,11,69.66013783578606,233.5500034801662,39.30868509785383,1421.8611178398132,collisions_vehicle,11
559,vehicle.bmw.isetta,192.1228271723634,135.0,177,0.88,11,42.71247973245779,44.200000658631325,25.40115305383819,284.65345883369446,collisions_vehicle,10
560,vehicle.bmw.isetta,235.9040388418787,134.0,177,0.0,11,95.82823150091887,196.25000292435288,57.49693890055132,1336.513931274414,collisions_vehicle,8
561,vehicle.bmw.isetta,156.17705486881516,131.0,176,0.0,11,18.16902951848412,27.55000041052699,10.901417711090469,239.3726933002472,collisions_vehicle,1
562,vehicle.bmw.isetta,203.43585952739693,135.0,177,0.0,11,100.0,314.90000469237566,100.0,2092.189711332321,none,17
563,vehicle.bmw.isetta,111.219846834658,140.0,177,0.0,11,96.8025829826533,328.8000048995018,96.8025829826533,2079.1251187324524,none,12
564,vehicle.bmw.isetta,234.6213070717789,136.0,177,12.35,11,21.739652967474512,126.00000187754632,11.43291192153802,732.9185130596161,collisions_vehicle,19
565,vehicle.bmw.isetta,123.1801075207984,133.0,177,4.8,11,56.44559031189369,123.8500018455088,32.24214691399544,1058.1109366416931,collisions_vehicle,10
566,vehicle.bmw.isetta,50.35727855555831,137.0,177,0.0,11,96.91310667799824,239.2500035651028,96.91310667799824,1951.872978925705,none,19
567,vehicle.bmw.isetta,89.66100072719145,134.0,177,0.93,11,100.0,262.65000391379,99.07081687177968,1818.543691158295,none,5
568,vehicle.bmw.isetta,138.3080047843275,132.0,177,0.0,11,100.0,97.00000144541264,100.0,796.9706962108612,none,10
569,vehicle.bmw.isetta,226.40089809172488,138.0,177,0.0,11,54.08790415678275,106.3500015847385,32.452742494069646,769.2393686771393,collisions_vehicle,5
570,vehicle.bmw.isetta,152.83714049296856,134.0,177,0.0,11,98.63701399964796,466.750006955117,98.63701399964796,3301.7396330833435,none,14
571,vehicle.bmw.isetta,173.2256221408636,131.0,177,1.66,11,98.1709035408184,215.70000321418047,57.92302770398047,1579.7774324417114,collisions_vehicle,9
572,vehicle.bmw.isetta,135.01133770819789,132.0,177,16.98,11,59.92694850309115,26.30000039190054,29.85120093509748,182.5364418029785,collisions_vehicle,19
573,vehicle.bmw.isetta,188.14687270246912,137.0,177,0.0,11,100.0,406.3500060550869,100.0,2625.706086874008,none,15
574,vehicle.bmw.isetta,44.18144665181526,134.0,177,0.0,11,43.94307048240693,96.65000144019724,26.36584228944416,612.5470340251923,collisions_vehicle,16
575,vehicle.bmw.isetta,30.31612559092024,133.0,177,0.0,11,42.534255081955415,407.1000060662627,42.534255081955415,2631.762566566468,none,2
576,vehicle.bmw.isetta,82.52403395916362,136.0,177,45.85,11,27.44960298547839,351.05000523105264,14.864068633424573,2680.861144065857,none,16
577,vehicle.bmw.isetta,220.05331647310825,133.0,177,40.71,11,12.18793401527807,201.7000030055642,4.336094877673763,1475.51713180542,collisions_vehicle,11
578,vehicle.bmw.isetta,84.29327349453786,136.0,177,24.3,11,40.441480172448166,467.05000695958734,30.612368318341705,2754.502199411392,none,6
579,vehicle.bmw.isetta,135.56536383854268,133.0,177,0.0,11,98.2588723142931,663.7000098899007,98.2588723142931,4673.215500116348,none,4
580,vehicle.bmw.isetta,227.06584469435467,131.0,177,0.0,11,86.27835244949068,231.90000345557928,60.39484671464347,1575.98677277565,red_light,19
581,vehicle.bmw.isetta,92.66999869677429,131.0,177,0.0,11,96.73160004747746,371.0500055290759,96.73160004747746,2391.1566252708435,none,1
582,vehicle.bmw.isetta,153.7799770326952,133.0,177,0.0,11,98.03004885044172,557.3000083044171,98.03004885044172,3655.57657456398,none,3
583,vehicle.bmw.isetta,136.68384612986242,131.0,177,0.0,11,100.0,93.20000138878822,100.0,666.5803525447845,none,19
584,vehicle.bmw.isetta,56.77745733053168,137.0,177,8.36,11,27.51214104462825,219.05000326409936,25.21079196620684,1560.3133873939514,none,14
585,vehicle.bmw.isetta,140.29320998810496,132.0,177,0.0,11,100.0,339.5500050596893,100.0,2167.9570710659027,none,18
586,vehicle.bmw.isetta,130.61080761316128,134.0,177,0.0,11,100.0,277.5500041358173,100.0,1980.371773719788,none,2
587,vehicle.bmw.isetta,109.97205490190288,133.0,177,0.0,11,76.21887226704887,138.85000206902623,49.54226697358177,967.3331108093262,collisions_layout,3
588,vehicle.bmw.isetta,190.57421685215644,136.0,177,0.0,11,38.96787998083801,39.45000058785081,23.38072798850281,302.7784962654114,collisions_vehicle,19
589,vehicle.bmw.isetta,161.24031255030107,137.0,177,0.0,11,8.97464231165468,34.30000051110983,5.384785386992808,273.4908015727997,collisions_vehicle,19
590,vehicle.bmw.isetta,212.0514713791468,133.0,176,0.0,11,32.9578521859003,66.35000098869205,19.77471131154018,462.0711846351624,collisions_vehicle,18
591,vehicle.bmw.isetta,50.13066670904022,133.0,177,66.29,11,33.20733437473799,124.40000185370444,7.275350911339546,769.2296011447906,collisions_layout,17
592,vehicle.bmw.isetta,9.903743135627703,134.0,177,23.35,11,16.72502558776385,27.200000405311584,7.691700904627291,225.89259815216064,collisions_vehicle,3
593,vehicle.bmw.isetta,147.88777250643483,133.0,177,0.0,11,98.38324512007227,458.0000068247318,98.38324512007227,3100.523593902588,none,0
594,vehicle.bmw.isetta,132.45084750914103,134.0,177,12.67,11,30.65258010071561,16.75000024959445,17.40067035583099,100.21691703796388,collisions_layout,10
595,vehicle.bmw.isetta,175.46213915057518,133.0,177,0.0,11,98.37476559424044,249.1500037126243,98.37476559424044,1615.7548117637634,none,14
596,vehicle.bmw.isetta,146.50222051911055,136.0,177,0.0,11,98.63998508714424,453.4000067561865,98.63998508714424,3026.3969292640686,none,15
597,vehicle.bmw.isetta,97.78918153678758,135.0,177,0.0,11,97.93215183307728,208.60000310838225,97.93215183307728,1483.5353066921234,none,0
598,vehicle.bmw.isetta,84.7644301521923,131.0,177,3.64,11,40.30490188469349,86.30000128597021,23.303674220995944,655.8045182228088,collisions_vehicle,14
599,vehicle.bmw.isetta,138.25085451995548,132.0,177,0.0,11,97.81609938741376,371.1000055298209,97.81609938741376,2294.146515369416,none,0
600,vehicle.lincoln.mkz2017,207.01921297077124,137.0,177,0.0,10,100.0,110.10000164061783,100.0,422.5612156391144,none,0
601,vehicle.lincoln.mkz2017,82.7731237397857,140.0,177,0.0,10,0.4175050080506854,54.70000081509352,0.2922535056354798,171.64019989967346,red_light,1
602,vehicle.lincoln.mkz2017,178.9391330373126,143.0,177,0.0,10,98.87524907227277,437.2000065147877,98.87524907227277,1845.590914964676,none,2
603,vehicle.lincoln.mkz2017,238.10978756392848,149.0,177,0.0,10,100.0,140.10000208765268,100.0,659.3993811607361,none,3
604,vehicle.lincoln.mkz2017,223.3329029008772,145.0,177,0.0,10,98.68428625713396,623.3000092878938,98.68428625713396,2914.341536998749,none,1
605,vehicle.lincoln.mkz2017,167.56487086493937,147.0,177,0.0,10,100.0,82.8500012345612,100.0,437.0398964881897,none,4
606,vehicle.lincoln.mkz2017,194.9718798637444,143.0,177,0.0,10,98.34239665051068,429.3000063970685,68.83967765535748,1850.5144791603088,red_light,5
607,vehicle.lincoln.mkz2017,115.88590957775584,149.0,177,0.0,10,100.0,38.65000057592988,100.0,175.2132909297943,none,6
608,vehicle.lincoln.mkz2017,43.096043644042815,146.0,177,0.0,10,100.0,393.2500058598816,100.0,2174.508843421936,none,3
609,vehicle.lincoln.mkz2017,58.63827134877027,0.0,177,0.0,10,0.0,0.050000000745058,0.0,0.1491172313690185,red_light,1
610,vehicle.lincoln.mkz2017,77.26589929384768,139.0,177,0.0,10,98.09710909354682,115.85000172629952,58.85826545612809,471.7860975265503,collisions_vehicle,6
611,vehicle.lincoln.mkz2017,162.78504929646405,144.0,177,0.0,10,100.0,159.55000237748027,100.0,661.5897364616394,none,4
612,vehicle.lincoln.mkz2017,198.33133495156537,143.0,177,0.0,10,100.0,132.05000196769834,100.0,639.1824593544006,none,7
613,vehicle.lincoln.mkz2017,101.61206212778252,142.0,177,0.0,10,78.61028709839991,82.30000122636557,47.166172259039946,340.23357343673706,collisions_vehicle,8
614,vehicle.lincoln.mkz2017,114.14997116258075,145.0,177,0.0,10,32.309379909605795,337.3500050269068,16.154689954802897,1410.0408928394318,collisions_pedestrian,8
615,vehicle.lincoln.mkz2017,89.85816825817592,142.0,177,0.0,10,96.97096206561318,347.050005171448,96.97096206561318,1719.7352797985077,none,3
616,vehicle.lincoln.mkz2017,117.1820118020656,144.0,176,0.0,10,100.0,124.1000018492341,100.0,523.5889375209808,none,5
617,vehicle.lincoln.mkz2017,124.7108900544878,149.0,177,0.0,10,100.0,52.25000077858567,100.0,203.349139213562,none,6
618,vehicle.lincoln.mkz2017,97.85226981529962,146.0,177,0.0,10,1.0024748169641648,58.650000873953104,0.7017323718749153,203.6239709854126,red_light,9
619,vehicle.lincoln.mkz2017,152.4820958031289,142.0,177,0.0,10,100.0,74.7500011138618,100.0,347.6440861225128,none,2
620,vehicle.lincoln.mkz2017,273.33199613203595,143.0,177,0.0,10,1.0257244295881418,55.70000082999468,0.7180071007116993,230.4868664741516,red_light,8
621,vehicle.lincoln.mkz2017,174.53322915148334,143.0,176,0.0,10,100.0,229.8500034250319,100.0,1077.8070695400238,none,5
622,vehicle.lincoln.mkz2017,56.30132988530262,142.0,177,0.0,10,100.0,69.90000104159117,100.0,313.87991976737976,none,10
623,vehicle.lincoln.mkz2017,187.8028807307963,145.0,177,0.0,10,76.45057676189079,237.45000353828075,53.515403733323545,999.6132426261902,red_light,7
624,vehicle.lincoln.mkz2017,148.57995264526733,141.0,177,0.0,10,97.95498221243028,317.90000473707914,97.95498221243028,1325.6640260219574,none,3
625,vehicle.lincoln.mkz2017,67.64448743494455,143.0,177,0.0,10,97.8667075132946,379.0500056482852,97.8667075132946,1920.0066676139832,none,1
626,vehicle.lincoln.mkz2017,247.34437197628097,145.0,177,0.0,10,100.0,276.5500041209161,100.0,1261.445478439331,none,9
627,vehicle.lincoln.mkz2017,185.99463978365304,147.0,177,0.0,10,100.0,57.20000085234642,100.0,224.6324043273925,none,11
628,vehicle.lincoln.mkz2017,50.992664209856144,144.0,177,0.0,10,100.0,41.40000061690807,100.0,174.35477113723755,none,12
629,vehicle.lincoln.mkz2017,80.77520493729264,142.0,176,0.0,10,31.00931369453261,284.05000423267484,21.706519586172828,1252.6933376789093,red_light,2
630,vehicle.lincoln.mkz2017,154.22773630668453,148.0,177,0.0,10,100.0,82.70000123232603,100.0,439.38127970695496,none,8
631,vehicle.lincoln.mkz2017,81.18335428520193,142.0,177,0.0,10,96.88424732039968,302.85000451281667,96.88424732039968,1517.8479743003843,none,13
632,vehicle.lincoln.mkz2017,126.51974353648706,139.0,177,0.0,10,100.0,53.250000793486834,100.0,210.90784192085263,none,1
633,vehicle.lincoln.mkz2017,275.5098342056596,141.0,177,0.0,10,100.0,253.15000377222896,100.0,954.1602556705476,none,12
634,vehicle.lincoln.mkz2017,161.0705508614438,143.0,177,0.0,10,98.51706946026783,364.2000054270029,98.51706946026783,1793.198566198349,none,8
635,vehicle.lincoln.mkz2017,212.21998513514657,145.0,177,0.0,10,10.926994379822938,11.60000017285347,6.556196627893763,52.90427494049072,collisions_vehicle,14
636,vehicle.lincoln.mkz2017,92.67208641879182,147.0,177,0.0,10,100.0,144.2500021494925,100.0,807.1023123264313,none,13
637,vehicle.lincoln.mkz2017,155.64995003145023,146.0,177,0.0,10,98.08216790377251,326.7500048689544,98.08216790377251,1204.8969419002533,none,13
638,vehicle.lincoln.mkz2017,168.14150198346732,144.0,177,0.0,10,100.0,104.65000155940652,100.0,589.863569021225,none,8
639,vehicle.lincoln.mkz2017,135.6931039120751,147.0,176,0.0,10,48.64356439254075,301.2000044882297,34.050495074778524,1146.2750141620636,red_light,12
640,vehicle.lincoln.mkz2017,121.9713958242025,142.0,177,0.0,10,100.0,112.6500016786158,100.0,522.4263000488281,none,15
641,vehicle.lincoln.mkz2017,90.0830794673052,145.0,177,0.0,10,100.0,233.9000034853816,100.0,1041.0912380218506,none,14
642,vehicle.lincoln.mkz2017,71.692100036983,144.0,176,0.0,10,100.0,302.15000450238585,100.0,1489.1863188743591,none,14
643,vehicle.lincoln.mkz2017,195.33833164299287,144.0,177,0.0,10,100.0,169.25000252202153,100.0,731.1705741882324,none,13
644,vehicle.lincoln.mkz2017,96.40022461549356,144.0,177,0.0,10,100.0,140.25000208988786,100.0,793.5572938919067,none,5
645,vehicle.lincoln.mkz2017,151.55090419619987,146.0,177,0.0,10,100.0,113.5000016912818,100.0,463.3905346393585,none,11
646,vehicle.lincoln.mkz2017,185.7261592234176,142.0,177,0.0,10,98.89003169245215,520.1000077500939,98.89003169245215,2511.568308353424,none,4
647,vehicle.lincoln.mkz2017,141.90401885803934,144.0,176,0.0,10,98.96942421376984,559.0500083304942,98.96942421376984,2044.85399889946,none,1
648,vehicle.lincoln.mkz2017,159.02180304401404,146.0,177,0.0,10,98.71864427457284,222.40000331401825,98.71864427457284,924.7503559589386,none,1
649,vehicle.lincoln.mkz2017,69.93839879481226,145.0,177,0.0,10,100.0,65.30000097304583,100.0,349.5396203994751,none,14
650,vehicle.lincoln.mkz2017,222.93380901648845,145.0,177,0.0,10,100.0,291.7500043474138,100.0,1394.8304965496063,none,3
651,vehicle.lincoln.mkz2017,237.9464389452768,143.0,177,0.0,10,100.0,203.0000030249357,100.0,901.103325843811,none,16
652,vehicle.lincoln.mkz2017,200.10978739194945,143.0,177,0.0,10,100.0,96.90000144392252,100.0,487.9207077026367,none,17
653,vehicle.lincoln.mkz2017,139.8224897592828,143.0,176,0.0,10,97.70498337349976,268.90000400692225,68.39348836144984,1196.8292407989502,red_light,2
654,vehicle.lincoln.mkz2017,129.7494968599369,144.0,177,0.0,10,98.8734028750708,304.9500045441091,98.8734028750708,1734.0943222045898,none,3
655,vehicle.lincoln.mkz2017,59.98171397690685,143.0,177,0.0,10,98.3079209536202,240.0500035770237,98.3079209536202,1101.005398273468,none,5
656,vehicle.lincoln.mkz2017,164.30197183978018,148.0,176,0.0,10,100.0,68.2000010162592,100.0,268.7976543903351,none,18
657,vehicle.lincoln.mkz2017,135.3497162420629,142.0,176,0.0,10,71.73927682392825,92.00000137090684,43.04356609435695,350.36506605148315,collisions_vehicle,7
658,vehicle.lincoln.mkz2017,85.66889046054116,143.0,177,0.0,10,100.0,38.65000057592988,100.0,206.1026530265808,none,19
659,vehicle.lincoln.mkz2017,62.57769689198829,145.0,177,0.0,10,100.0,76.75000114366412,100.0,313.7068667411804,none,14
660,vehicle.lincoln.mkz2017,209.0502379953276,144.0,177,0.0,10,100.0,109.25000162795186,100.0,432.3696880340576,none,7
661,vehicle.lincoln.mkz2017,109.91696340852243,145.0,177,0.0,10,100.0,207.7000030949712,100.0,1012.0936763286592,none,20
662,vehicle.lincoln.mkz2017,112.25633952510816,139.0,177,0.0,10,100.0,151.0500022508204,100.0,733.8364005088806,none,11
663,vehicle.lincoln.mkz2017,113.50148540809884,142.0,177,0.0,10,100.0,113.45000169053674,100.0,493.14368653297424,none,8
664,vehicle.lincoln.mkz2017,245.14782311563644,142.0,176,0.0,10,98.02592793562016,532.1000079289079,98.02592793562016,1931.3365352153776,none,18
665,vehicle.lincoln.mkz2017,250.12245508861588,146.0,177,0.0,10,100.0,191.5000028535724,100.0,942.2912135124208,none,14
666,vehicle.lincoln.mkz2017,54.506131352703086,144.0,177,0.0,10,100.0,66.15000098571181,100.0,326.1580271720886,none,14
667,vehicle.lincoln.mkz2017,132.2912577005324,149.0,177,0.0,10,100.0,80.950001206249,100.0,290.713937997818,none,18
668,vehicle.lincoln.mkz2017,84.74849002285849,141.0,177,0.0,10,7.3841193553001405,214.3500031940639,5.168883548710098,822.5599565505981,red_light,9
669,vehicle.lincoln.mkz2017,152.37286603245602,148.0,177,0.0,10,100.0,57.90000086277723,100.0,300.48149037361145,none,9
670,vehicle.lincoln.mkz2017,170.35434195336265,147.0,177,0.0,10,50.88318235192165,51.25000076368451,30.529909411153,199.6610238552093,collisions_vehicle,4
671,vehicle.lincoln.mkz2017,135.50261038028492,141.0,177,0.0,10,100.0,129.20000192523003,100.0,700.9415819644928,none,20
672,vehicle.lincoln.mkz2017,184.08247304405248,147.0,176,0.0,10,98.38996095684664,208.5000031068921,68.87297266979265,1109.5702805519104,red_light,5
673,vehicle.lincoln.mkz2017,185.4022201237888,147.0,177,0.0,10,71.78527582516911,230.85000343993303,50.249693077618375,926.0232758522034,red_light,6
674,vehicle.lincoln.mkz2017,262.73995804947594,142.0,177,0.0,10,98.46659854220636,467.650006968528,98.46659854220636,1748.6254017353058,none,0
675,vehicle.lincoln.mkz2017,128.95913185645716,148.0,177,0.0,10,97.64275447337164,404.90000603348017,97.64275447337164,1565.0121965408323,none,2
676,vehicle.lincoln.mkz2017,157.49129412890363,144.0,176,0.0,10,100.0,56.25000083819032,100.0,220.8182530403137,none,13
677,vehicle.lincoln.mkz2017,105.84117500426734,147.0,177,0.0,10,98.47451049902656,250.30000372976065,98.47451049902656,1150.5021300315857,none,9
678,vehicle.lincoln.mkz2017,106.08523701555264,145.0,177,0.0,10,100.0,225.25000335648656,100.0,1200.9570553302765,none,0
679,vehicle.lincoln.mkz2017,134.9649352416446,143.0,177,0.0,10,100.0,216.150003220886,100.0,996.4572732448578,none,20
680,vehicle.lincoln.mkz2017,133.9996692194524,146.0,177,0.0,10,100.0,31.600000470876694,100.0,136.51978254318237,none,2
681,vehicle.lincoln.mkz2017,188.62217081727417,144.0,176,0.0,10,100.0,158.85000236704946,100.0,708.371630191803,none,8
682,vehicle.lincoln.mkz2017,56.72804923831599,142.0,177,0.0,10,98.64707204601002,300.0500044710934,98.64707204601002,1653.953362941742,none,20
683,vehicle.lincoln.mkz2017,55.99933212657137,142.0,177,0.0,10,100.0,14.350000213831663,100.0,66.93073630332947,none,12
684,vehicle.lincoln.mkz2017,77.74474012433396,144.0,177,0.0,10,96.54440981059945,246.4000036716461,96.54440981059945,1594.599865436554,none,9
685,vehicle.lincoln.mkz2017,201.47522325688308,0.0,177,0.0,10,0.0,0.050000000745058,0.0,0.0901734828948974,red_light,0
686,vehicle.lincoln.mkz2017,57.91582883374336,148.0,177,0.0,10,100.0,147.40000219643116,100.0,701.6067018508911,none,20
687,vehicle.lincoln.mkz2017,233.5059863989048,145.0,176,0.0,10,100.0,180.75000269338489,100.0,867.7163894176483,none,19
688,vehicle.lincoln.mkz2017,136.38078640210082,146.0,176,0.0,10,100.0,124.50000185519455,100.0,589.7750465869904,none,17
689,vehicle.lincoln.mkz2017,64.84443288939383,144.0,176,0.0,10,100.0,211.40000315010548,100.0,975.0694317817688,none,9
690,vehicle.lincoln.mkz2017,63.51635132231508,146.0,176,0.0,10,100.0,91.30000136047602,100.0,557.2429392337799,none,2
691,vehicle.lincoln.mkz2017,147.48200195171145,148.0,177,0.0,10,100.0,186.7000027820468,100.0,1068.6685810089111,none,20
692,vehicle.lincoln.mkz2017,217.51892947055245,141.0,177,0.0,10,0.5228946261842463,42.45000063255429,0.3660262383289724,152.7851345539093,red_light,1
693,vehicle.lincoln.mkz2017,190.8164069727564,145.0,177,0.0,10,100.0,156.35000232979655,100.0,770.8862199783325,none,5
694,vehicle.lincoln.mkz2017,254.1060713159461,146.0,177,0.0,10,98.04729221436868,546.2000081390142,98.04729221436868,2265.6113550662994,none,8
695,vehicle.lincoln.mkz2017,165.2617979987117,145.0,177,0.0,10,100.0,126.55000188574196,100.0,529.4065325260162,none,1
696,vehicle.lincoln.mkz2017,149.99601064107898,142.0,177,0.0,10,100.0,230.60000343620777,100.0,1088.4343373775482,none,14
697,vehicle.lincoln.mkz2017,71.50994652828354,146.0,177,0.0,10,95.6913884078739,213.30000317841768,95.6913884078739,797.0702712535858,none,19
698,vehicle.lincoln.mkz2017,135.46155381851938,139.0,177,0.0,10,100.0,168.50000251084566,100.0,703.1459617614746,none,14
699,vehicle.lincoln.mkz2017,156.79689825163248,143.0,177,0.0,10,100.0,74.85000111535192,100.0,362.5911934375763,none,1
700,vehicle.lincoln.mkz2017,83.13450328178256,144.0,177,0.0,10,97.25570353766324,231.0500034429133,97.25570353766324,932.9680304527284,none,17
701,vehicle.lincoln.mkz2017,250.78999932384824,144.0,177,0.0,10,100.0,209.250003118068,100.0,897.3282494544983,none,10
702,vehicle.lincoln.mkz2017,114.62667096986732,146.0,177,0.0,10,100.0,64.8500009663403,100.0,291.1613667011261,none,2
703,vehicle.lincoln.mkz2017,63.43423489382118,0.0,177,0.0,10,0.0,0.050000000745058,0.0,0.2977550029754638,red_light,9
704,vehicle.lincoln.mkz2017,192.3656901274608,140.0,176,0.0,10,100.0,135.85000202432275,100.0,714.9971539974213,none,3
705,vehicle.lincoln.mkz2017,209.0900054293799,142.0,177,0.0,10,100.0,134.350002001971,100.0,669.8651201725006,none,7
706,vehicle.lincoln.mkz2017,70.43334556254084,142.0,177,0.0,10,98.61413251811288,455.35000678524375,98.61413251811288,1781.74107837677,none,18
707,vehicle.lincoln.mkz2017,257.85431282278745,146.0,177,0.0,10,100.0,170.3500025384128,100.0,894.038736820221,none,13
708,vehicle.lincoln.mkz2017,163.9999400746265,146.0,177,0.0,10,100.0,72.75000108405948,100.0,322.5182628631592,none,18
709,vehicle.lincoln.mkz2017,269.2091664486068,144.0,177,0.0,10,98.96297071699668,527.7500078640878,98.96297071699668,2537.6415457725525,none,0
710,vehicle.lincoln.mkz2017,171.19559751444055,146.0,177,0.0,10,31.560485980176257,43.00000064074993,22.09234018612338,188.04124975204468,red_light,8
711,vehicle.lincoln.mkz2017,98.00128842523004,143.0,177,0.0,10,97.91925337078868,225.0500033535064,97.91925337078868,948.3310692310332,none,11
712,vehicle.lincoln.mkz2017,4.00000021027517,144.0,177,0.0,10,48.40801185670801,139.8500020839274,29.044807114024803,715.719297170639,collisions_vehicle,13
713,vehicle.lincoln.mkz2017,251.3352438596285,144.0,177,0.0,10,100.0,233.8500034846365,100.0,953.5764758586884,none,12
714,vehicle.lincoln.mkz2017,271.3472965796286,146.0,177,0.0,10,98.94057245381498,418.15000623092055,98.94057245381498,2291.9105427265167,none,9
715,vehicle.lincoln.mkz2017,126.89068320142172,148.0,177,0.0,10,17.276004556788052,28.60000042617321,12.093203189751636,186.3000726699829,red_light,9
716,vehicle.lincoln.mkz2017,65.17453134346205,146.0,177,0.0,10,100.0,114.90000171214342,100.0,535.8752489089966,none,4
717,vehicle.lincoln.mkz2017,191.8171785347349,144.0,177,0.0,10,100.0,114.50000170618296,100.0,523.707647562027,none,6
718,vehicle.lincoln.mkz2017,135.53081141470167,149.0,176,0.0,10,100.0,180.000002682209,100.0,732.1007299423218,none,9
719,vehicle.lincoln.mkz2017,159.83405030843176,147.0,176,0.0,10,85.7257428391181,155.65000231936574,55.72173284542677,579.9098000526428,collisions_layout,19
720,vehicle.lincoln.mkz2017,120.04475960989669,139.0,177,0.0,10,100.0,30.300000451505184,100.0,171.46147847175598,none,3
721,vehicle.lincoln.mkz2017,83.45133697663786,148.0,177,0.0,10,11.4256068006427,164.85000245645642,7.99792476044989,707.6805338859558,red_light,8
722,vehicle.lincoln.mkz2017,147.97621366078394,144.0,177,0.0,10,0.0,2.500000037252903,0.0,9.708825588226318,red_light,1
723,vehicle.lincoln.mkz2017,149.18479208755417,142.0,177,0.0,10,100.0,49.55000073835254,100.0,187.17159175872803,none,2
724,vehicle.lincoln.mkz2017,240.84659042508247,143.0,177,0.0,10,98.81551645519954,326.2000048607588,98.81551645519954,1178.611308336258,none,0
725,vehicle.lincoln.mkz2017,141.7120253036426,143.0,177,0.0,10,98.62001929810084,291.55000434443355,98.62001929810084,1142.648550271988,none,7
726,vehicle.lincoln.mkz2017,134.68550795661574,142.0,177,0.0,10,100.0,334.8000049889088,100.0,1941.115861415863,none,14
727,vehicle.lincoln.mkz2017,217.9950009430536,142.0,177,0.0,10,88.9238783215787,173.15000258013606,53.354326992947215,814.728274345398,collisions_vehicle,6
728,vehicle.lincoln.mkz2017,140.85397776372758,149.0,177,0.0,10,97.82877999058944,311.3000046387315,97.82877999058944,1437.9183659553528,none,9
729,vehicle.lincoln.mkz2017,141.17222919562278,146.0,176,0.0,10,100.0,209.40000312030315,100.0,867.1842386722565,none,5
730,vehicle.lincoln.mkz2017,57.690003107429895,145.0,177,0.0,10,92.93386586879048,230.05000342801213,92.93386586879048,1062.6210963726044,none,14
731,vehicle.lincoln.mkz2017,211.56213862926955,144.0,177,0.0,10,100.0,115.85000172629952,100.0,482.9309606552124,none,10
732,vehicle.lincoln.mkz2017,130.30642004913034,148.0,177,0.0,10,100.0,138.50000206381085,100.0,597.8842487335205,none,2
733,vehicle.lincoln.mkz2017,216.3700031067862,141.0,176,0.0,10,100.0,352.0500052459538,100.0,1478.615293264389,none,7
734,vehicle.lincoln.mkz2017,97.7799995055068,142.0,176,0.0,10,100.0,48.35000072047114,100.0,271.69312477111816,none,10
735,vehicle.lincoln.mkz2017,91.21650580385666,142.0,176,0.0,10,98.18444266219882,240.60000358521933,98.18444266219882,950.5621848106384,none,1
736,vehicle.lincoln.mkz2017,153.947210454538,144.0,177,0.0,10,100.0,138.00000205636024,100.0,679.0234887599945,none,12
737,vehicle.lincoln.mkz2017,119.900140564025,143.0,176,0.0,10,100.0,80.15000119432807,100.0,353.7587387561798,none,11
738,vehicle.lincoln.mkz2017,238.7324055173933,143.0,177,0.0,10,100.0,118.10000175982714,100.0,609.5187640190125,none,5
739,vehicle.lincoln.mkz2017,151.87153975210185,149.0,177,0.0,10,100.0,517.3000077083707,100.0,2289.46209859848,none,20
740,vehicle.lincoln.mkz2017,247.73842490293512,142.0,177,0.0,10,100.0,196.0000029206276,100.0,728.1272332668304,none,9
741,vehicle.lincoln.mkz2017,278.8517179140669,146.0,177,0.0,10,98.92074589631406,408.200006082654,98.92074589631406,1756.954290151596,none,10
742,vehicle.lincoln.mkz2017,13.066559092344626,143.0,177,0.0,10,29.3038651849258,28.60000042617321,17.582319110955474,113.44002318382265,collisions_vehicle,6
743,vehicle.lincoln.mkz2017,133.6516813305543,142.0,177,0.0,10,100.0,64.60000096261501,100.0,264.1126446723938,none,6
744,vehicle.lincoln.mkz2017,115.96521403280724,140.0,177,0.0,10,100.0,191.0000028461218,100.0,842.5787763595581,none,18
745,vehicle.lincoln.mkz2017,185.93342229434964,144.0,177,0.0,10,100.0,91.50000136345624,100.0,347.4194288253784,none,18
746,vehicle.lincoln.mkz2017,167.38486120028512,145.0,176,0.0,10,100.0,48.600000724196434,100.0,223.33927392959595,none,19
747,vehicle.lincoln.mkz2017,251.15731424878263,145.0,177,0.0,10,74.99741700764835,225.2000033557415,52.49819190535384,979.8212556838988,red_light,6
748,vehicle.lincoln.mkz2017,97.41958226021404,146.0,177,0.0,10,96.8795564721874,316.95000472292304,96.8795564721874,1397.209522485733,none,11
749,vehicle.lincoln.mkz2017,54.10762331426994,147.0,177,0.0,10,95.18135602811002,265.0500039495528,95.18135602811002,1595.3411366939545,none,2
750,vehicle.lincoln.mkz2017,121.65021018505978,146.0,176,0.0,10,81.18515657958189,64.35000095888972,56.82960960570732,241.32331538200376,red_light,12
751,vehicle.lincoln.mkz2017,218.0465004233209,145.0,176,0.0,10,98.9355391828044,585.7500087283552,98.9355391828044,2118.818380832672,none,1
752,vehicle.lincoln.mkz2017,136.80629150040426,139.0,176,0.0,10,100.0,49.100000731647015,100.0,265.8807666301728,none,14
753,vehicle.lincoln.mkz2017,177.63438654998097,144.0,176,0.0,10,100.0,78.60000117123127,100.0,319.6260783672333,none,9
754,vehicle.lincoln.mkz2017,66.90389832381031,145.0,177,0.0,10,100.0,60.05000089481473,100.0,269.20080852508545,none,4
755,vehicle.lincoln.mkz2017,273.3407856255807,149.0,177,0.0,10,98.96682163157352,549.450008187443,98.96682163157352,2280.1753895282745,none,18
756,vehicle.lincoln.mkz2017,98.3758070779555,143.0,177,0.0,10,100.0,101.90000151842833,100.0,443.8523733615875,none,20
757,vehicle.lincoln.mkz2017,75.509947236394,143.0,177,0.0,10,100.0,146.80000218749046,100.0,546.5462973117828,none,7
758,vehicle.lincoln.mkz2017,215.69296777720123,144.0,177,0.0,10,100.0,166.60000248253343,100.0,729.5169188976288,none,10
759,vehicle.lincoln.mkz2017,127.99489155404224,149.0,176,0.0,10,100.0,190.8500028438866,100.0,804.7653868198395,none,9
760,vehicle.lincoln.mkz2017,113.54286258512876,144.0,177,0.0,10,97.3271220277414,277.4000041335821,97.3271220277414,1159.341597557068,none,3
761,vehicle.lincoln.mkz2017,77.70679167100221,142.0,176,0.0,10,96.8536658101505,270.400004029274,96.8536658101505,860.730073928833,none,0
762,vehicle.lincoln.mkz2017,128.00041635409687,146.0,177,0.0,10,98.64634197972356,401.10000597685575,98.64634197972356,2362.4520494937897,none,3
763,vehicle.lincoln.mkz2017,63.61396366476734,144.0,176,0.0,10,97.41206842328054,154.05000229552388,58.44724105396833,804.7064559459686,collisions_vehicle,8
764,vehicle.lincoln.mkz2017,210.35719774473657,141.0,177,0.0,10,100.0,111.80000166594982,100.0,431.98433017730713,none,4
765,vehicle.lincoln.mkz2017,218.17279493959552,144.0,177,0.0,10,98.63592041019255,581.0000086575747,98.63592041019255,2752.329712867737,none,9
766,vehicle.lincoln.mkz2017,114.13830922825704,149.0,177,0.0,10,100.0,112.45000167563558,100.0,579.1268050670624,none,8
767,vehicle.lincoln.mkz2017,91.5848828385856,143.0,177,0.0,10,100.0,44.30000066012144,100.0,187.31922221183777,none,14
768,vehicle.lincoln.mkz2017,127.5593661832002,144.0,177,0.0,10,98.5891292126032,133.60000199079514,69.01239044882223,633.3250002861023,red_light,11
769,vehicle.lincoln.mkz2017,153.806218665598,146.0,177,0.0,10,100.0,197.3000029399991,100.0,1188.3396608829498,none,20
770,vehicle.lincoln.mkz2017,230.50704928789344,148.0,177,0.0,10,100.0,157.10000234097242,100.0,801.7827172279358,none,6
771,vehicle.lincoln.mkz2017,155.21271208235316,146.0,177,0.0,10,98.49285644146929,351.350005235523,98.49285644146929,1718.5818610191343,none,5
772,vehicle.lincoln.mkz2017,68.45236296257079,140.0,177,0.0,10,92.82088173152958,278.05000414326787,92.82088173152958,1184.401471376419,none,16
773,vehicle.lincoln.mkz2017,289.7189203220309,144.0,177,0.0,10,100.0,143.9000021442771,100.0,554.0211236476898,none,0
774,vehicle.lincoln.mkz2017,255.72384592595856,141.0,177,0.0,10,98.4621354485116,579.550008635968,98.4621354485116,2628.690122127533,none,8
775,vehicle.lincoln.mkz2017,62.44134756354121,148.0,177,0.0,10,96.83319335900794,239.60000357031825,96.83319335900794,1010.326727628708,none,2
776,vehicle.lincoln.mkz2017,107.60914881202362,150.0,177,0.0,10,76.47772210349106,63.70000094920397,53.53440547244374,251.23047018051147,red_light,9
777,vehicle.lincoln.mkz2017,160.69567727484127,146.0,176,0.0,10,14.343859295890402,20.90000031143427,7.171929647945201,73.87675619125366,collisions_pedestrian,13
778,vehicle.lincoln.mkz2017,84.00000790754952,143.0,176,0.0,10,98.7968916589896,250.1000037267804,98.7968916589896,1007.4523377418518,none,4
779,vehicle.lincoln.mkz2017,135.98085964910393,143.0,177,0.0,10,100.0,47.35000070556998,100.0,189.3343484401703,none,3
780,vehicle.lincoln.mkz2017,187.1840081355105,143.0,176,0.0,10,98.7046247703382,265.10000395029783,98.7046247703382,1410.9476191997528,none,10
781,vehicle.lincoln.mkz2017,198.1508534574193,0.0,177,0.0,10,0.0,0.050000000745058,0.0,0.3086905479431152,red_light,19
782,vehicle.lincoln.mkz2017,149.37026287944542,142.0,177,0.0,10,100.0,80.45000119879842,100.0,358.4742195606232,none,12
783,vehicle.lincoln.mkz2017,78.14909887959358,145.0,176,0.0,10,100.0,229.70000342279675,100.0,957.2219741344452,none,11
784,vehicle.lincoln.mkz2017,169.63795273239205,145.0,177,0.0,10,98.85274385444896,223.2000033259392,98.85274385444896,1004.4758427143096,none,2
785,vehicle.lincoln.mkz2017,201.75301977211643,148.0,177,0.0,10,100.0,305.60000455379486,100.0,1496.5867412090302,none,2
786,vehicle.lincoln.mkz2017,84.73965023148577,144.0,177,0.0,10,98.32965986024384,266.2000039666891,98.32965986024384,1507.5692570209503,none,5
787,vehicle.lincoln.mkz2017,199.61393678283733,148.0,177,0.0,10,98.99712416554785,368.9000054970384,98.99712416554785,2163.034835577011,none,17
788,vehicle.lincoln.mkz2017,231.035249317076,147.0,177,0.0,10,100.0,220.35000328347087,100.0,936.2976770401,none,2
789,vehicle.lincoln.mkz2017,224.4508093747655,147.0,176,0.0,10,100.0,192.8500028736889,100.0,1034.3699843883514,none,10
790,vehicle.lincoln.mkz2017,160.59174114741538,146.0,176,0.0,10,100.0,251.45000374689693,100.0,1050.9508714675903,none,14
791,vehicle.lincoln.mkz2017,175.09000599072704,146.0,177,0.0,10,100.0,134.50000200420618,100.0,741.3973076343536,none,3
792,vehicle.lincoln.mkz2017,105.7259278791228,149.0,177,0.0,10,98.12915969746646,432.0500064380467,98.12915969746646,2353.024930715561,none,9
793,vehicle.lincoln.mkz2017,242.25000000600124,143.0,176,0.0,10,100.0,142.20000211894512,100.0,613.6957712173462,none,3
794,vehicle.lincoln.mkz2017,60.41715755173839,147.0,176,0.0,10,96.16653439728157,317.0500047244132,96.16653439728157,1506.4843890666962,none,5
795,vehicle.lincoln.mkz2017,124.26716564462544,150.0,177,0.0,10,96.50175259967718,497.05000740662217,96.50175259967718,1954.884379863739,none,0
796,vehicle.lincoln.mkz2017,246.3376246675904,146.0,177,0.0,10,86.35410544340365,272.7500040642917,60.44787381038255,1286.2135055065155,red_light,20
797,vehicle.lincoln.mkz2017,181.734017212836,143.0,176,0.0,10,100.0,81.75000121816993,100.0,301.1814904212952,none,2
798,vehicle.lincoln.mkz2017,61.75445811744025,143.0,176,0.0,10,100.0,160.65000239387155,100.0,804.2359735965729,none,9
799,vehicle.lincoln.mkz2017,139.14688912305118,141.0,177,0.0,10,95.6314748047641,163.5500024370849,66.94203236333486,670.3520884513855,red_light,15
800,vehicle.lincoln.mkz2017,92.62465890700264,144.0,177,0.0,10,97.81271937099608,232.20000346004963,97.81271937099608,1159.3823473453522,none,20
801,vehicle.lincoln.mkz2017,174.25697675114515,143.0,177,0.0,10,100.0,124.30000185221434,100.0,563.8016376495361,none,10
802,vehicle.lincoln.mkz2017,183.97032391451447,147.0,177,0.0,10,100.0,121.05000180378556,100.0,540.9837317466736,none,9
803,vehicle.lincoln.mkz2017,202.18308424118496,145.0,177,0.0,10,100.0,137.05000204220414,100.0,553.3624064922333,none,2
804,vehicle.lincoln.mkz2017,152.86000559795005,147.0,177,0.0,10,100.0,98.7000014707446,100.0,440.7292196750641,none,6
805,vehicle.lincoln.mkz2017,69.96409608455757,146.0,177,0.0,10,95.63528302122587,210.2500031329692,57.38116981273552,832.9350092411041,collisions_vehicle,7
806,vehicle.lincoln.mkz2017,160.56496478786465,146.0,177,0.0,10,98.67371767260892,337.7500050328672,98.67371767260892,1785.9548568725586,none,8
807,vehicle.lincoln.mkz2017,144.41420865579255,0.0,177,0.0,10,0.0,0.050000000745058,0.0,0.1168038845062255,red_light,13
808,vehicle.lincoln.mkz2017,141.2596863076324,146.0,177,0.0,10,100.0,46.20000068843365,100.0,189.73545789718628,none,20
809,vehicle.lincoln.mkz2017,250.70334896953392,144.0,177,0.0,10,100.0,173.65000258758664,100.0,710.4488344192505,none,2
810,vehicle.lincoln.mkz2017,94.00071938021614,143.0,177,0.0,10,96.74292356262237,215.5500032119453,96.74292356262237,751.3777830600739,none,1
811,vehicle.lincoln.mkz2017,78.52384916000362,146.0,177,0.0,10,93.4806898042852,202.1500030122697,93.4806898042852,710.798198223114,none,7
812,vehicle.lincoln.mkz2017,103.99867141155153,147.0,177,0.0,10,100.0,26.750000398606065,100.0,110.50531196594238,none,10
813,vehicle.lincoln.mkz2017,59.41275985558396,140.0,177,0.0,10,100.0,17.0500002540648,100.0,84.31930303573608,none,0
814,vehicle.lincoln.mkz2017,220.3460545638561,146.0,177,0.0,10,98.48890213355476,399.80000595748425,98.48890213355476,1664.8093574047089,none,18
815,vehicle.lincoln.mkz2017,91.16367443389557,144.0,177,0.0,10,100.0,266.40000396966934,100.0,1277.1434242725372,none,0
816,vehicle.lincoln.mkz2017,126.5800249155539,143.0,177,0.0,10,96.02853159381252,269.50000401586294,67.21997211566877,1149.3250124454498,red_light,13
817,vehicle.lincoln.mkz2017,115.78998008039962,150.0,177,0.0,10,98.25125939035942,290.3000043258071,98.25125939035942,1048.1158273220062,none,13
818,vehicle.lincoln.mkz2017,199.0611845425313,143.0,177,0.0,10,19.468751688882143,205.0500030554831,19.468751688882143,728.6467118263245,none,5
819,vehicle.lincoln.mkz2017,39.51298327846472,143.0,177,0.0,10,100.0,212.95000317320228,100.0,1001.4397585391998,none,0
820,vehicle.lincoln.mkz2017,134.82516645917676,146.0,177,0.0,10,80.5032010638148,69.25000103190541,52.32708069147962,297.37866139411926,collisions_layout,5
821,vehicle.lincoln.mkz2017,176.04473564672733,145.0,177,0.0,10,100.0,211.70000315457585,100.0,996.7515320777892,none,4
822,vehicle.lincoln.mkz2017,97.46146430176618,142.0,176,0.0,10,98.72851712656684,344.50000513345003,98.72851712656684,1748.4242413043976,none,8
823,vehicle.lincoln.mkz2017,85.01128944107964,147.0,177,0.0,10,98.33661870209268,305.9000045582652,98.33661870209268,1499.3502144813538,none,5
824,vehicle.lincoln.mkz2017,84.2791168394927,141.0,177,0.0,10,98.8668427864688,383.60000571608543,98.8668427864688,1751.4941370487213,none,20
825,vehicle.lincoln.mkz2017,67.53636251445108,144.0,177,0.0,10,100.0,160.9500023983419,100.0,803.8571364879608,none,3
826,vehicle.lincoln.mkz2017,167.99996240809642,145.0,176,0.0,10,98.80324090345952,338.5500050447881,98.80324090345952,1473.5814232826233,none,16
827,vehicle.lincoln.mkz2017,193.7218500399844,146.0,177,0.0,10,100.0,227.8500033952296,100.0,1044.0159964561462,none,4
828,vehicle.lincoln.mkz2017,141.12593610356925,143.0,177,0.0,10,100.0,124.30000185221434,100.0,521.7730937004089,none,8
829,vehicle.lincoln.mkz2017,109.3971503213479,146.0,177,0.0,10,52.5306851227024,214.15000319108367,36.77147958589168,784.6503496170044,red_light,11
830,vehicle.lincoln.mkz2017,148.92514730795034,144.0,177,0.0,10,100.0,185.5000027641654,100.0,837.0302693843842,none,2
831,vehicle.lincoln.mkz2017,158.68891930218643,145.0,177,0.0,10,100.0,246.85000367835164,100.0,1068.3194224834442,none,6
832,vehicle.lincoln.mkz2017,76.90635351557887,145.0,177,0.0,10,100.0,68.00000101327896,100.0,287.8757374286652,none,0
833,vehicle.lincoln.mkz2017,186.62042559656945,145.0,176,0.0,10,96.55499481537188,351.8000052422285,96.55499481537188,1371.5703077316284,none,9
834,vehicle.lincoln.mkz2017,222.385490044924,146.0,176,0.0,10,100.0,96.50000143796206,100.0,496.2676920890808,none,17
835,vehicle.lincoln.mkz2017,178.23508386477212,147.0,177,0.0,10,100.0,215.15000320598483,100.0,1223.6019251346588,none,20
836,vehicle.lincoln.mkz2017,78.0000161598569,148.0,176,0.0,10,98.70278157302904,233.75000348314643,98.70278157302904,1239.4966604709623,none,15
837,vehicle.lincoln.mkz2017,118.8098843933318,145.0,177,0.0,10,98.48971412375656,547.4500081576407,98.48971412375656,2570.4258251190186,none,6
838,vehicle.lincoln.mkz2017,179.964561912339,144.0,177,0.0,10,94.05720268841068,293.6000043749809,94.05720268841068,1097.0021362304688,none,0
839,vehicle.lincoln.mkz2017,169.5013052937602,141.0,177,0.0,10,100.0,148.85000221803784,100.0,575.9959077835083,none,15
840,vehicle.lincoln.mkz2017,132.53723393111662,143.0,177,0.0,10,100.0,79.25000118091702,100.0,338.6632649898529,none,10
841,vehicle.lincoln.mkz2017,165.70690746680884,148.0,177,0.0,10,97.57162049962513,350.0000052154064,97.57162049962513,1523.7804787158966,none,8
842,vehicle.lincoln.mkz2017,242.2096374248703,144.0,177,0.0,10,98.5071878192123,897.8500133790076,98.5071878192123,3938.472163915634,none,16
843,vehicle.lincoln.mkz2017,243.72050897647105,145.0,177,0.0,10,0.0,180.05000268295407,0.0,971.4223701953888,none,15
844,vehicle.lincoln.mkz2017,172.47023603808037,143.0,177,0.0,10,98.71831168453676,424.1500063203275,98.71831168453676,1754.801907300949,none,3
845,vehicle.lincoln.mkz2017,215.6713346003968,150.0,177,0.0,10,47.164764296142295,110.95000165328383,28.298858577685376,430.4775302410126,collisions_vehicle,7
846,vehicle.lincoln.mkz2017,117.5310984930196,141.0,177,0.0,10,100.0,68.05000101402402,100.0,336.9511253833771,none,4
847,vehicle.lincoln.mkz2017,236.0266182942848,145.0,176,0.0,10,98.973673583072,327.8500048853457,98.973673583072,1217.3054945468905,none,4
848,vehicle.lincoln.mkz2017,91.7189155740634,147.0,177,0.0,10,98.68505569313108,573.7000085487962,98.68505569313108,3098.161497592926,none,12
849,vehicle.lincoln.mkz2017,98.37931889628884,143.0,177,0.0,10,100.0,123.35000183805823,100.0,594.5020356178284,none,20
850,vehicle.lincoln.mkz2017,97.61171908771536,141.0,176,0.0,10,98.96618279764176,391.0500058270991,98.96618279764176,1653.4192292690277,none,19
851,vehicle.lincoln.mkz2017,170.68055255753555,142.0,177,0.0,10,0.0,2.350000035017729,0.0,9.819472551345823,collisions_vehicle,12
852,vehicle.lincoln.mkz2017,88.80355356292397,150.0,177,0.0,10,100.0,43.70000065118074,100.0,184.86459469795227,none,15
853,vehicle.lincoln.mkz2017,85.49173440828262,142.0,177,0.0,10,100.0,141.30000210553408,100.0,604.5478541851044,none,9
854,vehicle.lincoln.mkz2017,110.76065795970584,143.0,176,0.0,10,100.0,74.80000111460686,100.0,364.6088953018189,none,5
855,vehicle.lincoln.mkz2017,177.8571279682478,141.0,177,0.0,10,36.533159063889386,51.45000076666474,21.91989543833363,198.72055339813232,collisions_vehicle,7
856,vehicle.lincoln.mkz2017,81.9999806667819,146.0,176,0.0,10,98.76722804164376,328.050004888326,98.76722804164376,1212.5524318218231,none,6
857,vehicle.lincoln.mkz2017,62.717139549735016,145.0,177,0.0,10,98.964883912269,529.5500078909099,98.964883912269,2616.365605592728,none,12
858,vehicle.lincoln.mkz2017,181.206637504591,145.0,177,0.0,10,100.0,99.45000148192048,100.0,352.1874113082886,none,11
859,vehicle.lincoln.mkz2017,192.1228271723634,146.0,177,2.73,10,100.0,218.0500032491982,97.27270407950444,918.3681411743164,none,10
860,vehicle.lincoln.mkz2017,235.9040388418787,143.0,177,0.0,10,100.0,582.4000086784363,100.0,2924.64271903038,none,8
861,vehicle.lincoln.mkz2017,156.17705486881516,145.0,176,0.0,10,66.37910881317516,115.65000172331928,39.8274652879051,471.2703864574432,collisions_vehicle,1
862,vehicle.lincoln.mkz2017,203.43585952739693,146.0,177,0.0,10,100.0,201.8500030077994,100.0,869.8966567516327,none,17
863,vehicle.lincoln.mkz2017,111.219846834658,142.0,177,0.0,10,100.0,47.95000071451068,100.0,197.6613132953644,none,12
864,vehicle.lincoln.mkz2017,234.6213070717789,143.0,177,0.0,10,100.0,81.15000120922923,100.0,343.5002980232239,none,19
865,vehicle.lincoln.mkz2017,123.1801075207984,142.0,177,0.0,10,49.777199424182655,68.35000101849437,29.866319654509592,391.9588141441345,collisions_vehicle,10
866,vehicle.lincoln.mkz2017,50.35727855555831,144.0,177,0.0,10,98.45655333899911,237.6000035405159,98.45655333899911,1320.867966890335,none,19
867,vehicle.lincoln.mkz2017,89.66100072719145,142.0,177,0.0,10,100.0,260.2500038780272,100.0,1234.9621651172638,none,5
868,vehicle.lincoln.mkz2017,138.3080047843275,145.0,177,0.0,10,100.0,97.60000145435332,100.0,542.1377191543579,none,10
869,vehicle.lincoln.mkz2017,226.40089809172488,145.0,177,0.0,10,100.0,224.5000033453107,100.0,1067.5613887310028,none,5
870,vehicle.lincoln.mkz2017,152.83714049296856,146.0,177,0.0,10,100.0,100.40000149607658,100.0,549.159098148346,none,14
871,vehicle.lincoln.mkz2017,173.2256221408636,146.0,177,0.0,10,5.383155795278871,27.55000041052699,3.768209056695209,96.688374042511,red_light,9
872,vehicle.lincoln.mkz2017,135.01133770819789,141.0,177,0.0,10,100.0,91.25000135973096,100.0,475.0695230960846,none,19
873,vehicle.lincoln.mkz2017,188.14687270246912,150.0,176,0.0,10,98.45132746227036,409.4500061012805,98.45132746227036,1592.9066483974457,none,15
874,vehicle.lincoln.mkz2017,44.18144665181526,146.0,177,0.0,10,100.0,346.9500051699579,100.0,1909.66264629364,none,16
875,vehicle.lincoln.mkz2017,30.31612559092024,147.0,177,0.0,10,100.0,115.00000171363354,100.0,522.5108633041382,none,2
876,vehicle.lincoln.mkz2017,82.52403395916362,144.0,177,0.0,10,97.69681272345994,257.95000384375453,97.69681272345994,1389.3684549331665,none,16
877,vehicle.lincoln.mkz2017,220.05331647310825,140.0,177,0.0,10,100.0,52.75000078603625,100.0,221.75335574150083,none,11
878,vehicle.lincoln.mkz2017,84.29327349453786,144.0,177,0.0,10,100.0,33.45000049844384,100.0,142.5157618522644,none,6
879,vehicle.lincoln.mkz2017,135.56536383854268,143.0,177,0.0,10,100.0,49.100000731647015,100.0,224.89099740982056,none,4
880,vehicle.lincoln.mkz2017,227.06584469435467,149.0,176,0.0,10,86.68554085498455,164.20000244677067,60.67987859848918,727.0793511867523,red_light,19
881,vehicle.lincoln.mkz2017,92.66999869677429,148.0,177,0.0,10,97.8210666983183,371.0500055290759,97.8210666983183,1406.891205072403,none,1
882,vehicle.lincoln.mkz2017,153.7799770326952,145.0,177,0.0,10,100.0,67.20000100135803,100.0,324.217622756958,none,3
883,vehicle.lincoln.mkz2017,136.68384612986242,145.0,177,0.0,10,100.0,89.55000133439898,100.0,359.74256348609924,none,19
884,vehicle.lincoln.mkz2017,56.77745733053168,146.0,177,0.0,10,94.4240108495868,219.05000326409936,94.4240108495868,984.9773392677308,none,14
885,vehicle.lincoln.mkz2017,140.29320998810496,139.0,177,0.0,10,97.7008693398301,430.65000641718507,97.7008693398301,1857.367474317551,none,18
886,vehicle.lincoln.mkz2017,130.61080761316128,141.0,177,0.0,10,100.0,257.6500038392842,100.0,1187.4006280899048,none,2
887,vehicle.lincoln.mkz2017,109.97205490190288,143.0,176,0.0,10,8.156736855293266,30.05000044777989,4.894042113175959,144.67716336250305,collisions_vehicle,3
888,vehicle.lincoln.mkz2017,190.57421685215644,147.0,177,0.0,10,100.0,72.55000108107924,100.0,335.986887216568,none,19
889,vehicle.lincoln.mkz2017,161.24031255030107,148.0,177,0.0,10,100.0,111.45000166073442,100.0,581.0727097988129,none,19
890,vehicle.lincoln.mkz2017,212.0514713791468,145.0,176,0.0,10,98.54780324029366,337.30000502616167,59.12868194417619,1273.8734457492828,collisions_vehicle,18
891,vehicle.lincoln.mkz2017,50.13066670904022,143.0,177,0.0,10,98.42753646834556,258.05000384524465,98.42753646834556,1440.4786489009855,none,17
892,vehicle.lincoln.mkz2017,9.903743135627703,146.0,177,0.0,10,98.4442162677959,310.2000046223402,98.4442162677959,1753.1749861240387,none,3
893,vehicle.lincoln.mkz2017,147.88777250643483,0.0,177,0.0,10,0.0,0.1500000022351741,0.0,1.1581828594207764,collisions_vehicle,0
894,vehicle.lincoln.mkz2017,132.45084750914103,149.0,177,0.0,10,98.89076641371044,229.10000341385603,98.89076641371044,998.3658902645112,none,10
895,vehicle.lincoln.mkz2017,175.46213915057518,145.0,177,0.0,10,98.91651039616028,255.0000037997961,98.91651039616028,1157.0153501033783,none,14
896,vehicle.lincoln.mkz2017,146.50222051911055,145.0,177,0.0,10,100.0,186.6500027813017,100.0,796.7578086853027,none,15
897,vehicle.lincoln.mkz2017,97.78918153678758,145.0,177,0.0,10,100.0,24.25000036135316,100.0,111.78075075149536,none,0
898,vehicle.lincoln.mkz2017,84.7644301521923,145.0,177,0.0,10,100.0,174.60000260174274,100.0,897.2138714790344,none,14
899,vehicle.lincoln.mkz2017,138.25085451995548,145.0,177,0.0,10,98.54406625827583,328.5500048957765,98.54406625827583,1191.332495689392,none,0
900,vehicle.lincoln.mkz2017,207.01921297077124,137.0,177,0.0,11,100.0,117.9000017568469,100.0,784.0314016342163,none,0
901,vehicle.lincoln.mkz2017,82.7731237397857,133.0,177,0.0,11,0.4175050080506854,34.85000051930547,0.2922535056354798,205.5525062084198,red_light,1
902,vehicle.lincoln.mkz2017,178.9391330373126,134.0,177,0.0,11,98.31287360840916,302.05000450089574,98.31287360840916,1963.45133304596,none,2
903,vehicle.lincoln.mkz2017,238.10978756392848,132.0,177,0.0,11,100.0,317.2000047266484,100.0,2102.043107748032,none,3
904,vehicle.lincoln.mkz2017,223.3329029008772,135.0,177,0.0,11,100.0,382.9000057056546,100.0,2692.268652677536,none,1
905,vehicle.lincoln.mkz2017,167.56487086493937,135.0,177,0.0,11,100.0,85.15000126883388,100.0,668.7651970386505,none,4
906,vehicle.lincoln.mkz2017,194.9718798637444,134.0,177,0.0,11,98.34239665051068,383.5500057153404,68.83967765535748,2547.100539684296,red_light,5
907,vehicle.lincoln.mkz2017,115.88590957775584,128.0,177,0.0,11,100.0,72.90000108629465,100.0,534.5522215366364,none,6
908,vehicle.lincoln.mkz2017,43.096043644042815,134.0,177,0.0,11,98.6899787315706,353.5000052675605,98.6899787315706,2644.07208275795,none,3
909,vehicle.lincoln.mkz2017,58.63827134877027,0.0,177,0.0,11,0.0,0.050000000745058,0.0,0.0406489372253418,red_light,1
910,vehicle.lincoln.mkz2017,77.26589929384768,132.0,177,0.0,11,98.09710909354682,205.9500030688941,58.85826545612809,1453.801692485809,collisions_vehicle,6
911,vehicle.lincoln.mkz2017,162.78504929646405,134.0,177,0.0,11,62.67771993224905,443.7500066123903,62.67771993224905,2855.702903270721,none,4
912,vehicle.lincoln.mkz2017,198.33133495156537,138.0,177,0.0,11,100.0,172.10000256448984,100.0,1351.8797857761383,none,7
913,vehicle.lincoln.mkz2017,101.61206212778252,135.0,177,0.0,11,98.53154988978852,324.70000483840704,98.53154988978852,1985.2361800670624,none,8
914,vehicle.lincoln.mkz2017,114.14997116258075,132.0,177,0.0,11,23.41528119529404,148.45000221207738,16.390696836705825,931.4640018939972,red_light,8
915,vehicle.lincoln.mkz2017,89.85816825817592,128.0,177,0.0,11,96.97096206561318,346.85000516846776,96.97096206561318,2410.947816848755,none,3
916,vehicle.lincoln.mkz2017,117.1820118020656,134.0,176,0.0,11,100.0,77.90000116080046,100.0,493.2583267688751,none,5
917,vehicle.lincoln.mkz2017,124.7108900544878,134.0,177,0.0,11,98.65956443853844,555.3000082746148,98.65956443853844,3630.984187602997,none,6
918,vehicle.lincoln.mkz2017,97.85226981529962,139.0,177,0.0,11,1.0024748169641648,78.75000117346644,0.7017323718749153,494.5902569293976,red_light,9
919,vehicle.lincoln.mkz2017,152.4820958031289,133.0,177,0.0,11,31.55336618182008,105.85000157728793,22.08735632727405,751.0833075046539,red_light,2
920,vehicle.lincoln.mkz2017,273.33199613203595,132.0,177,0.0,11,1.0257244295881418,168.40000250935557,0.7180071007116993,1047.1869490146637,red_light,8
921,vehicle.lincoln.mkz2017,174.53322915148334,134.0,176,0.0,11,100.0,93.65000139549376,100.0,659.28378033638,none,5
922,vehicle.lincoln.mkz2017,56.30132988530262,134.0,177,0.0,11,58.92631410240011,59.30000088363886,35.35578846144006,446.6005785465241,collisions_vehicle,10
923,vehicle.lincoln.mkz2017,187.8028807307963,129.0,177,0.0,11,98.91964777716244,350.70000522583723,98.91964777716244,2184.8777508735657,none,7
924,vehicle.lincoln.mkz2017,148.57995264526733,137.0,177,0.0,11,97.95498221243028,561.9000083729625,97.95498221243028,3362.372015476227,none,3
925,vehicle.lincoln.mkz2017,67.64448743494455,135.0,177,0.0,11,97.8667075132946,213.95000318810344,97.8667075132946,1569.8715164661407,none,1
926,vehicle.lincoln.mkz2017,247.34437197628097,136.0,177,0.0,11,100.0,176.40000262856483,100.0,1305.2484912872314,none,9
927,vehicle.lincoln.mkz2017,185.99463978365304,133.0,177,0.0,11,100.0,74.30000110715628,100.0,461.08655643463135,none,11
928,vehicle.lincoln.mkz2017,50.992664209856144,133.0,176,0.0,11,97.60131150409408,237.05000353232023,97.60131150409408,1804.7126860618591,none,12
929,vehicle.lincoln.mkz2017,80.77520493729264,135.0,176,0.0,11,31.842646728029248,158.05000235512853,19.105588036817547,1084.5240874290466,collisions_vehicle,2
930,vehicle.lincoln.mkz2017,154.22773630668453,132.0,176,0.0,11,100.0,101.40000151097776,100.0,733.8306260108948,none,8
931,vehicle.lincoln.mkz2017,81.18335428520193,135.0,177,0.0,11,96.88424732039968,424.0500063188374,96.88424732039968,2959.1096267700195,none,13
932,vehicle.lincoln.mkz2017,126.51974353648706,132.0,177,0.0,11,27.02813942687136,27.450000409036875,18.919697598809947,166.90845227241516,red_light,1
933,vehicle.lincoln.mkz2017,275.5098342056596,137.0,177,0.0,11,100.0,164.0500024445355,100.0,1074.2867450714111,none,12
934,vehicle.lincoln.mkz2017,161.0705508614438,135.0,177,0.0,11,100.0,92.20000137388706,100.0,641.6143507957458,none,8
935,vehicle.lincoln.mkz2017,212.21998513514657,136.0,177,0.0,11,11.618400398877082,12.450000185519457,6.971040239326249,85.16708588600159,collisions_vehicle,14
936,vehicle.lincoln.mkz2017,92.67208641879182,133.0,177,0.0,11,100.0,36.30000054091215,100.0,255.92212176322937,none,13
937,vehicle.lincoln.mkz2017,155.64995003145023,134.0,177,0.0,11,98.08216790377251,286.65000427141786,98.08216790377251,1752.9023756980896,none,13
938,vehicle.lincoln.mkz2017,168.14150198346732,139.0,177,0.0,11,98.99654994604212,426.0500063486397,98.99654994604212,2989.441041707993,none,8
939,vehicle.lincoln.mkz2017,135.6931039120751,135.0,176,0.0,11,100.0,200.7500029914081,100.0,1313.7328431606293,none,12
940,vehicle.lincoln.mkz2017,121.9713958242025,132.0,177,0.0,11,100.0,97.60000145435332,100.0,728.7624046802521,none,15
941,vehicle.lincoln.mkz2017,90.0830794673052,136.0,177,0.0,11,98.89936837462136,326.95000487193465,98.89936837462136,2046.7624480724328,none,14
942,vehicle.lincoln.mkz2017,71.692100036983,136.0,176,0.0,11,100.0,305.95000455901027,100.0,2079.8241305351257,none,14
943,vehicle.lincoln.mkz2017,195.33833164299287,135.0,177,0.0,11,100.0,173.65000258758664,100.0,1215.7833893299105,none,13
944,vehicle.lincoln.mkz2017,96.40022461549356,132.0,177,0.0,11,100.0,277.9000041410327,100.0,2198.0377616882324,none,5
945,vehicle.lincoln.mkz2017,151.55090419619987,136.0,177,0.0,11,100.0,112.40000167489052,100.0,753.3220872879028,none,11
946,vehicle.lincoln.mkz2017,185.7261592234176,141.0,177,0.0,11,100.0,289.40000431239605,100.0,1974.2167212963104,none,4
947,vehicle.lincoln.mkz2017,141.90401885803934,135.0,176,0.0,11,49.12654314717351,88.80000132322311,34.388580203021455,576.4274768829346,red_light,1
948,vehicle.lincoln.mkz2017,159.02180304401404,134.0,177,0.0,11,98.71864427457284,227.300003387034,98.71864427457284,1621.769243478775,none,1
949,vehicle.lincoln.mkz2017,69.93839879481226,136.0,177,0.0,11,100.0,66.45000099018216,100.0,495.3699462413788,none,14
950,vehicle.lincoln.mkz2017,222.93380901648845,137.0,177,0.0,11,100.0,246.35000367090103,100.0,1706.2485163211825,none,3
951,vehicle.lincoln.mkz2017,237.9464389452768,133.0,177,0.0,11,100.0,200.7500029914081,100.0,1338.2854883670807,none,16
952,vehicle.lincoln.mkz2017,200.10978739194945,138.0,177,0.0,11,100.0,78.70000117272139,100.0,588.7552855014801,none,17
953,vehicle.lincoln.mkz2017,139.8224897592828,134.0,176,0.0,11,21.29089812309394,123.25000183656812,14.903628686165757,737.454428434372,red_light,2
954,vehicle.lincoln.mkz2017,129.7494968599369,135.0,177,0.0,11,98.8734028750708,304.6500045396388,98.8734028750708,2193.349893808365,none,3
955,vehicle.lincoln.mkz2017,59.98171397690685,129.0,177,0.0,11,100.0,22.15000033006072,100.0,154.57715392112732,none,5
956,vehicle.lincoln.mkz2017,164.30197183978018,136.0,176,0.0,11,100.0,65.90000098198652,100.0,411.6638193130493,none,18
957,vehicle.lincoln.mkz2017,135.3497162420629,134.0,176,0.0,11,98.45925128322334,287.7000042870641,98.45925128322334,1725.2350554466248,none,7
958,vehicle.lincoln.mkz2017,85.66889046054116,134.0,177,0.0,11,100.0,41.45000061765313,100.0,325.5635106563568,none,19
959,vehicle.lincoln.mkz2017,62.57769689198829,137.0,177,0.0,11,98.3301459175778,723.0500107742846,98.3301459175778,4947.850975036621,none,14
960,vehicle.lincoln.mkz2017,209.0502379953276,133.0,177,0.0,11,100.0,110.70000164955854,100.0,761.7964560985565,none,7
961,vehicle.lincoln.mkz2017,109.91696340852243,134.0,177,0.0,11,100.0,78.70000117272139,100.0,580.366840839386,none,20
962,vehicle.lincoln.mkz2017,112.25633952510816,135.0,177,0.0,11,100.0,146.40000218153,100.0,1003.540512561798,none,11
963,vehicle.lincoln.mkz2017,113.50148540809884,129.0,177,0.0,11,100.0,69.90000104159117,100.0,446.6515164375305,none,8
964,vehicle.lincoln.mkz2017,245.14782311563644,137.0,176,0.0,11,98.02592793562016,501.4500074721873,98.02592793562016,3233.272846221924,none,18
965,vehicle.lincoln.mkz2017,250.12245508861588,133.0,177,0.0,11,100.0,186.000002771616,100.0,1238.2827987670898,none,14
966,vehicle.lincoln.mkz2017,54.506131352703086,130.0,177,0.0,11,98.80577142427067,286.20000426471233,98.80577142427067,1789.7975902557373,none,14
967,vehicle.lincoln.mkz2017,132.2912577005324,137.0,177,0.0,11,100.0,182.3500027172268,100.0,1325.5379555225372,none,18
968,vehicle.lincoln.mkz2017,84.74849002285849,140.0,177,0.0,11,3.402231514424797,196.45000292733312,3.402231514424797,1252.734278678894,none,9
969,vehicle.lincoln.mkz2017,152.37286603245602,136.0,177,0.0,11,100.0,54.15000080689788,100.0,430.0157024860382,none,9
970,vehicle.lincoln.mkz2017,170.35434195336265,139.0,177,0.0,11,100.0,119.90000178664924,100.0,836.4646780490875,none,4
971,vehicle.lincoln.mkz2017,135.50261038028492,136.0,177,0.0,11,100.0,231.30000344663856,100.0,1741.4108641147614,none,20
972,vehicle.lincoln.mkz2017,184.08247304405248,139.0,177,0.0,11,80.10297598788331,138.00000205636024,48.06178559272998,902.394483089447,collisions_vehicle,5
973,vehicle.lincoln.mkz2017,185.4022201237888,136.0,177,0.0,11,71.78527582516911,188.1000028029084,50.249693077618375,1230.8454411029816,red_light,6
974,vehicle.lincoln.mkz2017,262.73995804947594,131.0,177,0.0,11,98.84994890665476,382.5500057004392,98.84994890665476,2404.933520555496,none,0
975,vehicle.lincoln.mkz2017,128.95913185645716,130.0,177,0.0,11,97.64275447337164,285.6500042565167,97.64275447337164,1705.661339759827,none,2
976,vehicle.lincoln.mkz2017,157.49129412890363,135.0,176,0.0,11,100.0,50.65000075474381,100.0,327.0118944644928,none,13
977,vehicle.lincoln.mkz2017,105.84117500426734,132.0,177,0.0,11,100.0,63.45000094547868,100.0,466.4907853603363,none,9
978,vehicle.lincoln.mkz2017,106.08523701555264,133.0,177,0.0,11,100.0,227.8500033952296,100.0,1700.2690694332125,none,0
979,vehicle.lincoln.mkz2017,134.9649352416446,134.0,177,0.0,11,100.0,175.35000261291862,100.0,1158.5751707553864,none,20
980,vehicle.lincoln.mkz2017,133.9996692194524,133.0,177,0.0,11,100.0,28.250000420957804,100.0,195.6180763244629,none,2
981,vehicle.lincoln.mkz2017,188.62217081727417,133.0,176,0.0,11,100.0,147.1000021919608,100.0,957.4306683540344,none,8
982,vehicle.lincoln.mkz2017,56.72804923831599,132.0,177,0.0,11,100.0,276.7500041238964,100.0,1976.9031777381897,none,20
983,vehicle.lincoln.mkz2017,55.99933212657137,134.0,177,0.0,11,100.0,13.600000202655792,100.0,98.52981352806091,none,12
984,vehicle.lincoln.mkz2017,77.74474012433396,140.0,177,0.0,11,97.90587995796942,237.30000353604555,97.90587995796942,2151.0833768844604,none,9
985,vehicle.lincoln.mkz2017,201.47522325688308,0.0,177,0.0,11,0.0,0.050000000745058,0.0,0.0376882553100585,red_light,0
986,vehicle.lincoln.mkz2017,57.91582883374336,134.0,177,0.0,11,100.0,102.55000152811408,100.0,674.3381147384644,none,20
987,vehicle.lincoln.mkz2017,233.5059863989048,140.0,176,0.0,11,100.0,161.95000241324306,100.0,1267.3905282020569,none,19
988,vehicle.lincoln.mkz2017,136.38078640210082,135.0,176,0.0,11,98.59479085193094,420.7500062696636,98.59479085193094,2816.409057855606,none,17
989,vehicle.lincoln.mkz2017,64.84443288939383,136.0,176,0.0,11,100.0,178.9500026665628,100.0,1368.5648574829102,none,9
990,vehicle.lincoln.mkz2017,63.51635132231508,137.0,176,0.0,11,100.0,36.20000053942204,100.0,278.69433546066284,none,2
991,vehicle.lincoln.mkz2017,147.48200195171145,134.0,177,0.0,11,36.024275102407394,126.40000188350676,25.21699257168517,826.0817420482635,red_light,20
992,vehicle.lincoln.mkz2017,217.51892947055245,138.0,177,0.0,11,0.1742981948761061,180.05000268295407,0.1742981948761061,1123.363960504532,none,1
993,vehicle.lincoln.mkz2017,190.8164069727564,130.0,177,0.0,11,100.0,118.850001771003,100.0,808.7140583992004,none,5
994,vehicle.lincoln.mkz2017,254.1060713159461,130.0,177,0.0,11,98.04729221436868,327.80000488460064,98.04729221436868,2095.9732434749603,none,8
995,vehicle.lincoln.mkz2017,165.2617979987117,135.0,177,0.0,11,98.79958644037671,476.5000071004033,98.79958644037671,3144.6611099243164,none,1
996,vehicle.lincoln.mkz2017,149.99601064107898,135.0,176,0.0,11,100.0,186.3000027760864,100.0,1244.7087976932526,none,14
997,vehicle.lincoln.mkz2017,71.50994652828354,133.0,177,0.0,11,97.12759227191592,283.0500042177737,97.12759227191592,1751.0583674907684,none,19
998,vehicle.lincoln.mkz2017,135.46155381851938,139.0,177,0.0,11,100.0,189.35000282153487,100.0,1215.6585211753843,none,14
999,vehicle.lincoln.mkz2017,156.79689825163248,136.0,177,0.0,11,100.0,87.65000130608678,100.0,674.0431778430939,none,1
1000,vehicle.lincoln.mkz2017,83.13450328178256,135.0,177,0.0,11,100.0,30.300000451505184,100.0,187.4103286266327,none,17
1001,vehicle.lincoln.mkz2017,250.78999932384824,134.0,177,0.0,11,100.0,438.4500065334141,100.0,2890.90323638916,none,10
1002,vehicle.lincoln.mkz2017,114.62667096986732,136.0,177,0.0,11,98.71324752952351,412.8500061519444,98.71324752952351,3146.157342672348,none,2
1003,vehicle.lincoln.mkz2017,63.43423489382118,0.0,177,0.0,11,0.0,0.050000000745058,0.0,0.0507545471191406,red_light,9
1004,vehicle.lincoln.mkz2017,192.3656901274608,135.0,176,0.0,11,100.0,187.8500027991832,100.0,1346.690007686615,none,3
1005,vehicle.lincoln.mkz2017,209.0900054293799,134.0,177,0.0,11,84.15046773769636,169.85000253096223,42.07523386884818,1291.4123051166534,collisions_pedestrian,7
1006,vehicle.lincoln.mkz2017,70.43334556254084,138.0,177,0.0,11,28.06721181367301,231.1500034444034,28.06721181367301,1633.7965517044067,none,18
1007,vehicle.lincoln.mkz2017,257.85431282278745,134.0,177,0.0,11,100.0,228.15000339969995,100.0,1567.0625607967377,none,13
1008,vehicle.lincoln.mkz2017,163.9999400746265,129.0,177,0.0,11,100.0,72.8500010855496,100.0,520.5495128631592,none,18
1009,vehicle.lincoln.mkz2017,269.2091664486068,135.0,177,0.0,11,100.0,216.4500032253564,100.0,1605.7700855731964,none,0
1010,vehicle.lincoln.mkz2017,171.19559751444055,129.0,177,0.0,11,98.82254586646498,471.6500070281327,98.82254586646498,2926.941730260849,none,8
1011,vehicle.lincoln.mkz2017,98.00128842523004,133.0,177,0.0,11,97.91925337078868,212.1500031612813,97.91925337078868,1424.4112210273745,none,11
1012,vehicle.lincoln.mkz2017,4.00000021027517,135.0,177,0.0,11,100.0,224.30000334233048,100.0,1534.1164526939392,none,13
1013,vehicle.lincoln.mkz2017,251.3352438596285,134.0,177,0.0,11,100.0,185.4500027634204,100.0,1204.3659489154816,none,12
1014,vehicle.lincoln.mkz2017,271.3472965796286,137.0,177,0.0,11,100.0,233.45000347867608,100.0,1822.834784507752,none,9
1015,vehicle.lincoln.mkz2017,126.89068320142172,137.0,177,0.0,11,100.0,112.60000167787076,100.0,921.4309940338136,none,9
1016,vehicle.lincoln.mkz2017,65.17453134346205,133.0,176,0.0,11,98.88364081905956,289.2000043094158,98.88364081905956,1992.056071281433,none,4
1017,vehicle.lincoln.mkz2017,191.8171785347349,135.0,177,0.0,11,100.0,73.200001090765,100.0,594.0704782009125,none,6
1018,vehicle.lincoln.mkz2017,135.53081141470167,132.0,176,0.0,11,100.0,236.80000352859497,100.0,1640.5525450706482,none,9
1019,vehicle.lincoln.mkz2017,159.83405030843176,135.0,177,0.0,11,100.0,161.20000240206718,100.0,1053.227108001709,none,19
1020,vehicle.lincoln.mkz2017,120.04475960989669,131.0,177,0.0,11,100.0,32.100000478327274,100.0,255.3276026248932,none,3
1021,vehicle.lincoln.mkz2017,83.45133697663786,133.0,177,0.0,11,11.4256068006427,131.05000195279715,7.99792476044989,821.7530238628387,red_light,8
1022,vehicle.lincoln.mkz2017,147.97621366078394,134.0,177,0.0,11,0.0,2.400000035762787,0.0,16.490398168563843,red_light,1
1023,vehicle.lincoln.mkz2017,149.18479208755417,137.0,177,0.0,11,100.0,72.35000107809901,100.0,490.11194014549255,none,2
1024,vehicle.lincoln.mkz2017,240.84659042508247,136.0,177,0.0,11,98.81551645519954,718.0000106990337,98.81551645519954,4698.30001616478,none,0
1025,vehicle.lincoln.mkz2017,141.7120253036426,142.0,177,0.0,11,100.0,73.50000109523535,100.0,575.9292070865631,none,7
1026,vehicle.lincoln.mkz2017,134.68550795661574,137.0,177,0.0,11,65.65815334620638,279.900004170835,65.65815334620638,2245.92319393158,none,14
1027,vehicle.lincoln.mkz2017,217.9950009430536,136.0,177,0.0,11,100.0,134.75000200793147,100.0,1098.414088010788,none,6
1028,vehicle.lincoln.mkz2017,140.85397776372758,131.0,177,0.0,11,97.28786977716238,291.2500043399632,97.28786977716238,2188.2092254161835,none,9
1029,vehicle.lincoln.mkz2017,141.17222919562278,131.0,176,0.0,11,100.0,157.65000234916806,100.0,1010.1098365783693,none,5
1030,vehicle.lincoln.mkz2017,57.690003107429895,134.0,176,0.0,11,92.93386586879048,230.05000342801213,92.93386586879048,1527.1217501163485,none,14
1031,vehicle.lincoln.mkz2017,211.56213862926955,140.0,177,0.0,11,100.0,87.35000130161643,100.0,596.6265666484833,none,10
1032,vehicle.lincoln.mkz2017,130.30642004913034,135.0,177,0.0,11,98.3499498751982,528.1000078693032,98.3499498751982,4153.359580993652,none,2
1033,vehicle.lincoln.mkz2017,216.3700031067862,134.0,176,0.0,11,100.0,201.3000029996037,100.0,1483.7847769260406,none,7
1034,vehicle.lincoln.mkz2017,97.7799995055068,133.0,177,0.0,11,100.0,50.65000075474381,100.0,423.8214411735535,none,10
1035,vehicle.lincoln.mkz2017,91.21650580385666,136.0,176,0.0,11,100.0,95.95000142976642,100.0,676.3102889060974,none,1
1036,vehicle.lincoln.mkz2017,153.947210454538,135.0,177,0.0,11,100.0,97.80000145733356,100.0,686.6978895664215,none,12
1037,vehicle.lincoln.mkz2017,119.900140564025,131.0,176,0.0,11,100.0,118.1500017605722,100.0,778.3083307743073,none,11
1038,vehicle.lincoln.mkz2017,238.7324055173933,138.0,177,0.0,11,100.0,130.60000194609165,100.0,929.2600932121276,none,5
1039,vehicle.lincoln.mkz2017,151.87153975210185,138.0,177,0.0,11,100.0,247.70000369101763,100.0,1678.4859817028046,none,20
1040,vehicle.lincoln.mkz2017,247.73842490293512,133.0,177,0.0,11,100.0,156.50000233203173,100.0,1008.4266529083252,none,9
1041,vehicle.lincoln.mkz2017,278.8517179140669,137.0,177,0.0,11,0.4022143055973238,27.400000408291817,0.2815500139181267,237.13734889030457,red_light,10
1042,vehicle.lincoln.mkz2017,13.066559092344626,134.0,177,0.0,11,100.0,152.65000227466226,100.0,1182.4571650028229,none,6
1043,vehicle.lincoln.mkz2017,133.6516813305543,134.0,177,0.0,11,100.0,63.75000094994903,100.0,420.1117441654205,none,6
1044,vehicle.lincoln.mkz2017,115.96521403280724,132.0,177,0.0,11,100.0,144.80000215768814,100.0,1026.9787995815277,none,18
1045,vehicle.lincoln.mkz2017,185.93342229434964,133.0,177,0.0,11,100.0,69.00000102818012,100.0,453.0107185840607,none,18
1046,vehicle.lincoln.mkz2017,167.38486120028512,135.0,176,0.0,11,100.0,43.7500006519258,100.0,302.8440787792206,none,19
1047,vehicle.lincoln.mkz2017,251.15731424878263,135.0,177,0.0,11,23.357673166759486,80.15000119432807,14.014603900055691,624.1344993114471,collisions_vehicle,6
1048,vehicle.lincoln.mkz2017,97.41958226021404,136.0,177,0.0,11,97.9197043147916,388.0500057823956,97.9197043147916,2618.5851414203644,none,11
1049,vehicle.lincoln.mkz2017,54.10762331426994,130.0,177,0.0,11,95.18135602811002,250.15000372752547,95.18135602811002,2051.97220993042,none,2
1050,vehicle.lincoln.mkz2017,121.65021018505978,132.0,176,0.0,11,100.0,98.3500014655292,100.0,644.117538690567,none,12
1051,vehicle.lincoln.mkz2017,218.0465004233209,130.0,176,0.0,11,98.9355391828044,471.2500070221722,98.9355391828044,2842.596426486969,none,1
1052,vehicle.lincoln.mkz2017,136.80629150040426,132.0,177,0.0,11,100.0,53.950000803917646,100.0,394.0061602592468,none,14
1053,vehicle.lincoln.mkz2017,177.63438654998097,137.0,176,0.0,11,100.0,67.25000100210309,100.0,454.9634878635407,none,9
1054,vehicle.lincoln.mkz2017,66.90389832381031,136.0,177,0.0,11,100.0,61.25000091269612,100.0,413.0296411514282,none,4
1055,vehicle.lincoln.mkz2017,273.3407856255807,134.0,177,0.0,11,70.00404576774064,148.15000220760703,49.00283203741844,1059.7253799438477,red_light,18
1056,vehicle.lincoln.mkz2017,98.3758070779555,131.0,177,0.0,11,100.0,54.250000808388,100.0,334.7768213748932,none,20
1057,vehicle.lincoln.mkz2017,75.509947236394,134.0,177,0.0,11,98.6418210123622,203.95000303909185,98.6418210123622,1277.6543889045715,none,7
1058,vehicle.lincoln.mkz2017,215.69296777720123,133.0,177,0.0,11,100.0,274.95000409707427,100.0,1869.4670021533968,none,10
1059,vehicle.lincoln.mkz2017,127.99489155404224,135.0,176,0.0,11,100.0,186.2000027745962,100.0,1280.4606685638428,none,9
1060,vehicle.lincoln.mkz2017,113.54286258512876,135.0,177,0.0,11,100.0,31.850000474601984,100.0,213.93825888633728,none,3
1061,vehicle.lincoln.mkz2017,77.70679167100221,132.0,176,0.0,11,97.90244387343368,280.60000418126583,97.90244387343368,1638.5094499588013,none,0
1062,vehicle.lincoln.mkz2017,128.00041635409687,133.0,177,0.0,11,98.64634197972356,397.1000059172511,98.64634197972356,2879.386312007904,none,3
1063,vehicle.lincoln.mkz2017,63.61396366476734,133.0,177,0.0,11,97.85111675898274,500.5500074587762,97.85111675898274,3700.659107685089,none,8
1064,vehicle.lincoln.mkz2017,210.35719774473657,129.0,177,0.0,11,22.0384995054978,80.90000120550394,15.42694965384846,508.6823935508728,red_light,4
1065,vehicle.lincoln.mkz2017,218.17279493959552,137.0,177,0.0,11,98.63592041019255,349.4000052064657,98.63592041019255,2477.5343310832977,none,9
1066,vehicle.lincoln.mkz2017,114.13830922825704,138.0,177,0.0,11,100.0,99.80000148713587,100.0,661.3796174526215,none,8
1067,vehicle.lincoln.mkz2017,91.5848828385856,139.0,177,0.0,11,100.0,49.100000731647015,100.0,304.0882794857025,none,14
1068,vehicle.lincoln.mkz2017,127.5593661832002,133.0,177,0.0,11,100.0,123.90000184625389,100.0,895.9345314502716,none,11
1069,vehicle.lincoln.mkz2017,153.806218665598,132.0,177,0.0,11,100.0,188.15000280365348,100.0,1374.7266969680786,none,20
1070,vehicle.lincoln.mkz2017,230.50704928789344,131.0,177,0.0,11,100.0,159.0500023700297,100.0,1213.132791519165,none,6
1071,vehicle.lincoln.mkz2017,155.21271208235316,135.0,177,0.0,11,100.0,65.60000097751617,100.0,405.14354276657104,none,5
1072,vehicle.lincoln.mkz2017,68.45236296257079,134.0,177,0.0,11,92.82088173152958,278.05000414326787,92.82088173152958,1740.093320608139,none,16
1073,vehicle.lincoln.mkz2017,289.7189203220309,132.0,177,0.0,11,100.0,148.3000022098422,100.0,987.4310765266418,none,0
1074,vehicle.lincoln.mkz2017,255.72384592595856,136.0,177,0.0,11,98.4621354485116,575.4500085748732,98.4621354485116,3642.137176990509,none,8
1075,vehicle.lincoln.mkz2017,62.44134756354121,137.0,177,0.0,11,96.83319335900794,240.15000357851383,96.83319335900794,1548.5668017864227,none,2
1076,vehicle.lincoln.mkz2017,107.60914881202362,135.0,177,0.0,11,77.41936669586109,66.25000098720193,54.19355668710276,438.5509974956513,red_light,9
1077,vehicle.lincoln.mkz2017,160.69567727484127,135.0,176,0.0,11,100.0,187.5500027947128,100.0,1354.0466628074646,none,13
1078,vehicle.lincoln.mkz2017,84.00000790754952,137.0,176,0.0,11,98.7968916589896,244.00000363588333,98.7968916589896,1578.7726113796234,none,4
1079,vehicle.lincoln.mkz2017,135.98085964910393,133.0,177,0.0,11,100.0,32.25000048056245,100.0,215.4362452030182,none,3
1080,vehicle.lincoln.mkz2017,187.1840081355105,133.0,176,0.0,11,100.0,79.20000118017197,100.0,536.0108819007874,none,10
1081,vehicle.lincoln.mkz2017,198.1508534574193,0.0,177,0.0,11,0.0,0.050000000745058,0.0,0.0516266822814941,red_light,19
1082,vehicle.lincoln.mkz2017,149.37026287944542,141.0,177,0.0,11,100.0,35.450000528246164,100.0,272.1305499076843,none,12
1083,vehicle.lincoln.mkz2017,78.14909887959358,133.0,176,0.0,11,100.0,230.9500034414232,100.0,1534.7468218803406,none,11
1084,vehicle.lincoln.mkz2017,169.63795273239205,139.0,177,0.0,11,100.0,63.250000942498446,100.0,485.5760431289673,none,2
1085,vehicle.lincoln.mkz2017,201.75301977211643,138.0,177,0.0,11,100.0,253.8000037819147,100.0,1892.348023891449,none,2
1086,vehicle.lincoln.mkz2017,84.73965023148577,138.0,177,0.0,11,98.32965986024384,241.85000360384583,98.32965986024384,1855.2963120937347,none,5
1087,vehicle.lincoln.mkz2017,199.61393678283733,137.0,177,0.0,11,98.99712416554785,453.7500067614019,98.99712416554785,3462.9105513095856,none,17
1088,vehicle.lincoln.mkz2017,231.035249317076,138.0,177,0.0,11,100.0,214.25000319257376,100.0,1404.368275642395,none,2
1089,vehicle.lincoln.mkz2017,224.4508093747655,131.0,176,0.0,11,100.0,195.6000029146672,100.0,1531.6155381202698,none,10
1090,vehicle.lincoln.mkz2017,160.59174114741538,135.0,176,0.0,11,100.0,258.2500038482249,100.0,1592.0099365711212,none,14
1091,vehicle.lincoln.mkz2017,175.09000599072704,130.0,177,0.0,11,98.85849985928472,407.2000060677528,98.85849985928472,2727.732468366623,none,3
1092,vehicle.lincoln.mkz2017,105.7259278791228,132.0,177,0.0,11,98.12915969746646,432.0500064380467,98.12915969746646,3570.0591127872467,none,9
1093,vehicle.lincoln.mkz2017,242.25000000600124,142.0,176,0.0,11,100.0,135.200002014637,100.0,916.5966696739196,none,3
1094,vehicle.lincoln.mkz2017,60.41715755173839,133.0,176,0.0,11,96.16653439728157,317.0500047244132,96.16653439728157,2108.241664648056,none,5
1095,vehicle.lincoln.mkz2017,124.26716564462544,137.0,177,0.0,11,96.50175259967718,497.05000740662217,96.50175259967718,2992.9043321609497,none,0
1096,vehicle.lincoln.mkz2017,246.3376246675904,132.0,177,0.0,11,86.35410544340365,282.3000042065978,60.44787381038255,1905.0885767936709,red_light,20
1097,vehicle.lincoln.mkz2017,181.734017212836,134.0,176,0.0,11,100.0,85.20000126957893,100.0,573.9401216506958,none,2
1098,vehicle.lincoln.mkz2017,61.75445811744025,134.0,176,0.0,11,100.0,200.35000298544765,100.0,1546.9401700496674,none,9
1099,vehicle.lincoln.mkz2017,139.14688912305118,135.0,177,0.0,11,94.87090090077557,118.95000177249312,66.40963063054289,855.6129243373871,red_light,15
1100,vehicle.lincoln.mkz2017,92.62465890700264,136.0,177,0.0,11,97.81271937099608,370.0500055141747,97.81271937099608,2515.6573960781097,none,20
1101,vehicle.lincoln.mkz2017,174.25697675114515,137.0,177,0.0,11,100.0,121.10000180453062,100.0,908.1535737514496,none,10
1102,vehicle.lincoln.mkz2017,183.97032391451447,135.0,177,0.0,11,100.0,78.00000116229057,100.0,522.0343098640442,none,9
1103,vehicle.lincoln.mkz2017,202.18308424118496,134.0,177,0.0,11,100.0,100.55000149831176,100.0,658.3736729621887,none,2
1104,vehicle.lincoln.mkz2017,152.86000559795005,133.0,177,0.0,11,100.0,103.55000154301524,100.0,759.525506734848,none,6
1105,vehicle.lincoln.mkz2017,69.96409608455757,133.0,177,0.0,11,97.09018498079612,70.20000104606152,58.25411098847766,464.2742309570313,collisions_vehicle,7
1106,vehicle.lincoln.mkz2017,160.56496478786465,131.0,177,0.0,11,100.0,132.95000198110938,100.0,832.8291099071503,none,8
1107,vehicle.lincoln.mkz2017,144.41420865579255,0.0,177,0.0,11,0.0,0.050000000745058,0.0,0.0440492630004882,red_light,13
1108,vehicle.lincoln.mkz2017,141.2596863076324,138.0,177,0.0,11,100.0,37.45000055804849,100.0,239.5566921234131,none,20
1109,vehicle.lincoln.mkz2017,250.70334896953392,129.0,177,0.0,11,100.0,213.25000317767265,100.0,1372.3414616584778,none,2
1110,vehicle.lincoln.mkz2017,94.00071938021614,131.0,177,0.0,11,97.82848319381148,368.8500054962933,97.82848319381148,2256.432651281357,none,1
1111,vehicle.lincoln.mkz2017,78.52384916000362,139.0,177,0.0,11,98.69613796085704,201.500003002584,98.69613796085704,1198.9252672195437,none,7
1112,vehicle.lincoln.mkz2017,103.99867141155153,132.0,177,0.0,11,100.0,36.15000053867698,100.0,253.7216501235962,none,10
1113,vehicle.lincoln.mkz2017,59.41275985558396,137.0,177,0.0,11,100.0,17.850000265985727,100.0,137.82000637054443,none,0
1114,vehicle.lincoln.mkz2017,220.3460545638561,139.0,177,0.0,11,77.72655456340378,159.5000023767352,46.63593273804226,1098.002282857895,collisions_vehicle,18
1115,vehicle.lincoln.mkz2017,91.16367443389557,137.0,177,0.0,11,100.0,176.60000263154507,100.0,1234.5448350906372,none,0
1116,vehicle.lincoln.mkz2017,126.5800249155539,139.0,177,0.0,11,96.02853159381252,269.4500040151179,67.21997211566877,1905.7550518512728,red_light,13
1117,vehicle.lincoln.mkz2017,115.78998008039962,133.0,177,0.0,11,98.25125939035942,421.7000062838197,98.25125939035942,2549.33998298645,none,13
1118,vehicle.lincoln.mkz2017,199.0611845425313,132.0,177,0.0,11,100.0,70.75000105425715,100.0,462.84810185432434,none,5
1119,vehicle.lincoln.mkz2017,39.51298327846472,134.0,177,0.0,11,98.8128362068459,375.7000055983663,98.8128362068459,2566.148360729217,none,0
1120,vehicle.lincoln.mkz2017,134.82516645917676,135.0,177,0.0,11,100.0,144.35000215098262,100.0,907.1462500095367,none,5
1121,vehicle.lincoln.mkz2017,176.04473564672733,132.0,177,0.0,11,100.0,211.70000315457585,100.0,1589.8744966983795,none,4
1122,vehicle.lincoln.mkz2017,97.46146430176618,133.0,176,0.0,11,100.0,46.65000069513917,100.0,286.4895224571228,none,8
1123,vehicle.lincoln.mkz2017,85.01128944107964,129.0,177,0.0,11,97.504928053139,397.850005928427,97.504928053139,2864.966544628144,none,5
1124,vehicle.lincoln.mkz2017,84.2791168394927,135.0,177,0.0,11,0.4223035829214427,100.05000149086118,0.2956125080450099,653.1067423820496,red_light,20
1125,vehicle.lincoln.mkz2017,67.53636251445108,131.0,176,0.0,11,100.0,160.20000238716602,100.0,1165.0866446495056,none,3
1126,vehicle.lincoln.mkz2017,167.99996240809642,137.0,176,0.0,11,98.80324090345952,295.25000439956784,98.80324090345952,1914.9472103118896,none,16
1127,vehicle.lincoln.mkz2017,193.7218500399844,134.0,177,0.0,11,100.0,228.5500034056604,100.0,1671.3653905391693,none,4
1128,vehicle.lincoln.mkz2017,141.12593610356925,138.0,177,0.0,11,98.83573022480492,323.1000048145652,98.83573022480492,2011.282999753952,none,8
1129,vehicle.lincoln.mkz2017,109.3971503213479,133.0,177,0.0,11,52.5306851227024,118.30000176280736,36.77147958589168,746.4374644756317,red_light,11
1130,vehicle.lincoln.mkz2017,148.92514730795034,134.0,177,0.0,11,53.911734409109535,87.80000130832195,37.73821408637667,592.3811430931091,red_light,2
1131,vehicle.lincoln.mkz2017,158.68891930218643,138.0,177,0.0,11,100.0,153.25000228360295,100.0,1135.3608198165894,none,6
1132,vehicle.lincoln.mkz2017,76.90635351557887,134.0,177,0.0,11,100.0,68.60000102221966,100.0,446.948221206665,none,0
1133,vehicle.lincoln.mkz2017,186.62042559656945,135.0,176,0.0,11,96.55499481537188,489.4000072926283,96.55499481537188,3111.38582611084,none,9
1134,vehicle.lincoln.mkz2017,222.385490044924,135.0,176,0.0,11,32.06930244581431,59.30000088363886,22.44851171207001,457.4931447505951,red_light,17
1135,vehicle.lincoln.mkz2017,178.23508386477212,135.0,177,0.0,11,100.0,177.6500026471913,100.0,1343.1329731941223,none,20
1136,vehicle.lincoln.mkz2017,78.0000161598569,133.0,176,0.0,11,100.0,53.450000796467066,100.0,446.13922095298767,none,15
1137,vehicle.lincoln.mkz2017,118.8098843933318,135.0,177,0.0,11,48.62393453704821,273.80000407993793,48.62393453704821,2011.3187346458435,none,6
1138,vehicle.lincoln.mkz2017,179.964561912339,132.0,177,0.0,11,97.40814634633664,233.2000034749508,68.18570244243564,1469.6294932365415,red_light,0
1139,vehicle.lincoln.mkz2017,169.5013052937602,132.0,177,0.0,11,100.0,142.100002117455,100.0,925.1695210933684,none,15
1140,vehicle.lincoln.mkz2017,132.53723393111662,137.0,177,0.0,11,98.91391045774397,551.8500082232058,98.91391045774397,3401.824924468994,none,10
1141,vehicle.lincoln.mkz2017,165.70690746680884,135.0,177,0.0,11,97.57162049962513,437.7500065229833,97.57162049962513,2929.146706342697,none,8
1142,vehicle.lincoln.mkz2017,242.2096374248703,136.0,177,0.0,11,17.24649379449906,211.1000031456352,17.24649379449906,1751.283320426941,none,16
1143,vehicle.lincoln.mkz2017,243.72050897647105,134.0,177,0.0,11,0.0,300.95000448450446,0.0,2524.298101425171,none,15
1144,vehicle.lincoln.mkz2017,172.47023603808037,139.0,177,0.0,11,100.0,221.5000033006072,100.0,1408.3563315868378,none,3
1145,vehicle.lincoln.mkz2017,215.6713346003968,138.0,177,0.0,11,100.0,140.15000208839774,100.0,1010.1852648258208,none,7
1146,vehicle.lincoln.mkz2017,117.5310984930196,132.0,177,0.0,11,100.0,74.80000111460686,100.0,705.0641012191772,none,4
1147,vehicle.lincoln.mkz2017,236.0266182942848,138.0,177,0.0,11,86.65776180010182,50.50000075250864,51.994657080061096,326.0325016975403,collisions_vehicle,4
1148,vehicle.lincoln.mkz2017,91.7189155740634,133.0,177,0.0,11,98.68505569313108,305.50000455230474,98.68505569313108,2371.775771141052,none,12
1149,vehicle.lincoln.mkz2017,98.37931889628884,134.0,177,0.0,11,20.58383195025233,29.50000043958425,14.40868236517663,196.59249472618103,red_light,20
1150,vehicle.lincoln.mkz2017,97.61171908771536,137.0,176,0.0,11,100.0,54.65000081434846,100.0,428.841126203537,none,19
1151,vehicle.lincoln.mkz2017,170.68055255753555,134.0,177,0.0,11,98.9914335547942,473.650007057935,98.9914335547942,3194.3065905570984,none,12
1152,vehicle.lincoln.mkz2017,88.80355356292397,130.0,177,0.0,11,100.0,82.5000012293458,100.0,526.6406049728394,none,15
1153,vehicle.lincoln.mkz2017,85.49173440828262,132.0,177,0.0,11,100.0,168.85000251606107,100.0,1159.5237622261047,none,9
1154,vehicle.lincoln.mkz2017,110.76065795970584,131.0,176,0.0,11,100.0,126.8500018902123,100.0,889.8729493618011,none,5
1155,vehicle.lincoln.mkz2017,177.8571279682478,137.0,177,0.0,11,98.8616830538816,472.5500070415437,98.8616830538816,2960.273686647415,none,7
1156,vehicle.lincoln.mkz2017,81.9999806667819,134.0,176,0.0,11,100.0,31.350000467151403,100.0,210.32544541358948,none,6
1157,vehicle.lincoln.mkz2017,62.717139549735016,131.0,177,0.0,11,100.0,144.30000215023756,100.0,1103.6899409294128,none,12
1158,vehicle.lincoln.mkz2017,181.206637504591,131.0,177,0.0,11,100.0,60.65000090375543,100.0,384.3643641471863,none,11
1159,vehicle.lincoln.mkz2017,192.1228271723634,133.0,177,0.0,11,100.0,74.25000110641122,100.0,501.5296013355255,none,10
1160,vehicle.lincoln.mkz2017,235.9040388418787,136.0,177,0.0,11,100.0,183.80000273883343,100.0,1250.045602798462,none,8
1161,vehicle.lincoln.mkz2017,156.17705486881516,134.0,176,0.0,11,100.0,134.0000019967556,100.0,893.0410249233246,none,1
1162,vehicle.lincoln.mkz2017,203.43585952739693,134.0,177,0.0,11,100.0,201.40000300109384,100.0,1314.016589164734,none,17
1163,vehicle.lincoln.mkz2017,111.219846834658,134.0,177,0.0,11,100.0,57.600000858306885,100.0,366.2189567089081,none,12
1164,vehicle.lincoln.mkz2017,234.6213070717789,132.0,177,0.0,11,100.0,124.45000185444952,100.0,804.644998550415,none,19
1165,vehicle.lincoln.mkz2017,123.1801075207984,129.0,177,0.0,11,98.13781862916954,339.2000050544739,98.13781862916954,2374.2456266880035,none,10
1166,vehicle.lincoln.mkz2017,50.35727855555831,135.0,177,0.0,11,100.0,55.05000082030893,100.0,388.7887885570526,none,19
1167,vehicle.lincoln.mkz2017,89.66100072719145,130.0,177,0.0,11,100.0,117.10000174492598,100.0,839.3478536605835,none,5
1168,vehicle.lincoln.mkz2017,138.3080047843275,133.0,177,0.0,11,98.53862518089711,304.3000045344233,98.53862518089711,2418.420203447342,none,10
1169,vehicle.lincoln.mkz2017,226.40089809172488,134.0,177,0.0,11,98.95083668690178,356.4500053115189,98.95083668690178,2731.433485507965,none,5
1170,vehicle.lincoln.mkz2017,152.83714049296856,139.0,177,0.0,11,100.0,118.70000176876783,100.0,902.9037518501282,none,14
1171,vehicle.lincoln.mkz2017,173.2256221408636,144.0,177,0.0,11,100.0,202.40000301599505,100.0,1502.8130052089691,none,9
1172,vehicle.lincoln.mkz2017,135.01133770819789,132.0,177,0.0,11,100.0,87.25000130012631,100.0,663.8999383449554,none,19
1173,vehicle.lincoln.mkz2017,188.14687270246912,132.0,176,0.0,11,40.00920020642437,74.60000111162663,28.00644014449706,487.158771276474,red_light,15
1174,vehicle.lincoln.mkz2017,44.18144665181526,138.0,177,0.0,11,100.0,211.1000031456352,100.0,1496.6439089775083,none,16
1175,vehicle.lincoln.mkz2017,30.31612559092024,133.0,177,0.0,11,40.18516513001676,50.90000075846911,24.111099078010053,358.3893043994904,collisions_vehicle,2
1176,vehicle.lincoln.mkz2017,82.52403395916362,129.0,177,0.0,11,95.39362544691988,304.3500045351684,95.39362544691988,2262.5153312683105,none,16
1177,vehicle.lincoln.mkz2017,220.05331647310825,130.0,177,0.0,11,100.0,128.0500019080937,100.0,832.6759116649628,none,11
1178,vehicle.lincoln.mkz2017,84.29327349453786,132.0,177,0.0,11,100.0,39.050000581890345,100.0,278.4671564102173,none,6
1179,vehicle.lincoln.mkz2017,135.56536383854268,133.0,177,0.0,11,98.2588723142931,278.45000414922833,98.2588723142931,1959.631014585495,none,4
1180,vehicle.lincoln.mkz2017,227.06584469435467,135.0,176,0.0,11,86.68554085498455,185.2500027604401,60.67987859848918,1273.3700370788574,red_light,19
1181,vehicle.lincoln.mkz2017,92.66999869677429,133.0,177,0.0,11,98.91053334915917,261.4500038959086,98.91053334915917,1727.060242652893,none,1
1182,vehicle.lincoln.mkz2017,153.7799770326952,130.0,177,0.0,11,98.68669923362782,285.5500042550266,98.68669923362782,1876.0663893222809,none,3
1183,vehicle.lincoln.mkz2017,136.68384612986242,135.0,177,0.0,11,100.0,83.55000124499202,100.0,605.1346921920776,none,19
1184,vehicle.lincoln.mkz2017,56.77745733053168,131.0,177,0.0,11,96.28267389972451,219.05000326409936,96.28267389972451,1457.5388510227203,none,14
1185,vehicle.lincoln.mkz2017,140.29320998810496,133.0,177,0.0,11,100.0,337.5000050291419,100.0,2152.29004073143,none,18
1186,vehicle.lincoln.mkz2017,130.61080761316128,136.0,177,0.0,11,100.0,256.9000038281083,100.0,1862.7756514549253,none,2
1187,vehicle.lincoln.mkz2017,109.97205490190288,136.0,176,0.0,11,8.517526071708785,8.450000125914812,5.110515643025271,58.30537438392639,collisions_vehicle,3
1188,vehicle.lincoln.mkz2017,190.57421685215644,131.0,177,0.0,11,100.0,62.10000092536211,100.0,473.64221000671387,none,19
1189,vehicle.lincoln.mkz2017,161.24031255030107,135.0,177,0.0,11,100.0,154.05000229552388,100.0,1256.4175004959106,none,19
1190,vehicle.lincoln.mkz2017,212.0514713791468,135.0,176,0.0,11,98.54780324029366,497.8000074177981,98.54780324029366,3163.7504720687866,none,18
1191,vehicle.lincoln.mkz2017,50.13066670904022,131.0,177,0.0,11,100.0,14.500000216066836,100.0,95.06880140304564,none,17
1192,vehicle.lincoln.mkz2017,9.903743135627703,138.0,177,0.0,11,98.4442162677959,293.70000437647104,98.4442162677959,2159.716467857361,none,3
1193,vehicle.lincoln.mkz2017,147.88777250643483,135.0,177,0.0,11,100.0,115.15000171586873,100.0,890.4426302909851,none,0
1194,vehicle.lincoln.mkz2017,132.45084750914103,130.0,177,0.0,11,98.89076641371044,262.00000390410423,98.89076641371044,1779.5138485431671,none,10
1195,vehicle.lincoln.mkz2017,175.46213915057518,135.0,177,0.0,11,98.91651039616028,253.90000378340483,98.91651039616028,1655.2998847961426,none,14
1196,vehicle.lincoln.mkz2017,146.50222051911055,131.0,177,0.0,11,100.0,182.80000272393227,100.0,1298.8146822452543,none,15
1197,vehicle.lincoln.mkz2017,97.78918153678758,135.0,177,0.0,11,100.0,25.450000379234552,100.0,200.65102171897888,none,0
1198,vehicle.lincoln.mkz2017,84.7644301521923,139.0,177,0.0,11,100.0,218.70000325888395,100.0,1656.8106546401978,none,14
1199,vehicle.lincoln.mkz2017,138.25085451995548,138.0,177,0.0,11,98.54406625827583,373.80000557005405,98.54406625827583,2305.794046401977,none,0
1200,vehicle.bmw.isetta,83.59873826094632,0.0,120,0.0,10,100.0,154.10000229626894,100.0,986.9132511615752,none,0
1201,vehicle.bmw.isetta,326.46289454712144,0.0,120,1.49,10,100.0,146.25000217929482,98.50612343696228,884.0912516117096,none,0
1202,vehicle.bmw.isetta,310.51499937633105,0.0,120,0.0,10,25.262396584635965,332.5000049546361,25.262396584635965,2414.7432436943054,none,0
1203,vehicle.bmw.isetta,334.39002329383925,0.0,120,81.04,10,100.0,87.80000130832195,18.95792686766824,494.8639557361603,none,0
1204,vehicle.bmw.isetta,78.99352533935645,0.0,120,0.0,10,25.967598952768263,6.400000095367432,16.87893931929937,37.29489159584045,collisions_layout,0
1205,vehicle.bmw.isetta,316.4820829944565,0.0,120,0.0,10,100.0,72.70000108331442,100.0,428.5382618904114,none,0
1206,vehicle.bmw.isetta,83.59873826094632,0.0,120,0.0,10,100.0,85.65000127628446,100.0,540.3934063911438,none,0
1207,vehicle.bmw.isetta,326.46289454712144,0.0,120,2.37,10,100.0,143.85000214353204,97.62527947581678,864.3257319927216,none,0
1208,vehicle.bmw.isetta,310.51499937633105,0.0,120,0.0,10,24.726642186601605,313.0500046648085,24.726642186601605,2006.195277929306,none,0
1209,vehicle.bmw.isetta,334.39002329383925,0.0,120,80.38,10,100.0,537.5000080093741,19.624617001815142,3807.387691736221,none,0
1210,vehicle.bmw.isetta,78.99352533935645,0.0,120,0.0,10,25.967598952768263,6.45000009611249,16.87893931929937,37.87406325340271,collisions_layout,0
1211,vehicle.bmw.isetta,316.4820829944565,0.0,120,10.52,10,24.17389927142182,30.600000455975533,12.978065770960134,179.2086992263794,collisions_vehicle,0
1212,vehicle.bmw.isetta,61.94757622419835,0.0,120,0.0,10,100.0,76.70000114291906,100.0,485.3432469367981,none,0
1213,vehicle.bmw.isetta,55.71251834771494,0.0,120,34.26,10,66.44626111287344,206.8500030823052,43.67984739412835,1453.188071489334,none,0
1214,vehicle.bmw.isetta,55.41121556217197,0.0,120,0.0,10,100.0,64.75000096485019,100.0,373.8237519264221,none,0
1215,vehicle.bmw.isetta,61.58523811688995,0.0,120,0.0,10,100.0,46.30000068992376,100.0,332.9041676521301,none,0
1216,vehicle.bmw.isetta,60.85623744415566,0.0,120,0.0,10,100.0,31.80000047385693,100.0,183.74498462677,none,0
1217,vehicle.bmw.isetta,60.57136272504224,0.0,120,0.0,10,73.73381821602848,27.500000409781933,44.24029092961709,170.95512056350708,collisions_vehicle,0
1218,vehicle.bmw.isetta,61.68555879782448,0.0,120,0.0,10,100.0,47.40000070631504,100.0,287.4608554840088,none,0
1219,vehicle.bmw.isetta,55.41616043336074,0.0,120,0.0,10,65.30895732158827,21.60000032186508,42.45082225903238,150.11768317222595,collisions_layout,0
1220,vehicle.bmw.isetta,55.295861513545525,0.0,120,0.0,10,50.482688079142086,49.65000073984265,32.81374725144236,335.8264398574829,collisions_layout,0
1221,vehicle.bmw.isetta,61.00178018503786,0.0,120,0.0,10,100.0,35.950000535696745,100.0,211.9120523929596,none,0
1222,vehicle.bmw.isetta,60.83781726315381,0.0,120,0.0,10,37.51669361504631,55.25000082328916,26.26168553053241,353.49196553230286,red_light,0
1223,vehicle.bmw.isetta,60.92792055053716,0.0,120,0.0,10,72.80827341821295,27.250000406056643,43.68496405092777,155.90380430221558,collisions_vehicle,0
1224,vehicle.bmw.isetta,55.24653262480497,0.0,120,0.0,10,100.0,26.750000398606065,100.0,147.0910577774048,none,0
1225,vehicle.bmw.isetta,55.59823106089415,0.0,120,0.0,10,65.40668009744192,30.4000004529953,42.51434206333725,185.7487235069275,collisions_layout,0
1226,vehicle.bmw.isetta,60.90306747539447,0.0,120,0.0,10,100.0,47.000000700354576,100.0,327.7785997390747,none,0
1227,vehicle.bmw.isetta,60.69758307301105,0.0,120,0.0,10,100.0,45.450000677257776,100.0,274.8472857475281,none,0
1228,vehicle.bmw.isetta,55.94493792555948,0.0,120,0.0,10,100.0,27.200000405311584,100.0,152.9315402507782,none,0
1229,vehicle.bmw.isetta,61.09374739316211,0.0,120,0.0,10,100.0,31.9500004760921,100.0,240.78927373886108,none,0
1230,vehicle.bmw.isetta,60.92802203945554,0.0,120,0.0,10,100.0,46.8500006981194,100.0,263.21742820739746,none,0
1231,vehicle.bmw.isetta,60.41447692826555,0.0,120,0.0,10,100.0,34.650000516325235,100.0,204.6205942630768,none,0
1232,vehicle.bmw.isetta,61.067938290835365,0.0,120,0.0,10,100.0,70.25000104680657,100.0,542.2244720458984,none,0
1233,vehicle.bmw.isetta,61.26539929186665,0.0,120,0.0,10,100.0,31.600000470876694,100.0,184.6070001125336,none,0
1234,vehicle.bmw.isetta,54.91447760482357,0.0,120,0.0,10,100.0,31.45000046864152,100.0,197.7587432861328,none,0
1235,vehicle.bmw.isetta,55.9272196240984,0.0,120,0.0,10,100.0,28.250000420957804,100.0,161.33215808868408,none,0
1236,vehicle.bmw.isetta,55.25090884695793,0.0,120,0.0,10,51.3912069383934,12.4000001847744,33.40428450995572,81.52771067619324,collisions_layout,0
1237,vehicle.bmw.isetta,61.59830038671384,0.0,120,0.0,10,100.0,61.80000092089176,100.0,399.4808371067047,none,0
1238,vehicle.bmw.isetta,55.2693469423156,0.0,120,0.0,10,100.0,18.700000278651714,100.0,141.0394802093506,none,0
1239,vehicle.bmw.isetta,60.901017691577785,0.0,120,30.3,10,100.0,34.150000508874655,69.69524311128048,191.9521336555481,none,0
1240,vehicle.bmw.isetta,55.04141645760018,0.0,120,33.78,10,100.0,30.95000046119094,66.21949756597158,191.99785017967224,none,0
1241,vehicle.bmw.isetta,54.75607184336737,0.0,120,0.0,10,58.264888835398935,13.600000202655792,37.87217774300931,90.57407331466676,collisions_layout,0
1242,vehicle.bmw.isetta,61.25325971366519,0.0,120,0.0,10,100.0,45.40000067651272,100.0,290.9021351337433,none,0
1243,vehicle.bmw.isetta,60.91089740578979,0.0,120,0.0,10,43.91024759555531,20.1500003002584,28.541660937110954,110.3737862110138,collisions_layout,0
1244,vehicle.bmw.isetta,55.1791221263788,0.0,120,4.71,10,47.81749710511167,18.85000028088689,29.618254691105747,101.60554790496826,collisions_layout,0
1245,vehicle.bmw.isetta,56.02666298657788,0.0,120,0.0,10,100.0,52.15000077709556,100.0,311.7473967075348,none,0
1246,vehicle.bmw.isetta,61.75131111908178,0.0,120,0.0,10,100.0,42.25000062957406,100.0,266.73758006095886,none,0
1247,vehicle.bmw.isetta,55.61009969298386,0.0,120,21.25,10,66.57309735627156,13.000000193715096,34.07505919950376,88.31995987892151,collisions_layout,0
1248,vehicle.bmw.isetta,56.290417613840575,0.0,120,0.0,10,100.0,31.500000469386578,100.0,184.39245772361755,none,0
1249,vehicle.bmw.isetta,60.95337258060778,0.0,120,0.0,10,100.0,31.80000047385693,100.0,203.47979617118835,none,0
1250,vehicle.bmw.isetta,61.16392023319401,0.0,120,0.0,10,100.0,33.00000049173832,100.0,182.1969497203827,none,0
1251,vehicle.bmw.isetta,55.43311785764707,0.0,120,0.0,10,100.0,106.75000159069896,100.0,671.4134759902954,none,0
1252,vehicle.bmw.isetta,55.2446401601069,0.0,120,16.33,10,100.0,18.200000271201134,83.67327893984506,133.03173995018005,none,0
1253,vehicle.bmw.isetta,55.507802941520346,0.0,120,0.0,10,42.09029187291638,15.750000234693289,29.463204311041466,89.32650470733643,red_light,0
1254,vehicle.bmw.isetta,61.367142631099526,0.0,120,22.37,10,100.0,61.05000090971589,77.63464013571041,345.0141077041626,none,0
1255,vehicle.bmw.isetta,55.34447144880457,0.0,120,0.0,10,100.0,39.50000058859587,100.0,307.0146806240082,none,0
1256,vehicle.bmw.isetta,55.27290728705631,0.0,120,0.0,10,100.0,30.90000046044588,100.0,189.7707931995392,none,0
1257,vehicle.bmw.isetta,55.19927747263407,0.0,120,0.0,10,100.0,46.80000069737434,100.0,297.8695456981659,none,0
1258,vehicle.bmw.isetta,56.094386897300026,0.0,120,0.0,10,100.0,28.90000043064356,100.0,171.57385277748108,none,0
1259,vehicle.bmw.isetta,61.06920292504007,0.0,120,0.0,10,100.0,64.15000095590949,100.0,445.9814839363098,none,0
1260,vehicle.bmw.isetta,82.60001775936934,0.0,120,0.0,10,100.0,23.45000034943223,100.0,160.33185005187988,none,0
1261,vehicle.bmw.isetta,83.11998033178662,0.0,120,0.0,10,100.0,24.25000036135316,100.0,147.17435789108276,none,0
1262,vehicle.bmw.isetta,83.51000974305987,0.0,120,0.0,10,100.0,31.90000047534704,100.0,196.5954794883728,none,0
1263,vehicle.bmw.isetta,82.18000091524995,0.0,120,0.0,10,100.0,69.80000104010105,100.0,451.0109980106354,none,0
1264,vehicle.bmw.isetta,82.0000009476335,0.0,120,0.0,10,100.0,26.700000397861004,100.0,174.24946403503418,none,0
1265,vehicle.bmw.isetta,82.60999853125792,0.0,120,0.0,10,100.0,61.25000091269612,100.0,369.5611727237701,none,0
1266,vehicle.bmw.isetta,82.61000234595448,0.0,120,3.05,10,40.25174744754501,15.150000225752592,25.36469803923457,101.7284610271454,collisions_layout,0
1267,vehicle.bmw.isetta,81.97915120561767,0.0,120,0.0,10,100.0,40.10000059753656,100.0,231.951898097992,none,0
1268,vehicle.bmw.isetta,81.99999331823905,0.0,120,0.0,10,100.0,54.80000081658363,100.0,332.6591193675995,none,0
1269,vehicle.bmw.isetta,83.31085709977604,0.0,120,0.0,10,100.0,24.150000359863043,100.0,139.678635597229,none,0
1270,vehicle.bmw.isetta,83.089996226047,0.0,120,0.0,10,47.2956937356207,27.000000402331352,28.37741624137242,185.4399259090424,collisions_vehicle,0
1271,vehicle.bmw.isetta,81.99999331823905,0.0,120,0.0,10,100.0,32.00000047683716,100.0,205.5121805667877,none,0
1272,vehicle.bmw.isetta,83.30912522726364,0.0,120,0.0,10,100.0,30.70000045746565,100.0,196.24640130996704,none,0
1273,vehicle.bmw.isetta,83.089996226047,0.0,120,0.0,10,100.0,32.15000047907233,100.0,193.11563682556152,none,0
1274,vehicle.bmw.isetta,82.0000009476335,0.0,120,0.0,10,100.0,98.30000146478416,100.0,616.9428749084473,none,0
1275,vehicle.bmw.isetta,83.51000974305987,0.0,120,0.0,10,100.0,24.350000362843275,100.0,154.9573414325714,none,0
1276,vehicle.bmw.isetta,82.00000476233072,0.0,120,0.0,10,100.0,24.650000367313623,100.0,186.64363384246823,none,0
1277,vehicle.bmw.isetta,82.00997924804688,0.0,120,0.0,10,100.0,122.75000182911754,100.0,925.2924966812134,none,0
1278,vehicle.bmw.isetta,82.6000177588627,0.0,120,0.0,10,100.0,23.45000034943223,100.0,124.11647963523863,none,0
1279,vehicle.bmw.isetta,81.98086781925831,0.0,120,0.0,10,100.0,25.00000037252903,100.0,174.79849767684937,none,0
1280,vehicle.bmw.isetta,82.00997924804688,0.0,120,0.0,10,100.0,27.150000404566526,100.0,148.52149367332458,none,0
1281,vehicle.bmw.isetta,83.11998033178662,0.0,120,0.0,10,100.0,35.10000052303076,100.0,199.8164250850677,none,0
1282,vehicle.bmw.isetta,82.0000009476335,0.0,120,0.0,10,100.0,106.75000159069896,100.0,645.7653052806854,none,0
1283,vehicle.bmw.isetta,82.18000091524995,0.0,120,0.0,10,100.0,24.25000036135316,100.0,174.97669553756714,none,0
1284,vehicle.bmw.isetta,61.26539929186665,0.0,120,16.94,10,100.0,32.95000049099326,83.06260584664335,196.5288608074188,none,0
1285,vehicle.bmw.isetta,60.901017691577785,0.0,120,48.46,10,75.2800349463301,328.050004888326,38.79671042684709,2088.9874861240387,none,0
1286,vehicle.bmw.isetta,61.94757622419835,0.0,120,0.0,10,100.0,76.40000113844872,100.0,485.31824350357056,none,0
1287,vehicle.bmw.isetta,60.91089740578979,0.0,120,0.0,10,43.91024759555531,22.30000033229589,28.541660937110954,140.02042198181152,collisions_layout,0
1288,vehicle.bmw.isetta,60.92802203945554,0.0,120,0.0,10,100.0,26.90000040084124,100.0,161.9141218662262,none,0
1289,vehicle.bmw.isetta,61.75131111908178,0.0,120,0.0,10,100.0,23.650000352412462,100.0,163.18358397483826,none,0
1290,vehicle.bmw.isetta,61.06920292504007,0.0,120,0.0,10,100.0,64.2500009573996,100.0,371.88785433769226,none,0
1291,vehicle.bmw.isetta,61.58523811688995,0.0,120,0.0,10,100.0,23.95000035688281,100.0,163.70869398117063,none,0
1292,vehicle.bmw.isetta,61.59830038671384,0.0,120,0.0,10,100.0,61.55000091716647,100.0,412.21114206314087,none,0
1293,vehicle.bmw.isetta,61.16392023319401,0.0,120,0.0,10,100.0,29.10000043362379,100.0,173.30579829216003,none,0
1294,vehicle.bmw.isetta,60.69758307301105,0.0,120,0.0,10,100.0,23.500000350177288,100.0,161.51444792747498,none,0
1295,vehicle.bmw.isetta,60.83781726315381,0.0,120,0.0,10,100.0,25.850000385195017,100.0,195.19437289237976,none,0
1296,vehicle.bmw.isetta,60.41447692826555,0.0,120,0.0,10,100.0,32.5500004850328,100.0,201.19186639785767,none,0
1297,vehicle.bmw.isetta,61.09374739316211,0.0,120,0.0,10,39.814811999574914,23.000000342726707,25.879627799723696,181.3333096504212,collisions_layout,0
1298,vehicle.bmw.isetta,61.067938290835365,0.0,120,0.0,10,100.0,42.30000063031912,100.0,319.60713028907776,none,0
1299,vehicle.bmw.isetta,60.85623744415566,0.0,120,23.66,10,100.0,26.80000039935112,76.34480004056984,147.86404514312744,none,0
1300,vehicle.bmw.isetta,60.57136272504224,0.0,120,0.0,10,100.0,31.500000469386578,100.0,204.34080934524536,none,0
1301,vehicle.bmw.isetta,60.95337258060778,0.0,120,0.0,10,100.0,31.90000047534704,100.0,206.5675373077393,none,0
1302,vehicle.bmw.isetta,61.25325971366519,0.0,120,0.0,10,100.0,27.000000402331352,100.0,177.77397418022156,none,0
1303,vehicle.bmw.isetta,61.367142631099526,0.0,120,0.0,10,100.0,61.35000091418624,100.0,345.3328540325165,none,0
1304,vehicle.bmw.isetta,61.68555879782448,0.0,120,0.0,10,100.0,23.40000034868717,100.0,153.7160620689392,none,0
1305,vehicle.bmw.isetta,60.90306747539447,0.0,120,0.0,10,100.0,52.20000077784061,100.0,372.74659299850464,none,0
1306,vehicle.bmw.isetta,60.92792055053716,0.0,120,26.8,10,72.80827341821295,26.200000390410423,31.97590614219376,150.64559364318848,collisions_vehicle,0
1307,vehicle.bmw.isetta,61.00178018503786,0.0,120,0.0,10,100.0,30.600000455975533,100.0,178.5960431098938,none,0
1308,vehicle.bmw.isetta,55.19927747263407,0.0,120,0.0,10,100.0,46.8500006981194,100.0,305.4355173110962,none,0
1309,vehicle.bmw.isetta,55.27290728705631,0.0,120,0.0,10,54.85885798980303,18.450000274926424,35.65825769337197,99.73714923858644,collisions_layout,0
1310,vehicle.bmw.isetta,55.94493792555948,0.0,120,0.0,10,100.0,23.000000342726707,100.0,122.54390144348145,none,0
1311,vehicle.bmw.isetta,55.2693469423156,0.0,120,0.0,10,100.0,22.35000033304096,100.0,156.7856366634369,none,0
1312,vehicle.bmw.isetta,55.61009969298386,0.0,120,18.97,10,74.59555399076638,138.650002066046,39.2896560119254,967.5147967338562,collisions_layout,0
1313,vehicle.bmw.isetta,56.02666298657788,0.0,120,0.0,10,100.0,52.35000078007579,100.0,320.6279637813568,none,0
1314,vehicle.bmw.isetta,55.24653262480497,0.0,120,2.19,10,100.0,123.20000183582306,97.81098492863605,715.5675346851349,none,0
1315,vehicle.bmw.isetta,55.1791221263788,0.0,120,6.29,10,43.31561277978616,21.15000031515956,24.35335516503684,140.93255162239075,collisions_vehicle,0
1316,vehicle.bmw.isetta,54.91447760482357,0.0,120,0.0,10,100.0,31.20000046491623,100.0,192.8005518913269,none,0
1317,vehicle.bmw.isetta,55.43311785764707,0.0,120,0.0,10,100.0,61.45000091567636,100.0,381.8766927719116,none,0
1318,vehicle.bmw.isetta,55.25090884695793,0.0,120,0.0,10,100.0,61.85000092163682,100.0,458.7426187992096,none,0
1319,vehicle.bmw.isetta,55.04141645760018,0.0,120,35.69,10,100.0,55.90000083297491,64.30966444379312,361.4481525421143,none,0
1320,vehicle.bmw.isetta,55.34447144880457,0.0,120,0.0,10,100.0,36.500000543892384,100.0,254.21710729599,none,0
1321,vehicle.bmw.isetta,55.9272196240984,0.0,120,0.0,10,63.051670350357576,19.25000028684736,40.983585727732425,107.46303963661194,collisions_layout,0
1322,vehicle.bmw.isetta,56.094386897300026,0.0,120,0.0,10,100.0,116.90000174194574,100.0,725.0728690624237,none,0
1323,vehicle.bmw.isetta,54.75607184336737,0.0,120,0.0,10,58.264888835398935,20.1500003002584,37.87217774300931,135.84645438194275,collisions_layout,0
1324,vehicle.bmw.isetta,55.71251834771494,0.0,120,0.0,10,47.84394417721392,17.200000256299973,31.098563715189048,122.10733819007874,collisions_layout,0
1325,vehicle.bmw.isetta,55.507802941520346,0.0,120,0.0,10,100.0,23.90000035613776,100.0,143.93314909934998,none,0
1326,vehicle.bmw.isetta,55.2446401601069,0.0,120,11.46,10,100.0,22.750000339001417,88.53646641057284,160.11654329299927,none,0
1327,vehicle.bmw.isetta,55.41616043336074,0.0,120,0.0,10,100.0,68.25000101700425,100.0,476.7722260951996,none,0
1328,vehicle.bmw.isetta,55.295861513545525,0.0,120,0.0,10,58.973790408004014,21.250000316649675,38.33296376520261,153.0119411945343,collisions_layout,0
1329,vehicle.bmw.isetta,55.41121556217197,0.0,120,0.0,10,37.88495156015697,16.800000250339508,22.73097093609418,111.755784034729,collisions_vehicle,0
1330,vehicle.bmw.isetta,55.59823106089415,0.0,120,18.16,10,100.0,100.10000149160624,81.8399704773209,609.9955627918243,none,0
1331,vehicle.bmw.isetta,56.290417613840575,0.0,120,0.0,10,100.0,26.30000039190054,100.0,154.10082149505615,none,0
1332,vehicle.lincoln.mkz2017,83.59873826094632,0.0,120,0.0,10,100.0,83.25000124052167,100.0,584.5548083782196,none,0
1333,vehicle.lincoln.mkz2017,326.46289454712144,0.0,120,0.0,10,100.0,100.55000149831176,100.0,567.0098102092743,none,0
1334,vehicle.lincoln.mkz2017,310.51499937633105,0.0,120,0.0,10,100.0,71.70000106841326,100.0,424.6747615337372,none,0
1335,vehicle.lincoln.mkz2017,334.39002329383925,0.0,120,0.0,10,100.0,96.30000143498182,100.0,579.7043535709381,none,0
1336,vehicle.lincoln.mkz2017,78.99352533935645,0.0,120,0.0,10,100.0,49.80000074207783,100.0,347.2449605464936,none,0
1337,vehicle.lincoln.mkz2017,316.4820829944565,0.0,120,0.0,10,100.0,77.15000114962459,100.0,483.09313893318176,none,0
1338,vehicle.lincoln.mkz2017,83.59873826094632,0.0,120,0.0,10,100.0,84.95000126585364,100.0,567.3543894290924,none,0
1339,vehicle.lincoln.mkz2017,326.46289454712144,0.0,120,0.0,10,100.0,99.3000014796853,100.0,557.8083884716034,none,0
1340,vehicle.lincoln.mkz2017,310.51499937633105,0.0,120,0.0,10,100.0,68.65000102296472,100.0,406.2335340976715,none,0
1341,vehicle.lincoln.mkz2017,334.39002329383925,0.0,120,0.0,10,100.0,163.50000243633986,100.0,1012.456388950348,none,0
1342,vehicle.lincoln.mkz2017,78.99352533935645,0.0,120,0.0,10,100.0,50.70000075548887,100.0,361.6843931674957,none,0
1343,vehicle.lincoln.mkz2017,316.4820829944565,0.0,120,0.0,10,100.0,165.55000246688724,100.0,1003.4262948036194,none,0
1344,vehicle.lincoln.mkz2017,61.94757622419835,0.0,120,0.0,10,100.0,76.70000114291906,100.0,476.8090236186981,none,0
1345,vehicle.lincoln.mkz2017,55.71251834771494,0.0,120,0.0,10,100.0,21.300000317394733,100.0,144.4884479045868,none,0
1346,vehicle.lincoln.mkz2017,55.41121556217197,0.0,120,0.0,10,100.0,64.10000095516443,100.0,400.76300406456,none,0
1347,vehicle.lincoln.mkz2017,61.58523811688995,0.0,120,0.0,10,100.0,45.450000677257776,100.0,326.0098578929901,none,0
1348,vehicle.lincoln.mkz2017,60.85623744415566,0.0,120,0.0,10,100.0,34.25000051036477,100.0,220.2087132930756,none,0
1349,vehicle.lincoln.mkz2017,60.57136272504224,0.0,120,0.0,10,100.0,30.200000450015068,100.0,189.7628192901612,none,0
1350,vehicle.lincoln.mkz2017,61.68555879782448,0.0,120,0.0,10,100.0,45.95000068470836,100.0,272.0984938144684,none,0
1351,vehicle.lincoln.mkz2017,55.41616043336074,0.0,120,0.0,10,100.0,61.85000092163682,100.0,407.72210812568665,none,0
1352,vehicle.lincoln.mkz2017,55.295861513545525,0.0,120,0.0,10,100.0,55.90000083297491,100.0,383.6732518672943,none,0
1353,vehicle.lincoln.mkz2017,61.00178018503786,0.0,120,0.0,10,100.0,30.90000046044588,100.0,182.9725770950317,none,0
1354,vehicle.lincoln.mkz2017,60.83781726315381,0.0,120,0.0,10,100.0,51.05000076070428,100.0,359.23471331596375,none,0
1355,vehicle.lincoln.mkz2017,60.92792055053716,0.0,120,0.0,10,100.0,29.050000432878733,100.0,157.35736894607544,none,0
1356,vehicle.lincoln.mkz2017,55.24653262480497,0.0,120,0.0,10,100.0,25.900000385940075,100.0,137.1446189880371,none,0
1357,vehicle.lincoln.mkz2017,55.59823106089415,0.0,120,0.0,10,100.0,52.75000078603625,100.0,317.1816945075989,none,0
1358,vehicle.lincoln.mkz2017,60.90306747539447,0.0,120,0.0,10,100.0,47.250000704079866,100.0,348.37591648101807,none,0
1359,vehicle.lincoln.mkz2017,60.69758307301105,0.0,120,0.0,10,100.0,45.80000068247318,100.0,277.3122055530548,none,0
1360,vehicle.lincoln.mkz2017,55.94493792555948,0.0,120,0.0,10,100.0,26.200000390410423,100.0,143.00982809066772,none,0
1361,vehicle.lincoln.mkz2017,61.09374739316211,0.0,120,0.0,10,100.0,29.85000044479966,100.0,206.3401274681092,none,0
1362,vehicle.lincoln.mkz2017,60.92802203945554,0.0,120,0.0,10,100.0,45.9000006839633,100.0,257.2284231185913,none,0
1363,vehicle.lincoln.mkz2017,60.41447692826555,0.0,120,0.0,10,100.0,31.250000465661287,100.0,192.33390593528748,none,0
1364,vehicle.lincoln.mkz2017,61.067938290835365,0.0,120,0.0,10,100.0,45.55000067874789,100.0,321.79853916168213,none,0
1365,vehicle.lincoln.mkz2017,61.26539929186665,0.0,120,0.0,10,100.0,28.35000042244792,100.0,162.78061819076538,none,0
1366,vehicle.lincoln.mkz2017,54.91447760482357,0.0,120,0.0,10,100.0,41.20000061392784,100.0,293.6183562278748,none,0
1367,vehicle.lincoln.mkz2017,55.9272196240984,0.0,120,0.0,10,100.0,30.25000045076013,100.0,187.84740662574768,none,0
1368,vehicle.lincoln.mkz2017,55.25090884695793,0.0,120,0.0,10,100.0,61.00000090897083,100.0,418.67930722236633,none,0
1369,vehicle.lincoln.mkz2017,61.59830038671384,0.0,120,0.0,10,100.0,61.80000092089176,100.0,397.9698605537415,none,0
1370,vehicle.lincoln.mkz2017,55.2693469423156,0.0,120,0.0,10,100.0,18.100000269711018,100.0,120.80232572555542,none,0
1371,vehicle.lincoln.mkz2017,60.901017691577785,0.0,120,0.0,10,100.0,29.55000044032932,100.0,161.92762327194214,none,0
1372,vehicle.lincoln.mkz2017,55.04141645760018,0.0,120,0.0,10,100.0,47.85000071302056,100.0,279.596979379654,none,0
1373,vehicle.lincoln.mkz2017,54.75607184336737,0.0,120,0.0,10,100.0,19.80000029504299,100.0,124.52455472946168,none,0
1374,vehicle.lincoln.mkz2017,61.25325971366519,0.0,120,0.0,10,100.0,42.100000627338886,100.0,280.0397238731384,none,0
1375,vehicle.lincoln.mkz2017,60.91089740578979,0.0,120,0.0,10,100.0,34.35000051185489,100.0,191.2486906051636,none,0
1376,vehicle.lincoln.mkz2017,55.1791221263788,0.0,120,0.0,10,100.0,25.50000037997961,100.0,139.75505828857422,none,0
1377,vehicle.lincoln.mkz2017,56.02666298657788,0.0,120,0.0,10,100.0,47.70000071078539,100.0,310.3329041004181,none,0
1378,vehicle.lincoln.mkz2017,61.75131111908178,0.0,120,0.0,10,100.0,41.70000062137842,100.0,280.0868515968323,none,0
1379,vehicle.lincoln.mkz2017,55.61009969298386,0.0,120,0.0,10,100.0,15.900000236928465,100.0,97.78637170791626,none,0
1380,vehicle.lincoln.mkz2017,56.290417613840575,0.0,120,0.0,10,100.0,26.80000039935112,100.0,160.54026412963867,none,0
1381,vehicle.lincoln.mkz2017,60.95337258060778,0.0,120,0.0,10,100.0,30.550000455230474,100.0,178.1505675315857,none,0
1382,vehicle.lincoln.mkz2017,61.16392023319401,0.0,120,0.0,10,100.0,28.45000042393804,100.0,170.18604445457458,none,0
1383,vehicle.lincoln.mkz2017,55.43311785764707,0.0,120,0.0,10,100.0,23.35000034794212,100.0,152.510910987854,none,0
1384,vehicle.lincoln.mkz2017,55.2446401601069,0.0,120,0.0,10,100.0,15.300000227987766,100.0,109.05196714401244,none,0
1385,vehicle.lincoln.mkz2017,55.507802941520346,0.0,120,0.0,10,100.0,18.0000002682209,100.0,109.36890053749084,none,0
1386,vehicle.lincoln.mkz2017,61.367142631099526,0.0,120,0.0,10,100.0,61.25000091269612,100.0,343.24113750457764,none,0
1387,vehicle.lincoln.mkz2017,55.34447144880457,0.0,120,0.0,10,100.0,37.2000005543232,100.0,259.89716243743896,none,0
1388,vehicle.lincoln.mkz2017,55.27290728705631,0.0,120,0.0,10,100.0,27.150000404566526,100.0,152.15416288375854,none,0
1389,vehicle.lincoln.mkz2017,55.19927747263407,0.0,120,0.0,10,100.0,46.500000692904,100.0,311.9026291370392,none,0
1390,vehicle.lincoln.mkz2017,56.094386897300026,0.0,120,0.0,10,100.0,27.05000040307641,100.0,150.88212323188782,none,0
1391,vehicle.lincoln.mkz2017,61.06920292504007,0.0,120,0.0,10,100.0,61.55000091716647,100.0,377.9760203361511,none,0
1392,vehicle.lincoln.mkz2017,82.60001775936934,0.0,120,0.0,10,100.0,22.6500003375113,100.0,162.43352365493774,none,0
1393,vehicle.lincoln.mkz2017,83.11998033178662,0.0,120,0.0,10,100.0,22.70000033825636,100.0,147.33148980140686,none,0
1394,vehicle.lincoln.mkz2017,83.51000974305987,0.0,120,0.0,10,42.48743403211167,48.00000071525574,25.492460419267,298.1760883331299,collisions_vehicle,0
1395,vehicle.lincoln.mkz2017,82.18000091524995,0.0,120,0.0,10,100.0,70.50000105053186,100.0,478.418417930603,none,0
1396,vehicle.lincoln.mkz2017,82.0000009476335,0.0,120,0.0,10,100.0,24.650000367313623,100.0,144.74325013160706,none,0
1397,vehicle.lincoln.mkz2017,82.60999853125792,0.0,120,0.0,10,100.0,25.150000374764204,100.0,148.5172562599182,none,0
1398,vehicle.lincoln.mkz2017,82.61000234595448,0.0,120,0.0,10,100.0,49.850000742822886,100.0,352.62308263778687,none,0
1399,vehicle.lincoln.mkz2017,81.97915120561767,0.0,120,0.0,10,100.0,36.35000054165721,100.0,205.9081745147705,none,0
1400,vehicle.lincoln.mkz2017,81.99999331823905,0.0,120,0.0,10,100.0,53.85000080242753,100.0,321.7356867790222,none,0
1401,vehicle.lincoln.mkz2017,83.31085709977604,0.0,120,0.0,10,100.0,23.40000034868717,100.0,131.03118991851807,none,0
1402,vehicle.lincoln.mkz2017,83.089996226047,0.0,120,0.0,10,100.0,47.95000071451068,100.0,279.1624116897583,none,0
1403,vehicle.lincoln.mkz2017,81.99999331823905,0.0,120,0.0,10,100.0,32.050000477582216,100.0,197.7830855846405,none,0
1404,vehicle.lincoln.mkz2017,83.30912522726364,0.0,120,0.0,10,100.0,29.50000043958425,100.0,195.3840129375457,none,0
1405,vehicle.lincoln.mkz2017,83.089996226047,0.0,120,0.0,10,100.0,32.50000048428774,100.0,198.51056432724,none,0
1406,vehicle.lincoln.mkz2017,82.0000009476335,0.0,120,0.0,10,100.0,100.5000014975667,100.0,676.8026883602142,none,0
1407,vehicle.lincoln.mkz2017,83.51000974305987,0.0,120,0.0,10,100.0,32.5500004850328,100.0,216.2705717086792,none,0
1408,vehicle.lincoln.mkz2017,82.00000476233072,0.0,120,0.0,10,100.0,22.800000339746475,100.0,173.4198968410492,none,0
1409,vehicle.lincoln.mkz2017,82.00997924804688,0.0,120,0.0,10,100.0,23.35000034794212,100.0,159.90702891349792,none,0
1410,vehicle.lincoln.mkz2017,82.6000177588627,0.0,120,0.0,10,100.0,22.40000033378601,100.0,118.36661553382874,none,0
1411,vehicle.lincoln.mkz2017,81.98086781925831,0.0,120,0.0,10,100.0,25.050000373274088,100.0,164.31620121002197,none,0
1412,vehicle.lincoln.mkz2017,82.00997924804688,0.0,120,0.0,10,100.0,26.80000039935112,100.0,147.90039229393005,none,0
1413,vehicle.lincoln.mkz2017,83.11998033178662,0.0,120,0.0,10,100.0,76.75000114366412,100.0,460.2002511024475,none,0
1414,vehicle.lincoln.mkz2017,82.0000009476335,0.0,120,0.0,10,100.0,61.90000092238188,100.0,346.3061444759369,none,0
1415,vehicle.lincoln.mkz2017,82.18000091524995,0.0,120,0.0,10,100.0,22.40000033378601,100.0,165.7618372440338,none,0
1416,vehicle.lincoln.mkz2017,61.26539929186665,0.0,120,0.0,10,100.0,32.70000048726797,100.0,200.97195315361023,none,0
1417,vehicle.lincoln.mkz2017,60.901017691577785,0.0,120,0.0,10,100.0,27.400000408291817,100.0,160.89081692695618,none,0
1418,vehicle.lincoln.mkz2017,61.94757622419835,0.0,120,0.0,10,100.0,76.60000114142895,100.0,522.8569326400757,none,0
1419,vehicle.lincoln.mkz2017,60.91089740578979,0.0,120,0.0,10,100.0,38.95000058040023,100.0,239.51561522483823,none,0
1420,vehicle.lincoln.mkz2017,60.92802203945554,0.0,120,0.0,10,100.0,26.600000396370888,100.0,164.58662676811218,none,0
1421,vehicle.lincoln.mkz2017,61.75131111908178,0.0,120,0.0,10,100.0,23.000000342726707,100.0,150.5285358428955,none,0
1422,vehicle.lincoln.mkz2017,61.06920292504007,0.0,120,0.0,10,100.0,63.500000946223736,100.0,402.6254298686981,none,0
1423,vehicle.lincoln.mkz2017,61.58523811688995,0.0,120,0.0,10,100.0,23.05000034347177,100.0,149.93386483192444,none,0
1424,vehicle.lincoln.mkz2017,61.59830038671384,0.0,120,0.0,10,100.0,61.85000092163682,100.0,443.54238772392273,none,0
1425,vehicle.lincoln.mkz2017,61.16392023319401,0.0,120,0.0,10,100.0,26.30000039190054,100.0,144.96084022521973,none,0
1426,vehicle.lincoln.mkz2017,60.69758307301105,0.0,120,0.0,10,100.0,22.750000339001417,100.0,149.70203471183777,none,0
1427,vehicle.lincoln.mkz2017,60.83781726315381,0.0,120,0.0,10,100.0,26.650000397115942,100.0,180.54082560539248,none,0
1428,vehicle.lincoln.mkz2017,60.41447692826555,0.0,120,0.0,10,100.0,37.15000055357814,100.0,240.1721813678741,none,0
1429,vehicle.lincoln.mkz2017,61.09374739316211,0.0,120,0.0,10,100.0,29.4500004388392,100.0,208.56459856033325,none,0
1430,vehicle.lincoln.mkz2017,61.067938290835365,0.0,120,0.0,10,100.0,37.70000056177378,100.0,277.2744896411896,none,0
1431,vehicle.lincoln.mkz2017,60.85623744415566,0.0,120,0.0,10,100.0,26.45000039413572,100.0,161.45252561569214,none,0
1432,vehicle.lincoln.mkz2017,60.57136272504224,0.0,120,0.0,10,100.0,31.250000465661287,100.0,196.4221971035004,none,0
1433,vehicle.lincoln.mkz2017,60.95337258060778,0.0,120,0.0,10,100.0,31.250000465661287,100.0,194.20673274993896,none,0
1434,vehicle.lincoln.mkz2017,61.25325971366519,0.0,120,0.0,10,100.0,29.15000043436885,100.0,190.2021646499633,none,0
1435,vehicle.lincoln.mkz2017,61.367142631099526,0.0,120,0.0,10,100.0,61.200000911951065,100.0,348.3493726253509,none,0
1436,vehicle.lincoln.mkz2017,61.68555879782448,0.0,120,0.0,10,100.0,22.30000033229589,100.0,134.1057550907135,none,0
1437,vehicle.lincoln.mkz2017,60.90306747539447,0.0,120,0.0,10,100.0,49.100000731647015,100.0,330.33506512641907,none,0
1438,vehicle.lincoln.mkz2017,60.92792055053716,0.0,120,0.0,10,100.0,30.550000455230474,100.0,166.80841875076294,none,0
1439,vehicle.lincoln.mkz2017,61.00178018503786,0.0,120,0.0,10,100.0,30.05000044777989,100.0,161.72399830818176,none,0
1440,vehicle.lincoln.mkz2017,55.19927747263407,0.0,120,0.0,10,100.0,46.70000069588423,100.0,304.9552404880524,none,0
1441,vehicle.lincoln.mkz2017,55.27290728705631,0.0,120,0.0,10,100.0,21.80000032484532,100.0,128.6895408630371,none,0
1442,vehicle.lincoln.mkz2017,55.94493792555948,0.0,120,0.0,10,100.0,21.200000315904617,100.0,114.16894459724426,none,0
1443,vehicle.lincoln.mkz2017,55.2693469423156,0.0,120,0.0,10,100.0,22.15000033006072,100.0,155.48425722122192,none,0
1444,vehicle.lincoln.mkz2017,55.61009969298386,0.0,120,0.0,10,100.0,24.50000036507845,100.0,160.09815287590027,none,0
1445,vehicle.lincoln.mkz2017,56.02666298657788,0.0,120,0.0,10,100.0,48.600000724196434,100.0,284.2253143787384,none,0
1446,vehicle.lincoln.mkz2017,55.24653262480497,0.0,120,0.0,10,100.0,21.000000312924385,100.0,116.03120613098145,none,0
1447,vehicle.lincoln.mkz2017,55.1791221263788,0.0,120,0.0,10,100.0,24.550000365823507,100.0,133.99813747406006,none,0
1448,vehicle.lincoln.mkz2017,54.91447760482357,0.0,120,0.0,10,100.0,41.75000062212348,100.0,296.0479896068573,none,0
1449,vehicle.lincoln.mkz2017,55.43311785764707,0.0,120,0.0,10,100.0,61.50000091642141,100.0,362.013240814209,none,0
1450,vehicle.lincoln.mkz2017,55.25090884695793,0.0,120,0.0,10,100.0,61.85000092163682,100.0,450.20653796195984,none,0
1451,vehicle.lincoln.mkz2017,55.04141645760018,0.0,120,0.0,10,100.0,53.40000079572201,100.0,323.7903537750244,none,0
1452,vehicle.lincoln.mkz2017,55.34447144880457,0.0,120,0.0,10,100.0,36.95000055059791,100.0,263.84014678001404,none,0
1453,vehicle.lincoln.mkz2017,55.9272196240984,0.0,120,0.0,10,100.0,21.90000032633543,100.0,131.37916541099548,none,0
1454,vehicle.lincoln.mkz2017,56.094386897300026,0.0,120,0.0,10,100.0,22.30000033229589,100.0,130.2022635936737,none,0
1455,vehicle.lincoln.mkz2017,54.75607184336737,0.0,120,0.0,10,100.0,26.55000039562583,100.0,190.859426021576,none,0
1456,vehicle.lincoln.mkz2017,55.71251834771494,0.0,120,0.0,10,100.0,26.45000039413572,100.0,193.41400623321533,none,0
1457,vehicle.lincoln.mkz2017,55.507802941520346,0.0,120,0.0,10,100.0,22.15000033006072,100.0,144.29800701141355,none,0
1458,vehicle.lincoln.mkz2017,55.2446401601069,0.0,120,0.0,10,100.0,21.300000317394733,100.0,149.3427872657776,none,0
1459,vehicle.lincoln.mkz2017,55.41616043336074,0.0,120,0.0,10,100.0,67.85000101104379,100.0,489.0133028030396,none,0
1460,vehicle.lincoln.mkz2017,55.295861513545525,0.0,120,0.0,10,100.0,25.7500003837049,100.0,182.3587551116944,none,0
1461,vehicle.lincoln.mkz2017,55.41121556217197,0.0,120,0.0,10,100.0,61.65000091865659,100.0,356.27011227607727,none,0
1462,vehicle.lincoln.mkz2017,55.59823106089415,0.0,120,0.0,10,100.0,53.75000080093741,100.0,318.233895778656,none,0
1463,vehicle.lincoln.mkz2017,56.290417613840575,0.0,120,0.0,10,100.0,23.05000034347177,100.0,136.72024297714233,none,0
1464,vehicle.bmw.isetta,83.59873826094632,0.0,120,21.32,11,35.087647595162295,398.0500059314072,27.60767012823391,3921.6130533218384,none,0
1465,vehicle.bmw.isetta,326.46289454712144,0.0,120,0.54,11,100.0,94.50000140815972,99.45567520591877,735.7840657234192,none,0
1466,vehicle.bmw.isetta,310.51499937633105,0.0,120,2.42,11,100.0,83.05000123754144,97.57995154479356,665.5661513805389,none,0
1467,vehicle.bmw.isetta,334.39002329383925,0.0,120,0.0,11,100.0,126.45000188425183,100.0,1059.0215849876404,none,0
1468,vehicle.bmw.isetta,78.99352533935645,0.0,120,0.0,11,25.967598952768263,6.350000094622374,16.87893931929937,53.330851554870605,collisions_layout,0
1469,vehicle.bmw.isetta,316.4820829944565,0.0,120,0.66,11,100.0,122.300001822412,99.34018683150973,1080.8592627048492,none,0
1470,vehicle.bmw.isetta,83.59873826094632,0.0,120,9.04,11,27.57935235060896,20.1500003002584,15.051621986594895,181.1442494392395,collisions_vehicle,0
1471,vehicle.bmw.isetta,326.46289454712144,0.0,120,1.8,11,100.0,142.85000212863088,98.1997665509964,1173.468867778778,none,0
1472,vehicle.bmw.isetta,310.51499937633105,0.0,120,0.0,11,23.65513339053288,285.6500042565167,23.65513339053288,2850.6124534606934,none,0
1473,vehicle.bmw.isetta,334.39002329383925,0.0,120,0.0,11,0.2921989724743331,3.000000044703484,0.1753193834845998,25.35353136062622,collisions_vehicle,0
1474,vehicle.bmw.isetta,78.99352533935645,0.0,120,0.0,11,25.967598952768263,6.400000095367432,16.87893931929937,51.99075436592102,collisions_layout,0
1475,vehicle.bmw.isetta,316.4820829944565,0.0,120,0.0,11,100.0,72.95000108703971,100.0,616.7181510925293,none,0
1476,vehicle.bmw.isetta,61.94757622419835,0.0,120,0.0,11,100.0,76.45000113919377,100.0,685.2144930362701,none,0
1477,vehicle.bmw.isetta,55.71251834771494,0.0,120,0.0,11,47.84394417721392,9.80000014603138,31.098563715189048,99.18145298957825,collisions_layout,0
1478,vehicle.bmw.isetta,55.41121556217197,0.0,120,0.0,11,100.0,66.15000098571181,100.0,534.1380026340485,none,0
1479,vehicle.bmw.isetta,61.58523811688995,0.0,120,0.0,11,100.0,42.25000062957406,100.0,341.4524805545807,none,0
1480,vehicle.bmw.isetta,60.85623744415566,0.0,120,25.76,11,100.0,32.50000048428774,74.24017564755086,277.5491805076599,none,0
1481,vehicle.bmw.isetta,60.57136272504224,0.0,120,0.0,11,100.0,34.70000051707029,100.0,298.9884934425354,none,0
1482,vehicle.bmw.isetta,61.68555879782448,0.0,120,0.0,11,100.0,44.450000662356615,100.0,338.003363609314,none,0
1483,vehicle.bmw.isetta,55.41616043336074,0.0,120,0.0,11,100.0,61.85000092163682,100.0,545.9670932292938,none,0
1484,vehicle.bmw.isetta,55.295861513545525,0.0,120,0.0,11,50.482688079142086,10.80000016093254,32.81374725144236,91.66126918792725,collisions_layout,0
1485,vehicle.bmw.isetta,61.00178018503786,0.0,120,0.0,11,39.43555990447367,24.75000036880374,25.633113937907886,189.62588763237,collisions_layout,0
1486,vehicle.bmw.isetta,60.83781726315381,0.0,120,0.0,11,100.0,45.500000678002834,100.0,404.0580434799194,none,0
1487,vehicle.bmw.isetta,60.92792055053716,0.0,120,12.59,11,100.0,35.85000053420663,87.40956329730228,278.04995560646057,none,0
1488,vehicle.bmw.isetta,55.24653262480497,0.0,120,0.0,11,100.0,26.650000397115942,100.0,202.21141481399536,none,0
1489,vehicle.bmw.isetta,55.59823106089415,0.0,120,11.97,11,100.0,96.2000014334917,88.02538575068925,833.2833046913147,none,0
1490,vehicle.bmw.isetta,60.90306747539447,0.0,120,0.0,11,100.0,46.90000069886446,100.0,432.8868272304535,none,0
1491,vehicle.bmw.isetta,60.69758307301105,0.0,120,0.0,11,100.0,45.55000067874789,100.0,382.8312978744507,none,0
1492,vehicle.bmw.isetta,55.94493792555948,0.0,120,0.0,11,100.0,27.150000404566526,100.0,206.71642637252808,none,0
1493,vehicle.bmw.isetta,61.09374739316211,0.0,120,0.0,11,37.34934677646728,27.700000412762165,26.144542743527094,236.62579131126404,red_light,0
1494,vehicle.bmw.isetta,60.92802203945554,0.0,120,0.0,11,100.0,46.40000069141388,100.0,351.2751567363739,none,0
1495,vehicle.bmw.isetta,60.41447692826555,0.0,120,2.67,11,100.0,32.100000478327274,97.32745022240978,249.62821125984192,none,0
1496,vehicle.bmw.isetta,61.067938290835365,0.0,120,0.0,11,100.0,44.80000066757202,100.0,409.7225308418274,none,0
1497,vehicle.bmw.isetta,61.26539929186665,0.0,120,0.0,11,100.0,29.65000044181943,100.0,227.4062533378601,none,0
1498,vehicle.bmw.isetta,54.91447760482357,0.0,120,0.0,11,100.0,34.650000516325235,100.0,293.60411763191223,none,0
1499,vehicle.bmw.isetta,55.9272196240984,0.0,120,0.0,11,63.051670350357576,21.950000327080488,40.983585727732425,167.72407341003418,collisions_layout,0
1500,vehicle.bmw.isetta,55.25090884695793,0.0,120,0.0,11,44.3017374640979,100.80000150203703,28.79612935166364,915.7034940719604,collisions_layout,0
1501,vehicle.bmw.isetta,61.59830038671384,0.0,120,0.0,11,100.0,61.700000919401646,100.0,482.2516918182373,none,0
1502,vehicle.bmw.isetta,55.2693469423156,0.0,120,0.0,11,100.0,17.30000025779009,100.0,149.73117351531982,none,0
1503,vehicle.bmw.isetta,60.901017691577785,0.0,120,29.07,11,100.0,32.9000004902482,70.93124136396396,283.80295729637146,none,0
1504,vehicle.bmw.isetta,55.04141645760018,0.0,120,21.97,11,100.0,50.70000075548887,78.03030047822526,405.7232177257538,none,0
1505,vehicle.bmw.isetta,54.75607184336737,0.0,120,0.0,11,58.264888835398935,14.750000219792128,37.87217774300931,131.7460436820984,collisions_layout,0
1506,vehicle.bmw.isetta,61.25325971366519,0.0,120,0.0,11,100.0,43.950000654906034,100.0,362.1423232555389,none,0
1507,vehicle.bmw.isetta,60.91089740578979,0.0,120,0.0,11,43.91024759555531,20.40000030398369,28.541660937110954,147.8456780910492,collisions_layout,0
1508,vehicle.bmw.isetta,55.1791221263788,0.0,120,7.06,11,47.81749710511167,18.50000027567148,28.886698699520565,138.79413676261902,collisions_layout,0
1509,vehicle.bmw.isetta,56.02666298657788,0.0,120,0.0,11,100.0,50.60000075399876,100.0,445.5620422363281,none,0
1510,vehicle.bmw.isetta,61.75131111908178,0.0,120,0.0,11,100.0,42.15000062808394,100.0,382.4308142662048,none,0
1511,vehicle.bmw.isetta,55.61009969298386,0.0,120,19.64,11,65.23602125052241,11.450000170618296,34.07505919950376,95.9391417503357,collisions_layout,0
1512,vehicle.bmw.isetta,56.290417613840575,0.0,120,0.0,11,100.0,27.05000040307641,100.0,201.3799180984497,none,0
1513,vehicle.bmw.isetta,60.95337258060778,0.0,120,0.0,11,100.0,36.15000053867698,100.0,307.5283582210541,none,0
1514,vehicle.bmw.isetta,61.16392023319401,0.0,120,0.0,11,100.0,33.25000049546361,100.0,268.333370923996,none,0
1515,vehicle.bmw.isetta,55.43311785764707,0.0,120,0.0,11,100.0,21.85000032559037,100.0,191.2544748783112,none,0
1516,vehicle.bmw.isetta,55.2446401601069,0.0,120,0.0,11,49.12063041999874,9.25000013783574,31.92840977299918,85.49769973754883,collisions_layout,0
1517,vehicle.bmw.isetta,55.507802941520346,0.0,120,0.0,11,42.09029187291638,28.300000421702865,29.463204311041466,222.7047781944275,red_light,0
1518,vehicle.bmw.isetta,61.367142631099526,0.0,120,19.59,11,100.0,61.05000090971589,80.40680034008054,439.33467054367065,none,0
1519,vehicle.bmw.isetta,55.34447144880457,0.0,120,33.05,11,100.0,36.80000054836273,66.94607976719735,349.01840233802795,none,0
1520,vehicle.bmw.isetta,55.27290728705631,0.0,120,0.0,11,54.85885798980303,22.95000034198165,35.65825769337197,194.24753284454343,collisions_layout,0
1521,vehicle.bmw.isetta,55.19927747263407,0.0,120,0.0,11,100.0,46.30000068992376,100.0,374.2746858596802,none,0
1522,vehicle.bmw.isetta,56.094386897300026,0.0,120,0.0,11,100.0,31.650000471621752,100.0,261.568398475647,none,0
1523,vehicle.bmw.isetta,61.06920292504007,0.0,120,0.0,11,100.0,64.20000095665455,100.0,542.3615899085999,none,0
1524,vehicle.bmw.isetta,82.60001775936934,0.0,120,0.0,11,100.0,23.500000350177288,100.0,231.69747257232663,none,0
1525,vehicle.bmw.isetta,83.11998033178662,0.0,120,3.0,11,40.46643500922643,15.600000232458116,25.51538053424414,143.439204454422,collisions_layout,0
1526,vehicle.bmw.isetta,83.51000974305987,0.0,120,15.52,11,54.59279554481441,141.25000210478902,29.97737761584961,1095.5653438568115,collisions_layout,0
1527,vehicle.bmw.isetta,82.18000091524995,0.0,120,0.0,11,100.0,64.65000096336007,100.0,560.710259437561,none,0
1528,vehicle.bmw.isetta,82.0000009476335,0.0,120,0.0,11,100.0,26.150000389665365,100.0,197.6449694633484,none,0
1529,vehicle.bmw.isetta,82.60999853125792,0.0,120,0.0,11,100.0,24.350000362843275,100.0,188.73484182357788,none,0
1530,vehicle.bmw.isetta,82.61000234595448,0.0,120,0.0,11,100.0,211.850003156811,100.0,2008.502643108368,none,0
1531,vehicle.bmw.isetta,81.97915120561767,0.0,120,0.0,11,100.0,38.30000057071448,100.0,307.4191436767578,none,0
1532,vehicle.bmw.isetta,81.99999331823905,0.0,120,0.0,11,100.0,142.0000021159649,100.0,1136.8066370487213,none,0
1533,vehicle.bmw.isetta,83.31085709977604,0.0,120,0.0,11,100.0,24.300000362098217,100.0,191.01074409484863,none,0
1534,vehicle.bmw.isetta,83.089996226047,0.0,120,0.0,11,100.0,138.4000020623207,100.0,1169.4919962882996,none,0
1535,vehicle.bmw.isetta,81.99999331823905,0.0,120,0.0,11,100.0,35.35000052675605,100.0,317.7350764274597,none,0
1536,vehicle.bmw.isetta,83.30912522726364,0.0,120,0.0,11,100.0,47.75000071153045,100.0,465.7559525966644,none,0
1537,vehicle.bmw.isetta,83.089996226047,0.0,120,0.0,11,100.0,27.80000041425228,100.0,224.67794799804688,none,0
1538,vehicle.bmw.isetta,82.0000009476335,0.0,120,0.0,11,100.0,228.95000341162088,100.0,2171.1268832683563,none,0
1539,vehicle.bmw.isetta,83.51000974305987,0.0,120,0.0,11,100.0,23.15000034496188,100.0,196.3107888698578,none,0
1540,vehicle.bmw.isetta,82.00000476233072,0.0,120,0.0,11,100.0,23.300000347197056,100.0,220.64990973472595,none,0
1541,vehicle.bmw.isetta,82.00997924804688,0.0,120,0.0,11,100.0,30.35000045225024,100.0,286.31606912612915,none,0
1542,vehicle.bmw.isetta,82.6000177588627,0.0,120,0.0,11,58.65531995462615,18.85000028088689,35.193191972775686,149.2337884902954,collisions_vehicle,0
1543,vehicle.bmw.isetta,81.98086781925831,0.0,120,0.0,11,55.4300143550733,17.450000260025263,33.258008613043984,147.0159568786621,collisions_vehicle,0
1544,vehicle.bmw.isetta,82.00997924804688,0.0,120,0.0,11,100.0,26.650000397115942,100.0,209.69217014312744,none,0
1545,vehicle.bmw.isetta,83.11998033178662,0.0,120,0.0,11,100.0,34.25000051036477,100.0,248.59489965438843,none,0
1546,vehicle.bmw.isetta,82.0000009476335,0.0,120,0.0,11,100.0,61.700000919401646,100.0,454.7731101512909,none,0
1547,vehicle.bmw.isetta,82.18000091524995,0.0,120,0.0,11,100.0,22.600000336766243,100.0,207.6291415691376,none,0
1548,vehicle.bmw.isetta,61.26539929186665,0.0,120,0.0,11,100.0,26.700000397861004,100.0,208.6338376998901,none,0
1549,vehicle.bmw.isetta,60.901017691577785,0.0,120,39.02,11,100.0,325.7000048533082,60.9834098715041,2560.955389976501,none,0
1550,vehicle.bmw.isetta,61.94757622419835,0.0,120,0.0,11,100.0,78.95000117644668,100.0,657.4356389045715,none,0
1551,vehicle.bmw.isetta,60.91089740578979,0.0,120,0.0,11,40.96158620869776,142.25000211969018,26.625031035653542,1024.1332051753998,collisions_layout,0
1552,vehicle.bmw.isetta,60.92802203945554,0.0,120,0.0,11,100.0,25.850000385195017,100.0,224.6739826202393,none,0
1553,vehicle.bmw.isetta,61.75131111908178,0.0,120,0.0,11,100.0,23.550000350922343,100.0,191.6309893131256,none,0
1554,vehicle.bmw.isetta,61.06920292504007,0.0,120,0.0,11,100.0,64.20000095665455,100.0,476.4987151622772,none,0
1555,vehicle.bmw.isetta,61.58523811688995,0.0,120,0.0,11,100.0,23.20000034570694,100.0,198.8807065486908,none,0
1556,vehicle.bmw.isetta,61.59830038671384,0.0,120,0.0,11,100.0,61.750000920146704,100.0,606.0182712078094,none,0
1557,vehicle.bmw.isetta,61.16392023319401,0.0,120,0.0,11,100.0,27.200000405311584,100.0,218.22661972045896,none,0
1558,vehicle.bmw.isetta,60.69758307301105,0.0,120,0.0,11,100.0,31.15000046417117,100.0,238.1268100738525,none,0
1559,vehicle.bmw.isetta,60.83781726315381,0.0,120,0.0,11,100.0,24.00000035762787,100.0,229.62207961082456,none,0
1560,vehicle.bmw.isetta,60.41447692826555,0.0,120,0.0,11,100.0,30.550000455230474,100.0,242.35402917861936,none,0
1561,vehicle.bmw.isetta,61.09374739316211,0.0,120,0.0,11,100.0,28.80000042915344,100.0,343.9869499206543,none,0
1562,vehicle.bmw.isetta,61.067938290835365,0.0,120,0.0,11,100.0,40.3000006005168,100.0,392.0456612110138,none,0
1563,vehicle.bmw.isetta,60.85623744415566,0.0,120,24.31,11,100.0,32.100000478327274,75.68840005080204,255.4215400218964,none,0
1564,vehicle.bmw.isetta,60.57136272504224,0.0,120,19.18,11,100.0,170.30000253766775,80.8158347849339,1559.34281373024,none,0
1565,vehicle.bmw.isetta,60.95337258060778,0.0,120,0.0,11,100.0,31.250000465661287,100.0,242.6871492862701,none,0
1566,vehicle.bmw.isetta,61.25325971366519,0.0,120,0.0,11,100.0,32.350000482052565,100.0,282.0489494800568,none,0
1567,vehicle.bmw.isetta,61.367142631099526,0.0,120,23.88,11,100.0,61.00000090897083,76.11549885377543,499.2395176887512,none,0
1568,vehicle.bmw.isetta,61.68555879782448,0.0,120,0.0,11,100.0,22.90000034123659,100.0,200.4159083366394,none,0
1569,vehicle.bmw.isetta,60.90306747539447,0.0,120,0.0,11,100.0,93.45000139251351,100.0,850.3474593162537,none,0
1570,vehicle.bmw.isetta,60.92792055053716,0.0,120,17.33,11,100.0,30.750000458210707,82.6658863889252,255.17542219161987,none,0
1571,vehicle.bmw.isetta,61.00178018503786,0.0,120,16.57,11,64.29280177248857,23.100000344216824,34.86701952136081,198.4345829486847,collisions_layout,0
1572,vehicle.bmw.isetta,55.19927747263407,0.0,120,0.0,11,70.3476710589378,19.30000028759241,45.72598618830958,168.41563820838928,collisions_layout,0
1573,vehicle.bmw.isetta,55.27290728705631,0.0,120,0.0,11,51.80965832821242,18.40000027418137,33.67627791333808,137.23766660690308,collisions_layout,0
1574,vehicle.bmw.isetta,55.94493792555948,0.0,120,0.0,11,39.81293605470106,194.8500029034913,39.81293605470106,1543.190402507782,none,0
1575,vehicle.bmw.isetta,55.2693469423156,0.0,120,0.0,11,100.0,22.20000033080578,100.0,220.19389247894287,none,0
1576,vehicle.bmw.isetta,55.61009969298386,0.0,120,22.81,11,66.57309735627156,230.7000034376979,33.401476154139246,2109.155479907989,collisions_layout,0
1577,vehicle.bmw.isetta,56.02666298657788,0.0,120,0.0,11,100.0,49.15000073239207,100.0,395.8003439903259,none,0
1578,vehicle.bmw.isetta,55.24653262480497,0.0,120,0.0,11,37.76121706979702,14.850000221282244,22.65673024187821,123.89232301712036,collisions_vehicle,0
1579,vehicle.bmw.isetta,55.1791221263788,0.0,120,6.9,11,48.94302636976301,17.0500002540648,29.618254691105747,128.93117022514343,collisions_layout,0
1580,vehicle.bmw.isetta,54.91447760482357,0.0,120,0.0,11,100.0,36.700000546872616,100.0,330.69209480285645,none,0
1581,vehicle.bmw.isetta,55.43311785764707,0.0,120,0.0,11,51.07619289922012,18.40000027418137,33.19952538449308,163.53597855567932,collisions_layout,0
1582,vehicle.bmw.isetta,55.25090884695793,0.0,120,0.0,11,100.0,61.35000091418624,100.0,591.343804359436,none,0
1583,vehicle.bmw.isetta,55.04141645760018,0.0,120,1.34,11,100.0,281.4000041931868,98.65975519753675,2495.6660470962524,none,0
1584,vehicle.bmw.isetta,55.34447144880457,0.0,120,0.0,11,100.0,36.05000053718686,100.0,352.65737104415894,none,0
1585,vehicle.bmw.isetta,55.9272196240984,0.0,120,1.54,11,63.051670350357576,18.30000027269125,40.354098063163256,132.43165493011475,collisions_layout,0
1586,vehicle.bmw.isetta,56.094386897300026,0.0,120,10.3,11,38.41644999950599,196.7000029310584,34.45844411099832,1660.468769788742,none,0
1587,vehicle.bmw.isetta,54.75607184336737,0.0,120,0.0,11,58.264888835398935,22.550000336021185,37.87217774300931,197.5469427108765,collisions_layout,0
1588,vehicle.bmw.isetta,55.71251834771494,0.0,120,10.52,11,69.13056022384357,20.85000031068921,40.20890032478777,223.602933883667,collisions_layout,0
1589,vehicle.bmw.isetta,55.507802941520346,0.0,120,0.0,11,100.0,21.40000031888485,100.0,169.36607027053833,none,0
1590,vehicle.bmw.isetta,55.2446401601069,0.0,120,14.97,11,100.0,24.600000366568565,85.02684361736137,227.50882005691528,none,0
1591,vehicle.bmw.isetta,55.41616043336074,0.0,120,0.0,11,43.09433937475185,227.20000338554385,43.09433937475185,2205.3734476566315,none,0
1592,vehicle.bmw.isetta,55.295861513545525,0.0,120,0.0,11,58.973790408004014,17.55000026151538,38.33296376520261,168.61975359916687,collisions_layout,0
1593,vehicle.bmw.isetta,55.41121556217197,0.0,120,0.0,11,100.0,23.95000035688281,100.0,184.02579760551453,none,0
1594,vehicle.bmw.isetta,55.59823106089415,0.0,120,32.16,11,88.02538575068927,95.00000141561031,35.8294089358033,764.4004333019257,collisions_vehicle,0
1595,vehicle.bmw.isetta,56.290417613840575,0.0,120,0.0,11,100.0,25.150000374764204,100.0,215.52449584007263,none,0
1596,vehicle.lincoln.mkz2017,83.59873826094632,0.0,120,0.0,11,100.0,59.2500008828938,100.0,479.449649810791,none,0
1597,vehicle.lincoln.mkz2017,326.46289454712144,0.0,120,0.0,11,100.0,61.60000091791153,100.0,457.6141602993012,none,0
1598,vehicle.lincoln.mkz2017,310.51499937633105,0.0,120,0.0,11,100.0,69.750001039356,100.0,562.308976650238,none,0
1599,vehicle.lincoln.mkz2017,334.39002329383925,0.0,120,0.0,11,100.0,126.05000187829135,100.0,996.380968093872,none,0
1600,vehicle.lincoln.mkz2017,78.99352533935645,0.0,120,0.0,11,100.0,50.90000075846911,100.0,442.793758392334,none,0
1601,vehicle.lincoln.mkz2017,316.4820829944565,0.0,120,0.0,11,100.0,117.75000175461172,100.0,1007.0312523841858,none,0
1602,vehicle.lincoln.mkz2017,83.59873826094632,0.0,120,0.0,11,61.45828516760166,14.40000021457672,30.72914258380083,125.85003018379211,collisions_pedestrian,0
1603,vehicle.lincoln.mkz2017,326.46289454712144,0.0,120,0.0,11,100.0,101.30000150948764,100.0,783.4570984840393,none,0
1604,vehicle.lincoln.mkz2017,310.51499937633105,0.0,120,0.0,11,100.0,87.10000129789114,100.0,714.0106101036072,none,0
1605,vehicle.lincoln.mkz2017,334.39002329383925,0.0,120,0.0,11,100.0,81.5500012151897,100.0,620.3983340263367,none,0
1606,vehicle.lincoln.mkz2017,78.99352533935645,0.0,120,0.0,11,100.0,49.65000073984265,100.0,404.1173412799835,none,0
1607,vehicle.lincoln.mkz2017,316.4820829944565,0.0,120,0.0,11,100.0,77.05000114813447,100.0,666.9448637962341,none,0
1608,vehicle.lincoln.mkz2017,61.94757622419835,0.0,120,0.0,11,100.0,76.50000113993883,100.0,657.1971211433411,none,0
1609,vehicle.lincoln.mkz2017,55.71251834771494,0.0,120,0.0,11,100.0,21.80000032484532,100.0,220.82650136947632,none,0
1610,vehicle.lincoln.mkz2017,55.41121556217197,0.0,120,0.0,11,100.0,61.60000091791153,100.0,446.65979862213135,none,0
1611,vehicle.lincoln.mkz2017,61.58523811688995,0.0,120,0.0,11,100.0,45.80000068247318,100.0,421.1990268230438,none,0
1612,vehicle.lincoln.mkz2017,60.85623744415566,0.0,120,0.0,11,100.0,28.50000042468309,100.0,237.8291082382202,none,0
1613,vehicle.lincoln.mkz2017,60.57136272504224,0.0,120,0.0,11,100.0,32.40000048279762,100.0,285.6524660587311,none,0
1614,vehicle.lincoln.mkz2017,61.68555879782448,0.0,120,0.0,11,100.0,45.35000067576766,100.0,364.3805494308472,none,0
1615,vehicle.lincoln.mkz2017,55.41616043336074,0.0,120,0.0,11,100.0,61.80000092089176,100.0,525.8143217563629,none,0
1616,vehicle.lincoln.mkz2017,55.295861513545525,0.0,120,0.0,11,100.0,17.30000025779009,100.0,144.2263786792755,none,0
1617,vehicle.lincoln.mkz2017,61.00178018503786,0.0,120,0.0,11,100.0,27.700000412762165,100.0,206.83839678764343,none,0
1618,vehicle.lincoln.mkz2017,60.83781726315381,0.0,120,0.0,11,100.0,43.10000064224005,100.0,380.9424571990967,none,0
1619,vehicle.lincoln.mkz2017,60.92792055053716,0.0,120,0.0,11,100.0,28.50000042468309,100.0,209.3107981681824,none,0
1620,vehicle.lincoln.mkz2017,55.24653262480497,0.0,120,0.0,11,100.0,25.650000382214785,100.0,183.4534966945648,none,0
1621,vehicle.lincoln.mkz2017,55.59823106089415,0.0,120,0.0,11,100.0,50.40000075101853,100.0,377.04756593704224,none,0
1622,vehicle.lincoln.mkz2017,60.90306747539447,0.0,120,0.0,11,100.0,52.00000077486038,100.0,532.3151683807373,none,0
1623,vehicle.lincoln.mkz2017,60.69758307301105,0.0,120,0.0,11,100.0,44.55000066384673,100.0,369.1742119789124,none,0
1624,vehicle.lincoln.mkz2017,55.94493792555948,0.0,120,0.0,11,100.0,26.05000038817525,100.0,187.06737995147705,none,0
1625,vehicle.lincoln.mkz2017,61.09374739316211,0.0,120,0.0,11,100.0,29.250000435858965,100.0,256.8108513355255,none,0
1626,vehicle.lincoln.mkz2017,60.92802203945554,0.0,120,0.0,11,100.0,45.40000067651272,100.0,384.1915504932404,none,0
1627,vehicle.lincoln.mkz2017,60.41447692826555,0.0,120,0.0,11,100.0,36.95000055059791,100.0,329.3814148902893,none,0
1628,vehicle.lincoln.mkz2017,61.067938290835365,0.0,120,0.0,11,100.0,44.90000066906214,100.0,429.8988270759583,none,0
1629,vehicle.lincoln.mkz2017,61.26539929186665,0.0,120,0.0,11,100.0,29.050000432878733,100.0,213.23224639892567,none,0
1630,vehicle.lincoln.mkz2017,54.91447760482357,0.0,120,0.0,11,100.0,34.650000516325235,100.0,291.0683808326721,none,0
1631,vehicle.lincoln.mkz2017,55.9272196240984,0.0,120,0.0,11,100.0,30.200000450015068,100.0,253.244601726532,none,0
1632,vehicle.lincoln.mkz2017,55.25090884695793,0.0,120,0.0,11,100.0,25.00000037252903,100.0,222.1735441684723,none,0
1633,vehicle.lincoln.mkz2017,61.59830038671384,0.0,120,0.0,11,100.0,61.750000920146704,100.0,524.3265528678894,none,0
1634,vehicle.lincoln.mkz2017,55.2693469423156,0.0,120,0.0,11,100.0,17.600000262260437,100.0,160.4734981060028,none,0
1635,vehicle.lincoln.mkz2017,60.901017691577785,0.0,120,0.0,11,100.0,30.4000004529953,100.0,246.6411573886872,none,0
1636,vehicle.lincoln.mkz2017,55.04141645760018,0.0,120,0.0,11,100.0,50.50000075250864,100.0,383.3128619194031,none,0
1637,vehicle.lincoln.mkz2017,54.75607184336737,0.0,120,0.0,11,100.0,19.60000029206276,100.0,163.85967230796814,none,0
1638,vehicle.lincoln.mkz2017,61.25325971366519,0.0,120,0.0,11,100.0,41.900000624358654,100.0,357.1658754348755,none,0
1639,vehicle.lincoln.mkz2017,60.91089740578979,0.0,120,0.0,11,100.0,34.400000512599945,100.0,259.1084485054016,none,0
1640,vehicle.lincoln.mkz2017,55.1791221263788,0.0,120,0.0,11,100.0,25.40000037848949,100.0,182.8216931819916,none,0
1641,vehicle.lincoln.mkz2017,56.02666298657788,0.0,120,0.0,11,100.0,28.45000042393804,100.0,220.6638195514679,none,0
1642,vehicle.lincoln.mkz2017,61.75131111908178,0.0,120,0.0,11,100.0,41.60000061988831,100.0,335.88902735710144,none,0
1643,vehicle.lincoln.mkz2017,55.61009969298386,0.0,120,0.0,11,100.0,15.400000229477882,100.0,144.37011766433716,none,0
1644,vehicle.lincoln.mkz2017,56.290417613840575,0.0,120,0.0,11,100.0,26.55000039562583,100.0,210.63114595413208,none,0
1645,vehicle.lincoln.mkz2017,60.95337258060778,0.0,120,0.0,11,100.0,39.65000059083104,100.0,301.06808853149414,none,0
1646,vehicle.lincoln.mkz2017,61.16392023319401,0.0,120,0.0,11,100.0,29.300000436604023,100.0,236.30451679229736,none,0
1647,vehicle.lincoln.mkz2017,55.43311785764707,0.0,120,0.0,11,100.0,18.75000027939677,100.0,145.17575407028198,none,0
1648,vehicle.lincoln.mkz2017,55.2446401601069,0.0,120,0.0,11,100.0,15.100000225007534,100.0,141.04236006736755,none,0
1649,vehicle.lincoln.mkz2017,55.507802941520346,0.0,120,0.0,11,43.19730265102876,20.35000030323863,30.238111855720128,167.1009726524353,red_light,0
1650,vehicle.lincoln.mkz2017,61.367142631099526,0.0,120,0.0,11,100.0,61.00000090897083,100.0,451.2972249984741,none,0
1651,vehicle.lincoln.mkz2017,55.34447144880457,0.0,120,0.0,11,100.0,36.95000055059791,100.0,311.6358251571655,none,0
1652,vehicle.lincoln.mkz2017,55.27290728705631,0.0,120,0.0,11,100.0,28.300000421702865,100.0,234.83176970481875,none,0
1653,vehicle.lincoln.mkz2017,55.19927747263407,0.0,120,0.0,11,100.0,45.9000006839633,100.0,392.8961169719696,none,0
1654,vehicle.lincoln.mkz2017,56.094386897300026,0.0,120,0.0,11,100.0,26.90000040084124,100.0,206.2916738986969,none,0
1655,vehicle.lincoln.mkz2017,61.06920292504007,0.0,120,0.0,11,100.0,64.35000095888972,100.0,582.5295951366425,none,0
1656,vehicle.lincoln.mkz2017,82.60001775936934,0.0,120,0.0,11,100.0,23.85000035539269,100.0,239.9359474182129,none,0
1657,vehicle.lincoln.mkz2017,83.11998033178662,0.0,120,0.0,11,100.0,31.55000047013164,100.0,290.58683156967163,none,0
1658,vehicle.lincoln.mkz2017,83.51000974305987,0.0,120,0.0,11,100.0,29.90000044554472,100.0,235.2330915927887,none,0
1659,vehicle.lincoln.mkz2017,82.18000091524995,0.0,120,0.0,11,53.031239382684255,18.30000027269125,31.81874362961055,167.38400721549988,collisions_vehicle,0
1660,vehicle.lincoln.mkz2017,82.0000009476335,0.0,120,0.0,11,100.0,26.100000388920307,100.0,211.16195464134216,none,0
1661,vehicle.lincoln.mkz2017,82.60999853125792,0.0,120,0.0,11,100.0,24.25000036135316,100.0,193.2194585800171,none,0
1662,vehicle.lincoln.mkz2017,82.61000234595448,0.0,120,0.0,11,100.0,25.200000375509266,100.0,235.60827159881592,none,0
1663,vehicle.lincoln.mkz2017,81.97915120561767,0.0,120,0.0,11,100.0,38.40000057220459,100.0,309.5315239429474,none,0
1664,vehicle.lincoln.mkz2017,81.99999331823905,0.0,120,0.0,11,100.0,98.50000146776438,100.0,836.8221507072449,none,0
1665,vehicle.lincoln.mkz2017,83.31085709977604,0.0,120,0.0,11,100.0,23.40000034868717,100.0,182.41127824783325,none,0
1666,vehicle.lincoln.mkz2017,83.089996226047,0.0,120,0.0,11,100.0,50.350000750273466,100.0,451.43936705589294,none,0
1667,vehicle.lincoln.mkz2017,81.99999331823905,0.0,120,0.0,11,100.0,30.800000458955765,100.0,267.57452964782715,none,0
1668,vehicle.lincoln.mkz2017,83.30912522726364,0.0,120,0.0,11,100.0,28.10000041872263,100.0,251.1320080757141,none,0
1669,vehicle.lincoln.mkz2017,83.089996226047,0.0,120,0.0,11,100.0,27.000000402331352,100.0,227.8638265132904,none,0
1670,vehicle.lincoln.mkz2017,82.0000009476335,0.0,120,0.0,11,100.0,57.65000085905194,100.0,505.183691740036,none,0
1671,vehicle.lincoln.mkz2017,83.51000974305987,0.0,120,0.0,11,100.0,31.90000047534704,100.0,283.9404423236847,none,0
1672,vehicle.lincoln.mkz2017,82.00000476233072,0.0,120,0.0,11,100.0,34.950000520795584,100.0,293.5645124912262,none,0
1673,vehicle.lincoln.mkz2017,82.00997924804688,0.0,120,0.0,11,100.0,29.4500004388392,100.0,268.9073793888092,none,0
1674,vehicle.lincoln.mkz2017,82.6000177588627,0.0,120,0.0,11,100.0,23.45000034943223,100.0,192.1118102073669,none,0
1675,vehicle.lincoln.mkz2017,81.98086781925831,0.0,120,0.0,11,100.0,23.20000034570694,100.0,207.8583652973175,none,0
1676,vehicle.lincoln.mkz2017,82.00997924804688,0.0,120,0.0,11,100.0,26.95000040158629,100.0,197.88269305229187,none,0
1677,vehicle.lincoln.mkz2017,83.11998033178662,0.0,120,0.0,11,100.0,77.2500011511147,100.0,661.0285332202911,none,0
1678,vehicle.lincoln.mkz2017,82.0000009476335,0.0,120,0.0,11,100.0,64.15000095590949,100.0,483.8029344081879,none,0
1679,vehicle.lincoln.mkz2017,82.18000091524995,0.0,120,0.0,11,100.0,22.000000327825543,100.0,200.55069375038147,none,0
1680,vehicle.lincoln.mkz2017,61.26539929186665,0.0,120,0.0,11,100.0,31.850000474601984,100.0,256.54422545433044,none,0
1681,vehicle.lincoln.mkz2017,60.901017691577785,0.0,120,0.0,11,100.0,27.05000040307641,100.0,214.78965759277344,none,0
1682,vehicle.lincoln.mkz2017,61.94757622419835,0.0,120,0.0,11,53.26428704905828,16.50000024586916,31.958572229434967,125.48032999038696,collisions_vehicle,0
1683,vehicle.lincoln.mkz2017,60.91089740578979,0.0,120,0.0,11,100.0,34.35000051185489,100.0,267.9027750492096,none,0
1684,vehicle.lincoln.mkz2017,60.92802203945554,0.0,120,0.0,11,100.0,25.200000375509266,100.0,193.8971564769745,none,0
1685,vehicle.lincoln.mkz2017,61.75131111908178,0.0,120,0.0,11,100.0,23.550000350922343,100.0,199.27621626853943,none,0
1686,vehicle.lincoln.mkz2017,61.06920292504007,0.0,120,0.0,11,100.0,61.35000091418624,100.0,460.8729102611542,none,0
1687,vehicle.lincoln.mkz2017,61.58523811688995,0.0,120,0.0,11,100.0,23.80000035464764,100.0,245.76163983345032,none,0
1688,vehicle.lincoln.mkz2017,61.59830038671384,0.0,120,0.0,11,100.0,61.10000091046095,100.0,517.607745885849,none,0
1689,vehicle.lincoln.mkz2017,61.16392023319401,0.0,120,0.0,11,100.0,26.05000038817525,100.0,194.1879911422729,none,0
1690,vehicle.lincoln.mkz2017,60.69758307301105,0.0,120,0.0,11,100.0,36.05000053718686,100.0,285.4548316001892,none,0
1691,vehicle.lincoln.mkz2017,60.83781726315381,0.0,120,0.0,11,100.0,25.55000038072467,100.0,241.3248789310456,none,0
1692,vehicle.lincoln.mkz2017,60.41447692826555,0.0,120,0.0,11,100.0,35.55000052973628,100.0,326.42513847351074,none,0
1693,vehicle.lincoln.mkz2017,61.09374739316211,0.0,120,0.0,11,100.0,29.000000432133675,100.0,251.6794958114624,none,0
1694,vehicle.lincoln.mkz2017,61.067938290835365,0.0,120,0.0,11,100.0,34.60000051558018,100.0,303.1899461746216,none,0
1695,vehicle.lincoln.mkz2017,60.85623744415566,0.0,120,0.0,11,100.0,28.05000041797757,100.0,216.57432746887207,none,0
1696,vehicle.lincoln.mkz2017,60.57136272504224,0.0,120,0.0,11,100.0,28.550000425428152,100.0,255.45163750648496,none,0
1697,vehicle.lincoln.mkz2017,60.95337258060778,0.0,120,0.0,11,100.0,31.250000465661287,100.0,255.20771098136905,none,0
1698,vehicle.lincoln.mkz2017,61.25325971366519,0.0,120,0.0,11,100.0,32.350000482052565,100.0,280.9431383609772,none,0
1699,vehicle.lincoln.mkz2017,61.367142631099526,0.0,120,0.0,11,100.0,61.15000091120601,100.0,431.2525100708008,none,0
1700,vehicle.lincoln.mkz2017,61.68555879782448,0.0,120,0.0,11,100.0,22.35000033304096,100.0,188.8358199596405,none,0
1701,vehicle.lincoln.mkz2017,60.90306747539447,0.0,120,0.0,11,100.0,51.95000077411533,100.0,464.686954498291,none,0
1702,vehicle.lincoln.mkz2017,60.92792055053716,0.0,120,0.0,11,100.0,30.800000458955765,100.0,223.998859167099,none,0
1703,vehicle.lincoln.mkz2017,61.00178018503786,0.0,120,0.0,11,100.0,30.15000044927001,100.0,251.2942605018616,none,0
1704,vehicle.lincoln.mkz2017,55.19927747263407,0.0,120,0.0,11,100.0,46.45000069215894,100.0,402.626179933548,none,0
1705,vehicle.lincoln.mkz2017,55.27290728705631,0.0,120,0.0,11,100.0,22.050000328570604,100.0,195.3038601875305,none,0
1706,vehicle.lincoln.mkz2017,55.94493792555948,0.0,120,0.0,11,100.0,21.1000003144145,100.0,151.6919982433319,none,0
1707,vehicle.lincoln.mkz2017,55.2693469423156,0.0,120,0.0,11,100.0,22.20000033080578,100.0,217.745950460434,none,0
1708,vehicle.lincoln.mkz2017,55.61009969298386,0.0,120,0.0,11,100.0,27.35000040754676,100.0,238.36331939697263,none,0
1709,vehicle.lincoln.mkz2017,56.02666298657788,0.0,120,0.0,11,100.0,24.95000037178397,100.0,228.4715633392334,none,0
1710,vehicle.lincoln.mkz2017,55.24653262480497,0.0,120,0.0,11,100.0,21.000000312924385,100.0,163.09132552146912,none,0
1711,vehicle.lincoln.mkz2017,55.1791221263788,0.0,120,0.0,11,100.0,24.50000036507845,100.0,200.93977618217468,none,0
1712,vehicle.lincoln.mkz2017,54.91447760482357,0.0,120,0.0,11,100.0,31.750000473111868,100.0,254.25367093086243,none,0
1713,vehicle.lincoln.mkz2017,55.43311785764707,0.0,120,0.0,11,100.0,61.00000090897083,100.0,521.6921541690826,none,0
1714,vehicle.lincoln.mkz2017,55.25090884695793,0.0,120,0.0,11,100.0,61.05000090971589,100.0,603.4129090309143,none,0
1715,vehicle.lincoln.mkz2017,55.04141645760018,0.0,120,0.0,11,100.0,47.15000070258975,100.0,369.0626311302185,none,0
1716,vehicle.lincoln.mkz2017,55.34447144880457,0.0,120,0.0,11,100.0,36.450000543147326,100.0,383.5543546676636,none,0
1717,vehicle.lincoln.mkz2017,55.9272196240984,0.0,120,0.0,11,100.0,21.250000316649675,100.0,158.8579638004303,none,0
1718,vehicle.lincoln.mkz2017,56.094386897300026,0.0,120,0.0,11,100.0,21.85000032559037,100.0,163.38052892684937,none,0
1719,vehicle.lincoln.mkz2017,54.75607184336737,0.0,120,0.0,11,100.0,28.45000042393804,100.0,283.8089637756348,none,0
1720,vehicle.lincoln.mkz2017,55.71251834771494,0.0,120,0.0,11,100.0,26.30000039190054,100.0,277.8186733722687,none,0
1721,vehicle.lincoln.mkz2017,55.507802941520346,0.0,120,0.0,11,100.0,21.80000032484532,100.0,198.7923243045807,none,0
1722,vehicle.lincoln.mkz2017,55.2446401601069,0.0,120,0.0,11,100.0,21.200000315904617,100.0,191.2936544418335,none,0
1723,vehicle.lincoln.mkz2017,55.41616043336074,0.0,120,0.0,11,100.0,24.050000358372927,100.0,210.80814337730408,none,0
1724,vehicle.lincoln.mkz2017,55.295861513545525,0.0,120,0.0,11,100.0,21.90000032633543,100.0,231.1188838481903,none,0
1725,vehicle.lincoln.mkz2017,55.41121556217197,0.0,120,0.0,11,100.0,61.60000091791153,100.0,523.4782285690308,none,0
1726,vehicle.lincoln.mkz2017,55.59823106089415,0.0,120,0.0,11,100.0,93.15000138804317,100.0,777.7963366508484,none,0
1727,vehicle.lincoln.mkz2017,56.290417613840575,0.0,120,0.0,11,100.0,22.800000339746475,100.0,177.54160523414612,none,0
1728,vehicle.bmw.isetta,207.01921297077124,141.0,177,0.0,10,100.0,114.40000170469284,100.0,428.0753593444824,none,0
1729,vehicle.bmw.isetta,82.7731237397857,145.0,177,0.0,10,100.0,147.3500021956861,100.0,675.2462112903595,none,1
1730,vehicle.bmw.isetta,178.9391330373126,144.0,177,0.0,10,100.0,82.70000123232603,100.0,342.8726530075073,none,2
1731,vehicle.bmw.isetta,238.10978756392848,144.0,177,0.0,10,100.0,100.95000150427222,100.0,430.044704914093,none,3
1732,vehicle.bmw.isetta,223.3329029008772,143.0,177,0.0,10,100.0,194.1000028923154,100.0,899.2173676490784,none,1
1733,vehicle.bmw.isetta,167.56487086493937,145.0,177,0.0,10,100.0,84.75000126287341,100.0,370.27134370803833,none,4
1734,vehicle.bmw.isetta,194.9718798637444,145.0,177,0.0,10,98.7442561934532,412.500006146729,98.7442561934532,1638.5952155590055,none,5
1735,vehicle.bmw.isetta,115.88590957775584,142.0,177,0.0,10,100.0,36.75000054761768,100.0,153.07884764671326,none,6
1736,vehicle.bmw.isetta,43.096043644042815,140.0,177,0.0,10,100.0,204.75000305101275,100.0,924.9378452301024,none,3
1737,vehicle.bmw.isetta,58.63827134877027,0.0,177,0.0,10,0.0,0.050000000745058,0.0,0.4096448421478271,red_light,1
1738,vehicle.bmw.isetta,77.26589929384768,143.0,177,0.0,10,94.29132728064047,102.95000153407454,66.00392909644833,412.5409243106842,red_light,6
1739,vehicle.bmw.isetta,162.78504929646405,147.0,177,0.0,10,100.0,164.85000245645642,100.0,612.2394144535065,none,4
1740,vehicle.bmw.isetta,198.33133495156537,140.0,177,0.0,10,100.0,133.50000198930502,100.0,589.2721524238586,none,7
1741,vehicle.bmw.isetta,101.61206212778252,146.0,177,0.0,10,100.0,78.25000116601586,100.0,284.8962404727936,none,8
1742,vehicle.bmw.isetta,114.14997116258075,144.0,177,0.0,10,100.0,148.6500022150576,100.0,546.045538187027,none,8
1743,vehicle.bmw.isetta,89.85816825817592,146.0,177,0.0,10,95.32920477938252,263.7000039294362,95.32920477938252,1082.632685422897,none,3
1744,vehicle.bmw.isetta,117.1820118020656,145.0,176,0.0,10,100.0,125.35000186786056,100.0,439.5845010280609,none,5
1745,vehicle.bmw.isetta,124.7108900544878,146.0,177,0.0,10,100.0,100.70000150054692,100.0,340.2405741214752,none,6
1746,vehicle.bmw.isetta,97.85226981529962,141.0,177,0.0,10,100.0,215.00000320374969,100.0,1117.1859765052795,none,9
1747,vehicle.bmw.isetta,152.4820958031289,142.0,177,0.0,10,100.0,74.70000111311674,100.0,295.22293305397034,none,2
1748,vehicle.bmw.isetta,273.33199613203595,146.0,177,0.0,10,100.0,292.4500043578446,100.0,1127.2620024681091,none,8
1749,vehicle.bmw.isetta,174.53322915148334,147.0,176,0.0,10,100.0,126.45000188425183,100.0,501.9427309036255,none,5
1750,vehicle.bmw.isetta,56.30132988530262,141.0,177,0.0,10,100.0,78.90000117570162,100.0,310.46957778930664,none,10
1751,vehicle.bmw.isetta,187.8028807307963,148.0,177,0.0,10,97.27652706649673,411.10000612586737,97.27652706649673,1348.5738854408264,none,7
1752,vehicle.bmw.isetta,148.57995264526733,144.0,177,0.0,10,100.0,77.05000114813447,100.0,287.36309933662415,none,3
1753,vehicle.bmw.isetta,67.64448743494455,142.0,177,0.0,10,100.0,23.75000035390258,100.0,83.9977297782898,none,1
1754,vehicle.bmw.isetta,247.34437197628097,146.0,177,0.0,10,100.0,226.1000033691525,100.0,862.4031457901001,none,9
1755,vehicle.bmw.isetta,185.99463978365304,143.0,177,0.0,10,100.0,50.30000074952841,100.0,181.0652527809143,none,11
1756,vehicle.bmw.isetta,50.992664209856144,146.0,177,0.0,10,100.0,42.200000628829,100.0,147.76776790618896,none,12
1757,vehicle.bmw.isetta,80.77520493729264,141.0,177,0.0,10,100.0,410.6000061184168,100.0,1627.068398952484,none,2
1758,vehicle.bmw.isetta,154.22773630668453,145.0,177,0.0,10,100.0,116.70000173896553,100.0,499.5336802005768,none,8
1759,vehicle.bmw.isetta,81.18335428520193,141.0,177,0.0,10,96.88424732039968,365.5000054463744,96.88424732039968,1603.9198956489563,none,13
1760,vehicle.bmw.isetta,126.51974353648706,147.0,177,0.0,10,100.0,113.75000169500709,100.0,392.3589005470276,none,1
1761,vehicle.bmw.isetta,275.5098342056596,145.0,177,0.0,10,94.86921838602709,208.90000311285257,66.40845287021895,734.9047057628632,red_light,12
1762,vehicle.bmw.isetta,161.0705508614438,145.0,177,0.0,10,100.0,58.3000008687377,100.0,268.6141710281372,none,8
1763,vehicle.bmw.isetta,212.21998513514657,143.0,177,0.0,10,11.618400398877082,11.650000173598528,6.971040239326249,47.64229226112366,collisions_vehicle,14
1764,vehicle.bmw.isetta,92.67208641879182,141.0,177,0.0,10,100.0,43.55000064894557,100.0,186.01233983039856,none,13
1765,vehicle.bmw.isetta,155.64995003145023,146.0,177,0.0,10,100.0,87.35000130161643,100.0,311.0315845012665,none,13
1766,vehicle.bmw.isetta,168.14150198346732,139.0,177,0.0,10,100.0,144.6000021547079,100.0,677.302460193634,none,8
1767,vehicle.bmw.isetta,135.6931039120751,145.0,176,0.0,10,100.0,208.0500031001866,100.0,822.628732919693,none,12
1768,vehicle.bmw.isetta,121.9713958242025,145.0,177,0.0,10,100.0,140.10000208765268,100.0,552.1491711139679,none,15
1769,vehicle.bmw.isetta,90.0830794673052,141.0,177,0.0,10,100.0,136.10000202804804,100.0,498.0795390605927,none,14
1770,vehicle.bmw.isetta,71.692100036983,148.0,176,0.0,10,100.0,217.65000324323773,100.0,938.818426132202,none,14
1771,vehicle.bmw.isetta,195.33833164299287,146.0,177,0.0,10,97.72647362481806,347.5000051781535,97.72647362481806,1210.7846858501434,none,13
1772,vehicle.bmw.isetta,96.40022461549356,144.0,177,0.0,10,100.0,138.00000205636024,100.0,648.2785134315491,none,5
1773,vehicle.bmw.isetta,151.55090419619987,144.0,177,0.0,10,100.0,112.05000166967513,100.0,412.8332748413086,none,11
1774,vehicle.bmw.isetta,185.7261592234176,153.0,177,0.0,10,100.0,267.7500039897859,100.0,1038.0984888076782,none,4
1775,vehicle.bmw.isetta,141.90401885803934,139.0,176,0.0,10,100.0,179.00000266730785,100.0,576.9176023006439,none,1
1776,vehicle.bmw.isetta,159.02180304401404,149.0,177,0.0,10,100.0,40.70000060647726,100.0,187.11528182029724,none,1
1777,vehicle.bmw.isetta,69.93839879481226,142.0,177,0.0,10,100.0,66.60000099241734,100.0,290.4000778198242,none,14
1778,vehicle.bmw.isetta,222.93380901648845,146.0,177,0.0,10,100.0,291.05000433698297,100.0,1147.1765191555023,none,3
1779,vehicle.bmw.isetta,237.9464389452768,144.0,177,0.0,10,100.0,255.40000380575657,100.0,948.3736925125122,none,16
1780,vehicle.bmw.isetta,200.10978739194945,145.0,177,0.0,10,100.0,92.150001373142,100.0,403.7958297729492,none,17
1781,vehicle.bmw.isetta,139.8224897592828,143.0,176,0.0,10,97.13122921687471,546.7000081464648,97.13122921687471,2015.621328115464,none,2
1782,vehicle.bmw.isetta,129.7494968599369,144.0,177,0.0,10,100.0,127.40000189840794,100.0,638.0847692489624,none,3
1783,vehicle.bmw.isetta,59.98171397690685,145.0,177,0.0,10,100.0,20.35000030323863,100.0,87.50068759918213,none,5
1784,vehicle.bmw.isetta,164.30197183978018,144.0,176,0.0,10,100.0,66.80000099539757,100.0,248.1886069774628,none,18
1785,vehicle.bmw.isetta,135.3497162420629,145.0,177,0.0,10,96.70174395066348,422.5000062957406,96.70174395066348,1318.9376151561737,none,7
1786,vehicle.bmw.isetta,85.66889046054116,142.0,177,0.0,10,100.0,42.50000063329935,100.0,214.37228894233704,none,19
1787,vehicle.bmw.isetta,62.57769689198829,144.0,177,0.0,10,100.0,73.90000110119581,100.0,276.5614573955536,none,14
1788,vehicle.bmw.isetta,209.0502379953276,143.0,177,0.0,10,100.0,160.6000023931265,100.0,556.4829189777374,none,7
1789,vehicle.bmw.isetta,109.91696340852243,147.0,177,0.0,10,100.0,131.30000195652246,100.0,533.2365174293518,none,20
1790,vehicle.bmw.isetta,112.25633952510816,142.0,177,0.0,10,100.0,147.250002194196,100.0,582.3692560195923,none,11
1791,vehicle.bmw.isetta,113.50148540809884,141.0,177,0.0,10,100.0,123.35000183805823,100.0,468.6011476516724,none,8
1792,vehicle.bmw.isetta,245.14782311563644,143.0,176,0.0,10,13.180899107904349,63.45000094547868,7.908539464742609,261.3183157444,collisions_vehicle,18
1793,vehicle.bmw.isetta,250.12245508861588,145.0,177,0.0,10,100.0,184.8000027537346,100.0,727.6992521286011,none,14
1794,vehicle.bmw.isetta,54.506131352703086,144.0,177,0.0,10,96.9300189885062,644.0500095970929,96.9300189885062,2519.4810535907745,none,14
1795,vehicle.bmw.isetta,132.2912577005324,145.0,177,0.0,10,100.0,67.55000100657344,100.0,235.1302876472473,none,18
1796,vehicle.bmw.isetta,84.74849002285849,141.0,177,0.0,10,100.0,116.9500017426908,100.0,540.7604780197144,none,9
1797,vehicle.bmw.isetta,152.37286603245602,145.0,177,0.0,10,100.0,61.00000090897083,100.0,306.25285148620605,none,9
1798,vehicle.bmw.isetta,170.35434195336265,142.0,177,0.0,10,100.0,94.6500014103949,100.0,365.8980894088745,none,4
1799,vehicle.bmw.isetta,135.50261038028492,145.0,177,0.0,10,100.0,156.25000232830644,100.0,814.5976679325104,none,20
1800,vehicle.bmw.isetta,184.08247304405248,141.0,177,0.0,10,98.38996095684664,163.2000024318695,68.87297266979265,828.3322291374207,red_light,5
1801,vehicle.bmw.isetta,185.4022201237888,144.0,177,0.0,10,100.0,200.55000298842788,100.0,690.0432615280151,none,6
1802,vehicle.bmw.isetta,262.73995804947594,147.0,177,0.0,10,100.0,196.7000029310584,100.0,666.5163629055023,none,0
1803,vehicle.bmw.isetta,128.95913185645716,147.0,177,0.0,10,100.0,103.9500015489757,100.0,353.3084876537323,none,2
1804,vehicle.bmw.isetta,157.49129412890363,145.0,176,0.0,10,100.0,50.80000075697899,100.0,193.952431678772,none,13
1805,vehicle.bmw.isetta,105.84117500426734,145.0,177,0.0,10,95.14760542348,332.7500049583614,95.14760542348,1352.0361199378967,none,9
1806,vehicle.bmw.isetta,106.08523701555264,144.0,177,0.0,10,100.0,99.25000147894023,100.0,374.9471101760864,none,0
1807,vehicle.bmw.isetta,134.9649352416446,142.0,177,0.0,10,100.0,398.60000593960285,100.0,1487.5140178203585,none,20
1808,vehicle.bmw.isetta,133.9996692194524,144.0,177,0.0,10,100.0,32.050000477582216,100.0,116.84850239753725,none,2
1809,vehicle.bmw.isetta,188.62217081727417,142.0,176,0.0,10,100.0,143.45000213757157,100.0,495.2519686222077,none,8
1810,vehicle.bmw.isetta,56.72804923831599,146.0,177,0.0,10,100.0,53.250000793486834,100.0,218.50429773330688,none,20
1811,vehicle.bmw.isetta,55.99933212657137,145.0,177,0.0,10,100.0,13.90000020712614,100.0,56.27882170677185,none,12
1812,vehicle.bmw.isetta,77.74474012433396,142.0,177,0.0,10,100.0,73.10000108927488,100.0,367.393358707428,none,9
1813,vehicle.bmw.isetta,201.47522325688308,144.0,177,0.0,10,100.0,157.40000234544277,100.0,758.1129322052002,none,0
1814,vehicle.bmw.isetta,57.91582883374336,143.0,177,0.0,10,100.0,140.4500020928681,100.0,538.2798449993134,none,20
1815,vehicle.bmw.isetta,233.5059863989048,147.0,176,0.0,10,100.0,185.60000276565552,100.0,799.3560833930969,none,19
1816,vehicle.bmw.isetta,136.38078640210082,141.0,176,0.0,10,96.90177151692124,618.8000092208385,96.90177151692124,2251.45307636261,none,17
1817,vehicle.bmw.isetta,64.84443288939383,148.0,176,0.0,10,100.0,218.25000325217843,100.0,895.6210165023804,none,9
1818,vehicle.bmw.isetta,63.51635132231508,142.0,176,0.0,10,96.9779659349654,273.6000040769577,96.9779659349654,1727.0085871219635,none,2
1819,vehicle.bmw.isetta,147.48200195171145,142.0,177,0.0,10,100.0,157.8500023521483,100.0,669.6208486557007,none,20
1820,vehicle.bmw.isetta,217.51892947055245,148.0,177,0.0,10,100.0,78.15000116452575,100.0,295.0606372356415,none,1
1821,vehicle.bmw.isetta,190.8164069727564,142.0,177,0.0,10,100.0,140.60000209510326,100.0,553.1887316703796,none,5
1822,vehicle.bmw.isetta,254.1060713159461,142.0,177,0.0,10,98.53894403577496,448.8500066883862,98.53894403577496,1489.3676009178162,none,8
1823,vehicle.bmw.isetta,165.2617979987117,138.0,177,0.0,10,100.0,130.45000194385648,100.0,459.8000183105469,none,1
1824,vehicle.bmw.isetta,149.99601064107898,146.0,177,0.0,10,100.0,232.90000347048044,100.0,874.2602777481079,none,14
1825,vehicle.bmw.isetta,71.50994652828354,142.0,177,0.0,10,100.0,19.5500002913177,100.0,72.51761174201965,none,19
1826,vehicle.bmw.isetta,135.46155381851938,143.0,177,0.0,10,100.0,265.0500039495528,100.0,894.0900738239288,none,14
1827,vehicle.bmw.isetta,156.79689825163248,143.0,177,0.0,10,100.0,77.90000116080046,100.0,360.0202703475952,none,1
1828,vehicle.bmw.isetta,83.13450328178256,148.0,177,0.0,10,100.0,30.70000045746565,100.0,107.77236080169678,none,17
1829,vehicle.bmw.isetta,250.78999932384824,144.0,177,0.0,10,100.0,228.7000034078956,100.0,856.1126215457916,none,10
1830,vehicle.bmw.isetta,114.62667096986732,148.0,177,0.0,10,100.0,66.4000009894371,100.0,263.6508557796478,none,2
1831,vehicle.bmw.isetta,63.43423489382118,149.0,177,0.0,10,100.0,124.40000185370444,100.0,577.4865157604218,none,9
1832,vehicle.bmw.isetta,192.3656901274608,144.0,176,0.0,10,100.0,166.05000247433782,100.0,697.7491955757141,none,3
1833,vehicle.bmw.isetta,209.0900054293799,144.0,177,0.0,10,100.0,184.0000027418137,100.0,818.921204328537,none,7
1834,vehicle.bmw.isetta,70.43334556254084,145.0,177,0.0,10,100.0,146.6500021852553,100.0,554.7850046157837,none,18
1835,vehicle.bmw.isetta,257.85431282278745,145.0,177,0.0,10,100.0,128.55000191554427,100.0,606.6245799064636,none,13
1836,vehicle.bmw.isetta,163.9999400746265,147.0,177,0.0,10,100.0,72.05000107362866,100.0,270.6765100955963,none,18
1837,vehicle.bmw.isetta,269.2091664486068,142.0,177,0.0,10,100.0,237.65000354126096,100.0,969.8096508979796,none,0
1838,vehicle.bmw.isetta,171.19559751444055,146.0,177,0.0,10,100.0,198.90000296384096,100.0,741.2408139705658,none,8
1839,vehicle.bmw.isetta,98.00128842523004,147.0,177,0.0,10,100.0,20.950000312179327,100.0,81.60724115371704,none,11
1840,vehicle.bmw.isetta,4.00000021027517,146.0,177,0.0,10,23.41658004420273,42.70000063627958,14.04994802652164,190.24379920959475,collisions_vehicle,13
1841,vehicle.bmw.isetta,251.3352438596285,141.0,177,0.0,10,100.0,184.95000275596976,100.0,639.8009676933289,none,12
1842,vehicle.bmw.isetta,271.3472965796286,143.0,177,0.0,10,100.0,215.10000320523977,100.0,936.4711742401124,none,9
1843,vehicle.bmw.isetta,126.89068320142172,141.0,177,0.0,10,100.0,108.90000162273644,100.0,513.9213390350342,none,9
1844,vehicle.bmw.isetta,65.17453134346205,144.0,177,0.0,10,100.0,134.2500020004809,100.0,657.85959649086,none,4
1845,vehicle.bmw.isetta,191.8171785347349,144.0,177,0.0,10,100.0,112.95000168308616,100.0,440.2625601291657,none,6
1846,vehicle.bmw.isetta,135.53081141470167,143.0,176,0.0,10,100.0,261.2500038929284,100.0,922.109293460846,none,9
1847,vehicle.bmw.isetta,159.83405030843176,150.0,177,0.0,10,100.0,229.4000034183264,100.0,787.2993307113647,none,19
1848,vehicle.bmw.isetta,120.04475960989669,144.0,177,0.0,10,100.0,31.650000471621752,100.0,139.20572662353516,none,3
1849,vehicle.bmw.isetta,83.45133697663786,149.0,177,0.0,10,100.0,96.2000014334917,100.0,448.5761320590973,none,8
1850,vehicle.bmw.isetta,147.97621366078394,0.0,177,0.0,10,0.0,0.050000000745058,0.0,0.5717699527740479,red_light,1
1851,vehicle.bmw.isetta,149.18479208755417,148.0,177,0.0,10,100.0,50.60000075399876,100.0,180.85979866981504,none,2
1852,vehicle.bmw.isetta,240.84659042508247,146.0,177,0.0,10,98.08661034899896,395.300005890429,98.08661034899896,1330.7569801807404,none,0
1853,vehicle.bmw.isetta,141.7120253036426,143.0,177,0.0,10,100.0,121.35000180825593,100.0,439.34121561050415,none,7
1854,vehicle.bmw.isetta,134.68550795661574,142.0,177,0.0,10,100.0,126.80000188946724,100.0,617.612964630127,none,14
1855,vehicle.bmw.isetta,217.9950009430536,143.0,177,0.0,10,100.0,176.95000263676047,100.0,737.8876783847809,none,6
1856,vehicle.bmw.isetta,140.85397776372758,146.0,177,0.0,10,100.0,101.00000150501728,100.0,401.9861583709717,none,9
1857,vehicle.bmw.isetta,141.17222919562278,143.0,176,0.0,10,100.0,202.75000302121043,100.0,717.5540311336517,none,5
1858,vehicle.bmw.isetta,57.690003107429895,148.0,177,0.0,10,100.0,56.90000084787607,100.0,243.5955548286438,none,14
1859,vehicle.bmw.isetta,211.56213862926955,142.0,177,0.0,10,100.0,130.00000193715096,100.0,491.2645030021668,none,10
1860,vehicle.bmw.isetta,130.30642004913034,144.0,177,0.0,10,100.0,129.1000019237399,100.0,492.897908449173,none,2
1861,vehicle.bmw.isetta,216.3700031067862,146.0,176,0.0,10,100.0,150.8000022470951,100.0,589.6246159076691,none,7
1862,vehicle.bmw.isetta,97.7799995055068,145.0,177,0.0,10,100.0,91.60000136494637,100.0,418.74415254592896,none,10
1863,vehicle.bmw.isetta,91.21650580385666,144.0,177,0.0,10,71.11361265414078,72.95000108703971,49.77952885789854,270.2003335952759,red_light,1
1864,vehicle.bmw.isetta,153.947210454538,145.0,177,0.0,10,100.0,183.2500027306378,100.0,768.5438673496246,none,12
1865,vehicle.bmw.isetta,119.900140564025,141.0,176,0.0,10,100.0,126.15000187978148,100.0,439.7357928752899,none,11
1866,vehicle.bmw.isetta,238.7324055173933,144.0,177,0.0,10,100.0,117.40000174939632,100.0,468.70765018463135,none,5
1867,vehicle.bmw.isetta,151.87153975210185,144.0,177,0.0,10,100.0,281.4500041939318,100.0,1147.3218007087708,none,20
1868,vehicle.bmw.isetta,247.73842490293512,139.0,177,0.0,10,100.0,193.4000028818845,100.0,626.3113896846771,none,9
1869,vehicle.bmw.isetta,278.8517179140669,146.0,177,0.0,10,100.0,181.3500027023256,100.0,733.7413902282715,none,10
1870,vehicle.bmw.isetta,13.066559092344626,143.0,177,0.0,10,97.81316640436968,467.8000069707632,97.81316640436968,1826.4350352287288,none,6
1871,vehicle.bmw.isetta,133.6516813305543,144.0,177,0.0,10,100.0,102.50000152736902,100.0,353.2462055683136,none,6
1872,vehicle.bmw.isetta,115.96521403280724,145.0,177,0.0,10,100.0,158.05000235512853,100.0,607.0891888141632,none,18
1873,vehicle.bmw.isetta,185.93342229434964,141.0,177,0.0,10,100.0,79.15000117942691,100.0,290.1839144229889,none,18
1874,vehicle.bmw.isetta,167.38486120028512,143.0,176,0.0,10,100.0,41.20000061392784,100.0,166.3628373146057,none,19
1875,vehicle.bmw.isetta,251.15731424878263,141.0,177,0.0,10,97.88798631802662,561.2000083625317,97.88798631802662,1890.63694691658,none,6
1876,vehicle.bmw.isetta,97.41958226021404,143.0,177,0.0,10,100.0,62.90000093728304,100.0,256.3728451728821,none,11
1877,vehicle.bmw.isetta,54.10762331426994,145.0,177,0.0,10,95.18135602811002,265.0500039495528,95.18135602811002,1482.244846343994,none,2
1878,vehicle.bmw.isetta,121.65021018505978,148.0,176,0.0,10,100.0,106.4500015862286,100.0,374.6990485191345,none,12
1879,vehicle.bmw.isetta,218.0465004233209,146.0,176,0.0,10,100.0,205.10000305622816,100.0,700.7148551940918,none,1
1880,vehicle.bmw.isetta,136.80629150040426,148.0,177,0.0,10,100.0,53.40000079572201,100.0,238.70498132705688,none,14
1881,vehicle.bmw.isetta,177.63438654998097,145.0,177,0.0,10,100.0,69.00000102818012,100.0,268.2829511165619,none,9
1882,vehicle.bmw.isetta,66.90389832381031,145.0,177,0.0,10,100.0,66.6500009931624,100.0,281.0546009540558,none,4
1883,vehicle.bmw.isetta,273.3407856255807,139.0,177,0.0,10,100.0,204.3500030450523,100.0,798.5314636230469,none,18
1884,vehicle.bmw.isetta,98.3758070779555,147.0,177,0.0,10,100.0,103.50000154227018,100.0,368.6643314361572,none,20
1885,vehicle.bmw.isetta,75.509947236394,147.0,177,0.0,10,100.0,26.400000393390656,100.0,94.73361206054688,none,7
1886,vehicle.bmw.isetta,215.69296777720123,145.0,177,0.0,10,100.0,160.25000238791108,100.0,607.1396188735962,none,10
1887,vehicle.bmw.isetta,127.99489155404224,146.0,176,0.0,10,100.0,187.5500027947128,100.0,723.1458837985992,none,9
1888,vehicle.bmw.isetta,113.54286258512876,143.0,177,0.0,10,100.0,32.850000489503145,100.0,120.83836698532104,none,3
1889,vehicle.bmw.isetta,77.70679167100221,146.0,176,0.0,10,100.0,36.700000546872616,100.0,115.41449689865112,none,0
1890,vehicle.bmw.isetta,128.00041635409687,143.0,177,0.0,10,100.0,209.7000031247735,100.0,845.7585389614105,none,3
1891,vehicle.bmw.isetta,63.61396366476734,143.0,177,0.0,10,98.72919707275364,339.4000050574541,98.72919707275364,1664.4505360126495,none,8
1892,vehicle.bmw.isetta,210.35719774473657,141.0,177,0.0,10,100.0,110.25000164285302,100.0,383.023962020874,none,4
1893,vehicle.bmw.isetta,218.17279493959552,145.0,177,0.0,10,98.63592041019255,669.8500099815428,98.63592041019255,2623.335201025009,none,9
1894,vehicle.bmw.isetta,114.13830922825704,141.0,177,0.0,10,100.0,107.80000160634518,100.0,418.2085223197937,none,8
1895,vehicle.bmw.isetta,91.5848828385856,147.0,177,0.0,10,100.0,45.70000068098307,100.0,169.07703590393066,none,14
1896,vehicle.bmw.isetta,127.5593661832002,142.0,177,0.0,10,95.98607626964666,571.0500085093081,95.98607626964666,2370.5278775691986,none,11
1897,vehicle.bmw.isetta,153.806218665598,143.0,177,0.0,10,100.0,226.60000337660315,100.0,1281.387751340866,none,20
1898,vehicle.bmw.isetta,230.50704928789344,142.0,177,0.0,10,100.0,206.55000307783484,100.0,949.7137978076936,none,6
1899,vehicle.bmw.isetta,155.21271208235316,143.0,177,0.0,10,100.0,172.4000025689602,100.0,632.2076263427734,none,5
1900,vehicle.bmw.isetta,68.45236296257079,145.0,177,0.0,10,100.0,66.50000099092722,100.0,243.5858187675476,none,16
1901,vehicle.bmw.isetta,289.7189203220309,148.0,177,0.0,10,100.0,145.550002168864,100.0,489.5548806190491,none,0
1902,vehicle.bmw.isetta,255.72384592595856,146.0,177,0.0,10,100.0,217.35000323876736,100.0,924.4828040599824,none,8
1903,vehicle.bmw.isetta,62.44134756354121,145.0,177,0.0,10,100.0,51.00000075995922,100.0,196.99866461753845,none,2
1904,vehicle.bmw.isetta,107.60914881202362,147.0,177,0.0,10,100.0,59.75000089034438,100.0,204.04151892662048,none,9
1905,vehicle.bmw.isetta,160.69567727484127,144.0,176,0.0,10,100.0,214.1000031903386,100.0,870.5815169811249,none,13
1906,vehicle.bmw.isetta,84.00000790754952,144.0,176,0.0,10,100.0,78.50000116974115,100.0,283.49570059776306,none,4
1907,vehicle.bmw.isetta,135.98085964910393,145.0,177,0.0,10,100.0,50.50000075250864,100.0,194.5033025741577,none,3
1908,vehicle.bmw.isetta,187.1840081355105,147.0,177,0.0,10,100.0,80.05000119283795,100.0,316.3448963165283,none,10
1909,vehicle.bmw.isetta,198.1508534574193,148.0,177,0.0,10,100.0,85.55000127479434,100.0,334.3940978050232,none,19
1910,vehicle.bmw.isetta,149.37026287944542,146.0,177,0.0,10,100.0,45.15000067278743,100.0,185.37868475914,none,12
1911,vehicle.bmw.isetta,78.14909887959358,144.0,176,0.0,10,100.0,164.7500024549663,100.0,638.2401945590973,none,11
1912,vehicle.bmw.isetta,169.63795273239205,141.0,177,0.0,10,100.0,46.45000069215894,100.0,190.46766090393064,none,2
1913,vehicle.bmw.isetta,201.75301977211643,146.0,177,0.0,10,100.0,193.4000028818845,100.0,738.8678936958313,none,2
1914,vehicle.bmw.isetta,84.73965023148577,148.0,177,0.0,10,100.0,68.50000102072954,100.0,355.39857387542725,none,5
1915,vehicle.bmw.isetta,199.61393678283733,145.0,177,0.0,10,100.0,73.85000110045075,100.0,297.6775932312012,none,17
1916,vehicle.bmw.isetta,231.035249317076,142.0,177,0.0,10,98.38340927399068,483.00000719726086,98.38340927399068,1633.4199976921082,none,2
1917,vehicle.bmw.isetta,224.4508093747655,145.0,176,0.0,10,100.0,147.80000220239162,100.0,641.8837904930115,none,10
1918,vehicle.bmw.isetta,160.59174114741538,141.0,176,0.0,10,100.0,250.50000373274088,100.0,871.5595126152039,none,14
1919,vehicle.bmw.isetta,175.09000599072704,150.0,177,0.0,10,100.0,132.90000198036432,100.0,567.4209434986115,none,3
1920,vehicle.bmw.isetta,105.7259278791228,144.0,177,0.0,10,100.0,55.90000083297491,100.0,268.367075920105,none,9
1921,vehicle.bmw.isetta,242.25000000600124,141.0,176,0.0,10,100.0,180.95000269636512,100.0,642.6036477088928,none,3
1922,vehicle.bmw.isetta,60.41715755173839,147.0,177,0.0,10,100.0,77.35000115260482,100.0,272.97864842414856,none,5
1923,vehicle.bmw.isetta,124.26716564462544,148.0,177,0.0,10,50.082832534267865,42.75000063702464,35.057982773987504,157.85870265960693,red_light,0
1924,vehicle.bmw.isetta,246.3376246675904,140.0,177,0.0,10,100.0,242.9500036202371,100.0,931.2220442295074,none,20
1925,vehicle.bmw.isetta,181.734017212836,145.0,176,0.0,10,100.0,75.75000112876296,100.0,268.05959486961365,none,2
1926,vehicle.bmw.isetta,61.75445811744025,139.0,176,0.0,10,100.0,245.7000036612153,100.0,1011.9104516506196,none,9
1927,vehicle.bmw.isetta,139.14688912305118,144.0,177,0.0,10,98.25259525949411,223.80000333487988,58.95155715569648,812.3713886737823,collisions_vehicle,15
1928,vehicle.bmw.isetta,92.62465890700264,148.0,177,0.0,10,100.0,20.10000029951334,100.0,85.44081854820251,none,20
1929,vehicle.bmw.isetta,174.25697675114515,146.0,177,0.0,10,100.0,120.9000018015504,100.0,499.8523404598236,none,10
1930,vehicle.bmw.isetta,183.97032391451447,150.0,177,0.0,10,100.0,79.4000011831522,100.0,280.74777030944824,none,9
1931,vehicle.bmw.isetta,202.18308424118496,145.0,177,0.0,10,100.0,143.20000213384628,100.0,500.03343176841736,none,2
1932,vehicle.bmw.isetta,152.86000559795005,140.0,177,0.0,10,100.0,100.05000149086118,100.0,409.9166872501373,none,6
1933,vehicle.bmw.isetta,69.96409608455757,149.0,177,0.0,10,100.0,122.65000182762742,100.0,495.55307960510254,none,7
1934,vehicle.bmw.isetta,160.56496478786465,145.0,177,0.0,10,100.0,131.90000196546316,100.0,496.5892903804779,none,8
1935,vehicle.bmw.isetta,144.41420865579255,147.0,177,0.0,10,100.0,184.50000274926424,100.0,797.9258348941803,none,13
1936,vehicle.bmw.isetta,141.2596863076324,143.0,177,0.0,10,100.0,43.7500006519258,100.0,159.55362010002136,none,20
1937,vehicle.bmw.isetta,250.70334896953392,146.0,177,0.0,10,100.0,202.70000302046537,100.0,751.0738592147827,none,2
1938,vehicle.bmw.isetta,94.00071938021614,148.0,177,0.0,10,100.0,28.10000041872263,100.0,94.99269461631776,none,1
1939,vehicle.bmw.isetta,78.52384916000362,139.0,177,0.0,10,100.0,93.50000139325856,100.0,279.34356689453125,none,7
1940,vehicle.bmw.isetta,103.99867141155153,148.0,177,0.0,10,100.0,29.4500004388392,100.0,107.75828146934508,none,10
1941,vehicle.bmw.isetta,59.41275985558396,142.0,177,0.0,10,100.0,18.75000027939677,100.0,80.39284658432007,none,0
1942,vehicle.bmw.isetta,220.3460545638561,142.0,177,0.0,10,98.48890213355476,484.4000072181225,98.48890213355476,1717.141644001007,none,18
1943,vehicle.bmw.isetta,91.16367443389557,146.0,177,0.0,10,100.0,215.80000321567056,100.0,892.3165833950043,none,0
1944,vehicle.bmw.isetta,126.5800249155539,149.0,177,0.0,10,100.0,130.10000193864107,100.0,496.1566390991211,none,13
1945,vehicle.bmw.isetta,115.78998008039962,146.0,177,0.0,10,100.0,45.10000067204237,100.0,156.70279955863953,none,13
1946,vehicle.bmw.isetta,199.0611845425313,144.0,177,0.0,10,100.0,56.90000084787607,100.0,223.8698620796204,none,5
1947,vehicle.bmw.isetta,39.51298327846472,147.0,177,0.0,10,100.0,217.60000324249268,100.0,871.6285126209259,none,0
1948,vehicle.bmw.isetta,134.82516645917676,147.0,177,0.0,10,100.0,127.8000019043684,100.0,467.168603181839,none,5
1949,vehicle.bmw.isetta,176.04473564672733,146.0,177,0.0,10,100.0,168.75000251457095,100.0,696.5977518558502,none,4
1950,vehicle.bmw.isetta,97.46146430176618,146.0,176,0.0,10,100.0,86.85000129416585,100.0,313.7545738220215,none,8
1951,vehicle.bmw.isetta,85.01128944107964,145.0,177,0.0,10,100.0,122.50000182539225,100.0,548.3902363777161,none,5
1952,vehicle.bmw.isetta,84.2791168394927,143.0,177,0.0,10,0.0,3.250000048428774,0.0,12.82355785369873,red_light,20
1953,vehicle.bmw.isetta,67.53636251445108,146.0,177,0.0,10,100.0,202.95000302419064,100.0,836.3110613822937,none,3
1954,vehicle.bmw.isetta,167.99996240809642,145.0,176,0.0,10,100.0,159.45000237599015,100.0,594.3967554569244,none,16
1955,vehicle.bmw.isetta,193.7218500399844,139.0,177,0.0,10,100.0,241.9000036045909,100.0,982.2849159240724,none,4
1956,vehicle.bmw.isetta,141.12593610356925,147.0,177,0.0,10,100.0,117.35000174865128,100.0,421.94084095954895,none,8
1957,vehicle.bmw.isetta,109.3971503213479,143.0,177,0.0,10,100.0,225.65000336244705,100.0,781.1691157817841,none,11
1958,vehicle.bmw.isetta,148.92514730795034,142.0,177,0.0,10,100.0,178.20000265538692,100.0,686.9041180610657,none,2
1959,vehicle.bmw.isetta,158.68891930218643,147.0,177,0.0,10,100.0,124.05000184848905,100.0,521.7153387069702,none,6
1960,vehicle.bmw.isetta,76.90635351557887,143.0,177,0.0,10,100.0,68.25000101700425,100.0,248.77969598770144,none,0
1961,vehicle.bmw.isetta,186.62042559656945,141.0,176,0.0,10,97.09405273520473,332.1500049494207,97.09405273520473,1101.662252664566,none,9
1962,vehicle.bmw.isetta,222.385490044924,145.0,176,0.0,10,100.0,106.00000157952309,100.0,440.6590156555176,none,17
1963,vehicle.bmw.isetta,178.23508386477212,144.0,177,0.0,10,100.0,144.70000215619802,100.0,722.6175129413605,none,20
1964,vehicle.bmw.isetta,78.0000161598569,147.0,177,0.0,10,100.0,95.00000141561031,100.0,438.5943121910095,none,15
1965,vehicle.bmw.isetta,118.8098843933318,145.0,177,0.0,10,100.0,173.100002579391,100.0,709.1451985836029,none,6
1966,vehicle.bmw.isetta,179.964561912339,144.0,177,0.0,10,97.40814634633664,118.25000176206233,68.18570244243564,408.4306128025055,red_light,0
1967,vehicle.bmw.isetta,169.5013052937602,144.0,177,0.0,10,100.0,146.30000218003988,100.0,511.1369013786316,none,15
1968,vehicle.bmw.isetta,132.53723393111662,141.0,177,0.0,10,100.0,134.20000199973583,100.0,477.57442259788513,none,10
1969,vehicle.bmw.isetta,165.70690746680884,147.0,177,0.0,10,100.0,213.6500031836331,100.0,853.8650524616241,none,8
1970,vehicle.bmw.isetta,242.2096374248703,144.0,177,0.0,10,100.0,193.15000287815928,100.0,821.4509241580963,none,16
1971,vehicle.bmw.isetta,243.72050897647105,146.0,177,0.0,10,100.0,204.85000305250287,100.0,915.803906917572,none,15
1972,vehicle.bmw.isetta,172.47023603808037,146.0,177,0.0,10,100.0,220.400003284216,100.0,770.1675119400024,none,3
1973,vehicle.bmw.isetta,215.6713346003968,143.0,177,0.0,10,100.0,182.60000272095203,100.0,684.3661761283875,none,7
1974,vehicle.bmw.isetta,117.5310984930196,147.0,177,0.0,10,100.0,72.15000107511878,100.0,315.9590721130371,none,4
1975,vehicle.bmw.isetta,236.0266182942848,146.0,176,0.0,10,100.0,75.80000112950802,100.0,281.8694906234741,none,4
1976,vehicle.bmw.isetta,91.7189155740634,145.0,177,0.0,10,100.0,82.00000122189522,100.0,373.997567653656,none,12
1977,vehicle.bmw.isetta,98.37931889628884,150.0,177,0.0,10,100.0,116.0000017285347,100.0,482.5860891342163,none,20
1978,vehicle.bmw.isetta,97.61171908771536,144.0,177,0.0,10,100.0,55.40000082552433,100.0,240.7385048866272,none,19
1979,vehicle.bmw.isetta,170.68055255753555,143.0,177,0.0,10,100.0,127.65000190213324,100.0,413.17804074287415,none,12
1980,vehicle.bmw.isetta,88.80355356292397,148.0,177,0.0,10,100.0,129.1000019237399,100.0,422.937953710556,none,15
1981,vehicle.bmw.isetta,85.49173440828262,143.0,177,0.0,10,100.0,118.850001771003,100.0,448.49391865730286,none,9
1982,vehicle.bmw.isetta,110.76065795970584,149.0,176,0.0,10,100.0,72.50000108033419,100.0,306.90263175964355,none,5
1983,vehicle.bmw.isetta,177.8571279682478,146.0,177,0.0,10,100.0,153.50000228732824,100.0,529.4099388122559,none,7
1984,vehicle.bmw.isetta,81.9999806667819,142.0,177,0.0,10,100.0,35.30000052601099,100.0,110.2680914402008,none,6
1985,vehicle.bmw.isetta,62.717139549735016,145.0,177,0.0,10,67.26963107420221,262.2500039078295,67.26963107420221,1332.7927803993225,none,12
1986,vehicle.bmw.isetta,181.206637504591,139.0,177,0.0,10,100.0,101.1000015065074,100.0,321.6106836795807,none,11
1987,vehicle.bmw.isetta,192.1228271723634,143.0,177,0.0,10,100.0,113.45000169053674,100.0,396.0616352558136,none,10
1988,vehicle.bmw.isetta,235.9040388418787,144.0,177,0.0,10,100.0,231.55000345036387,100.0,916.8523006439208,none,8
1989,vehicle.bmw.isetta,156.17705486881516,143.0,176,0.0,10,100.0,132.55000197514892,100.0,469.6138751506805,none,1
1990,vehicle.bmw.isetta,203.43585952739693,149.0,177,0.0,10,100.0,245.65000366047025,100.0,937.9448602199554,none,17
1991,vehicle.bmw.isetta,111.219846834658,145.0,177,0.0,10,100.0,47.40000070631504,100.0,172.94057893753052,none,12
1992,vehicle.bmw.isetta,234.6213070717789,143.0,177,0.0,10,100.0,65.90000098198652,100.0,251.11883568763733,none,19
1993,vehicle.bmw.isetta,123.1801075207984,147.0,177,0.0,10,98.60336352789842,694.9000103548169,98.60336352789842,2378.071792125702,none,10
1994,vehicle.bmw.isetta,50.35727855555831,144.0,177,0.0,10,100.0,57.75000086054206,100.0,220.09062576293945,none,19
1995,vehicle.bmw.isetta,89.66100072719145,145.0,177,0.0,10,100.0,149.90000223368406,100.0,588.7630636692047,none,5
1996,vehicle.bmw.isetta,138.3080047843275,144.0,177,0.0,10,100.0,102.35000152513383,100.0,471.19639801979065,none,10
1997,vehicle.bmw.isetta,226.40089809172488,145.0,177,0.0,10,100.0,272.0500040538609,100.0,1045.0168035030365,none,5
1998,vehicle.bmw.isetta,152.83714049296856,147.0,177,0.0,10,100.0,145.05000216141343,100.0,656.8856060504913,none,14
1999,vehicle.bmw.isetta,173.2256221408636,149.0,177,0.0,10,100.0,212.05000315979123,100.0,928.1448590755464,none,9
2000,vehicle.bmw.isetta,135.01133770819789,146.0,177,0.0,10,100.0,93.3500013910234,100.0,463.0992043018341,none,19
2001,vehicle.bmw.isetta,188.14687270246912,140.0,177,0.0,10,100.0,166.9000024870038,100.0,577.3152141571045,none,15
2002,vehicle.bmw.isetta,44.18144665181526,145.0,177,0.0,10,100.0,265.9000039622188,100.0,1189.9732930660248,none,16
2003,vehicle.bmw.isetta,30.31612559092024,144.0,177,0.0,10,100.0,149.1500022225082,100.0,569.9692459106445,none,2
2004,vehicle.bmw.isetta,82.52403395916362,144.0,177,0.0,10,95.39362544691988,304.3000045344233,95.39362544691988,1444.7797937393188,none,16
2005,vehicle.bmw.isetta,220.05331647310825,144.0,177,0.0,10,100.0,52.60000078380108,100.0,192.6126868724823,none,11
2006,vehicle.bmw.isetta,84.29327349453786,150.0,177,0.0,10,100.0,31.750000473111868,100.0,126.10340023040771,none,6
2007,vehicle.bmw.isetta,135.56536383854268,149.0,177,0.0,10,100.0,49.50000073760748,100.0,206.27609705924988,none,4
2008,vehicle.bmw.isetta,227.06584469435467,142.0,176,0.0,10,100.0,198.6000029593706,100.0,699.1776256561279,none,19
2009,vehicle.bmw.isetta,92.66999869677429,142.0,177,0.0,10,100.0,125.6500018723309,100.0,440.9451203346253,none,1
2010,vehicle.bmw.isetta,153.7799770326952,145.0,177,0.0,10,100.0,74.90000111609697,100.0,303.1483473777771,none,3
2011,vehicle.bmw.isetta,136.68384612986242,144.0,177,0.0,10,100.0,130.15000193938613,100.0,482.7312307357788,none,19
2012,vehicle.bmw.isetta,56.77745733053168,149.0,177,0.0,10,100.0,39.50000058859587,100.0,168.97957730293274,none,14
2013,vehicle.bmw.isetta,140.29320998810496,146.0,177,0.0,10,98.275651456717,469.7000069990754,98.275651456717,1793.660798072815,none,18
2014,vehicle.bmw.isetta,130.61080761316128,149.0,177,0.0,10,100.0,178.45000265911222,100.0,765.7319827079773,none,2
2015,vehicle.bmw.isetta,109.97205490190288,140.0,177,0.0,10,100.0,220.3000032827258,100.0,887.584587097168,none,3
2016,vehicle.bmw.isetta,190.57421685215644,148.0,177,0.0,10,100.0,107.35000159963964,100.0,456.4760539531708,none,19
2017,vehicle.bmw.isetta,161.24031255030107,140.0,177,0.0,10,100.0,115.85000172629952,100.0,530.9329857826233,none,19
2018,vehicle.bmw.isetta,212.0514713791468,144.0,176,0.0,10,98.83997997572818,364.7000054344535,98.83997997572818,1205.431200504303,none,18
2019,vehicle.bmw.isetta,50.13066670904022,147.0,177,0.0,10,100.0,13.65000020340085,100.0,51.41823816299439,none,17
2020,vehicle.bmw.isetta,9.903743135627703,143.0,177,0.0,10,51.79389394509767,84.0500012524426,31.0763363670586,387.6970555782318,collisions_vehicle,3
2021,vehicle.bmw.isetta,147.88777250643483,144.0,177,0.0,10,100.0,117.15000174567103,100.0,487.8019573688507,none,0
2022,vehicle.bmw.isetta,132.45084750914103,145.0,177,0.0,10,100.0,36.6000005453825,100.0,135.5224676132202,none,10
2023,vehicle.bmw.isetta,175.46213915057518,143.0,177,0.0,10,100.0,73.75000109896064,100.0,298.39295411109924,none,14
2024,vehicle.bmw.isetta,146.50222051911055,140.0,177,0.0,10,100.0,228.4000034034252,100.0,827.980232000351,none,15
2025,vehicle.bmw.isetta,97.78918153678758,145.0,177,0.0,10,100.0,25.950000386685133,100.0,110.54572629928587,none,0
2026,vehicle.bmw.isetta,84.7644301521923,149.0,177,0.0,10,100.0,128.00000190734863,100.0,601.7115774154663,none,14
2027,vehicle.bmw.isetta,138.25085451995548,141.0,177,0.0,10,100.0,91.10000135749578,100.0,303.1400396823883,none,0
2028,vehicle.bmw.isetta,207.01921297077124,134.0,177,0.0,11,100.0,97.85000145807862,100.0,595.5736227035522,none,0
2029,vehicle.bmw.isetta,82.7731237397857,131.0,177,0.0,11,30.19389838890897,43.950000654906034,18.11633903334538,241.02152395248413,collisions_vehicle,1
2030,vehicle.bmw.isetta,178.9391330373126,134.0,177,0.0,11,100.0,78.05000116303563,100.0,523.1281373500824,none,2
2031,vehicle.bmw.isetta,238.10978756392848,134.0,177,0.0,11,100.0,101.35000151023269,100.0,686.1784603595734,none,3
2032,vehicle.bmw.isetta,223.3329029008772,142.0,177,0.0,11,100.0,189.5500028245151,100.0,1352.7149736881256,none,1
2033,vehicle.bmw.isetta,167.56487086493937,134.0,177,0.0,11,100.0,79.20000118017197,100.0,580.6101372241974,none,4
2034,vehicle.bmw.isetta,194.9718798637444,130.0,177,0.0,11,98.34239665051068,193.6500028856099,68.83967765535748,1178.3399646282196,red_light,5
2035,vehicle.bmw.isetta,115.88590957775584,135.0,177,0.0,11,100.0,40.95000061020255,100.0,274.2704620361328,none,6
2036,vehicle.bmw.isetta,43.096043644042815,130.0,177,0.0,11,100.0,166.45000248029828,100.0,1038.4039053916931,none,3
2037,vehicle.bmw.isetta,58.63827134877027,0.0,177,0.0,11,0.0,0.050000000745058,0.0,0.3877201080322265,red_light,1
2038,vehicle.bmw.isetta,77.26589929384768,132.0,177,0.0,11,100.0,123.20000183582306,100.0,836.2381155490875,none,6
2039,vehicle.bmw.isetta,162.78504929646405,132.0,177,0.0,11,100.0,114.95000171288848,100.0,715.5986683368683,none,4
2040,vehicle.bmw.isetta,198.33133495156537,133.0,177,0.0,11,100.0,255.9500038139522,100.0,2000.7482686042783,none,7
2041,vehicle.bmw.isetta,101.61206212778252,133.0,177,0.0,11,100.0,81.00000120699406,100.0,445.4713065624237,none,8
2042,vehicle.bmw.isetta,114.14997116258075,133.0,177,0.0,11,55.83221739115794,80.50000119954348,33.49933043469476,452.3431136608124,collisions_vehicle,8
2043,vehicle.bmw.isetta,89.85816825817592,134.0,177,0.0,11,96.15008342249784,392.2000058442354,96.15008342249784,2454.4539926052094,none,3
2044,vehicle.bmw.isetta,117.1820118020656,135.0,176,0.0,11,100.0,79.55000118538737,100.0,443.74135065078735,none,5
2045,vehicle.bmw.isetta,124.7108900544878,137.0,177,0.0,11,100.0,90.50000134855507,100.0,513.4035186767578,none,6
2046,vehicle.bmw.isetta,97.85226981529962,134.0,177,0.0,11,100.0,71.10000105947256,100.0,480.8652410507202,none,9
2047,vehicle.bmw.isetta,152.4820958031289,136.0,177,0.0,11,100.0,74.80000111460686,100.0,493.4383494853973,none,2
2048,vehicle.bmw.isetta,273.33199613203595,133.0,177,0.0,11,100.0,204.4000030457973,100.0,1202.0867562294006,none,8
2049,vehicle.bmw.isetta,174.53322915148334,133.0,176,0.0,11,100.0,123.35000183805823,100.0,764.2158658504486,none,5
2050,vehicle.bmw.isetta,56.30132988530262,132.0,177,0.0,11,100.0,79.65000118687749,100.0,534.6313099861145,none,10
2051,vehicle.bmw.isetta,187.8028807307963,139.0,177,0.0,11,97.27652706649673,312.90000466257334,97.27652706649673,1793.048347711563,none,7
2052,vehicle.bmw.isetta,148.57995264526733,138.0,177,0.0,11,100.0,67.90000101178885,100.0,404.2970621585846,none,3
2053,vehicle.bmw.isetta,67.64448743494455,134.0,177,0.0,11,100.0,24.300000362098217,100.0,143.12868642807007,none,1
2054,vehicle.bmw.isetta,247.34437197628097,139.0,177,0.0,11,100.0,180.850002694875,100.0,1251.414302110672,none,9
2055,vehicle.bmw.isetta,185.99463978365304,131.0,177,0.0,11,100.0,49.0000007301569,100.0,282.61161851882935,none,11
2056,vehicle.bmw.isetta,50.992664209856144,133.0,177,0.0,11,100.0,47.80000071227551,100.0,304.8643262386322,none,12
2057,vehicle.bmw.isetta,80.77520493729264,134.0,177,0.0,11,90.08777162885528,309.90000461786985,54.05266297731317,1889.2095952034,collisions_vehicle,2
2058,vehicle.bmw.isetta,154.22773630668453,138.0,177,0.0,11,100.0,93.90000139921904,100.0,629.3503222465515,none,8
2059,vehicle.bmw.isetta,81.18335428520193,136.0,177,0.0,11,96.88424732039968,325.15000484511256,96.88424732039968,2108.282750606537,none,13
2060,vehicle.bmw.isetta,126.51974353648706,132.0,177,0.0,11,100.0,87.55000130459666,100.0,493.4712243080139,none,1
2061,vehicle.bmw.isetta,275.5098342056596,133.0,177,0.0,11,100.0,258.2000038474798,100.0,1496.0378477573397,none,12
2062,vehicle.bmw.isetta,161.0705508614438,134.0,177,0.0,11,100.0,57.95000086352229,100.0,381.4283535480499,none,8
2063,vehicle.bmw.isetta,212.21998513514657,138.0,177,0.0,11,100.0,215.05000320449471,100.0,1347.274335384369,none,14
2064,vehicle.bmw.isetta,92.67208641879182,133.0,177,0.0,11,100.0,33.05000049248338,100.0,215.52145195007324,none,13
2065,vehicle.bmw.isetta,155.64995003145023,136.0,177,0.0,11,100.0,72.40000107884407,100.0,432.5025024414063,none,13
2066,vehicle.bmw.isetta,168.14150198346732,136.0,177,0.0,11,100.0,141.65000211074948,100.0,1016.3487102985382,none,8
2067,vehicle.bmw.isetta,135.6931039120751,139.0,177,0.0,11,100.0,251.85000375285745,100.0,1575.281237602234,none,12
2068,vehicle.bmw.isetta,121.9713958242025,133.0,177,0.0,11,100.0,111.45000166073442,100.0,754.9546627998352,none,15
2069,vehicle.bmw.isetta,90.0830794673052,136.0,177,0.0,11,100.0,100.10000149160624,100.0,560.8525938987732,none,14
2070,vehicle.bmw.isetta,71.692100036983,137.0,176,0.0,11,100.0,211.90000315755609,100.0,1381.530912399292,none,14
2071,vehicle.bmw.isetta,195.33833164299287,134.0,177,0.0,11,97.72647362481806,395.1000058874488,97.72647362481806,2426.4698514938354,none,13
2072,vehicle.bmw.isetta,96.40022461549356,138.0,177,0.0,11,100.0,155.3500023148954,100.0,1069.2439291477203,none,5
2073,vehicle.bmw.isetta,151.55090419619987,135.0,177,0.0,11,100.0,113.0000016838312,100.0,684.5379452705383,none,11
2074,vehicle.bmw.isetta,185.7261592234176,135.0,177,0.0,11,100.0,195.6500029154122,100.0,1215.6087951660156,none,4
2075,vehicle.bmw.isetta,141.90401885803934,135.0,176,0.0,11,100.0,132.35000197216868,100.0,794.9072058200836,none,1
2076,vehicle.bmw.isetta,159.02180304401404,134.0,177,0.0,11,100.0,41.60000061988831,100.0,313.0814599990845,none,1
2077,vehicle.bmw.isetta,69.93839879481226,134.0,177,0.0,11,100.0,94.10000140219928,100.0,664.8916201591492,none,14
2078,vehicle.bmw.isetta,222.93380901648845,132.0,177,0.0,11,100.0,245.9500036649406,100.0,1498.4518029689789,none,3
2079,vehicle.bmw.isetta,237.9464389452768,139.0,177,0.0,11,100.0,186.7000027820468,100.0,1148.8644754886627,none,16
2080,vehicle.bmw.isetta,200.10978739194945,129.0,177,0.0,11,100.0,74.7500011138618,100.0,530.8044226169586,none,17
2081,vehicle.bmw.isetta,139.8224897592828,133.0,176,0.0,11,97.70498337349976,283.90000423043966,68.39348836144984,1735.117297410965,red_light,2
2082,vehicle.bmw.isetta,129.7494968599369,136.0,177,0.0,11,100.0,177.25000264123082,100.0,1137.402241230011,none,3
2083,vehicle.bmw.isetta,59.98171397690685,134.0,177,0.0,11,100.0,18.05000026896596,100.0,118.8510468006134,none,5
2084,vehicle.bmw.isetta,164.30197183978018,132.0,176,0.0,11,100.0,64.8500009663403,100.0,358.5756940841675,none,18
2085,vehicle.bmw.isetta,135.3497162420629,131.0,177,0.0,11,96.70174395066348,331.85000494495034,96.70174395066348,1760.853192806244,none,7
2086,vehicle.bmw.isetta,85.66889046054116,131.0,177,0.0,11,100.0,45.000000670552254,100.0,318.04872846603394,none,19
2087,vehicle.bmw.isetta,62.57769689198829,135.0,177,0.0,11,100.0,64.75000096485019,100.0,370.1780126094818,none,14
2088,vehicle.bmw.isetta,209.0502379953276,136.0,177,0.0,11,100.0,152.90000227838755,100.0,906.8521060943604,none,7
2089,vehicle.bmw.isetta,109.91696340852243,134.0,177,0.0,11,100.0,120.4000017940998,100.0,786.937912940979,none,20
2090,vehicle.bmw.isetta,112.25633952510816,130.0,177,0.0,11,100.0,97.50000145286322,100.0,614.2512898445129,none,11
2091,vehicle.bmw.isetta,113.50148540809884,139.0,177,0.0,11,100.0,66.30000098794699,100.0,377.1769111156464,none,8
2092,vehicle.bmw.isetta,245.14782311563644,139.0,176,0.0,11,98.78611995511892,518.8500077314675,98.78611995511892,2947.084668159485,none,18
2093,vehicle.bmw.isetta,250.12245508861588,135.0,177,0.0,11,100.0,144.30000215023756,100.0,871.8085153102875,none,14
2094,vehicle.bmw.isetta,54.506131352703086,137.0,177,0.0,11,96.30476837534653,245.1000036522746,96.30476837534653,1366.8077552318573,none,14
2095,vehicle.bmw.isetta,132.2912577005324,134.0,177,0.0,11,100.0,48.85000072792173,100.0,284.88337206840515,none,18
2096,vehicle.bmw.isetta,84.74849002285849,138.0,177,0.0,11,100.0,70.50000105053186,100.0,496.3866693973541,none,9
2097,vehicle.bmw.isetta,152.37286603245602,133.0,177,0.0,11,100.0,49.25000073388219,100.0,355.28403186798096,none,9
2098,vehicle.bmw.isetta,170.35434195336265,135.0,177,0.0,11,100.0,69.750001039356,100.0,418.16896510124207,none,4
2099,vehicle.bmw.isetta,135.50261038028492,134.0,177,0.0,11,100.0,135.10000201314688,100.0,928.6339349746704,none,20
2100,vehicle.bmw.isetta,184.08247304405248,131.0,177,0.0,11,98.38996095684664,208.45000310614705,68.87297266979265,1332.1493711471558,red_light,5
2101,vehicle.bmw.isetta,185.4022201237888,133.0,177,0.0,11,100.0,155.4500023163855,100.0,923.8504631519318,none,6
2102,vehicle.bmw.isetta,262.73995804947594,136.0,177,0.0,11,100.0,241.45000359788537,100.0,1404.4399404525757,none,0
2103,vehicle.bmw.isetta,128.95913185645716,141.0,177,0.0,11,100.0,65.95000098273158,100.0,373.81094455718994,none,2
2104,vehicle.bmw.isetta,157.49129412890363,138.0,176,0.0,11,100.0,49.70000074058771,100.0,297.02281069755554,none,13
2105,vehicle.bmw.isetta,105.84117500426734,139.0,177,0.0,11,95.14760542348,331.8000049442053,95.14760542348,2051.7237770557404,none,9
2106,vehicle.bmw.isetta,106.08523701555264,134.0,177,0.0,11,100.0,118.10000175982714,100.0,743.2910535335541,none,0
2107,vehicle.bmw.isetta,134.9649352416446,135.0,177,0.0,11,100.0,261.9500039033592,100.0,1594.2151911258698,none,20
2108,vehicle.bmw.isetta,133.9996692194524,133.0,177,0.0,11,100.0,27.250000406056643,100.0,174.10439610481262,none,2
2109,vehicle.bmw.isetta,188.62217081727417,134.0,176,0.0,11,100.0,100.90000150352716,100.0,600.6759974956512,none,8
2110,vehicle.bmw.isetta,56.72804923831599,133.0,177,0.0,11,100.0,51.75000077113509,100.0,322.48354959487915,none,20
2111,vehicle.bmw.isetta,55.99933212657137,135.0,177,0.0,11,100.0,12.800000190734863,100.0,85.39026141166687,none,12
2112,vehicle.bmw.isetta,77.74474012433396,138.0,177,0.0,11,100.0,120.85000180080532,100.0,989.0818071365356,none,9
2113,vehicle.bmw.isetta,201.47522325688308,134.0,177,0.0,11,100.0,104.60000155866146,100.0,710.397801399231,none,0
2114,vehicle.bmw.isetta,57.91582883374336,129.0,177,0.0,11,100.0,142.40000212192535,100.0,855.4041562080383,none,20
2115,vehicle.bmw.isetta,233.5059863989048,137.0,176,0.0,11,100.0,131.40000195801258,100.0,948.1591770648956,none,19
2116,vehicle.bmw.isetta,136.38078640210082,133.0,176,0.0,11,97.4661112952578,301.30000448971987,97.4661112952578,1766.3191237449646,none,17
2117,vehicle.bmw.isetta,64.84443288939383,131.0,176,0.0,11,100.0,169.95000253245234,100.0,1158.9973011016846,none,9
2118,vehicle.bmw.isetta,63.51635132231508,132.0,176,0.0,11,100.0,37.40000055730343,100.0,273.325092792511,none,2
2119,vehicle.bmw.isetta,147.48200195171145,137.0,177,0.0,11,100.0,108.95000162348153,100.0,711.4933271408081,none,20
2120,vehicle.bmw.isetta,217.51892947055245,134.0,177,0.0,11,100.0,66.20000098645687,100.0,405.91157937049866,none,1
2121,vehicle.bmw.isetta,190.8164069727564,135.0,177,0.0,11,100.0,117.50000175088644,100.0,712.123527765274,none,5
2122,vehicle.bmw.isetta,254.1060713159461,137.0,177,0.0,11,98.04729221436868,317.750004734844,98.04729221436868,1794.1679265499115,none,8
2123,vehicle.bmw.isetta,165.2617979987117,130.0,177,0.0,11,100.0,131.65000196173787,100.0,806.3962106704712,none,1
2124,vehicle.bmw.isetta,149.99601064107898,130.0,177,0.0,11,100.0,185.6500027664005,100.0,1140.8359639644625,none,14
2125,vehicle.bmw.isetta,71.50994652828354,129.0,177,0.0,11,100.0,18.6000002771616,100.0,110.85478830337524,none,19
2126,vehicle.bmw.isetta,135.46155381851938,136.0,177,0.0,11,100.0,161.75000241026282,100.0,903.729825258255,none,14
2127,vehicle.bmw.isetta,156.79689825163248,133.0,177,0.0,11,100.0,82.35000122711062,100.0,573.0986835956573,none,1
2128,vehicle.bmw.isetta,83.13450328178256,131.0,177,0.0,11,100.0,28.8500004298985,100.0,160.6330943107605,none,17
2129,vehicle.bmw.isetta,250.78999932384824,138.0,177,0.0,11,100.0,193.45000288262963,100.0,1266.2279031276703,none,10
2130,vehicle.bmw.isetta,114.62667096986732,129.0,177,0.0,11,100.0,78.65000117197633,100.0,503.4295263290405,none,2
2131,vehicle.bmw.isetta,63.43423489382118,135.0,177,0.0,11,100.0,97.1500014476478,100.0,660.4758243560791,none,9
2132,vehicle.bmw.isetta,192.3656901274608,136.0,176,0.0,11,100.0,122.95000183209775,100.0,829.9004673957825,none,3
2133,vehicle.bmw.isetta,209.0900054293799,131.0,177,0.0,11,100.0,136.8500020392239,100.0,985.3206052780153,none,7
2134,vehicle.bmw.isetta,70.43334556254084,138.0,177,0.0,11,100.0,137.3500020466745,100.0,884.0776720046997,none,18
2135,vehicle.bmw.isetta,257.85431282278745,130.0,177,0.0,11,100.0,118.30000176280736,100.0,813.3416204452515,none,13
2136,vehicle.bmw.isetta,163.9999400746265,130.0,177,0.0,11,100.0,69.80000104010105,100.0,460.72232937812805,none,18
2137,vehicle.bmw.isetta,269.2091664486068,134.0,177,0.0,11,100.0,260.1500038765371,100.0,1746.574135303497,none,0
2138,vehicle.bmw.isetta,171.19559751444055,130.0,177,0.0,11,100.0,155.75000232085586,100.0,900.0873684883118,none,8
2139,vehicle.bmw.isetta,98.00128842523004,136.0,177,0.0,11,100.0,19.25000028684736,100.0,124.27106070518494,none,11
2140,vehicle.bmw.isetta,4.00000021027517,141.0,177,0.0,11,100.0,170.10000253468752,100.0,1119.154866695404,none,13
2141,vehicle.bmw.isetta,251.3352438596285,135.0,177,0.0,11,100.0,146.6500021852553,100.0,863.0065805912018,none,12
2142,vehicle.bmw.isetta,271.3472965796286,134.0,177,0.0,11,100.0,196.300002925098,100.0,1421.7623615264893,none,9
2143,vehicle.bmw.isetta,126.89068320142172,136.0,177,0.0,11,100.0,97.70000145584343,100.0,713.7013442516327,none,9
2144,vehicle.bmw.isetta,65.17453134346205,138.0,177,0.0,11,100.0,185.5000027641654,100.0,1199.8770179748535,none,4
2145,vehicle.bmw.isetta,191.8171785347349,138.0,177,0.0,11,100.0,76.35000113770366,100.0,543.4520211219788,none,6
2146,vehicle.bmw.isetta,135.53081141470167,132.0,176,0.0,11,100.0,176.70000263303518,100.0,1036.2094032764437,none,9
2147,vehicle.bmw.isetta,159.83405030843176,137.0,177,0.0,11,73.4590948427152,151.95000226423144,44.07545690562912,878.7793138027191,collisions_vehicle,19
2148,vehicle.bmw.isetta,120.04475960989669,135.0,177,0.0,11,100.0,35.950000535696745,100.0,252.8844690322876,none,3
2149,vehicle.bmw.isetta,83.45133697663786,143.0,177,0.0,11,100.0,58.55000087246299,100.0,366.7145264148712,none,8
2150,vehicle.bmw.isetta,147.97621366078394,0.0,177,0.0,11,0.0,0.050000000745058,0.0,0.378486156463623,red_light,1
2151,vehicle.bmw.isetta,149.18479208755417,132.0,177,0.0,11,100.0,43.900000654160976,100.0,257.06903171539307,none,2
2152,vehicle.bmw.isetta,240.84659042508247,137.0,177,0.0,11,98.08661034899896,318.95000475272536,98.08661034899896,1839.927862644196,none,0
2153,vehicle.bmw.isetta,141.7120253036426,131.0,177,0.0,11,100.0,111.100001655519,100.0,689.8950481414795,none,7
2154,vehicle.bmw.isetta,134.68550795661574,134.0,177,0.0,11,100.0,122.65000182762742,100.0,831.8852586746216,none,14
2155,vehicle.bmw.isetta,217.9950009430536,135.0,177,0.0,11,100.0,143.85000214353204,100.0,1037.330190896988,none,6
2156,vehicle.bmw.isetta,140.85397776372758,134.0,177,0.0,11,100.0,105.55000157281756,100.0,718.1471164226532,none,9
2157,vehicle.bmw.isetta,141.17222919562278,136.0,176,0.0,11,100.0,164.6500024534762,100.0,926.3522117137908,none,5
2158,vehicle.bmw.isetta,57.690003107429895,135.0,177,0.0,11,100.0,53.35000079497695,100.0,336.92994832992554,none,14
2159,vehicle.bmw.isetta,211.56213862926955,132.0,177,0.0,11,100.0,80.90000120550394,100.0,499.714946269989,none,10
2160,vehicle.bmw.isetta,130.30642004913034,132.0,177,0.0,11,97.45205089886544,552.050008226186,97.45205089886544,4050.57839179039,none,2
2161,vehicle.bmw.isetta,216.3700031067862,135.0,176,0.0,11,100.0,103.05000153556466,100.0,702.1310336589813,none,7
2162,vehicle.bmw.isetta,97.7799995055068,137.0,177,0.0,11,100.0,50.80000075697899,100.0,392.6376526355744,none,10
2163,vehicle.bmw.isetta,91.21650580385666,134.0,177,0.0,11,100.0,95.10000141710044,100.0,607.4732446670532,none,1
2164,vehicle.bmw.isetta,153.947210454538,136.0,177,0.0,11,100.0,135.75000202283263,100.0,900.8718144893646,none,12
2165,vehicle.bmw.isetta,119.900140564025,132.0,176,0.0,11,100.0,119.95000178739429,100.0,695.8136868476868,none,11
2166,vehicle.bmw.isetta,238.7324055173933,138.0,177,0.0,11,100.0,145.85000217333436,100.0,923.0935111045836,none,5
2167,vehicle.bmw.isetta,151.87153975210185,128.0,177,0.0,11,100.0,285.95000426098704,100.0,1744.075340270996,none,20
2168,vehicle.bmw.isetta,247.73842490293512,135.0,177,0.0,11,100.0,159.00000236928463,100.0,915.360377073288,none,9
2169,vehicle.bmw.isetta,278.8517179140669,134.0,177,0.0,11,100.0,179.70000267773867,100.0,1217.8094103336334,none,10
2170,vehicle.bmw.isetta,13.066559092344626,136.0,177,0.0,11,97.81316640436968,422.0500062890351,97.81316640436968,2500.436491012573,none,6
2171,vehicle.bmw.isetta,133.6516813305543,133.0,177,0.0,11,100.0,65.20000097155571,100.0,397.2693784236908,none,6
2172,vehicle.bmw.isetta,115.96521403280724,133.0,177,0.0,11,100.0,151.15000225231051,100.0,941.816546201706,none,18
2173,vehicle.bmw.isetta,185.93342229434964,138.0,177,0.0,11,100.0,64.20000095665455,100.0,389.44697523117065,none,18
2174,vehicle.bmw.isetta,167.38486120028512,134.0,176,0.0,11,100.0,35.6500005312264,100.0,229.68208241462708,none,19
2175,vehicle.bmw.isetta,251.15731424878263,140.0,177,0.0,11,97.88798631802662,299.40000446140766,68.52159042261863,1877.8611862659448,red_light,6
2176,vehicle.bmw.isetta,97.41958226021404,135.0,177,0.0,11,100.0,96.55000143870711,100.0,599.9317951202393,none,11
2177,vehicle.bmw.isetta,54.10762331426994,134.0,177,0.0,11,100.0,123.65000184252858,100.0,966.75497341156,none,2
2178,vehicle.bmw.isetta,121.65021018505978,136.0,176,0.0,11,100.0,98.7000014707446,100.0,591.6239032745361,none,12
2179,vehicle.bmw.isetta,218.0465004233209,135.0,176,0.0,11,100.0,195.450002912432,100.0,1144.222870349884,none,1
2180,vehicle.bmw.isetta,136.80629150040426,135.0,177,0.0,11,19.778750327767018,199.7000029757619,19.778750327767018,1382.9617512226105,none,14
2181,vehicle.bmw.isetta,177.63438654998097,134.0,176,0.0,11,100.0,59.650000888854265,100.0,366.1803424358368,none,9
2182,vehicle.bmw.isetta,66.90389832381031,134.0,177,0.0,11,100.0,60.55000090226531,100.0,376.567479133606,none,4
2183,vehicle.bmw.isetta,273.3407856255807,129.0,177,0.0,11,100.0,203.250003028661,100.0,1259.3652667999268,none,18
2184,vehicle.bmw.isetta,98.3758070779555,137.0,177,0.0,11,100.0,53.250000793486834,100.0,298.1064658164978,none,20
2185,vehicle.bmw.isetta,75.509947236394,136.0,177,0.0,11,100.0,22.95000034198165,100.0,137.4609751701355,none,7
2186,vehicle.bmw.isetta,215.69296777720123,132.0,177,0.0,11,100.0,112.50000167638063,100.0,728.9909474849701,none,10
2187,vehicle.bmw.isetta,127.99489155404224,139.0,176,0.0,11,100.0,185.6500027664005,100.0,1167.038453578949,none,9
2188,vehicle.bmw.isetta,113.54286258512876,141.0,177,0.0,11,100.0,30.600000455975533,100.0,189.73577451705933,none,3
2189,vehicle.bmw.isetta,77.70679167100221,133.0,176,0.0,11,100.0,33.900000505149364,100.0,179.59716248512268,none,0
2190,vehicle.bmw.isetta,128.00041635409687,131.0,177,0.0,11,100.0,158.35000235959888,100.0,1004.3012521266936,none,3
2191,vehicle.bmw.isetta,63.61396366476734,133.0,177,0.0,11,97.85111675898274,512.1500076316297,97.85111675898274,3596.098541736603,none,8
2192,vehicle.bmw.isetta,210.35719774473657,134.0,177,0.0,11,100.0,96.2000014334917,100.0,576.4791197776794,none,4
2193,vehicle.bmw.isetta,218.17279493959552,132.0,177,0.0,11,98.29318517346394,398.25000593438745,98.29318517346394,2552.615526199341,none,9
2194,vehicle.bmw.isetta,114.13830922825704,134.0,177,0.0,11,100.0,144.30000215023756,100.0,862.7271580696106,none,8
2195,vehicle.bmw.isetta,91.5848828385856,138.0,177,0.0,11,100.0,47.85000071302056,100.0,272.9830536842346,none,14
2196,vehicle.bmw.isetta,127.5593661832002,136.0,177,0.0,11,96.69151166334508,483.25000720098615,96.69151166334508,3123.96146440506,none,11
2197,vehicle.bmw.isetta,153.806218665598,138.0,177,0.0,11,100.0,141.65000211074948,100.0,1018.2336912155153,none,20
2198,vehicle.bmw.isetta,230.50704928789344,134.0,177,0.0,11,19.020508631806752,209.85000312700868,19.020508631806752,1795.4055516719818,none,6
2199,vehicle.bmw.isetta,155.21271208235316,134.0,177,0.0,11,98.49285644146929,304.3500045351684,98.49285644146929,1830.9104244709013,none,5
2200,vehicle.bmw.isetta,68.45236296257079,131.0,177,0.0,11,100.0,70.00000104308128,100.0,406.07611870765686,none,16
2201,vehicle.bmw.isetta,289.7189203220309,132.0,177,0.0,11,100.0,142.7000021263957,100.0,844.1868991851807,none,0
2202,vehicle.bmw.isetta,255.72384592595856,136.0,177,0.0,11,100.0,213.3500031791628,100.0,1361.8904361724854,none,8
2203,vehicle.bmw.isetta,62.44134756354121,136.0,177,0.0,11,100.0,55.30000082403421,100.0,334.2511143684387,none,2
2204,vehicle.bmw.isetta,107.60914881202362,134.0,177,0.0,11,100.0,63.20000094175339,100.0,383.6217770576477,none,9
2205,vehicle.bmw.isetta,160.69567727484127,136.0,176,0.0,11,100.0,168.65000251308084,100.0,1085.7366020679474,none,13
2206,vehicle.bmw.isetta,84.00000790754952,132.0,176,0.0,11,100.0,62.000000923872,100.0,366.38099694252014,none,4
2207,vehicle.bmw.isetta,135.98085964910393,136.0,177,0.0,11,100.0,35.400000527501106,100.0,224.43793892860413,none,3
2208,vehicle.bmw.isetta,187.1840081355105,130.0,177,0.0,11,100.0,79.70000118762255,100.0,515.7531411647797,none,10
2209,vehicle.bmw.isetta,198.1508534574193,136.0,177,0.0,11,100.0,84.90000126510859,100.0,578.8992652893066,none,19
2210,vehicle.bmw.isetta,149.37026287944542,137.0,177,0.0,11,100.0,35.35000052675605,100.0,255.4606287479401,none,12
2211,vehicle.bmw.isetta,78.14909887959358,137.0,176,0.0,11,100.0,201.7000030055642,100.0,1259.4013209342957,none,11
2212,vehicle.bmw.isetta,169.63795273239205,132.0,177,0.0,11,100.0,39.1000005826354,100.0,277.20439743995667,none,2
2213,vehicle.bmw.isetta,201.75301977211643,138.0,177,0.0,11,100.0,191.3500028513372,100.0,1302.5010221004486,none,2
2214,vehicle.bmw.isetta,84.73965023148577,143.0,177,0.0,11,100.0,66.75000099465251,100.0,484.82946491241455,none,5
2215,vehicle.bmw.isetta,199.61393678283733,132.0,177,0.0,11,100.0,68.95000102743506,100.0,435.0248358249664,none,17
2216,vehicle.bmw.isetta,231.035249317076,135.0,177,0.0,11,98.38340927399068,392.7500058524311,98.38340927399068,2255.825416326523,none,2
2217,vehicle.bmw.isetta,224.4508093747655,133.0,177,0.0,11,100.0,191.15000284835696,100.0,1352.937651872635,none,10
2218,vehicle.bmw.isetta,160.59174114741538,131.0,176,0.0,11,100.0,165.45000246539712,100.0,918.4874885082244,none,14
2219,vehicle.bmw.isetta,175.09000599072704,137.0,177,0.0,11,100.0,172.1500025652349,100.0,1122.8919305801392,none,3
2220,vehicle.bmw.isetta,105.7259278791228,133.0,177,0.0,11,100.0,56.1500008367002,100.0,456.3800423145294,none,9
2221,vehicle.bmw.isetta,242.25000000600124,138.0,176,0.0,11,100.0,133.90000199526548,100.0,802.8448445796967,none,3
2222,vehicle.bmw.isetta,60.41715755173839,132.0,177,0.0,11,100.0,76.55000114068389,100.0,432.3740243911743,none,5
2223,vehicle.bmw.isetta,124.26716564462544,130.0,177,0.0,11,95.17989961785172,336.3500050120056,95.17989961785172,1762.9496109485626,none,0
2224,vehicle.bmw.isetta,246.3376246675904,134.0,177,0.0,11,100.0,241.20000359416008,100.0,1490.611435174942,none,20
2225,vehicle.bmw.isetta,181.734017212836,131.0,177,0.0,11,100.0,66.6500009931624,100.0,387.9460422992706,none,2
2226,vehicle.bmw.isetta,61.75445811744025,136.0,176,0.0,11,100.0,199.800002977252,100.0,1428.5076253414154,none,9
2227,vehicle.bmw.isetta,139.14688912305118,135.0,177,0.0,11,97.37888600203024,128.1500019095838,58.42733160121814,827.8566150665283,collisions_vehicle,15
2228,vehicle.bmw.isetta,92.62465890700264,136.0,177,0.0,11,100.0,21.250000316649675,100.0,133.59942078590393,none,20
2229,vehicle.bmw.isetta,174.25697675114515,132.0,177,0.0,11,100.0,124.85000186040998,100.0,879.8861358165741,none,10
2230,vehicle.bmw.isetta,183.97032391451447,134.0,177,0.0,11,100.0,67.3500010035932,100.0,400.23710894584656,none,9
2231,vehicle.bmw.isetta,202.18308424118496,132.0,177,0.0,11,100.0,104.10000155121088,100.0,621.2758622169495,none,2
2232,vehicle.bmw.isetta,152.86000559795005,134.0,177,0.0,11,100.0,143.20000213384628,100.0,951.9108469486235,none,6
2233,vehicle.bmw.isetta,69.96409608455757,137.0,177,0.0,11,100.0,77.70000115782022,100.0,473.2984426021576,none,7
2234,vehicle.bmw.isetta,160.56496478786465,132.0,177,0.0,11,100.0,132.05000196769834,100.0,726.4784190654755,none,8
2235,vehicle.bmw.isetta,144.41420865579255,138.0,177,0.0,11,100.0,136.90000203996897,100.0,882.4865236282349,none,13
2236,vehicle.bmw.isetta,141.2596863076324,134.0,177,0.0,11,100.0,37.75000056251884,100.0,222.7500936985016,none,20
2237,vehicle.bmw.isetta,250.70334896953392,133.0,177,0.0,11,100.0,201.3500030003488,100.0,1131.2223632335665,none,2
2238,vehicle.bmw.isetta,94.00071938021614,134.0,177,0.0,11,100.0,24.75000036880374,100.0,147.44639778137207,none,1
2239,vehicle.bmw.isetta,78.52384916000362,131.0,177,0.0,11,100.0,23.600000351667404,100.0,124.02797603607178,none,7
2240,vehicle.bmw.isetta,103.99867141155153,137.0,177,0.0,11,100.0,23.550000350922343,100.0,155.46684646606445,none,10
2241,vehicle.bmw.isetta,59.41275985558396,135.0,177,0.0,11,100.0,18.0000002682209,100.0,128.67561101913452,none,0
2242,vehicle.bmw.isetta,220.3460545638561,135.0,177,0.0,11,98.48890213355476,577.7500086091459,98.48890213355476,3420.3398537635803,none,18
2243,vehicle.bmw.isetta,91.16367443389557,134.0,177,0.0,11,100.0,223.2000033259392,100.0,1388.3604397773745,none,0
2244,vehicle.bmw.isetta,126.5800249155539,134.0,177,0.0,11,100.0,170.15000253543258,100.0,1104.5622704029083,none,13
2245,vehicle.bmw.isetta,115.78998008039962,134.0,177,0.0,11,100.0,85.25000127032399,100.0,480.94997549057007,none,13
2246,vehicle.bmw.isetta,199.0611845425313,141.0,177,0.0,11,100.0,60.25000089779496,100.0,366.51018500328064,none,5
2247,vehicle.bmw.isetta,39.51298327846472,133.0,177,0.0,11,100.0,211.2500031478703,100.0,1378.9238994121552,none,0
2248,vehicle.bmw.isetta,134.82516645917676,133.0,177,0.0,11,100.0,79.60000118613243,100.0,452.63488721847534,none,5
2249,vehicle.bmw.isetta,176.04473564672733,137.0,177,0.0,11,100.0,133.0500019825995,100.0,948.927443742752,none,4
2250,vehicle.bmw.isetta,97.46146430176618,133.0,176,0.0,11,100.0,46.35000069066882,100.0,251.26489996910087,none,8
2251,vehicle.bmw.isetta,85.01128944107964,135.0,177,0.0,11,100.0,83.30000124126673,100.0,515.564600944519,none,5
2252,vehicle.bmw.isetta,84.2791168394927,136.0,177,0.0,11,0.0,3.000000044703484,0.0,17.43168878555298,red_light,20
2253,vehicle.bmw.isetta,67.53636251445108,138.0,177,0.0,11,100.0,160.1000023856759,100.0,1103.2084455490112,none,3
2254,vehicle.bmw.isetta,167.99996240809642,134.0,176,0.0,11,100.0,113.20000168681143,100.0,701.5677509307861,none,16
2255,vehicle.bmw.isetta,193.7218500399844,135.0,177,0.0,11,100.0,230.2000034302473,100.0,1597.5665771961212,none,4
2256,vehicle.bmw.isetta,141.12593610356925,135.0,177,0.0,11,100.0,125.5500018708408,100.0,711.0856177806854,none,8
2257,vehicle.bmw.isetta,109.3971503213479,130.0,177,0.0,11,100.0,130.6500019468367,100.0,771.8693993091583,none,11
2258,vehicle.bmw.isetta,148.92514730795034,142.0,177,0.0,11,100.0,138.20000205934048,100.0,873.667756319046,none,2
2259,vehicle.bmw.isetta,158.68891930218643,130.0,177,0.0,11,100.0,115.90000172704458,100.0,749.003092288971,none,6
2260,vehicle.bmw.isetta,76.90635351557887,135.0,177,0.0,11,100.0,68.50000102072954,100.0,395.89100432395935,none,0
2261,vehicle.bmw.isetta,186.62042559656945,136.0,176,0.0,11,97.09405273520473,382.75000570341945,97.09405273520473,2190.3258283138275,none,9
2262,vehicle.bmw.isetta,222.385490044924,133.0,176,0.0,11,100.0,91.15000135824084,100.0,610.9049093723297,none,17
2263,vehicle.bmw.isetta,178.23508386477212,136.0,177,0.0,11,100.0,168.75000251457095,100.0,1170.7616591453552,none,20
2264,vehicle.bmw.isetta,78.0000161598569,137.0,176,0.0,11,100.0,54.30000080913305,100.0,430.5798089504242,none,15
2265,vehicle.bmw.isetta,118.8098843933318,134.0,177,0.0,11,100.0,188.70000281184912,100.0,1184.5126225948334,none,6
2266,vehicle.bmw.isetta,179.964561912339,139.0,177,0.0,11,97.99369101893092,290.45000432804227,97.99369101893092,1662.943620443344,none,0
2267,vehicle.bmw.isetta,169.5013052937602,132.0,177,0.0,11,100.0,137.05000204220414,100.0,799.3035106658936,none,15
2268,vehicle.bmw.isetta,132.53723393111662,132.0,177,0.0,11,100.0,77.15000114962459,100.0,485.0128276348114,none,10
2269,vehicle.bmw.isetta,165.70690746680884,132.0,177,0.0,11,100.0,576.5000085905194,100.0,3457.302700281143,none,8
2270,vehicle.bmw.isetta,242.2096374248703,133.0,177,0.0,11,98.5071878192123,421.3000062778592,98.5071878192123,2590.020218372345,none,16
2271,vehicle.bmw.isetta,243.72050897647105,132.0,177,0.0,11,100.0,153.50000228732824,100.0,1157.5888347625732,none,15
2272,vehicle.bmw.isetta,172.47023603808037,134.0,177,0.0,11,100.0,128.7500019185245,100.0,746.4300532341003,none,3
2273,vehicle.bmw.isetta,215.6713346003968,133.0,177,0.0,11,100.0,181.5500027053058,100.0,1208.8341584205627,none,7
2274,vehicle.bmw.isetta,117.5310984930196,136.0,177,0.0,11,100.0,82.35000122711062,100.0,601.354745388031,none,4
2275,vehicle.bmw.isetta,236.0266182942848,133.0,177,0.0,11,96.2368031379306,50.5500007532537,62.553922039654886,305.0285997390747,collisions_layout,4
2276,vehicle.bmw.isetta,91.7189155740634,133.0,177,0.0,11,100.0,105.90000157803296,100.0,728.4348874092102,none,12
2277,vehicle.bmw.isetta,98.37931889628884,139.0,177,0.0,11,100.0,109.90000163763762,100.0,698.1564228534698,none,20
2278,vehicle.bmw.isetta,97.61171908771536,130.0,177,0.0,11,100.0,49.950000744313,100.0,373.4712629318237,none,19
2279,vehicle.bmw.isetta,170.68055255753555,136.0,177,0.0,11,100.0,155.00000230968,100.0,856.0306656360626,none,12
2280,vehicle.bmw.isetta,88.80355356292397,134.0,177,0.0,11,100.0,51.1500007621944,100.0,315.54100799560547,none,15
2281,vehicle.bmw.isetta,85.49173440828262,131.0,177,0.0,11,100.0,115.25000171735884,100.0,728.9416029453278,none,9
2282,vehicle.bmw.isetta,110.76065795970584,135.0,176,0.0,11,100.0,69.65000103786588,100.0,459.2765212059021,none,5
2283,vehicle.bmw.isetta,177.8571279682478,133.0,177,0.0,11,100.0,108.45000161603092,100.0,661.443498134613,none,7
2284,vehicle.bmw.isetta,81.9999806667819,128.0,177,0.0,11,100.0,17.400000259280205,100.0,102.57885432243349,none,6
2285,vehicle.bmw.isetta,62.717139549735016,136.0,177,0.0,11,100.0,143.75000214204192,100.0,1048.8125529289246,none,12
2286,vehicle.bmw.isetta,181.206637504591,134.0,177,0.0,11,100.0,96.55000143870711,100.0,549.6295816898346,none,11
2287,vehicle.bmw.isetta,192.1228271723634,134.0,177,0.0,11,100.0,69.85000104084611,100.0,426.026104927063,none,10
2288,vehicle.bmw.isetta,235.9040388418787,135.0,177,0.0,11,100.0,139.45000207796693,100.0,909.4693458080292,none,8
2289,vehicle.bmw.isetta,156.17705486881516,132.0,176,0.0,11,100.0,128.90000192075968,100.0,778.9418098926544,none,1
2290,vehicle.bmw.isetta,203.43585952739693,137.0,177,0.0,11,100.0,164.90000245720148,100.0,978.5027456283568,none,17
2291,vehicle.bmw.isetta,111.219846834658,143.0,177,0.0,11,100.0,42.05000062659383,100.0,245.84635758399963,none,12
2292,vehicle.bmw.isetta,234.6213070717789,135.0,177,0.0,11,100.0,76.9000011458993,100.0,487.6772232055664,none,19
2293,vehicle.bmw.isetta,123.1801075207984,131.0,177,0.0,11,98.60336352789842,651.8000097125769,98.60336352789842,3796.310311794281,none,10
2294,vehicle.bmw.isetta,50.35727855555831,138.0,177,0.0,11,100.0,59.30000088363886,100.0,404.31709909439087,none,19
2295,vehicle.bmw.isetta,89.66100072719145,136.0,177,0.0,11,100.0,107.25000159814954,100.0,664.2708425521851,none,5
2296,vehicle.bmw.isetta,138.3080047843275,137.0,177,0.0,11,100.0,99.00000147521496,100.0,785.1151247024536,none,10
2297,vehicle.bmw.isetta,226.40089809172488,135.0,177,0.0,11,100.0,180.80000269413,100.0,1117.0620801448822,none,5
2298,vehicle.bmw.isetta,152.83714049296856,137.0,177,0.0,11,100.0,141.80000211298466,100.0,1006.6994199752808,none,14
2299,vehicle.bmw.isetta,173.2256221408636,133.0,177,0.0,11,100.0,160.15000238642097,100.0,1100.3660299777985,none,9
2300,vehicle.bmw.isetta,135.01133770819789,132.0,177,0.0,11,100.0,86.70000129193068,100.0,625.7186222076416,none,19
2301,vehicle.bmw.isetta,188.14687270246912,130.0,177,0.0,11,100.0,165.7000024691224,100.0,1000.6078233718872,none,15
2302,vehicle.bmw.isetta,44.18144665181526,138.0,177,0.0,11,100.0,171.10000254958868,100.0,1139.9944350719452,none,16
2303,vehicle.bmw.isetta,30.31612559092024,133.0,177,0.0,11,100.0,113.60000169277193,100.0,725.7122671604156,none,2
2304,vehicle.bmw.isetta,82.52403395916362,131.0,177,0.0,11,95.39362544691988,350.0500052161515,95.39362544691988,2393.0706202983856,none,16
2305,vehicle.bmw.isetta,220.05331647310825,138.0,177,0.0,11,100.0,88.60000132024288,100.0,543.3474225997925,none,11
2306,vehicle.bmw.isetta,84.29327349453786,134.0,177,0.0,11,100.0,25.600000381469727,100.0,153.99774146080017,none,6
2307,vehicle.bmw.isetta,135.56536383854268,140.0,177,0.0,11,100.0,47.60000070929527,100.0,318.73204040527344,none,4
2308,vehicle.bmw.isetta,227.06584469435467,131.0,177,0.0,11,100.0,160.9500023983419,100.0,1029.945519447327,none,19
2309,vehicle.bmw.isetta,92.66999869677429,136.0,177,0.0,11,100.0,78.05000116303563,100.0,482.2529463768005,none,1
2310,vehicle.bmw.isetta,153.7799770326952,132.0,177,0.0,11,100.0,64.55000096186996,100.0,412.611200094223,none,3
2311,vehicle.bmw.isetta,136.68384612986242,132.0,177,0.0,11,100.0,85.20000126957893,100.0,544.7836418151855,none,19
2312,vehicle.bmw.isetta,56.77745733053168,138.0,177,0.0,11,100.0,35.75000053271651,100.0,219.7921211719513,none,14
2313,vehicle.bmw.isetta,140.29320998810496,134.0,177,0.0,11,98.275651456717,334.5500049851835,98.275651456717,1875.837005853653,none,18
2314,vehicle.bmw.isetta,130.61080761316128,134.0,177,0.0,11,100.0,261.5500038973987,100.0,1674.1710369586945,none,2
2315,vehicle.bmw.isetta,109.97205490190288,133.0,177,0.0,11,9.59989372095534,12.150000181049109,5.759936232573204,74.23016571998596,collisions_vehicle,3
2316,vehicle.bmw.isetta,190.57421685215644,134.0,177,0.0,11,100.0,57.850000862032175,100.0,404.1108651161194,none,19
2317,vehicle.bmw.isetta,161.24031255030107,132.0,177,0.0,11,100.0,108.6000016182661,100.0,825.7922897338867,none,19
2318,vehicle.bmw.isetta,212.0514713791468,135.0,176,0.0,11,98.83997997572818,320.2500047720969,98.83997997572818,1839.226081609726,none,18
2319,vehicle.bmw.isetta,50.13066670904022,137.0,177,0.0,11,100.0,13.40000019967556,100.0,80.17860817909241,none,17
2320,vehicle.bmw.isetta,9.903743135627703,137.0,177,0.0,11,100.0,123.90000184625389,100.0,813.1648604869843,none,3
2321,vehicle.bmw.isetta,147.88777250643483,139.0,177,0.0,11,100.0,115.60000172257423,100.0,808.2802307605743,none,0
2322,vehicle.bmw.isetta,132.45084750914103,137.0,177,0.0,11,100.0,34.150000508874655,100.0,215.3759286403656,none,10
2323,vehicle.bmw.isetta,175.46213915057518,132.0,177,0.0,11,100.0,70.25000104680657,100.0,443.6699879169464,none,14
2324,vehicle.bmw.isetta,146.50222051911055,138.0,177,0.0,11,100.0,183.0500027276576,100.0,1191.2128326892853,none,15
2325,vehicle.bmw.isetta,97.78918153678758,139.0,177,0.0,11,100.0,32.5500004850328,100.0,229.4193675518036,none,0
2326,vehicle.bmw.isetta,84.7644301521923,136.0,177,0.0,11,100.0,183.0000027269125,100.0,1211.5277633666992,none,14
2327,vehicle.bmw.isetta,138.25085451995548,131.0,177,0.0,11,100.0,127.30000189691782,100.0,730.4530544281006,none,0
2328,vehicle.lincoln.mkz2017,207.01921297077124,145.0,177,0.0,10,100.0,100.8500015027821,100.0,349.6514835357666,none,0
2329,vehicle.lincoln.mkz2017,82.7731237397857,147.0,177,0.0,10,100.0,143.15000213310122,100.0,673.4957678318024,none,1
2330,vehicle.lincoln.mkz2017,178.9391330373126,141.0,177,0.0,10,100.0,78.15000116452575,100.0,316.22274231910706,none,2
2331,vehicle.lincoln.mkz2017,238.10978756392848,145.0,177,0.0,10,100.0,102.45000152662396,100.0,423.9770052433014,none,3
2332,vehicle.lincoln.mkz2017,223.3329029008772,145.0,177,0.0,10,100.0,198.6000029593706,100.0,931.1246066093444,none,1
2333,vehicle.lincoln.mkz2017,167.56487086493937,143.0,177,0.0,10,100.0,98.50000146776438,100.0,424.9967529773712,none,4
2334,vehicle.lincoln.mkz2017,194.9718798637444,145.0,177,0.0,10,98.34239665051068,363.8500054217875,98.34239665051068,1409.6361305713654,none,5
2335,vehicle.lincoln.mkz2017,115.88590957775584,141.0,177,0.0,10,100.0,33.05000049248338,100.0,137.43840312957764,none,6
2336,vehicle.lincoln.mkz2017,43.096043644042815,144.0,177,0.0,10,100.0,256.95000382885337,100.0,1033.0882127285004,none,3
2337,vehicle.lincoln.mkz2017,58.63827134877027,0.0,177,0.0,10,0.0,0.050000000745058,0.0,0.428743839263916,red_light,1
2338,vehicle.lincoln.mkz2017,77.26589929384768,146.0,177,0.0,10,100.0,104.00000154972076,100.0,413.0852401256561,none,6
2339,vehicle.lincoln.mkz2017,162.78504929646405,142.0,177,0.0,10,100.0,119.95000178739429,100.0,434.7218532562256,none,4
2340,vehicle.lincoln.mkz2017,198.33133495156537,142.0,177,0.0,10,97.65897941659918,351.40000523626804,97.65897941659918,1563.8658623695374,none,7
2341,vehicle.lincoln.mkz2017,101.61206212778252,151.0,177,0.0,10,100.0,78.8000011742115,100.0,269.40980410575867,none,8
2342,vehicle.lincoln.mkz2017,114.14997116258075,143.0,177,0.0,10,54.73311167480493,81.15000120922923,32.839867004882954,272.628867149353,collisions_vehicle,8
2343,vehicle.lincoln.mkz2017,89.85816825817592,145.0,177,0.0,10,96.15008342249784,260.30000387877226,96.15008342249784,1051.2518737316132,none,3
2344,vehicle.lincoln.mkz2017,117.1820118020656,146.0,176,0.0,10,100.0,85.10000126808882,100.0,305.5329647064209,none,5
2345,vehicle.lincoln.mkz2017,124.7108900544878,143.0,177,0.0,10,100.0,85.85000127926469,100.0,285.08772802352905,none,6
2346,vehicle.lincoln.mkz2017,97.85226981529962,146.0,177,0.0,10,100.0,70.30000104755163,100.0,305.3649861812592,none,9
2347,vehicle.lincoln.mkz2017,152.4820958031289,146.0,177,0.0,10,100.0,72.95000108703971,100.0,287.5699806213379,none,2
2348,vehicle.lincoln.mkz2017,273.33199613203595,144.0,177,0.0,10,100.0,247.70000369101763,100.0,906.76357960701,none,8
2349,vehicle.lincoln.mkz2017,174.53322915148334,145.0,176,0.0,10,100.0,260.45000388100743,100.0,903.2914471626282,none,5
2350,vehicle.lincoln.mkz2017,56.30132988530262,143.0,177,0.0,10,98.63748934631124,396.9000059142709,98.63748934631124,1626.1452422142029,none,10
2351,vehicle.lincoln.mkz2017,187.8028807307963,146.0,177,0.0,10,97.68730733597968,417.7500062249601,97.68730733597968,1345.6706049442291,none,7
2352,vehicle.lincoln.mkz2017,148.57995264526733,145.0,177,0.0,10,100.0,72.35000107809901,100.0,261.4942967891693,none,3
2353,vehicle.lincoln.mkz2017,67.64448743494455,145.0,177,0.0,10,100.0,24.50000036507845,100.0,89.79966425895691,none,1
2354,vehicle.lincoln.mkz2017,247.34437197628097,145.0,177,0.0,10,100.0,328.15000488981605,100.0,1220.3944363594055,none,9
2355,vehicle.lincoln.mkz2017,185.99463978365304,143.0,177,0.0,10,100.0,50.40000075101853,100.0,169.73415875434875,none,11
2356,vehicle.lincoln.mkz2017,50.992664209856144,143.0,177,0.0,10,100.0,41.100000612437725,100.0,141.55543661117554,none,12
2357,vehicle.lincoln.mkz2017,80.77520493729264,145.0,176,0.0,10,100.0,507.9500075690448,100.0,2020.1460218429563,none,2
2358,vehicle.lincoln.mkz2017,154.22773630668453,144.0,177,0.0,10,100.0,103.2500015385449,100.0,422.9053947925568,none,8
2359,vehicle.lincoln.mkz2017,81.18335428520193,144.0,177,0.0,10,95.9314234458556,407.400006070733,95.9314234458556,1784.9474663734436,none,13
2360,vehicle.lincoln.mkz2017,126.51974353648706,144.0,177,0.0,10,100.0,86.35000128671527,100.0,284.58781814575195,none,1
2361,vehicle.lincoln.mkz2017,275.5098342056596,146.0,177,0.0,10,100.0,249.0500037111342,100.0,842.0476369857788,none,12
2362,vehicle.lincoln.mkz2017,161.0705508614438,143.0,177,0.0,10,100.0,56.300000838935375,100.0,251.5460448265076,none,8
2363,vehicle.lincoln.mkz2017,212.21998513514657,144.0,177,0.0,10,100.0,168.25000250712037,100.0,666.738719701767,none,14
2364,vehicle.lincoln.mkz2017,92.67208641879182,141.0,177,0.0,10,100.0,34.70000051707029,100.0,143.9309196472168,none,13
2365,vehicle.lincoln.mkz2017,155.64995003145023,138.0,177,0.0,10,100.0,86.45000128820539,100.0,300.54576659202576,none,13
2366,vehicle.lincoln.mkz2017,168.14150198346732,143.0,177,0.0,10,100.0,104.15000155195594,100.0,475.8640010356903,none,8
2367,vehicle.lincoln.mkz2017,135.6931039120751,145.0,176,0.0,10,100.0,254.900003798306,100.0,985.2789013385772,none,12
2368,vehicle.lincoln.mkz2017,121.9713958242025,144.0,177,0.0,10,100.0,98.55000146850944,100.0,403.2621195316314,none,15
2369,vehicle.lincoln.mkz2017,90.0830794673052,142.0,177,0.0,10,100.0,129.6000019311905,100.0,482.1007604598999,none,14
2370,vehicle.lincoln.mkz2017,71.692100036983,143.0,176,0.0,10,100.0,220.45000328496096,100.0,971.9653315544128,none,14
2371,vehicle.lincoln.mkz2017,195.33833164299287,148.0,177,0.0,10,76.6063043866168,129.45000192895532,45.96378263197008,517.7388904094696,collisions_vehicle,13
2372,vehicle.lincoln.mkz2017,96.40022461549356,145.0,177,0.0,10,100.0,141.70000211149454,100.0,700.0152513980865,none,5
2373,vehicle.lincoln.mkz2017,151.55090419619987,143.0,177,0.0,10,100.0,74.85000111535192,100.0,272.4461958408356,none,11
2374,vehicle.lincoln.mkz2017,185.7261592234176,145.0,177,0.0,10,100.0,239.8500035740435,100.0,848.8157384395599,none,4
2375,vehicle.lincoln.mkz2017,141.90401885803934,146.0,176,0.0,10,100.0,139.500002078712,100.0,487.7388641834259,none,1
2376,vehicle.lincoln.mkz2017,159.02180304401404,142.0,177,0.0,10,100.0,39.50000058859587,100.0,170.6906714439392,none,1
2377,vehicle.lincoln.mkz2017,69.93839879481226,146.0,177,0.0,10,100.0,60.65000090375543,100.0,271.25422644615173,none,14
2378,vehicle.lincoln.mkz2017,222.93380901648845,145.0,177,0.0,10,100.0,337.2500050254166,100.0,1297.0098340511322,none,3
2379,vehicle.lincoln.mkz2017,237.9464389452768,143.0,177,0.0,10,100.0,279.60000416636467,100.0,1075.209464788437,none,16
2380,vehicle.lincoln.mkz2017,200.10978739194945,146.0,177,0.0,10,100.0,91.15000135824084,100.0,393.44958090782166,none,17
2381,vehicle.lincoln.mkz2017,139.8224897592828,145.0,176,0.0,10,97.70498337349976,363.8500054217875,97.70498337349976,1262.063060760498,none,2
2382,vehicle.lincoln.mkz2017,129.7494968599369,146.0,177,0.0,10,100.0,172.70000257343054,100.0,854.2490682601929,none,3
2383,vehicle.lincoln.mkz2017,59.98171397690685,146.0,177,0.0,10,100.0,18.450000274926424,100.0,74.59627866744995,none,5
2384,vehicle.lincoln.mkz2017,164.30197183978018,149.0,176,0.0,10,100.0,64.95000096783042,100.0,222.2949092388153,none,18
2385,vehicle.lincoln.mkz2017,135.3497162420629,146.0,176,0.0,10,96.70174395066348,337.2500050254166,96.70174395066348,1074.2480835914612,none,7
2386,vehicle.lincoln.mkz2017,85.66889046054116,142.0,177,0.0,10,100.0,46.25000068917871,100.0,194.33958554267883,none,19
2387,vehicle.lincoln.mkz2017,62.57769689198829,144.0,177,0.0,10,100.0,77.70000115782022,100.0,280.1850833892822,none,14
2388,vehicle.lincoln.mkz2017,209.0502379953276,144.0,177,0.0,10,100.0,109.95000163838267,100.0,375.9309802055359,none,7
2389,vehicle.lincoln.mkz2017,109.91696340852243,145.0,177,0.0,10,100.0,120.85000180080532,100.0,477.0317599773407,none,20
2390,vehicle.lincoln.mkz2017,112.25633952510816,142.0,177,0.0,10,100.0,142.55000212416053,100.0,538.9937527179718,none,11
2391,vehicle.lincoln.mkz2017,113.50148540809884,146.0,177,0.0,10,100.0,112.75000168010592,100.0,412.4598059654236,none,8
2392,vehicle.lincoln.mkz2017,245.14782311563644,141.0,176,0.0,10,100.0,254.3000037893653,100.0,874.604728937149,none,18
2393,vehicle.lincoln.mkz2017,250.12245508861588,146.0,177,0.0,10,100.0,147.55000219866633,100.0,578.4608378410339,none,14
2394,vehicle.lincoln.mkz2017,54.506131352703086,141.0,177,0.0,10,32.685046336037466,27.500000409781933,22.879532435226224,130.6576590538025,red_light,14
2395,vehicle.lincoln.mkz2017,132.2912577005324,146.0,177,0.0,10,100.0,82.65000123158097,100.0,264.9095106124878,none,18
2396,vehicle.lincoln.mkz2017,84.74849002285849,148.0,177,0.0,10,100.0,118.20000176131724,100.0,559.8271894454956,none,9
2397,vehicle.lincoln.mkz2017,152.37286603245602,151.0,177,0.0,10,100.0,53.80000080168247,100.0,261.3306918144226,none,9
2398,vehicle.lincoln.mkz2017,170.35434195336265,144.0,177,0.0,10,100.0,93.15000138804317,100.0,337.89144015312195,none,4
2399,vehicle.lincoln.mkz2017,135.50261038028492,140.0,177,0.0,10,100.0,311.95000464841723,100.0,1334.9560477733612,none,20
2400,vehicle.lincoln.mkz2017,184.08247304405248,142.0,176,0.0,10,100.0,245.9500036649406,100.0,1149.8839635849,none,5
2401,vehicle.lincoln.mkz2017,185.4022201237888,145.0,177,0.0,10,100.0,159.85000238195062,100.0,568.7050437927246,none,6
2402,vehicle.lincoln.mkz2017,262.73995804947594,144.0,177,0.0,10,100.0,158.05000235512853,100.0,549.9759163856506,none,0
2403,vehicle.lincoln.mkz2017,128.95913185645716,145.0,177,0.0,10,100.0,102.20000152289867,100.0,358.19923186302185,none,2
2404,vehicle.lincoln.mkz2017,157.49129412890363,143.0,176,0.0,10,100.0,47.85000071302056,100.0,170.07538533210754,none,13
2405,vehicle.lincoln.mkz2017,105.84117500426734,141.0,177,0.0,10,96.5940863709252,289.8000043183565,96.5940863709252,1141.6845145225525,none,9
2406,vehicle.lincoln.mkz2017,106.08523701555264,143.0,177,0.0,10,100.0,141.85000211372972,100.0,605.3891007900238,none,0
2407,vehicle.lincoln.mkz2017,134.9649352416446,143.0,177,0.0,10,100.0,266.3000039681792,100.0,981.001365184784,none,20
2408,vehicle.lincoln.mkz2017,133.9996692194524,147.0,177,0.0,10,100.0,31.40000046789646,100.0,120.69803524017334,none,2
2409,vehicle.lincoln.mkz2017,188.62217081727417,143.0,176,0.0,10,73.89457315954088,153.2000022828579,44.33674389572453,569.2366483211517,collisions_vehicle,8
2410,vehicle.lincoln.mkz2017,56.72804923831599,144.0,177,0.0,10,100.0,52.65000078454614,100.0,226.75579643249512,none,20
2411,vehicle.lincoln.mkz2017,55.99933212657137,141.0,177,0.0,10,100.0,13.100000195205212,100.0,56.69144201278687,none,12
2412,vehicle.lincoln.mkz2017,77.74474012433396,149.0,177,0.0,10,98.60126214222004,439.4500065483153,98.60126214222004,2990.0866346359253,none,9
2413,vehicle.lincoln.mkz2017,201.47522325688308,0.0,177,0.0,10,0.0,0.050000000745058,0.0,0.4202570915222168,red_light,0
2414,vehicle.lincoln.mkz2017,57.91582883374336,140.0,177,0.0,10,100.0,151.10000225156546,100.0,615.2317838668823,none,20
2415,vehicle.lincoln.mkz2017,233.5059863989048,144.0,176,0.0,10,59.009981941670205,133.45000198855996,35.40598916500212,639.0563864707947,collisions_vehicle,19
2416,vehicle.lincoln.mkz2017,136.38078640210082,140.0,176,0.0,10,97.4661112952578,482.90000719577074,97.4661112952578,1783.7967851161957,none,17
2417,vehicle.lincoln.mkz2017,64.84443288939383,144.0,176,0.0,10,100.0,206.65000307932496,100.0,872.9938447475433,none,9
2418,vehicle.lincoln.mkz2017,63.51635132231508,142.0,176,0.0,10,95.46693413382884,241.3000035956502,95.46693413382884,1467.4550416469574,none,2
2419,vehicle.lincoln.mkz2017,147.48200195171145,140.0,177,0.0,10,100.0,187.0000027865172,100.0,796.5574388504028,none,20
2420,vehicle.lincoln.mkz2017,217.51892947055245,143.0,177,0.0,10,100.0,76.80000114440918,100.0,292.8294150829315,none,1
2421,vehicle.lincoln.mkz2017,190.8164069727564,143.0,177,0.0,10,49.469101204074114,71.0500010587275,29.681460722444463,246.31705355644223,collisions_vehicle,5
2422,vehicle.lincoln.mkz2017,254.1060713159461,143.0,177,0.0,10,98.53894403577496,1025.0500152744353,98.53894403577496,3354.79374742508,none,8
2423,vehicle.lincoln.mkz2017,165.2617979987117,141.0,177,0.0,10,100.0,176.05000262334943,100.0,624.9864015579224,none,1
2424,vehicle.lincoln.mkz2017,149.99601064107898,147.0,177,0.0,10,100.0,236.35000352188945,100.0,929.6879138946532,none,14
2425,vehicle.lincoln.mkz2017,71.50994652828354,145.0,177,0.0,10,100.0,18.350000273436308,100.0,67.43950605392456,none,19
2426,vehicle.lincoln.mkz2017,135.46155381851938,148.0,177,0.0,10,100.0,206.70000308007,100.0,719.443746805191,none,14
2427,vehicle.lincoln.mkz2017,156.79689825163248,143.0,177,0.0,10,100.0,116.0000017285347,100.0,481.6047165393829,none,1
2428,vehicle.lincoln.mkz2017,83.13450328178256,146.0,177,0.0,10,100.0,29.300000436604023,100.0,102.67416858673096,none,17
2429,vehicle.lincoln.mkz2017,250.78999932384824,147.0,177,0.0,10,100.0,229.80000342428684,100.0,861.2974901199341,none,10
2430,vehicle.lincoln.mkz2017,114.62667096986732,143.0,177,0.0,10,100.0,63.60000094771385,100.0,236.19199442863464,none,2
2431,vehicle.lincoln.mkz2017,63.43423489382118,0.0,177,0.0,10,0.0,0.050000000745058,0.0,0.6326932907104492,red_light,9
2432,vehicle.lincoln.mkz2017,192.3656901274608,145.0,176,0.0,10,100.0,126.9500018917024,100.0,573.5122385025024,none,3
2433,vehicle.lincoln.mkz2017,209.0900054293799,143.0,177,0.0,10,100.0,134.45000200346112,100.0,588.7267277240753,none,7
2434,vehicle.lincoln.mkz2017,70.43334556254084,143.0,177,0.0,10,100.0,178.85000266507268,100.0,688.4505286216736,none,18
2435,vehicle.lincoln.mkz2017,257.85431282278745,151.0,177,0.0,10,100.0,114.35000170394778,100.0,558.2462010383606,none,13
2436,vehicle.lincoln.mkz2017,163.9999400746265,149.0,177,0.0,10,100.0,70.1000010445714,100.0,260.81596207618713,none,18
2437,vehicle.lincoln.mkz2017,269.2091664486068,142.0,177,0.0,10,100.0,279.75000416859984,100.0,1179.4848973751068,none,0
2438,vehicle.lincoln.mkz2017,171.19559751444055,141.0,177,0.0,10,100.0,187.700002796948,100.0,662.0939254760742,none,8
2439,vehicle.lincoln.mkz2017,98.00128842523004,148.0,177,0.0,10,100.0,24.00000035762787,100.0,93.45042777061462,none,11
2440,vehicle.lincoln.mkz2017,4.00000021027517,146.0,177,0.0,10,100.0,178.80000266432762,100.0,685.4406394958496,none,13
2441,vehicle.lincoln.mkz2017,251.3352438596285,142.0,177,0.0,10,100.0,184.95000275596976,100.0,627.1284413337708,none,12
2442,vehicle.lincoln.mkz2017,271.3472965796286,143.0,177,0.0,10,91.01994698859184,193.45000288262963,63.71396289201427,883.9146385192871,red_light,9
2443,vehicle.lincoln.mkz2017,126.89068320142172,147.0,177,0.0,10,100.0,108.15000161156058,100.0,493.2844941616058,none,9
2444,vehicle.lincoln.mkz2017,65.17453134346205,146.0,177,0.0,10,100.0,131.6000019609928,100.0,622.6746964454651,none,4
2445,vehicle.lincoln.mkz2017,191.8171785347349,143.0,177,0.0,10,100.0,112.9000016823411,100.0,463.66864490509033,none,6
2446,vehicle.lincoln.mkz2017,135.53081141470167,146.0,176,0.0,10,100.0,178.85000266507268,100.0,654.6623713970184,none,9
2447,vehicle.lincoln.mkz2017,159.83405030843176,143.0,176,0.0,10,100.0,189.3000028207898,100.0,644.5925235748291,none,19
2448,vehicle.lincoln.mkz2017,120.04475960989669,145.0,177,0.0,10,100.0,31.650000471621752,100.0,139.97294569015503,none,3
2449,vehicle.lincoln.mkz2017,83.45133697663786,147.0,177,0.0,10,100.0,58.20000086724758,100.0,256.3108832836151,none,8
2450,vehicle.lincoln.mkz2017,147.97621366078394,147.0,177,0.0,10,0.0,2.8500000424683094,0.0,10.786513090133669,red_light,1
2451,vehicle.lincoln.mkz2017,149.18479208755417,149.0,177,0.0,10,100.0,47.35000070556998,100.0,170.92037630081177,none,2
2452,vehicle.lincoln.mkz2017,240.84659042508247,142.0,177,0.0,10,98.08661034899896,303.9000045284629,98.08661034899896,983.3547401428224,none,0
2453,vehicle.lincoln.mkz2017,141.7120253036426,145.0,177,0.0,10,100.0,111.25000165775418,100.0,419.2909846305847,none,7
2454,vehicle.lincoln.mkz2017,134.68550795661574,144.0,177,0.0,10,100.0,239.10000356286764,100.0,1258.9410219192505,none,14
2455,vehicle.lincoln.mkz2017,217.9950009430536,147.0,177,0.0,10,100.0,178.30000265687704,100.0,755.4802851676941,none,6
2456,vehicle.lincoln.mkz2017,140.85397776372758,143.0,177,0.0,10,100.0,100.45000149682164,100.0,417.3377778530121,none,9
2457,vehicle.lincoln.mkz2017,141.17222919562278,147.0,176,0.0,10,24.385702332781623,73.95000110194087,17.069991632947136,265.91725611686707,red_light,5
2458,vehicle.lincoln.mkz2017,57.690003107429895,147.0,177,0.0,10,100.0,61.950000923126936,100.0,258.492484331131,none,14
2459,vehicle.lincoln.mkz2017,211.56213862926955,145.0,177,0.0,10,100.0,119.95000178739429,100.0,465.02772188186646,none,10
2460,vehicle.lincoln.mkz2017,130.30642004913034,145.0,177,0.0,10,100.0,127.1000018939376,100.0,472.9608175754547,none,2
2461,vehicle.lincoln.mkz2017,216.3700031067862,142.0,176,0.0,10,100.0,197.9000029489398,100.0,842.6552548408508,none,7
2462,vehicle.lincoln.mkz2017,97.7799995055068,146.0,176,0.0,10,100.0,49.55000073835254,100.0,239.35082530975345,none,10
2463,vehicle.lincoln.mkz2017,91.21650580385666,141.0,176,0.0,10,100.0,74.90000111609697,100.0,262.45739698410034,none,1
2464,vehicle.lincoln.mkz2017,153.947210454538,144.0,177,0.0,10,100.0,135.95000202581286,100.0,580.1417436599731,none,12
2465,vehicle.lincoln.mkz2017,119.900140564025,145.0,176,0.0,10,100.0,78.90000117570162,100.0,303.68853425979614,none,11
2466,vehicle.lincoln.mkz2017,238.7324055173933,144.0,177,0.0,10,100.0,112.3000016734004,100.0,464.57307624816895,none,5
2467,vehicle.lincoln.mkz2017,151.87153975210185,144.0,177,0.0,10,100.0,249.45000371709463,100.0,1023.0785460472108,none,20
2468,vehicle.lincoln.mkz2017,247.73842490293512,143.0,177,0.0,10,100.0,195.0500029064715,100.0,665.7855226993561,none,9
2469,vehicle.lincoln.mkz2017,278.8517179140669,144.0,177,0.0,10,100.0,138.00000205636024,100.0,560.1283736228943,none,10
2470,vehicle.lincoln.mkz2017,13.066559092344626,148.0,177,0.0,10,79.25468997002443,441.3000065758824,79.25468997002443,2290.5002489089966,none,6
2471,vehicle.lincoln.mkz2017,133.6516813305543,143.0,177,0.0,10,100.0,64.05000095441937,100.0,244.23305249214167,none,6
2472,vehicle.lincoln.mkz2017,115.96521403280724,144.0,177,0.0,10,100.0,145.95000217482448,100.0,560.6271803379059,none,18
2473,vehicle.lincoln.mkz2017,185.93342229434964,144.0,177,0.0,10,100.0,66.35000098869205,100.0,234.5828328132629,none,18
2474,vehicle.lincoln.mkz2017,167.38486120028512,145.0,176,0.0,10,100.0,41.80000062286854,100.0,173.5795543193817,none,19
2475,vehicle.lincoln.mkz2017,251.15731424878263,147.0,177,0.0,10,98.68779669416028,299.4500044621527,69.08145768591218,1107.1271233558657,red_light,6
2476,vehicle.lincoln.mkz2017,97.41958226021404,144.0,177,0.0,10,100.0,59.55000088736415,100.0,272.5734028816223,none,11
2477,vehicle.lincoln.mkz2017,54.10762331426994,147.0,177,0.0,10,98.78551500743676,265.0500039495528,98.78551500743676,1547.39936709404,none,2
2478,vehicle.lincoln.mkz2017,121.65021018505978,146.0,176,0.0,10,100.0,151.45000225678086,100.0,505.6546244621277,none,12
2479,vehicle.lincoln.mkz2017,218.0465004233209,148.0,176,0.0,10,100.0,212.00000315904617,100.0,776.3828160762787,none,1
2480,vehicle.lincoln.mkz2017,136.80629150040426,146.0,176,0.0,10,100.0,53.80000080168247,100.0,252.8009037971497,none,14
2481,vehicle.lincoln.mkz2017,177.63438654998097,143.0,176,0.0,10,100.0,63.9000009521842,100.0,250.6237757205963,none,9
2482,vehicle.lincoln.mkz2017,66.90389832381031,142.0,177,0.0,10,100.0,60.00000089406967,100.0,249.1816828250885,none,4
2483,vehicle.lincoln.mkz2017,273.3407856255807,145.0,177,0.0,10,100.0,225.50000336021185,100.0,907.8505465984344,none,18
2484,vehicle.lincoln.mkz2017,98.3758070779555,145.0,177,0.0,10,100.0,89.25000132992864,100.0,316.86634635925293,none,20
2485,vehicle.lincoln.mkz2017,75.509947236394,146.0,177,0.0,10,100.0,24.300000362098217,100.0,81.9221863746643,none,7
2486,vehicle.lincoln.mkz2017,215.69296777720123,144.0,177,0.0,10,100.0,184.300002746284,100.0,768.5309705734253,none,10
2487,vehicle.lincoln.mkz2017,127.99489155404224,143.0,176,0.0,10,100.0,234.0500034876168,100.0,981.7539443969728,none,9
2488,vehicle.lincoln.mkz2017,113.54286258512876,141.0,177,0.0,10,100.0,30.850000459700823,100.0,113.17585372924805,none,3
2489,vehicle.lincoln.mkz2017,77.70679167100221,142.0,176,0.0,10,100.0,34.20000050961971,100.0,104.49511694908142,none,0
2490,vehicle.lincoln.mkz2017,128.00041635409687,144.0,177,0.0,10,100.0,157.40000234544277,100.0,653.4534022808075,none,3
2491,vehicle.lincoln.mkz2017,63.61396366476734,140.0,176,0.0,10,98.72919707275364,319.70000476390123,98.72919707275364,1509.270156621933,none,8
2492,vehicle.lincoln.mkz2017,210.35719774473657,148.0,177,0.0,10,100.0,93.55000139400364,100.0,320.63829731941223,none,4
2493,vehicle.lincoln.mkz2017,218.17279493959552,148.0,177,0.0,10,98.63592041019255,490.4000073075295,98.63592041019255,2218.5656554698944,none,9
2494,vehicle.lincoln.mkz2017,114.13830922825704,148.0,177,0.0,10,100.0,131.95000196620822,100.0,495.66422390937805,none,8
2495,vehicle.lincoln.mkz2017,91.5848828385856,145.0,177,0.0,10,100.0,47.20000070333481,100.0,170.82564568519592,none,14
2496,vehicle.lincoln.mkz2017,127.5593661832002,143.0,177,0.0,10,96.69151166334508,307.2000045776367,96.69151166334508,1291.729058265686,none,11
2497,vehicle.lincoln.mkz2017,153.806218665598,150.0,177,0.0,10,100.0,144.95000215992332,100.0,783.0302460193634,none,20
2498,vehicle.lincoln.mkz2017,230.50704928789344,145.0,177,0.0,10,100.0,201.8500030077994,100.0,870.2413599491119,none,6
2499,vehicle.lincoln.mkz2017,155.21271208235316,145.0,177,0.0,10,98.49285644146929,302.8000045120716,98.49285644146929,1170.460208415985,none,5
2500,vehicle.lincoln.mkz2017,68.45236296257079,148.0,177,0.0,10,100.0,74.65000111237168,100.0,282.48063707351685,none,16
2501,vehicle.lincoln.mkz2017,289.7189203220309,142.0,177,0.0,10,100.0,145.65000217035413,100.0,475.9016306400299,none,0
2502,vehicle.lincoln.mkz2017,255.72384592595856,145.0,177,0.0,10,100.0,212.700003169477,100.0,833.6526317596436,none,8
2503,vehicle.lincoln.mkz2017,62.44134756354121,145.0,177,0.0,10,100.0,51.55000076815486,100.0,188.23789477348328,none,2
2504,vehicle.lincoln.mkz2017,107.60914881202362,147.0,177,0.0,10,100.0,57.90000086277723,100.0,198.74314212799072,none,9
2505,vehicle.lincoln.mkz2017,160.69567727484127,143.0,176,0.0,10,31.187984004802576,43.20000064373016,21.831588803361804,140.4777865409851,red_light,13
2506,vehicle.lincoln.mkz2017,84.00000790754952,146.0,176,0.0,10,100.0,107.95000160858037,100.0,362.5154914855957,none,4
2507,vehicle.lincoln.mkz2017,135.98085964910393,145.0,177,0.0,10,100.0,50.45000075176358,100.0,191.12944149971008,none,3
2508,vehicle.lincoln.mkz2017,187.1840081355105,149.0,176,0.0,10,100.0,79.25000118091702,100.0,352.5411674976349,none,10
2509,vehicle.lincoln.mkz2017,198.1508534574193,0.0,177,0.0,10,0.0,0.050000000745058,0.0,0.6187291145324707,red_light,19
2510,vehicle.lincoln.mkz2017,149.37026287944542,145.0,177,0.0,10,100.0,42.50000063329935,100.0,176.68208813667297,none,12
2511,vehicle.lincoln.mkz2017,78.14909887959358,142.0,176,0.0,10,100.0,212.650003168732,100.0,817.8580746650696,none,11
2512,vehicle.lincoln.mkz2017,169.63795273239205,147.0,177,0.0,10,100.0,44.3500006608665,100.0,204.85426592826843,none,2
2513,vehicle.lincoln.mkz2017,201.75301977211643,145.0,177,0.0,10,100.0,200.55000298842788,100.0,807.0461912155151,none,2
2514,vehicle.lincoln.mkz2017,84.73965023148577,146.0,177,0.0,10,100.0,61.60000091791153,100.0,334.02706813812256,none,5
2515,vehicle.lincoln.mkz2017,199.61393678283733,145.0,177,0.0,10,100.0,72.10000107437372,100.0,284.93472170829773,none,17
2516,vehicle.lincoln.mkz2017,231.035249317076,143.0,177,0.0,10,98.73870427834878,401.2000059783458,98.73870427834878,1446.628099679947,none,2
2517,vehicle.lincoln.mkz2017,224.4508093747655,142.0,176,0.0,10,100.0,232.20000346004963,100.0,1078.9085431098938,none,10
2518,vehicle.lincoln.mkz2017,160.59174114741538,140.0,176,0.0,10,100.0,210.6000031381845,100.0,739.9988913536072,none,14
2519,vehicle.lincoln.mkz2017,175.09000599072704,146.0,177,0.0,10,100.0,127.50000189989804,100.0,510.7847442626953,none,3
2520,vehicle.lincoln.mkz2017,105.7259278791228,147.0,177,0.0,10,100.0,54.55000081285834,100.0,289.1667811870575,none,9
2521,vehicle.lincoln.mkz2017,242.25000000600124,143.0,176,0.0,10,100.0,141.10000210255384,100.0,516.6683676242828,none,3
2522,vehicle.lincoln.mkz2017,60.41715755173839,150.0,176,0.0,10,100.0,33.10000049322844,100.0,129.60001277923584,none,5
2523,vehicle.lincoln.mkz2017,124.26716564462544,142.0,177,0.0,10,95.17989961785172,245.9500036649406,95.17989961785172,795.6964001655579,none,0
2524,vehicle.lincoln.mkz2017,246.3376246675904,141.0,177,0.0,10,100.0,243.00000362098217,100.0,916.1863794326782,none,20
2525,vehicle.lincoln.mkz2017,181.734017212836,150.0,176,0.0,10,100.0,75.7000011280179,100.0,264.762241601944,none,2
2526,vehicle.lincoln.mkz2017,61.75445811744025,147.0,176,0.0,10,100.0,155.4500023163855,100.0,697.8519957065582,none,9
2527,vehicle.lincoln.mkz2017,139.14688912305118,145.0,177,0.0,10,98.25259525949411,347.00000517070293,98.25259525949411,1217.806188583374,none,15
2528,vehicle.lincoln.mkz2017,92.62465890700264,144.0,177,0.0,10,100.0,20.90000031143427,100.0,84.79546904563904,none,20
2529,vehicle.lincoln.mkz2017,174.25697675114515,145.0,177,0.0,10,100.0,160.05000238493085,100.0,625.3173468112946,none,10
2530,vehicle.lincoln.mkz2017,183.97032391451447,145.0,177,0.0,10,100.0,71.55000106617808,100.0,265.1624250411988,none,9
2531,vehicle.lincoln.mkz2017,202.18308424118496,149.0,177,0.0,10,100.0,149.60000222921371,100.0,522.0776071548462,none,2
2532,vehicle.lincoln.mkz2017,152.86000559795005,143.0,177,0.0,10,100.0,100.1500014923513,100.0,408.15097546577454,none,6
2533,vehicle.lincoln.mkz2017,69.96409608455757,142.0,177,0.0,10,100.0,61.950000923126936,100.0,228.0212585926056,none,7
2534,vehicle.lincoln.mkz2017,160.56496478786465,140.0,177,0.0,10,100.0,131.35000195726752,100.0,496.9623534679413,none,8
2535,vehicle.lincoln.mkz2017,144.41420865579255,0.0,177,0.0,10,0.0,0.050000000745058,0.0,0.4192104339599609,red_light,13
2536,vehicle.lincoln.mkz2017,141.2596863076324,146.0,177,0.0,10,100.0,36.700000546872616,100.0,143.59279036521912,none,20
2537,vehicle.lincoln.mkz2017,250.70334896953392,142.0,177,0.0,10,100.0,203.6000030338764,100.0,806.1083424091339,none,2
2538,vehicle.lincoln.mkz2017,94.00071938021614,143.0,177,0.0,10,100.0,36.05000053718686,100.0,117.24071407318117,none,1
2539,vehicle.lincoln.mkz2017,78.52384916000362,146.0,177,0.0,10,100.0,107.50000160187484,100.0,356.6315584182739,none,7
2540,vehicle.lincoln.mkz2017,103.99867141155153,144.0,177,0.0,10,100.0,29.50000043958425,100.0,108.5771632194519,none,10
2541,vehicle.lincoln.mkz2017,59.41275985558396,142.0,177,0.0,10,100.0,16.20000024139881,100.0,76.87813782691956,none,0
2542,vehicle.lincoln.mkz2017,220.3460545638561,141.0,177,0.0,10,79.14724302417535,296.7000044211745,79.14724302417535,1062.0904879570007,none,18
2543,vehicle.lincoln.mkz2017,91.16367443389557,145.0,177,0.0,10,100.0,170.50000254064798,100.0,737.5329649448395,none,0
2544,vehicle.lincoln.mkz2017,126.5800249155539,146.0,177,0.0,10,100.0,130.95000195130706,100.0,485.0688328742981,none,13
2545,vehicle.lincoln.mkz2017,115.78998008039962,147.0,177,0.0,10,100.0,50.95000075921416,100.0,169.77310299873352,none,13
2546,vehicle.lincoln.mkz2017,199.0611845425313,141.0,177,0.0,10,100.0,47.95000071451068,100.0,194.6602883338928,none,5
2547,vehicle.lincoln.mkz2017,39.51298327846472,146.0,177,0.0,10,100.0,164.95000245794654,100.0,679.9263293743134,none,0
2548,vehicle.lincoln.mkz2017,134.82516645917676,143.0,177,0.0,10,100.0,77.10000114887953,100.0,297.92306423187256,none,5
2549,vehicle.lincoln.mkz2017,176.04473564672733,144.0,177,0.0,10,100.0,168.50000251084566,100.0,711.0150439739227,none,4
2550,vehicle.lincoln.mkz2017,97.46146430176618,140.0,176,0.0,10,100.0,69.40000103414059,100.0,232.54562377929688,none,8
2551,vehicle.lincoln.mkz2017,85.01128944107964,145.0,177,0.0,10,100.0,121.50000181049109,100.0,481.0983006954193,none,5
2552,vehicle.lincoln.mkz2017,84.2791168394927,144.0,177,0.0,10,100.0,169.80000253021717,100.0,603.6060047149658,none,20
2553,vehicle.lincoln.mkz2017,67.53636251445108,141.0,177,0.0,10,100.0,161.35000240430236,100.0,654.4483118057251,none,3
2554,vehicle.lincoln.mkz2017,167.99996240809642,141.0,176,0.0,10,100.0,159.4000023752451,100.0,604.4728291034698,none,16
2555,vehicle.lincoln.mkz2017,193.7218500399844,142.0,177,0.0,10,100.0,198.2500029541552,100.0,828.4593179225922,none,4
2556,vehicle.lincoln.mkz2017,141.12593610356925,147.0,177,0.0,10,100.0,116.90000174194574,100.0,407.183358669281,none,8
2557,vehicle.lincoln.mkz2017,109.3971503213479,151.0,177,0.0,10,100.0,214.7500032000244,100.0,752.204193353653,none,11
2558,vehicle.lincoln.mkz2017,148.92514730795034,146.0,177,0.0,10,100.0,91.65000136569142,100.0,359.8319613933563,none,2
2559,vehicle.lincoln.mkz2017,158.68891930218643,144.0,177,0.0,10,100.0,172.1500025652349,100.0,689.1353466510773,none,6
2560,vehicle.lincoln.mkz2017,76.90635351557887,146.0,177,0.0,10,100.0,66.75000099465251,100.0,237.4628655910492,none,0
2561,vehicle.lincoln.mkz2017,186.62042559656945,146.0,176,0.0,10,97.09405273520473,377.1000056192279,97.09405273520473,1254.404555797577,none,9
2562,vehicle.lincoln.mkz2017,222.385490044924,146.0,176,0.0,10,100.0,134.350002001971,100.0,574.5493955612183,none,17
2563,vehicle.lincoln.mkz2017,178.23508386477212,141.0,177,0.0,10,100.0,131.1500019542873,100.0,641.3776566982269,none,20
2564,vehicle.lincoln.mkz2017,78.0000161598569,145.0,176,0.0,10,93.51390786514524,57.850000862032175,65.45973550560166,270.2310576438904,red_light,15
2565,vehicle.lincoln.mkz2017,118.8098843933318,145.0,177,0.0,10,100.0,231.4000034481287,100.0,859.4322276115417,none,6
2566,vehicle.lincoln.mkz2017,179.964561912339,146.0,177,0.0,10,97.99369101893092,163.5500024370849,68.59558371325164,543.7982099056244,red_light,0
2567,vehicle.lincoln.mkz2017,169.5013052937602,144.0,177,0.0,10,100.0,150.65000224485993,100.0,520.9612755775452,none,15
2568,vehicle.lincoln.mkz2017,132.53723393111662,150.0,177,0.0,10,36.77112310337898,37.80000056326389,22.06267386202739,170.28804802894592,collisions_vehicle,10
2569,vehicle.lincoln.mkz2017,165.70690746680884,142.0,177,0.0,10,100.0,168.00000250339508,100.0,623.6260013580322,none,8
2570,vehicle.lincoln.mkz2017,242.2096374248703,143.0,177,0.0,10,100.0,259.200003862381,100.0,1156.2564923763275,none,16
2571,vehicle.lincoln.mkz2017,243.72050897647105,143.0,177,0.0,10,100.0,111.950001668185,100.0,530.2217495441437,none,15
2572,vehicle.lincoln.mkz2017,172.47023603808037,145.0,177,0.0,10,100.0,248.7000037059188,100.0,863.2136061191559,none,3
2573,vehicle.lincoln.mkz2017,215.6713346003968,144.0,177,0.0,10,100.0,182.95000272616744,100.0,664.9673993587494,none,7
2574,vehicle.lincoln.mkz2017,117.5310984930196,144.0,177,0.0,10,100.0,61.55000091716647,100.0,272.3392198085785,none,4
2575,vehicle.lincoln.mkz2017,236.0266182942848,143.0,176,0.0,10,98.6315647774293,74.35000110790133,64.11051710532905,278.980105638504,collisions_layout,4
2576,vehicle.lincoln.mkz2017,91.7189155740634,147.0,177,0.0,10,100.0,87.45000130310655,100.0,410.6308615207672,none,12
2577,vehicle.lincoln.mkz2017,98.37931889628884,142.0,177,0.0,10,100.0,151.4000022560358,100.0,620.8900275230408,none,20
2578,vehicle.lincoln.mkz2017,97.61171908771536,145.0,176,0.0,10,100.0,58.75000087544322,100.0,257.48697996139526,none,19
2579,vehicle.lincoln.mkz2017,170.68055255753555,145.0,177,0.0,10,100.0,116.40000173449516,100.0,368.6589486598969,none,12
2580,vehicle.lincoln.mkz2017,88.80355356292397,145.0,177,0.0,10,100.0,223.2000033259392,100.0,702.7206385135651,none,15
2581,vehicle.lincoln.mkz2017,85.49173440828262,145.0,177,0.0,10,23.743290512431688,23.650000352412462,14.245974307459011,89.33678722381592,collisions_vehicle,9
2582,vehicle.lincoln.mkz2017,110.76065795970584,145.0,176,0.0,10,100.0,70.4500010497868,100.0,295.41869378089905,none,5
2583,vehicle.lincoln.mkz2017,177.8571279682478,145.0,177,0.0,10,100.0,114.40000170469284,100.0,392.44796442985535,none,7
2584,vehicle.lincoln.mkz2017,81.9999806667819,146.0,176,0.0,10,100.0,20.950000312179327,100.0,68.20179319381714,none,6
2585,vehicle.lincoln.mkz2017,62.717139549735016,148.0,177,0.0,10,100.0,97.85000145807862,100.0,483.7023327350617,none,12
2586,vehicle.lincoln.mkz2017,181.206637504591,141.0,177,0.0,10,100.0,103.40000154078008,100.0,345.60061502456665,none,11
2587,vehicle.lincoln.mkz2017,192.1228271723634,147.0,177,0.0,10,100.0,107.90000160783528,100.0,387.4253706932068,none,10
2588,vehicle.lincoln.mkz2017,235.9040388418787,144.0,177,0.0,10,93.15288533764344,228.15000339969995,55.89173120258607,847.0504198074341,collisions_vehicle,8
2589,vehicle.lincoln.mkz2017,156.17705486881516,145.0,176,0.0,10,100.0,130.40000194311142,100.0,459.3083782196045,none,1
2590,vehicle.lincoln.mkz2017,203.43585952739693,144.0,177,0.0,10,100.0,246.2500036694109,100.0,872.1208000183105,none,17
2591,vehicle.lincoln.mkz2017,111.219846834658,146.0,177,0.0,10,100.0,41.00000061094761,100.0,141.1768136024475,none,12
2592,vehicle.lincoln.mkz2017,234.6213070717789,148.0,177,0.0,10,100.0,61.35000091418624,100.0,240.97906732559204,none,19
2593,vehicle.lincoln.mkz2017,123.1801075207984,145.0,177,0.0,10,100.0,197.150002937764,100.0,844.9188539981842,none,10
2594,vehicle.lincoln.mkz2017,50.35727855555831,145.0,177,0.0,10,100.0,60.85000090673566,100.0,223.620640039444,none,19
2595,vehicle.lincoln.mkz2017,89.66100072719145,144.0,177,0.0,10,52.18095334478102,133.1500019840896,36.52666734134671,519.6523985862732,red_light,5
2596,vehicle.lincoln.mkz2017,138.3080047843275,144.0,177,0.0,10,100.0,101.60000151395798,100.0,458.8621084690094,none,10
2597,vehicle.lincoln.mkz2017,226.40089809172488,142.0,177,0.0,10,100.0,313.3000046685338,100.0,1195.6625723838806,none,5
2598,vehicle.lincoln.mkz2017,152.83714049296856,145.0,177,0.0,10,100.0,98.50000146776438,100.0,429.5543584823608,none,14
2599,vehicle.lincoln.mkz2017,173.2256221408636,144.0,177,0.0,10,100.0,204.7000030502677,100.0,848.618679523468,none,9
2600,vehicle.lincoln.mkz2017,135.01133770819789,145.0,177,0.0,10,100.0,91.55000136420132,100.0,440.93747091293335,none,19
2601,vehicle.lincoln.mkz2017,188.14687270246912,148.0,176,0.0,10,100.0,200.00000298023224,100.0,709.0027215480804,none,15
2602,vehicle.lincoln.mkz2017,44.18144665181526,144.0,177,0.0,10,100.0,241.20000359416008,100.0,1118.1943399906158,none,16
2603,vehicle.lincoln.mkz2017,30.31612559092024,145.0,177,0.0,10,100.0,106.25000158324838,100.0,416.2647366523743,none,2
2604,vehicle.lincoln.mkz2017,82.52403395916362,144.0,177,0.0,10,96.54521908518991,350.4000052213669,96.54521908518991,1605.5564286708832,none,16
2605,vehicle.lincoln.mkz2017,220.05331647310825,142.0,177,0.0,10,100.0,53.85000080242753,100.0,188.402108669281,none,11
2606,vehicle.lincoln.mkz2017,84.29327349453786,145.0,177,0.0,10,100.0,28.40000042319297,100.0,104.48041105270386,none,6
2607,vehicle.lincoln.mkz2017,135.56536383854268,146.0,177,0.0,10,100.0,43.00000064074993,100.0,176.5136320590973,none,4
2608,vehicle.lincoln.mkz2017,227.06584469435467,146.0,176,0.0,10,100.0,168.90000251680613,100.0,603.1605653762817,none,19
2609,vehicle.lincoln.mkz2017,92.66999869677429,147.0,177,0.0,10,100.0,78.65000117197633,100.0,270.6937508583069,none,1
2610,vehicle.lincoln.mkz2017,153.7799770326952,143.0,177,0.0,10,100.0,68.90000102669,100.0,273.36379313468933,none,3
2611,vehicle.lincoln.mkz2017,136.68384612986242,143.0,177,0.0,10,100.0,126.20000188052654,100.0,455.9948191642761,none,19
2612,vehicle.lincoln.mkz2017,56.77745733053168,147.0,177,0.0,10,2.50844271061368,183.3500027321279,2.50844271061368,644.9994940757751,none,14
2613,vehicle.lincoln.mkz2017,140.29320998810496,145.0,177,0.0,10,98.275651456717,293.2500043697655,98.275651456717,1116.308273077011,none,18
2614,vehicle.lincoln.mkz2017,130.61080761316128,143.0,177,0.0,10,42.77592489394742,102.45000152662396,25.66555493636845,330.12885665893555,collisions_vehicle,2
2615,vehicle.lincoln.mkz2017,109.97205490190288,144.0,176,0.0,10,100.0,129.05000192299485,100.0,552.4002075195312,none,3
2616,vehicle.lincoln.mkz2017,190.57421685215644,141.0,177,0.0,10,100.0,71.35000106319785,100.0,288.55157685279846,none,19
2617,vehicle.lincoln.mkz2017,161.24031255030107,145.0,177,0.0,10,100.0,109.95000163838267,100.0,519.9655427932739,none,19
2618,vehicle.lincoln.mkz2017,212.0514713791468,142.0,176,0.0,10,100.0,194.00000289082527,100.0,650.6379671096802,none,18
2619,vehicle.lincoln.mkz2017,50.13066670904022,142.0,177,0.0,10,100.0,14.600000217556952,100.0,55.17647671699524,none,17
2620,vehicle.lincoln.mkz2017,9.903743135627703,151.0,177,0.0,10,98.76516386746631,110.4000016450882,59.259098320479794,472.3005781173706,collisions_vehicle,3
2621,vehicle.lincoln.mkz2017,147.88777250643483,0.0,177,0.0,10,0.0,0.1500000022351741,0.0,0.8631677627563477,collisions_vehicle,0
2622,vehicle.lincoln.mkz2017,132.45084750914103,144.0,177,0.0,10,100.0,35.50000052899122,100.0,135.91759872436523,none,10
2623,vehicle.lincoln.mkz2017,175.46213915057518,144.0,177,0.0,10,100.0,70.20000104606152,100.0,275.797812461853,none,14
2624,vehicle.lincoln.mkz2017,146.50222051911055,147.0,177,0.0,10,100.0,183.2000027298928,100.0,695.5943982601166,none,15
2625,vehicle.lincoln.mkz2017,97.78918153678758,146.0,177,0.0,10,100.0,23.90000035613776,100.0,99.40354752540588,none,0
2626,vehicle.lincoln.mkz2017,84.7644301521923,141.0,177,0.0,10,100.0,166.6500024832785,100.0,760.7145476341248,none,14
2627,vehicle.lincoln.mkz2017,138.25085451995548,144.0,177,0.0,10,100.0,91.40000136196612,100.0,307.36130714416504,none,0
2628,vehicle.lincoln.mkz2017,207.01921297077124,135.0,177,0.0,11,100.0,91.30000136047602,100.0,564.0284020900726,none,0
2629,vehicle.lincoln.mkz2017,82.7731237397857,139.0,177,0.0,11,29.2339995473098,44.70000066608191,17.54039972838588,243.7544505596161,collisions_vehicle,1
2630,vehicle.lincoln.mkz2017,178.9391330373126,134.0,177,0.0,11,100.0,76.80000114440918,100.0,511.8561301231384,none,2
2631,vehicle.lincoln.mkz2017,238.10978756392848,136.0,177,0.0,11,100.0,140.85000209882855,100.0,904.0236694812776,none,3
2632,vehicle.lincoln.mkz2017,223.3329029008772,134.0,177,0.0,11,100.0,188.9500028155744,100.0,1329.6141052246094,none,1
2633,vehicle.lincoln.mkz2017,167.56487086493937,132.0,177,0.0,11,100.0,81.20000120997429,100.0,588.8524630069733,none,4
2634,vehicle.lincoln.mkz2017,194.9718798637444,137.0,177,0.0,11,98.7442561934532,238.95000356063247,69.12097933541723,1521.8725078105929,red_light,5
2635,vehicle.lincoln.mkz2017,115.88590957775584,135.0,177,0.0,11,100.0,36.55000054463744,100.0,245.07854914665225,none,6
2636,vehicle.lincoln.mkz2017,43.096043644042815,132.0,177,0.0,11,100.0,173.25000258162618,100.0,1092.299570798874,none,3
2637,vehicle.lincoln.mkz2017,58.63827134877027,0.0,177,0.0,11,0.0,0.050000000745058,0.0,0.3844950199127197,red_light,1
2638,vehicle.lincoln.mkz2017,77.26589929384768,133.0,177,0.0,11,100.0,98.10000146180391,100.0,679.0509469509125,none,6
2639,vehicle.lincoln.mkz2017,162.78504929646405,137.0,177,0.0,11,100.0,108.90000162273644,100.0,681.7485866546631,none,4
2640,vehicle.lincoln.mkz2017,198.33133495156537,135.0,177,0.0,11,100.0,139.6000020802021,100.0,1037.581593990326,none,7
2641,vehicle.lincoln.mkz2017,101.61206212778252,133.0,177,0.0,11,100.0,68.60000102221966,100.0,376.66152119636536,none,8
2642,vehicle.lincoln.mkz2017,114.14997116258075,136.0,177,0.0,11,100.0,152.8500022776425,100.0,870.0709512233734,none,8
2643,vehicle.lincoln.mkz2017,89.85816825817592,136.0,177,0.0,11,96.15008342249784,304.7500045411289,96.15008342249784,1938.4920012950893,none,3
2644,vehicle.lincoln.mkz2017,117.1820118020656,137.0,176,0.0,11,100.0,75.7000011280179,100.0,420.6817395687103,none,5
2645,vehicle.lincoln.mkz2017,124.7108900544878,134.0,177,0.0,11,100.0,96.25000143423676,100.0,556.40909075737,none,6
2646,vehicle.lincoln.mkz2017,97.85226981529962,141.0,177,0.0,11,100.0,74.85000111535192,100.0,510.87170457839966,none,9
2647,vehicle.lincoln.mkz2017,152.4820958031289,133.0,177,0.0,11,100.0,72.20000107586384,100.0,481.9489033222199,none,2
2648,vehicle.lincoln.mkz2017,273.33199613203595,134.0,177,0.0,11,100.0,166.15000247582793,100.0,1001.2692041397096,none,8
2649,vehicle.lincoln.mkz2017,174.53322915148334,132.0,176,0.0,11,100.0,161.6500024087727,100.0,969.584924697876,none,5
2650,vehicle.lincoln.mkz2017,56.30132988530262,136.0,177,0.0,11,100.0,83.60000124573708,100.0,562.8719441890717,none,10
2651,vehicle.lincoln.mkz2017,187.8028807307963,131.0,177,0.0,11,97.68730733597968,361.3500053845346,97.68730733597968,2007.3822774887085,none,7
2652,vehicle.lincoln.mkz2017,148.57995264526733,134.0,177,0.0,11,100.0,68.40000101923943,100.0,404.31822681427,none,3
2653,vehicle.lincoln.mkz2017,67.64448743494455,134.0,177,0.0,11,100.0,22.95000034198165,100.0,138.92137265205383,none,1
2654,vehicle.lincoln.mkz2017,247.34437197628097,136.0,177,0.0,11,100.0,178.05000265315175,100.0,1217.0207133293152,none,9
2655,vehicle.lincoln.mkz2017,185.99463978365304,139.0,177,0.0,11,100.0,50.00000074505806,100.0,294.1768472194672,none,11
2656,vehicle.lincoln.mkz2017,50.992664209856144,136.0,176,0.0,11,100.0,41.350000616163015,100.0,254.80267691612244,none,12
2657,vehicle.lincoln.mkz2017,80.77520493729264,132.0,176,0.0,11,100.0,371.5000055357814,100.0,2290.258211374283,none,2
2658,vehicle.lincoln.mkz2017,154.22773630668453,130.0,176,0.0,11,100.0,87.25000130012631,100.0,576.762955904007,none,8
2659,vehicle.lincoln.mkz2017,81.18335428520193,130.0,177,0.0,11,96.88424732039968,270.7500040344894,96.88424732039968,1716.9332370758057,none,13
2660,vehicle.lincoln.mkz2017,126.51974353648706,134.0,177,0.0,11,100.0,97.4000014513731,100.0,566.1916983127594,none,1
2661,vehicle.lincoln.mkz2017,275.5098342056596,131.0,177,0.0,11,100.0,212.1000031605363,100.0,1214.4214839935305,none,12
2662,vehicle.lincoln.mkz2017,161.0705508614438,133.0,177,0.0,11,100.0,94.75000141188502,100.0,607.3093163967133,none,8
2663,vehicle.lincoln.mkz2017,212.21998513514657,134.0,177,0.0,11,100.0,182.2000027149916,100.0,1142.1147367954254,none,14
2664,vehicle.lincoln.mkz2017,92.67208641879182,132.0,177,0.0,11,100.0,31.90000047534704,100.0,207.8751266002655,none,13
2665,vehicle.lincoln.mkz2017,155.64995003145023,135.0,177,0.0,11,100.0,66.55000099167228,100.0,400.2585871219635,none,13
2666,vehicle.lincoln.mkz2017,168.14150198346732,132.0,177,0.0,11,25.232295203302964,17.25000025704503,15.139377121981775,125.78382086753844,collisions_vehicle,8
2667,vehicle.lincoln.mkz2017,135.6931039120751,139.0,176,0.0,11,100.0,202.1500030122697,100.0,1308.506906747818,none,12
2668,vehicle.lincoln.mkz2017,121.9713958242025,139.0,177,0.0,11,100.0,96.85000144317746,100.0,659.4717609882355,none,15
2669,vehicle.lincoln.mkz2017,90.0830794673052,133.0,177,0.0,11,100.0,83.55000124499202,100.0,470.96639132499695,none,14
2670,vehicle.lincoln.mkz2017,71.692100036983,136.0,176,0.0,11,100.0,399.0000059455633,100.0,2608.332253932953,none,14
2671,vehicle.lincoln.mkz2017,195.33833164299287,138.0,177,0.0,11,98.14059459027295,482.9500071965158,98.14059459027295,2967.896984815597,none,13
2672,vehicle.lincoln.mkz2017,96.40022461549356,132.0,177,0.0,11,100.0,136.5000020340085,100.0,960.4032425880432,none,5
2673,vehicle.lincoln.mkz2017,151.55090419619987,131.0,177,0.0,11,100.0,111.85000166669488,100.0,676.2149395942688,none,11
2674,vehicle.lincoln.mkz2017,185.7261592234176,133.0,177,0.0,11,100.0,200.10000298172235,100.0,1241.486887216568,none,4
2675,vehicle.lincoln.mkz2017,141.90401885803934,136.0,176,0.0,11,100.0,183.80000273883343,100.0,1089.9009590148926,none,1
2676,vehicle.lincoln.mkz2017,159.02180304401404,135.0,177,0.0,11,100.0,50.95000075921416,100.0,370.9049506187439,none,1
2677,vehicle.lincoln.mkz2017,69.93839879481226,131.0,177,0.0,11,100.0,60.65000090375543,100.0,422.7025883197784,none,14
2678,vehicle.lincoln.mkz2017,222.93380901648845,131.0,177,0.0,11,100.0,206.40000307559967,100.0,1269.7981870174408,none,3
2679,vehicle.lincoln.mkz2017,237.9464389452768,132.0,177,0.0,11,100.0,155.00000230968,100.0,959.7203986644744,none,16
2680,vehicle.lincoln.mkz2017,200.10978739194945,137.0,177,0.0,11,100.0,81.80000121891499,100.0,578.7345385551453,none,17
2681,vehicle.lincoln.mkz2017,139.8224897592828,139.0,176,0.0,11,97.13122921687471,454.5500067733228,97.13122921687471,2691.820967197418,none,2
2682,vehicle.lincoln.mkz2017,129.7494968599369,134.0,177,0.0,11,100.0,124.55000185593964,100.0,828.3670904636383,none,3
2683,vehicle.lincoln.mkz2017,59.98171397690685,131.0,177,0.0,11,100.0,20.10000029951334,100.0,132.00455689430237,none,5
2684,vehicle.lincoln.mkz2017,164.30197183978018,135.0,176,0.0,11,100.0,63.65000094845891,100.0,358.424028635025,none,18
2685,vehicle.lincoln.mkz2017,135.3497162420629,133.0,176,0.0,11,97.28757990277612,331.35000493749976,97.28757990277612,1760.2953996658323,none,7
2686,vehicle.lincoln.mkz2017,85.66889046054116,133.0,177,0.0,11,100.0,38.55000057443976,100.0,278.3200559616089,none,19
2687,vehicle.lincoln.mkz2017,62.57769689198829,136.0,177,0.0,11,100.0,67.3500010035932,100.0,385.9078223705292,none,14
2688,vehicle.lincoln.mkz2017,209.0502379953276,134.0,177,0.0,11,100.0,112.3000016734004,100.0,676.2105934619904,none,7
2689,vehicle.lincoln.mkz2017,109.91696340852243,131.0,177,0.0,11,41.30063527247159,227.6500033922493,41.30063527247159,1451.7971081733704,none,20
2690,vehicle.lincoln.mkz2017,112.25633952510816,138.0,177,0.0,11,100.0,109.95000163838267,100.0,641.5017578601837,none,11
2691,vehicle.lincoln.mkz2017,113.50148540809884,134.0,177,0.0,11,100.0,103.10000153630972,100.0,571.0674109458923,none,8
2692,vehicle.lincoln.mkz2017,245.14782311563644,132.0,176,0.0,11,100.0,189.60000282526016,100.0,1161.279024600983,none,18
2693,vehicle.lincoln.mkz2017,250.12245508861588,137.0,177,0.0,11,100.0,144.5000021532178,100.0,868.669490814209,none,14
2694,vehicle.lincoln.mkz2017,54.506131352703086,139.0,177,0.0,11,97.55527019795132,286.8500042743981,97.55527019795132,1673.9558465480804,none,14
2695,vehicle.lincoln.mkz2017,132.2912577005324,136.0,177,0.0,11,100.0,65.65000097826123,100.0,381.0787987709045,none,18
2696,vehicle.lincoln.mkz2017,84.74849002285849,132.0,177,0.0,11,100.0,69.65000103786588,100.0,480.1373403072357,none,9
2697,vehicle.lincoln.mkz2017,152.37286603245602,134.0,177,0.0,11,100.0,48.550000723451376,100.0,351.0240972042084,none,9
2698,vehicle.lincoln.mkz2017,170.35434195336265,139.0,177,0.0,11,100.0,73.10000108927488,100.0,446.98005652427673,none,4
2699,vehicle.lincoln.mkz2017,135.50261038028492,134.0,177,0.0,11,100.0,113.40000168979168,100.0,786.7534494400024,none,20
2700,vehicle.lincoln.mkz2017,184.08247304405248,134.0,177,0.0,11,98.74419582486009,163.15000243112445,69.12093707740206,1043.1920466423037,red_light,5
2701,vehicle.lincoln.mkz2017,185.4022201237888,136.0,177,0.0,11,100.0,154.7500023059547,100.0,938.1391408443452,none,6
2702,vehicle.lincoln.mkz2017,262.73995804947594,138.0,177,0.0,11,100.0,155.30000231415033,100.0,948.9294664859772,none,0
2703,vehicle.lincoln.mkz2017,128.95913185645716,133.0,177,0.0,11,100.0,102.0500015206635,100.0,575.6543116569519,none,2
2704,vehicle.lincoln.mkz2017,157.49129412890363,135.0,176,0.0,11,100.0,45.40000067651272,100.0,271.23266673088074,none,13
2705,vehicle.lincoln.mkz2017,105.84117500426734,135.0,177,0.0,11,95.8708458972026,249.0500037111342,95.8708458972026,1560.6741366386414,none,9
2706,vehicle.lincoln.mkz2017,106.08523701555264,133.0,177,0.0,11,100.0,150.65000224485993,100.0,901.8115282058716,none,0
2707,vehicle.lincoln.mkz2017,134.9649352416446,137.0,177,0.0,11,100.0,220.8000032901764,100.0,1372.8707945346832,none,20
2708,vehicle.lincoln.mkz2017,133.9996692194524,133.0,177,0.0,11,100.0,27.150000404566526,100.0,174.4887936115265,none,2
2709,vehicle.lincoln.mkz2017,188.62217081727417,134.0,176,0.0,11,100.0,96.35000143572688,100.0,577.5889368057251,none,8
2710,vehicle.lincoln.mkz2017,56.72804923831599,132.0,177,0.0,11,100.0,50.65000075474381,100.0,318.6860890388489,none,20
2711,vehicle.lincoln.mkz2017,55.99933212657137,129.0,177,0.0,11,100.0,12.650000188499687,100.0,83.54263949394226,none,12
2712,vehicle.lincoln.mkz2017,77.74474012433396,135.0,177,0.0,11,98.60126214222004,257.6000038385391,98.60126214222004,2252.9627895355225,none,9
2713,vehicle.lincoln.mkz2017,201.47522325688308,0.0,177,0.0,11,0.0,0.050000000745058,0.0,0.3857128620147705,red_light,0
2714,vehicle.lincoln.mkz2017,57.91582883374336,134.0,177,0.0,11,44.49266756002704,27.200000405311584,26.695600536016222,165.13654947280884,collisions_vehicle,20
2715,vehicle.lincoln.mkz2017,233.5059863989048,133.0,176,0.0,11,100.0,177.35000264272094,100.0,1243.5463469028473,none,19
2716,vehicle.lincoln.mkz2017,136.38078640210082,134.0,176,0.0,11,97.4661112952578,346.8000051677227,97.4661112952578,2052.211045742035,none,17
2717,vehicle.lincoln.mkz2017,64.84443288939383,135.0,176,0.0,11,35.38863178328684,76.60000114142895,21.233179069972103,499.2906534671784,collisions_vehicle,9
2718,vehicle.lincoln.mkz2017,63.51635132231508,132.0,176,0.0,11,96.9779659349654,320.75000477954745,96.9779659349654,2716.393151283264,none,2
2719,vehicle.lincoln.mkz2017,147.48200195171145,134.0,177,0.0,11,100.0,190.5000028386712,100.0,1311.8739385604858,none,20
2720,vehicle.lincoln.mkz2017,217.51892947055245,132.0,177,0.0,11,100.0,67.75000100955367,100.0,413.7727952003479,none,1
2721,vehicle.lincoln.mkz2017,190.8164069727564,136.0,177,0.0,11,100.0,99.95000148937106,100.0,600.2532842159271,none,5
2722,vehicle.lincoln.mkz2017,254.1060713159461,136.0,177,0.0,11,98.04729221436868,461.4500068761408,98.04729221436868,2548.3006846904755,none,8
2723,vehicle.lincoln.mkz2017,165.2617979987117,134.0,177,0.0,11,100.0,128.5000019147992,100.0,792.8734285831451,none,1
2724,vehicle.lincoln.mkz2017,149.99601064107898,135.0,176,0.0,11,100.0,232.3000034615397,100.0,1422.9469015598297,none,14
2725,vehicle.lincoln.mkz2017,71.50994652828354,131.0,177,0.0,11,100.0,17.600000262260437,100.0,106.9493818283081,none,19
2726,vehicle.lincoln.mkz2017,135.46155381851938,132.0,177,0.0,11,100.0,165.80000247061253,100.0,928.2825129032136,none,14
2727,vehicle.lincoln.mkz2017,156.79689825163248,132.0,177,0.0,11,36.46047485139548,220.45000328496096,36.46047485139548,1645.4677109718325,none,1
2728,vehicle.lincoln.mkz2017,83.13450328178256,138.0,177,0.0,11,100.0,29.10000043362379,100.0,164.39048314094543,none,17
2729,vehicle.lincoln.mkz2017,250.78999932384824,136.0,177,0.0,11,100.0,143.40000213682652,100.0,983.6964197158812,none,10
2730,vehicle.lincoln.mkz2017,114.62667096986732,129.0,177,0.0,11,100.0,64.90000096708536,100.0,409.9419078826904,none,2
2731,vehicle.lincoln.mkz2017,63.43423489382118,0.0,177,0.0,11,0.0,0.050000000745058,0.0,0.7803802490234375,red_light,9
2732,vehicle.lincoln.mkz2017,192.3656901274608,137.0,176,0.0,11,100.0,125.6500018723309,100.0,853.6160092353821,none,3
2733,vehicle.lincoln.mkz2017,209.0900054293799,129.0,177,0.0,11,100.0,128.95000192150474,100.0,931.3533511161804,none,7
2734,vehicle.lincoln.mkz2017,70.43334556254084,135.0,177,0.0,11,100.0,139.30000207573175,100.0,858.3565449714661,none,18
2735,vehicle.lincoln.mkz2017,257.85431282278745,132.0,177,0.0,11,100.0,114.00000169873238,100.0,788.4899327754974,none,13
2736,vehicle.lincoln.mkz2017,163.9999400746265,131.0,177,0.0,11,100.0,66.45000099018216,100.0,438.4251642227173,none,18
2737,vehicle.lincoln.mkz2017,269.2091664486068,134.0,177,0.0,11,100.0,189.0000028163195,100.0,1258.8712260723114,none,0
2738,vehicle.lincoln.mkz2017,171.19559751444055,130.0,177,0.0,11,100.0,204.900003053248,100.0,1186.9977478981018,none,8
2739,vehicle.lincoln.mkz2017,98.00128842523004,135.0,177,0.0,11,100.0,20.10000029951334,100.0,129.690331697464,none,11
2740,vehicle.lincoln.mkz2017,4.00000021027517,131.0,177,0.0,11,20.857315887518816,198.35000295564527,20.857315887518816,1445.1443555355072,none,13
2741,vehicle.lincoln.mkz2017,251.3352438596285,139.0,177,0.0,11,98.16751068692965,144.4500021524727,58.900506412157775,858.2064528465271,collisions_vehicle,12
2742,vehicle.lincoln.mkz2017,271.3472965796286,132.0,177,0.0,11,100.0,187.5500027947128,100.0,1363.5352003574371,none,9
2743,vehicle.lincoln.mkz2017,126.89068320142172,137.0,177,0.0,11,100.0,317.3500047288835,100.0,2400.320804595948,none,9
2744,vehicle.lincoln.mkz2017,65.17453134346205,138.0,176,0.0,11,100.0,92.60000137984753,100.0,633.1895096302032,none,4
2745,vehicle.lincoln.mkz2017,191.8171785347349,130.0,177,0.0,11,100.0,72.75000108405948,100.0,521.1234946250916,none,6
2746,vehicle.lincoln.mkz2017,135.53081141470167,133.0,176,0.0,11,100.0,215.35000320896503,100.0,1257.777233839035,none,9
2747,vehicle.lincoln.mkz2017,159.83405030843176,139.0,177,0.0,11,100.0,228.60000340640545,100.0,1343.6431713104248,none,19
2748,vehicle.lincoln.mkz2017,120.04475960989669,134.0,177,0.0,11,100.0,32.80000048875809,100.0,237.9365718364716,none,3
2749,vehicle.lincoln.mkz2017,83.45133697663786,133.0,177,0.0,11,85.59978040389208,281.8000041991472,51.359868242335246,1668.8786625862122,collisions_vehicle,8
2750,vehicle.lincoln.mkz2017,147.97621366078394,134.0,177,0.0,11,0.0,2.600000038743019,0.0,15.76866865158081,red_light,1
2751,vehicle.lincoln.mkz2017,149.18479208755417,138.0,177,0.0,11,100.0,45.450000677257776,100.0,271.7818350791931,none,2
2752,vehicle.lincoln.mkz2017,240.84659042508247,134.0,177,0.0,11,13.357650362571963,195.1500029079616,13.357650362571963,1207.1132986545565,none,0
2753,vehicle.lincoln.mkz2017,141.7120253036426,134.0,177,0.0,11,100.0,111.05000165477396,100.0,696.5182168483734,none,7
2754,vehicle.lincoln.mkz2017,134.68550795661574,132.0,177,0.0,11,100.0,156.80000233650208,100.0,1068.7319695949554,none,14
2755,vehicle.lincoln.mkz2017,217.9950009430536,134.0,177,0.0,11,100.0,130.00000193715096,100.0,949.1612792015076,none,6
2756,vehicle.lincoln.mkz2017,140.85397776372758,136.0,177,0.0,11,97.28786977716238,286.750004272908,97.28786977716238,1984.7770054340365,none,9
2757,vehicle.lincoln.mkz2017,141.17222919562278,132.0,176,0.0,11,100.0,159.20000237226486,100.0,895.8777794837952,none,5
2758,vehicle.lincoln.mkz2017,57.690003107429895,135.0,176,0.0,11,100.0,53.10000079125166,100.0,331.9923303127289,none,14
2759,vehicle.lincoln.mkz2017,211.56213862926955,132.0,177,0.0,11,100.0,76.50000113993883,100.0,465.5503122806549,none,10
2760,vehicle.lincoln.mkz2017,130.30642004913034,137.0,177,0.0,11,100.0,132.85000197961926,100.0,866.1975274085999,none,2
2761,vehicle.lincoln.mkz2017,216.3700031067862,130.0,176,0.0,11,100.0,103.15000153705478,100.0,695.916424036026,none,7
2762,vehicle.lincoln.mkz2017,97.7799995055068,132.0,177,0.0,11,100.0,51.30000076442957,100.0,390.62659430503845,none,10
2763,vehicle.lincoln.mkz2017,91.21650580385666,134.0,176,0.0,11,100.0,94.50000140815972,100.0,598.6237576007843,none,1
2764,vehicle.lincoln.mkz2017,153.947210454538,135.0,177,0.0,11,100.0,97.60000145435332,100.0,627.1025159358978,none,12
2765,vehicle.lincoln.mkz2017,119.900140564025,130.0,176,0.0,11,100.0,80.45000119879842,100.0,478.119106054306,none,11
2766,vehicle.lincoln.mkz2017,238.7324055173933,131.0,177,0.0,11,100.0,113.30000168830156,100.0,713.2287864685059,none,5
2767,vehicle.lincoln.mkz2017,151.87153975210185,135.0,177,0.0,11,100.0,203.7500030361116,100.0,1294.5737745761871,none,20
2768,vehicle.lincoln.mkz2017,247.73842490293512,134.0,177,0.0,11,100.0,150.60000224411488,100.0,868.4777553081512,none,9
2769,vehicle.lincoln.mkz2017,278.8517179140669,135.0,177,0.0,11,100.0,218.6500032581389,100.0,1473.5008506774902,none,10
2770,vehicle.lincoln.mkz2017,13.066559092344626,135.0,177,0.0,11,98.23533461147842,377.15000561997294,98.23533461147842,2274.8096079826355,none,6
2771,vehicle.lincoln.mkz2017,133.6516813305543,133.0,177,0.0,11,100.0,67.40000100433826,100.0,418.1019015312195,none,6
2772,vehicle.lincoln.mkz2017,115.96521403280724,137.0,177,0.0,11,100.0,199.800002977252,100.0,1264.3429782390594,none,18
2773,vehicle.lincoln.mkz2017,185.93342229434964,133.0,177,0.0,11,100.0,72.55000108107924,100.0,442.5468616485596,none,18
2774,vehicle.lincoln.mkz2017,167.38486120028512,135.0,176,0.0,11,100.0,37.35000055655837,100.0,240.773583650589,none,19
2775,vehicle.lincoln.mkz2017,251.15731424878263,134.0,177,0.0,11,97.88798631802662,384.5000057294965,97.88798631802662,2187.7017447948456,none,6
2776,vehicle.lincoln.mkz2017,97.41958226021404,135.0,177,0.0,11,100.0,94.9000014141202,100.0,593.8940451145172,none,11
2777,vehicle.lincoln.mkz2017,54.10762331426994,140.0,177,0.0,11,96.3634540761652,265.0500039495528,96.3634540761652,2144.189562559128,none,2
2778,vehicle.lincoln.mkz2017,121.65021018505978,134.0,176,0.0,11,100.0,97.80000145733356,100.0,574.0063078403473,none,12
2779,vehicle.lincoln.mkz2017,218.0465004233209,136.0,176,0.0,11,100.0,166.75000248476863,100.0,985.79279255867,none,1
2780,vehicle.lincoln.mkz2017,136.80629150040426,135.0,177,0.0,11,100.0,224.3500033430755,100.0,1551.5473392009735,none,14
2781,vehicle.lincoln.mkz2017,177.63438654998097,133.0,176,0.0,11,100.0,66.55000099167228,100.0,408.0913319587708,none,9
2782,vehicle.lincoln.mkz2017,66.90389832381031,132.0,177,0.0,11,100.0,60.00000089406967,100.0,371.03511905670166,none,4
2783,vehicle.lincoln.mkz2017,273.3407856255807,135.0,177,0.0,11,100.0,202.10000301152468,100.0,1282.0329732894895,none,18
2784,vehicle.lincoln.mkz2017,98.3758070779555,131.0,177,0.0,11,100.0,53.30000079423189,100.0,294.0645875930786,none,20
2785,vehicle.lincoln.mkz2017,75.509947236394,139.0,177,0.0,11,100.0,26.05000038817525,100.0,157.11324787139893,none,7
2786,vehicle.lincoln.mkz2017,215.69296777720123,136.0,177,0.0,11,100.0,200.20000298321247,100.0,1240.9181208610537,none,10
2787,vehicle.lincoln.mkz2017,127.99489155404224,133.0,176,0.0,11,100.0,189.9000028297305,100.0,1188.0376312732697,none,9
2788,vehicle.lincoln.mkz2017,113.54286258512876,136.0,177,0.0,11,100.0,31.750000473111868,100.0,196.37828373909,none,3
2789,vehicle.lincoln.mkz2017,77.70679167100221,138.0,176,0.0,11,100.0,40.3000006005168,100.0,217.14134550094604,none,0
2790,vehicle.lincoln.mkz2017,128.00041635409687,139.0,177,0.0,11,100.0,167.80000250041485,100.0,1079.9569075107574,none,3
2791,vehicle.lincoln.mkz2017,63.61396366476734,132.0,177,0.0,11,97.85111675898274,324.35000483319163,97.85111675898274,2220.010598897934,none,8
2792,vehicle.lincoln.mkz2017,210.35719774473657,132.0,177,0.0,11,100.0,92.80000138282776,100.0,553.0459897518158,none,4
2793,vehicle.lincoln.mkz2017,218.17279493959552,137.0,177,0.0,11,98.29318517346394,482.7500071935356,98.29318517346394,3130.670545578003,none,9
2794,vehicle.lincoln.mkz2017,114.13830922825704,133.0,177,0.0,11,57.3402849409111,258.1000038459897,57.3402849409111,1441.4639518260956,none,8
2795,vehicle.lincoln.mkz2017,91.5848828385856,136.0,177,0.0,11,100.0,49.45000073686242,100.0,277.7514441013336,none,14
2796,vehicle.lincoln.mkz2017,127.5593661832002,135.0,177,0.0,11,95.98607626964666,302.7000045105815,95.98607626964666,1939.2797138690948,none,11
2797,vehicle.lincoln.mkz2017,153.806218665598,134.0,177,0.0,11,77.65436514046,92.00000137090684,46.592619084276,625.9065494537354,collisions_vehicle,20
2798,vehicle.lincoln.mkz2017,230.50704928789344,131.0,177,0.0,11,100.0,156.10000232607126,100.0,1126.0739426612854,none,6
2799,vehicle.lincoln.mkz2017,155.21271208235316,137.0,177,0.0,11,100.0,126.80000188946724,100.0,747.6210947036743,none,5
2800,vehicle.lincoln.mkz2017,68.45236296257079,132.0,177,0.0,11,100.0,68.50000102072954,100.0,392.1077589988709,none,16
2801,vehicle.lincoln.mkz2017,289.7189203220309,136.0,177,0.0,11,100.0,142.9000021293759,100.0,857.8190414905548,none,0
2802,vehicle.lincoln.mkz2017,255.72384592595856,129.0,177,0.0,11,100.0,168.75000251457095,100.0,1092.231570482254,none,8
2803,vehicle.lincoln.mkz2017,62.44134756354121,135.0,177,0.0,11,100.0,54.40000081062317,100.0,330.3016622066498,none,2
2804,vehicle.lincoln.mkz2017,107.60914881202362,132.0,177,0.0,11,100.0,96.90000144392252,100.0,589.0840332508087,none,9
2805,vehicle.lincoln.mkz2017,160.69567727484127,133.0,176,0.0,11,100.0,213.7000031843781,100.0,1371.649958610535,none,13
2806,vehicle.lincoln.mkz2017,84.00000790754952,136.0,176,0.0,11,100.0,28.950000431388617,100.0,183.99405074119568,none,4
2807,vehicle.lincoln.mkz2017,135.98085964910393,135.0,177,0.0,11,100.0,36.30000054091215,100.0,231.3608336448669,none,3
2808,vehicle.lincoln.mkz2017,187.1840081355105,134.0,176,0.0,11,100.0,79.85000118985772,100.0,539.7343745231628,none,10
2809,vehicle.lincoln.mkz2017,198.1508534574193,0.0,177,0.0,11,0.0,0.050000000745058,0.0,1.0678229331970217,red_light,19
2810,vehicle.lincoln.mkz2017,149.37026287944542,134.0,177,0.0,11,100.0,38.60000057518482,100.0,272.2427337169647,none,12
2811,vehicle.lincoln.mkz2017,78.14909887959358,137.0,176,0.0,11,100.0,127.55000190064312,100.0,786.4819061756134,none,11
2812,vehicle.lincoln.mkz2017,169.63795273239205,132.0,177,0.0,11,100.0,39.800000593066216,100.0,279.51225209236145,none,2
2813,vehicle.lincoln.mkz2017,201.75301977211643,134.0,177,0.0,11,100.0,191.15000284835696,100.0,1274.4743304252625,none,2
2814,vehicle.lincoln.mkz2017,84.73965023148577,133.0,177,0.0,11,100.0,104.85000156238677,100.0,733.3069181442261,none,5
2815,vehicle.lincoln.mkz2017,199.61393678283733,133.0,177,0.0,11,100.0,65.65000097826123,100.0,415.1066110134125,none,17
2816,vehicle.lincoln.mkz2017,231.035249317076,138.0,177,0.0,11,98.38340927399068,354.2000052779913,98.38340927399068,2043.4719815254207,none,2
2817,vehicle.lincoln.mkz2017,224.4508093747655,138.0,176,0.0,11,100.0,195.00000290572643,100.0,1399.2301261425018,none,10
2818,vehicle.lincoln.mkz2017,160.59174114741538,133.0,176,0.0,11,71.02423301719278,171.3000025525689,42.61453981031567,966.027822971344,collisions_vehicle,14
2819,vehicle.lincoln.mkz2017,175.09000599072704,136.0,177,0.0,11,100.0,269.1000040099025,100.0,1719.7017340660095,none,3
2820,vehicle.lincoln.mkz2017,105.7259278791228,133.0,177,0.0,11,100.0,56.7500008456409,100.0,461.7311789989472,none,9
2821,vehicle.lincoln.mkz2017,242.25000000600124,132.0,176,0.0,11,78.74208311649977,126.45000188425183,47.24524986989986,748.0243771076202,collisions_vehicle,3
2822,vehicle.lincoln.mkz2017,60.41715755173839,135.0,176,0.0,11,100.0,32.25000048056245,100.0,187.6001896858216,none,5
2823,vehicle.lincoln.mkz2017,124.26716564462544,134.0,177,0.0,11,96.50175259967718,332.45000495389104,96.50175259967718,1761.4962117671969,none,0
2824,vehicle.lincoln.mkz2017,246.3376246675904,137.0,177,0.0,11,100.0,229.10000341385603,100.0,1428.2851204872131,none,20
2825,vehicle.lincoln.mkz2017,181.734017212836,133.0,176,0.0,11,100.0,69.55000103637576,100.0,404.5541188716888,none,2
2826,vehicle.lincoln.mkz2017,61.75445811744025,126.0,176,0.0,11,100.0,154.7500023059547,100.0,1092.5324747562408,none,9
2827,vehicle.lincoln.mkz2017,139.14688912305118,134.0,177,0.0,11,100.0,117.70000175386669,100.0,768.9423670768738,none,15
2828,vehicle.lincoln.mkz2017,92.62465890700264,134.0,177,0.0,11,100.0,20.550000306218863,100.0,130.74158906936646,none,20
2829,vehicle.lincoln.mkz2017,174.25697675114515,134.0,177,0.0,11,100.0,116.9500017426908,100.0,818.4828190803528,none,10
2830,vehicle.lincoln.mkz2017,183.97032391451447,134.0,177,0.0,11,100.0,72.40000107884407,100.0,431.9073798656464,none,9
2831,vehicle.lincoln.mkz2017,202.18308424118496,137.0,177,0.0,11,100.0,96.90000144392252,100.0,596.5669963359833,none,2
2832,vehicle.lincoln.mkz2017,152.86000559795005,133.0,177,0.0,11,100.0,141.65000211074948,100.0,937.0654892921448,none,6
2833,vehicle.lincoln.mkz2017,69.96409608455757,133.0,177,0.0,11,100.0,96.50000143796206,100.0,574.5320324897766,none,7
2834,vehicle.lincoln.mkz2017,160.56496478786465,135.0,177,0.0,11,100.0,130.60000194609165,100.0,732.9351108074188,none,8
2835,vehicle.lincoln.mkz2017,144.41420865579255,0.0,177,0.0,11,0.0,0.050000000745058,0.0,0.4292473793029785,red_light,13
2836,vehicle.lincoln.mkz2017,141.2596863076324,137.0,177,0.0,11,100.0,36.20000053942204,100.0,211.08112049102783,none,20
2837,vehicle.lincoln.mkz2017,250.70334896953392,132.0,177,0.0,11,100.0,159.35000237450004,100.0,912.7479741573334,none,2
2838,vehicle.lincoln.mkz2017,94.00071938021614,131.0,177,0.0,11,100.0,24.600000366568565,100.0,147.19700455665588,none,1
2839,vehicle.lincoln.mkz2017,78.52384916000362,133.0,177,0.0,11,100.0,26.55000039562583,100.0,142.19352507591248,none,7
2840,vehicle.lincoln.mkz2017,103.99867141155153,137.0,177,0.0,11,100.0,22.800000339746475,100.0,150.3993752002716,none,10
2841,vehicle.lincoln.mkz2017,59.41275985558396,135.0,177,0.0,11,100.0,18.0000002682209,100.0,128.4424958229065,none,0
2842,vehicle.lincoln.mkz2017,220.3460545638561,136.0,177,0.0,11,98.48890213355476,392.9500058554113,98.48890213355476,2363.729143857956,none,18
2843,vehicle.lincoln.mkz2017,91.16367443389557,137.0,177,0.0,11,100.0,177.400002643466,100.0,1117.8517820835114,none,0
2844,vehicle.lincoln.mkz2017,126.5800249155539,134.0,177,0.0,11,100.0,80.950001206249,100.0,533.8909282684326,none,13
2845,vehicle.lincoln.mkz2017,115.78998008039962,131.0,177,0.0,11,100.0,47.250000704079866,100.0,266.66938734054565,none,13
2846,vehicle.lincoln.mkz2017,199.0611845425313,139.0,177,0.0,11,100.0,60.8000009059906,100.0,372.5545790195465,none,5
2847,vehicle.lincoln.mkz2017,39.51298327846472,138.0,177,0.0,11,100.0,163.8000024408102,100.0,1027.213790178299,none,0
2848,vehicle.lincoln.mkz2017,134.82516645917676,132.0,177,0.0,11,100.0,79.65000118687749,100.0,451.9856994152069,none,5
2849,vehicle.lincoln.mkz2017,176.04473564672733,137.0,177,0.0,11,100.0,123.55000184103848,100.0,873.4007124900818,none,4
2850,vehicle.lincoln.mkz2017,97.46146430176618,132.0,176,0.0,11,100.0,46.40000069141388,100.0,252.7753427028656,none,8
2851,vehicle.lincoln.mkz2017,85.01128944107964,131.0,177,0.0,11,100.0,121.05000180378556,100.0,767.2615823745728,none,5
2852,vehicle.lincoln.mkz2017,84.2791168394927,136.0,177,0.0,11,100.0,151.35000225529075,100.0,864.9420804977417,none,20
2853,vehicle.lincoln.mkz2017,67.53636251445108,131.0,176,0.0,11,100.0,155.9500023238361,100.0,1003.555822134018,none,3
2854,vehicle.lincoln.mkz2017,167.99996240809642,136.0,176,0.0,11,100.0,114.30000170320272,100.0,705.522664308548,none,16
2855,vehicle.lincoln.mkz2017,193.7218500399844,138.0,177,0.0,11,100.0,187.9000027999282,100.0,1303.23202419281,none,4
2856,vehicle.lincoln.mkz2017,141.12593610356925,137.0,177,0.0,11,100.0,129.40000192821026,100.0,752.8504421710968,none,8
2857,vehicle.lincoln.mkz2017,109.3971503213479,135.0,177,0.0,11,100.0,173.7000025883317,100.0,1005.9867165088654,none,11
2858,vehicle.lincoln.mkz2017,148.92514730795034,135.0,177,0.0,11,100.0,199.00000296533108,100.0,1268.9538152217865,none,2
2859,vehicle.lincoln.mkz2017,158.68891930218643,132.0,177,0.0,11,100.0,160.75000239536166,100.0,1120.9154109954834,none,6
2860,vehicle.lincoln.mkz2017,76.90635351557887,139.0,177,0.0,11,100.0,31.40000046789646,100.0,193.3102624416352,none,0
2861,vehicle.lincoln.mkz2017,186.62042559656945,133.0,176,0.0,11,97.09405273520473,331.55000494048,97.09405273520473,1903.2645225524905,none,9
2862,vehicle.lincoln.mkz2017,222.385490044924,133.0,176,0.0,11,100.0,91.4500013627112,100.0,618.4685032367706,none,17
2863,vehicle.lincoln.mkz2017,178.23508386477212,134.0,177,0.0,11,100.0,137.25000204518437,100.0,970.8773372173308,none,20
2864,vehicle.lincoln.mkz2017,78.0000161598569,133.0,176,0.0,11,100.0,55.05000082030893,100.0,425.79053831100464,none,15
2865,vehicle.lincoln.mkz2017,118.8098843933318,135.0,177,0.0,11,98.48971412375656,350.90000522881746,98.48971412375656,2337.068303346634,none,6
2866,vehicle.lincoln.mkz2017,179.964561912339,136.0,177,0.0,11,100.0,340.2500050701201,100.0,1919.232117652893,none,0
2867,vehicle.lincoln.mkz2017,169.5013052937602,132.0,177,0.0,11,100.0,148.40000221133232,100.0,865.7018547058105,none,15
2868,vehicle.lincoln.mkz2017,132.53723393111662,136.0,177,0.0,11,100.0,78.40000116825104,100.0,500.6270041465759,none,10
2869,vehicle.lincoln.mkz2017,165.70690746680884,132.0,177,0.0,11,100.0,80.40000119805336,100.0,513.2300641536713,none,8
2870,vehicle.lincoln.mkz2017,242.2096374248703,136.0,177,0.0,11,16.409036577988687,17.0500002540648,9.845421946793213,128.67949032783508,collisions_vehicle,16
2871,vehicle.lincoln.mkz2017,243.72050897647105,135.0,177,0.0,11,100.0,118.10000175982714,100.0,891.1913533210754,none,15
2872,vehicle.lincoln.mkz2017,172.47023603808037,131.0,177,0.0,11,100.0,200.70000299066305,100.0,1134.9379868507383,none,3
2873,vehicle.lincoln.mkz2017,215.6713346003968,132.0,177,0.0,11,100.0,183.0500027276576,100.0,1217.220813035965,none,7
2874,vehicle.lincoln.mkz2017,117.5310984930196,136.0,177,0.0,11,100.0,78.95000117644668,100.0,564.40221118927,none,4
2875,vehicle.lincoln.mkz2017,236.0266182942848,134.0,177,0.0,11,95.55258552664525,50.30000074952841,62.10918059231941,301.21425557136536,collisions_layout,4
2876,vehicle.lincoln.mkz2017,91.7189155740634,136.0,177,0.0,11,100.0,127.30000189691782,100.0,911.4749355316162,none,12
2877,vehicle.lincoln.mkz2017,98.37931889628884,134.0,177,0.0,11,100.0,149.70000223070383,100.0,960.7983033657074,none,20
2878,vehicle.lincoln.mkz2017,97.61171908771536,138.0,176,0.0,11,100.0,50.5500007532537,100.0,382.806848526001,none,19
2879,vehicle.lincoln.mkz2017,170.68055255753555,133.0,177,0.0,11,100.0,158.95000236853957,100.0,887.0578486919403,none,12
2880,vehicle.lincoln.mkz2017,88.80355356292397,133.0,177,0.0,11,100.0,80.50000119954348,100.0,460.4610369205475,none,15
2881,vehicle.lincoln.mkz2017,85.49173440828262,134.0,177,0.0,11,100.0,110.25000164285302,100.0,687.7067322731018,none,9
2882,vehicle.lincoln.mkz2017,110.76065795970584,133.0,176,0.0,11,100.0,70.25000104680657,100.0,458.5179626941681,none,5
2883,vehicle.lincoln.mkz2017,177.8571279682478,134.0,177,0.0,11,100.0,108.75000162050128,100.0,669.0490913391113,none,7
2884,vehicle.lincoln.mkz2017,81.9999806667819,133.0,176,0.0,11,100.0,20.65000030770898,100.0,124.31112456321716,none,6
2885,vehicle.lincoln.mkz2017,62.717139549735016,136.0,177,0.0,11,100.0,142.4500021226704,100.0,1045.107625246048,none,12
2886,vehicle.lincoln.mkz2017,181.206637504591,134.0,177,0.0,11,100.0,58.650000873953104,100.0,343.63014817237854,none,11
2887,vehicle.lincoln.mkz2017,192.1228271723634,133.0,177,0.0,11,100.0,109.90000163763762,100.0,651.3712961673737,none,10
2888,vehicle.lincoln.mkz2017,235.9040388418787,135.0,177,0.0,11,100.0,185.6500027664005,100.0,1180.938603401184,none,8
2889,vehicle.lincoln.mkz2017,156.17705486881516,132.0,176,0.0,11,55.956044083239405,73.60000109672546,39.16923085826758,485.95197558403015,red_light,1
2890,vehicle.lincoln.mkz2017,203.43585952739693,134.0,177,0.0,11,14.67772696013535,21.40000031888485,8.80663617608121,126.69477796554564,collisions_vehicle,17
2891,vehicle.lincoln.mkz2017,111.219846834658,136.0,177,0.0,11,100.0,40.20000059902668,100.0,232.6226389408112,none,12
2892,vehicle.lincoln.mkz2017,234.6213070717789,133.0,177,0.0,11,100.0,72.05000107362866,100.0,454.75243616104126,none,19
2893,vehicle.lincoln.mkz2017,123.1801075207984,133.0,177,0.0,11,98.60336352789842,381.1000056788325,98.60336352789842,2385.5361280441284,none,10
2894,vehicle.lincoln.mkz2017,50.35727855555831,135.0,177,0.0,11,100.0,16.400000244379044,100.0,118.75234651565552,none,19
2895,vehicle.lincoln.mkz2017,89.66100072719145,129.0,177,0.0,11,100.0,111.05000165477396,100.0,691.1140279769897,none,5
2896,vehicle.lincoln.mkz2017,138.3080047843275,138.0,177,0.0,11,100.0,98.65000146999957,100.0,773.7360591888428,none,10
2897,vehicle.lincoln.mkz2017,226.40089809172488,139.0,177,0.0,11,100.0,271.05000403895974,100.0,1660.5406744480133,none,5
2898,vehicle.lincoln.mkz2017,152.83714049296856,135.0,177,0.0,11,100.0,97.70000145584343,100.0,694.9807934761047,none,14
2899,vehicle.lincoln.mkz2017,173.2256221408636,137.0,177,0.0,11,100.0,201.8500030077994,100.0,1377.6269075870514,none,9
2900,vehicle.lincoln.mkz2017,135.01133770819789,138.0,177,0.0,11,100.0,87.25000130012631,100.0,636.1819870471954,none,19
2901,vehicle.lincoln.mkz2017,188.14687270246912,131.0,176,0.0,11,100.0,154.5000023022294,100.0,954.4669320583344,none,15
2902,vehicle.lincoln.mkz2017,44.18144665181526,130.0,177,0.0,11,100.0,172.55000257119536,100.0,1111.6358571052551,none,16
2903,vehicle.lincoln.mkz2017,30.31612559092024,135.0,177,0.0,11,40.18516513001676,35.60000053048134,24.111099078010053,246.7840986251831,collisions_vehicle,2
2904,vehicle.lincoln.mkz2017,82.52403395916362,130.0,177,0.0,11,96.54521908518991,351.05000523105264,96.54521908518991,2383.850472927093,none,16
2905,vehicle.lincoln.mkz2017,220.05331647310825,137.0,177,0.0,11,100.0,67.10000099986792,100.0,417.9576380252838,none,11
2906,vehicle.lincoln.mkz2017,84.29327349453786,135.0,177,0.0,11,100.0,25.600000381469727,100.0,155.75316762924194,none,6
2907,vehicle.lincoln.mkz2017,135.56536383854268,136.0,177,0.0,11,100.0,42.15000062808394,100.0,277.12526988983154,none,4
2908,vehicle.lincoln.mkz2017,227.06584469435467,141.0,176,0.0,11,100.0,166.15000247582793,100.0,1087.034542798996,none,19
2909,vehicle.lincoln.mkz2017,92.66999869677429,135.0,177,0.0,11,100.0,123.40000183880328,100.0,746.9021077156067,none,1
2910,vehicle.lincoln.mkz2017,153.7799770326952,136.0,177,0.0,11,100.0,63.75000094994903,100.0,409.463990688324,none,3
2911,vehicle.lincoln.mkz2017,136.68384612986242,135.0,177,0.0,11,100.0,354.75000528618693,100.0,2196.265708208084,none,19
2912,vehicle.lincoln.mkz2017,56.77745733053168,132.0,177,0.0,11,4.838388265260952,187.50000279396767,4.838388265260952,1048.0830578804016,none,14
2913,vehicle.lincoln.mkz2017,140.29320998810496,134.0,177,0.0,11,98.275651456717,294.75000439211726,98.275651456717,1686.775018453598,none,18
2914,vehicle.lincoln.mkz2017,130.61080761316128,134.0,177,0.0,11,100.0,212.00000315904617,100.0,1296.5722379684448,none,2
2915,vehicle.lincoln.mkz2017,109.97205490190288,134.0,176,0.0,11,100.0,126.35000188276172,100.0,813.7833931446075,none,3
2916,vehicle.lincoln.mkz2017,190.57421685215644,136.0,177,0.0,11,84.43476054039256,228.3000034019351,54.882594351255165,1567.5085813999176,collisions_layout,19
2917,vehicle.lincoln.mkz2017,161.24031255030107,137.0,177,0.0,11,100.0,108.90000162273644,100.0,850.9904515743256,none,19
2918,vehicle.lincoln.mkz2017,212.0514713791468,138.0,176,0.0,11,100.0,143.85000214353204,100.0,852.9443068504333,none,18
2919,vehicle.lincoln.mkz2017,50.13066670904022,135.0,177,0.0,11,100.0,14.550000216811895,100.0,86.65817761421204,none,17
2920,vehicle.lincoln.mkz2017,9.903743135627703,134.0,177,0.0,11,100.0,104.50000155717134,100.0,676.4901509284973,none,3
2921,vehicle.lincoln.mkz2017,147.88777250643483,130.0,177,0.0,11,100.0,113.80000169575214,100.0,792.2861561775208,none,0
2922,vehicle.lincoln.mkz2017,132.45084750914103,137.0,177,0.0,11,100.0,34.650000516325235,100.0,218.6218152046204,none,10
2923,vehicle.lincoln.mkz2017,175.46213915057518,132.0,177,0.0,11,100.0,68.45000101998448,100.0,434.38483929634094,none,14
2924,vehicle.lincoln.mkz2017,146.50222051911055,130.0,177,0.0,11,63.249499174393705,105.35000156983732,44.27464942207559,692.6438271999359,red_light,15
2925,vehicle.lincoln.mkz2017,97.78918153678758,135.0,177,0.0,11,100.0,21.950000327080488,100.0,154.40903162956238,none,0
2926,vehicle.lincoln.mkz2017,84.7644301521923,132.0,177,0.0,11,33.68776716089312,212.40000316500664,33.68776716089312,1569.4858720302582,none,14
2927,vehicle.lincoln.mkz2017,138.25085451995548,137.0,177,0.0,11,100.0,90.20000134408474,100.0,529.2954070568085,none,0
2928,vehicle.bmw.isetta,83.59873826094632,0.0,120,0.0,10,100.0,35.700000531971455,100.0,359.46009731292725,none,0
2929,vehicle.bmw.isetta,326.46289454712144,0.0,120,0.0,10,100.0,129.9500019364059,100.0,1021.2642138004304,none,0
2930,vehicle.bmw.isetta,310.51499937633105,0.0,120,0.0,10,100.0,83.40000124275684,100.0,564.356910943985,none,0
2931,vehicle.bmw.isetta,334.39002329383925,0.0,120,0.0,10,100.0,145.30000216513872,100.0,1432.5382030010223,none,0
2932,vehicle.bmw.isetta,78.99352533935645,0.0,120,0.0,10,100.0,47.000000700354576,100.0,502.5202167034149,none,0
2933,vehicle.bmw.isetta,316.4820829944565,0.0,120,0.0,10,100.0,85.30000127106905,100.0,534.883131980896,none,0
2934,vehicle.bmw.isetta,83.59873826094632,0.0,120,0.0,10,100.0,80.0000011920929,100.0,588.1721968650818,none,0
2935,vehicle.bmw.isetta,326.46289454712144,0.0,120,0.0,10,100.0,68.00000101327896,100.0,526.8601353168488,none,0
2936,vehicle.bmw.isetta,310.51499937633105,0.0,120,0.0,10,100.0,62.05000092461705,100.0,561.8471884727478,none,0
2937,vehicle.bmw.isetta,334.39002329383925,0.0,120,0.0,10,100.0,61.05000090971589,100.0,482.2902073860169,none,0
2938,vehicle.bmw.isetta,78.99352533935645,0.0,120,0.0,10,100.0,46.65000069513917,100.0,345.6922585964203,none,0
2939,vehicle.bmw.isetta,316.4820829944565,0.0,120,0.0,10,100.0,64.95000096783042,100.0,483.6880114078522,none,0
2940,vehicle.bmw.isetta,61.94757622419835,0.0,120,0.0,10,100.0,42.05000062659383,100.0,259.4666368961334,none,0
2941,vehicle.bmw.isetta,55.71251834771494,0.0,120,0.0,10,100.0,15.800000235438349,100.0,193.66122317314148,none,0
2942,vehicle.bmw.isetta,55.41121556217197,0.0,120,0.0,10,100.0,28.90000043064356,100.0,271.28030371665955,none,0
2943,vehicle.bmw.isetta,61.58523811688995,0.0,120,0.0,10,100.0,39.90000059455633,100.0,371.528284072876,none,0
2944,vehicle.bmw.isetta,60.85623744415566,0.0,120,0.0,10,100.0,27.60000041127205,100.0,186.38809418678284,none,0
2945,vehicle.bmw.isetta,60.57136272504224,0.0,120,0.0,10,100.0,28.90000043064356,100.0,258.42795753479004,none,0
2946,vehicle.bmw.isetta,61.68555879782448,0.0,120,0.0,10,100.0,43.10000064224005,100.0,310.15986800193787,none,0
2947,vehicle.bmw.isetta,55.41616043336074,0.0,120,0.0,10,100.0,34.650000516325235,100.0,261.42011189460754,none,0
2948,vehicle.bmw.isetta,55.295861513545525,0.0,120,0.0,10,100.0,15.050000224262476,100.0,184.1269018650055,none,0
2949,vehicle.bmw.isetta,61.00178018503786,0.0,120,0.0,10,100.0,43.10000064224005,100.0,318.26192140579224,none,0
2950,vehicle.bmw.isetta,60.83781726315381,0.0,120,0.0,10,100.0,40.95000061020255,100.0,298.68795800209045,none,0
2951,vehicle.bmw.isetta,60.92792055053716,0.0,120,0.0,10,100.0,28.8500004298985,100.0,235.26396131515503,none,0
2952,vehicle.bmw.isetta,55.24653262480497,0.0,120,0.0,10,100.0,24.850000370293856,100.0,144.33233976364136,none,0
2953,vehicle.bmw.isetta,55.59823106089415,0.0,120,0.0,10,100.0,28.700000427663326,100.0,208.4685251712799,none,0
2954,vehicle.bmw.isetta,60.90306747539447,0.0,120,0.0,10,100.0,48.95000072941184,100.0,375.9205276966095,none,0
2955,vehicle.bmw.isetta,60.69758307301105,0.0,120,0.0,10,100.0,43.15000064298511,100.0,269.8802797794342,none,0
2956,vehicle.bmw.isetta,55.94493792555948,0.0,120,0.0,10,100.0,27.750000413507223,100.0,218.8272469043732,none,0
2957,vehicle.bmw.isetta,61.09374739316211,0.0,120,0.0,10,100.0,25.600000381469727,100.0,211.4040870666504,none,0
2958,vehicle.bmw.isetta,60.92802203945554,0.0,120,0.0,10,100.0,48.300000719726086,100.0,312.4144098758697,none,0
2959,vehicle.bmw.isetta,60.41447692826555,0.0,120,0.0,10,100.0,25.850000385195017,100.0,256.81611680984497,none,0
2960,vehicle.bmw.isetta,61.067938290835365,0.0,120,0.0,10,100.0,43.70000065118074,100.0,370.579687833786,none,0
2961,vehicle.bmw.isetta,61.26539929186665,0.0,120,0.0,10,100.0,28.700000427663326,100.0,200.44035124778748,none,0
2962,vehicle.bmw.isetta,54.91447760482357,0.0,120,0.0,10,100.0,38.05000056698918,100.0,294.81639885902405,none,0
2963,vehicle.bmw.isetta,55.9272196240984,0.0,120,0.0,10,100.0,27.05000040307641,100.0,181.7520062923432,none,0
2964,vehicle.bmw.isetta,55.25090884695793,0.0,120,0.0,10,100.0,54.65000081434846,100.0,595.2362515926361,none,0
2965,vehicle.bmw.isetta,61.59830038671384,0.0,120,0.0,10,100.0,40.05000059679151,100.0,279.9044260978699,none,0
2966,vehicle.bmw.isetta,55.2693469423156,0.0,120,0.0,10,100.0,15.900000236928465,100.0,174.77581143379211,none,0
2967,vehicle.bmw.isetta,60.901017691577785,0.0,120,0.0,10,100.0,29.40000043809414,100.0,243.93604111671448,none,0
2968,vehicle.bmw.isetta,55.04141645760018,0.0,120,0.0,10,100.0,23.300000347197056,100.0,232.88823986053467,none,0
2969,vehicle.bmw.isetta,54.75607184336737,0.0,120,0.0,10,100.0,17.450000260025263,100.0,142.34372067451477,none,0
2970,vehicle.bmw.isetta,61.25325971366519,0.0,120,0.0,10,100.0,43.35000064596534,100.0,298.51218485832214,none,0
2971,vehicle.bmw.isetta,60.91089740578979,0.0,120,0.0,10,100.0,34.85000051930547,100.0,197.35120844841003,none,0
2972,vehicle.bmw.isetta,55.1791221263788,0.0,120,0.0,10,100.0,26.50000039488077,100.0,174.62026238441467,none,0
2973,vehicle.bmw.isetta,56.02666298657788,0.0,120,0.0,10,100.0,25.25000037625432,100.0,179.9719774723053,none,0
2974,vehicle.bmw.isetta,61.75131111908178,0.0,120,0.0,10,100.0,39.00000058114529,100.0,260.9719750881195,none,0
2975,vehicle.bmw.isetta,55.61009969298386,0.0,120,0.0,10,100.0,13.350000198930502,100.0,95.18052458763124,none,0
2976,vehicle.bmw.isetta,56.290417613840575,0.0,120,0.0,10,100.0,24.70000036805868,100.0,157.78819727897644,none,0
2977,vehicle.bmw.isetta,60.95337258060778,0.0,120,0.0,10,100.0,37.80000056326389,100.0,350.38442635536194,none,0
2978,vehicle.bmw.isetta,61.16392023319401,0.0,120,0.0,10,100.0,27.10000040382147,100.0,157.44827818870544,none,0
2979,vehicle.bmw.isetta,55.43311785764707,0.0,120,0.0,10,100.0,18.30000027269125,100.0,128.68436336517334,none,0
2980,vehicle.bmw.isetta,55.2446401601069,0.0,120,0.0,10,100.0,14.150000210851433,100.0,167.9843816757202,none,0
2981,vehicle.bmw.isetta,55.507802941520346,0.0,120,0.0,10,100.0,16.100000239908695,100.0,104.15614795684814,none,0
2982,vehicle.bmw.isetta,61.367142631099526,0.0,120,0.0,10,100.0,28.80000042915344,100.0,195.28429245948792,none,0
2983,vehicle.bmw.isetta,55.34447144880457,0.0,120,0.0,10,100.0,39.25000058487058,100.0,343.3681101799011,none,0
2984,vehicle.bmw.isetta,55.27290728705631,0.0,120,0.0,10,100.0,26.85000040009617,100.0,168.62863516807556,none,0
2985,vehicle.bmw.isetta,55.19927747263407,0.0,120,0.0,10,100.0,18.650000277906656,100.0,140.96434116363525,none,0
2986,vehicle.bmw.isetta,56.094386897300026,0.0,120,0.0,10,100.0,27.85000041499734,100.0,219.7725329399109,none,0
2987,vehicle.bmw.isetta,61.06920292504007,0.0,120,0.0,10,100.0,40.60000060498714,100.0,319.14836525917053,none,0
2988,vehicle.bmw.isetta,82.60001775936934,0.0,120,0.0,10,100.0,22.35000033304096,100.0,173.32387566566467,none,0
2989,vehicle.bmw.isetta,83.11998033178662,0.0,120,0.0,10,100.0,25.55000038072467,100.0,183.82021474838257,none,0
2990,vehicle.bmw.isetta,83.51000974305987,0.0,120,0.0,10,100.0,28.550000425428152,100.0,223.3520474433899,none,0
2991,vehicle.bmw.isetta,82.18000091524995,0.0,120,0.0,10,100.0,21.1000003144145,100.0,151.19604468345642,none,0
2992,vehicle.bmw.isetta,82.0000009476335,0.0,120,0.0,10,100.0,32.050000477582216,100.0,247.7229344844818,none,0
2993,vehicle.bmw.isetta,82.60999853125792,0.0,120,0.0,10,100.0,20.950000312179327,100.0,132.85599160194397,none,0
2994,vehicle.bmw.isetta,82.61000234595448,0.0,120,0.0,10,100.0,26.3500003926456,100.0,236.7050993442536,none,0
2995,vehicle.bmw.isetta,81.97915120561767,0.0,120,0.0,10,100.0,25.50000037997961,100.0,203.0431981086731,none,0
2996,vehicle.bmw.isetta,81.99999331823905,0.0,120,0.0,10,100.0,50.30000074952841,100.0,430.3998899459839,none,0
2997,vehicle.bmw.isetta,83.31085709977604,0.0,120,0.0,10,100.0,22.100000329315662,100.0,143.67589616775513,none,0
2998,vehicle.bmw.isetta,83.089996226047,0.0,120,0.0,10,100.0,36.15000053867698,100.0,379.4529764652252,none,0
2999,vehicle.bmw.isetta,81.99999331823905,0.0,120,0.0,10,100.0,23.650000352412462,100.0,161.91109228134155,none,0
3000,vehicle.bmw.isetta,83.30912522726364,0.0,120,0.0,10,100.0,21.250000316649675,100.0,208.908052444458,none,0
3001,vehicle.bmw.isetta,83.089996226047,0.0,120,0.0,10,100.0,22.70000033825636,100.0,153.70951795578003,none,0
3002,vehicle.bmw.isetta,82.0000009476335,0.0,120,0.0,10,100.0,24.2000003606081,100.0,186.9641892910004,none,0
3003,vehicle.bmw.isetta,83.51000974305987,0.0,120,0.0,10,100.0,20.40000030398369,100.0,160.92419838905334,none,0
3004,vehicle.bmw.isetta,82.00000476233072,0.0,120,0.0,10,100.0,34.35000051185489,100.0,347.8843674659729,none,0
3005,vehicle.bmw.isetta,82.00997924804688,0.0,120,0.0,10,44.75813280268401,28.300000421702865,26.85487968161041,212.8457305431366,collisions_vehicle,0
3006,vehicle.bmw.isetta,82.6000177588627,0.0,120,0.0,10,100.0,23.550000350922343,100.0,149.29971551895142,none,0
3007,vehicle.bmw.isetta,81.98086781925831,0.0,120,0.0,10,100.0,22.000000327825543,100.0,157.28810787200928,none,0
3008,vehicle.bmw.isetta,82.00997924804688,0.0,120,0.0,10,100.0,25.450000379234552,100.0,142.07242035865784,none,0
3009,vehicle.bmw.isetta,83.11998033178662,0.0,120,0.0,10,100.0,37.00000055134296,100.0,246.780118227005,none,0
3010,vehicle.bmw.isetta,82.0000009476335,0.0,120,0.0,10,44.3124741497019,27.85000041499734,26.58748448982114,162.5600564479828,collisions_vehicle,0
3011,vehicle.bmw.isetta,82.18000091524995,0.0,120,0.0,10,100.0,20.950000312179327,100.0,177.0513560771942,none,0
3012,vehicle.bmw.isetta,61.26539929186665,0.0,120,0.0,10,100.0,28.200000420212746,100.0,313.26833486557007,none,0
3013,vehicle.bmw.isetta,60.901017691577785,0.0,120,0.0,10,100.0,25.150000374764204,100.0,171.6760356426239,none,0
3014,vehicle.bmw.isetta,61.94757622419835,0.0,120,0.0,10,100.0,38.800000578165054,100.0,358.243310213089,none,0
3015,vehicle.bmw.isetta,60.91089740578979,0.0,120,0.0,10,100.0,34.00000050663948,100.0,271.76009225845337,none,0
3016,vehicle.bmw.isetta,60.92802203945554,0.0,120,0.0,10,100.0,30.15000044927001,100.0,255.6162075996399,none,0
3017,vehicle.bmw.isetta,61.75131111908178,0.0,120,0.0,10,100.0,20.500000305473804,100.0,214.50426650047305,none,0
3018,vehicle.bmw.isetta,61.06920292504007,0.0,120,0.0,10,100.0,21.15000031515956,100.0,233.9519479274749,none,0
3019,vehicle.bmw.isetta,61.58523811688995,0.0,120,0.0,10,100.0,21.65000032261014,100.0,175.0680513381958,none,0
3020,vehicle.bmw.isetta,61.59830038671384,0.0,120,0.0,10,100.0,21.35000031813979,100.0,138.9842460155487,none,0
3021,vehicle.bmw.isetta,61.16392023319401,0.0,120,0.0,10,100.0,27.450000409036875,100.0,157.65623474121094,none,0
3022,vehicle.bmw.isetta,60.69758307301105,0.0,120,0.0,10,100.0,31.15000046417117,100.0,202.4811263084412,none,0
3023,vehicle.bmw.isetta,60.83781726315381,0.0,120,0.0,10,100.0,25.80000038444996,100.0,201.3281421661377,none,0
3024,vehicle.bmw.isetta,60.41447692826555,0.0,120,0.0,10,100.0,33.20000049471855,100.0,243.5040214061737,none,0
3025,vehicle.bmw.isetta,61.09374739316211,0.0,120,0.0,10,100.0,24.75000036880374,100.0,202.78003811836243,none,0
3026,vehicle.bmw.isetta,61.067938290835365,0.0,120,0.0,10,100.0,37.90000056475401,100.0,300.84821343421936,none,0
3027,vehicle.bmw.isetta,60.85623744415566,0.0,120,0.0,10,100.0,25.100000374019142,100.0,198.72418904304504,none,0
3028,vehicle.bmw.isetta,60.57136272504224,0.0,120,0.0,10,100.0,27.05000040307641,100.0,179.94816184043884,none,0
3029,vehicle.bmw.isetta,60.95337258060778,0.0,120,0.0,10,100.0,27.85000041499734,100.0,167.2760775089264,none,0
3030,vehicle.bmw.isetta,61.25325971366519,0.0,120,0.0,10,100.0,21.80000032484532,100.0,193.9642527103424,none,0
3031,vehicle.bmw.isetta,61.367142631099526,0.0,120,0.0,10,100.0,28.00000041723252,100.0,265.6121003627777,none,0
3032,vehicle.bmw.isetta,61.68555879782448,0.0,120,0.0,10,100.0,21.35000031813979,100.0,168.58779764175415,none,0
3033,vehicle.bmw.isetta,60.90306747539447,0.0,120,0.0,10,100.0,48.50000072270632,100.0,495.2013397216797,none,0
3034,vehicle.bmw.isetta,60.92792055053716,0.0,120,0.0,10,100.0,27.95000041648745,100.0,164.48420238494873,none,0
3035,vehicle.bmw.isetta,61.00178018503786,0.0,120,0.0,10,100.0,24.8000003695488,100.0,125.8124647140503,none,0
3036,vehicle.bmw.isetta,55.19927747263407,0.0,120,0.0,10,100.0,21.80000032484532,100.0,149.69966983795166,none,0
3037,vehicle.bmw.isetta,55.27290728705631,0.0,120,0.0,10,100.0,20.000000298023224,100.0,130.78818249702454,none,0
3038,vehicle.bmw.isetta,55.94493792555948,0.0,120,0.0,10,100.0,19.85000029578805,100.0,118.68399691581726,none,0
3039,vehicle.bmw.isetta,55.2693469423156,0.0,120,0.0,10,100.0,20.550000306218863,100.0,157.97206807136536,none,0
3040,vehicle.bmw.isetta,55.61009969298386,0.0,120,0.0,10,100.0,22.100000329315662,100.0,154.13111448287964,none,0
3041,vehicle.bmw.isetta,56.02666298657788,0.0,120,0.0,10,100.0,24.75000036880374,100.0,178.92814326286316,none,0
3042,vehicle.bmw.isetta,55.24653262480497,0.0,120,0.0,10,100.0,19.5500002913177,100.0,125.41444659233092,none,0
3043,vehicle.bmw.isetta,55.1791221263788,0.0,120,0.0,10,100.0,26.50000039488077,100.0,138.32819199562073,none,0
3044,vehicle.bmw.isetta,54.91447760482357,0.0,120,0.0,10,100.0,37.40000055730343,100.0,339.8840398788452,none,0
3045,vehicle.bmw.isetta,55.43311785764707,0.0,120,0.0,10,100.0,23.95000035688281,100.0,165.0001757144928,none,0
3046,vehicle.bmw.isetta,55.25090884695793,0.0,120,0.0,10,100.0,20.10000029951334,100.0,144.54430079460144,none,0
3047,vehicle.bmw.isetta,55.04141645760018,0.0,120,0.0,10,100.0,51.1500007621944,100.0,421.3724007606506,none,0
3048,vehicle.bmw.isetta,55.34447144880457,0.0,120,0.0,10,100.0,33.650000501424074,100.0,359.28431367874146,none,0
3049,vehicle.bmw.isetta,55.9272196240984,0.0,120,0.0,10,100.0,24.00000035762787,100.0,167.97554683685303,none,0
3050,vehicle.bmw.isetta,56.094386897300026,0.0,120,0.0,10,100.0,18.900000281631947,100.0,123.98454189300536,none,0
3051,vehicle.bmw.isetta,54.75607184336737,0.0,120,0.0,10,100.0,20.000000298023224,100.0,141.77606558799744,none,0
3052,vehicle.bmw.isetta,55.71251834771494,0.0,120,0.0,10,100.0,22.45000033453107,100.0,274.4387140274048,none,0
3053,vehicle.bmw.isetta,55.507802941520346,0.0,120,0.0,10,100.0,21.450000319629908,100.0,139.12257361412048,none,0
3054,vehicle.bmw.isetta,55.2446401601069,0.0,120,0.0,10,100.0,19.95000029727817,100.0,167.4600145816803,none,0
3055,vehicle.bmw.isetta,55.41616043336074,0.0,120,0.0,10,100.0,22.35000033304096,100.0,192.61223149299624,none,0
3056,vehicle.bmw.isetta,55.295861513545525,0.0,120,0.0,10,100.0,20.500000305473804,100.0,188.5801856517792,none,0
3057,vehicle.bmw.isetta,55.41121556217197,0.0,120,0.0,10,100.0,19.500000290572643,100.0,113.49198007583618,none,0
3058,vehicle.bmw.isetta,55.59823106089415,0.0,120,0.0,10,100.0,28.150000419467688,100.0,176.24020862579346,none,0
3059,vehicle.bmw.isetta,56.290417613840575,0.0,120,0.0,10,100.0,20.60000030696392,100.0,135.32016968727112,none,0
3060,vehicle.lincoln.mkz2017,83.59873826094632,0.0,120,0.0,10,100.0,33.20000049471855,100.0,329.3322069644928,none,0
3061,vehicle.lincoln.mkz2017,326.46289454712144,0.0,120,0.0,10,100.0,148.5500022135675,100.0,960.7724034786224,none,0
3062,vehicle.lincoln.mkz2017,310.51499937633105,0.0,120,0.0,10,100.0,119.700001783669,100.0,771.7362117767334,none,0
3063,vehicle.lincoln.mkz2017,334.39002329383925,0.0,120,0.0,10,100.0,68.5500010214746,100.0,476.0757896900177,none,0
3064,vehicle.lincoln.mkz2017,78.99352533935645,0.0,120,0.0,10,100.0,13.65000020340085,100.0,91.23629522323608,none,0
3065,vehicle.lincoln.mkz2017,316.4820829944565,0.0,120,0.0,10,100.0,76.25000113621354,100.0,474.3881514072418,none,0
3066,vehicle.lincoln.mkz2017,83.59873826094632,0.0,120,0.0,10,100.0,41.05000061169267,100.0,485.5242428779602,none,0
3067,vehicle.lincoln.mkz2017,326.46289454712144,0.0,120,0.0,10,100.0,138.70000206679106,100.0,1359.92427611351,none,0
3068,vehicle.lincoln.mkz2017,310.51499937633105,0.0,120,0.0,10,100.0,71.20000106096268,100.0,468.2839334011078,none,0
3069,vehicle.lincoln.mkz2017,334.39002329383925,0.0,120,0.0,10,100.0,81.20000120997429,100.0,635.5879678726196,none,0
3070,vehicle.lincoln.mkz2017,78.99352533935645,0.0,120,0.0,10,100.0,47.75000071153045,100.0,512.8642649650574,none,0
3071,vehicle.lincoln.mkz2017,316.4820829944565,0.0,120,0.0,10,100.0,70.4500010497868,100.0,532.7882599830627,none,0
3072,vehicle.lincoln.mkz2017,61.94757622419835,0.0,120,0.0,10,100.0,42.85000063851476,100.0,326.7962281703949,none,0
3073,vehicle.lincoln.mkz2017,55.71251834771494,0.0,120,0.0,10,100.0,15.900000236928465,100.0,136.74394369125366,none,0
3074,vehicle.lincoln.mkz2017,55.41121556217197,0.0,120,0.0,10,100.0,25.900000385940075,100.0,253.476220369339,none,0
3075,vehicle.lincoln.mkz2017,61.58523811688995,0.0,120,0.0,10,100.0,39.40000058710575,100.0,322.2682592868805,none,0
3076,vehicle.lincoln.mkz2017,60.85623744415566,0.0,120,0.0,10,100.0,27.650000412017107,100.0,163.92006540298462,none,0
3077,vehicle.lincoln.mkz2017,60.57136272504224,0.0,120,0.0,10,100.0,27.60000041127205,100.0,175.26830005645752,none,0
3078,vehicle.lincoln.mkz2017,61.68555879782448,0.0,120,0.0,10,100.0,42.60000063478947,100.0,358.97989654541016,none,0
3079,vehicle.lincoln.mkz2017,55.41616043336074,0.0,120,0.0,10,100.0,28.200000420212746,100.0,247.5283789634705,none,0
3080,vehicle.lincoln.mkz2017,55.295861513545525,0.0,120,0.0,10,100.0,15.800000235438349,100.0,127.64024186134338,none,0
3081,vehicle.lincoln.mkz2017,61.00178018503786,0.0,120,0.0,10,100.0,26.200000390410423,100.0,159.63624572753906,none,0
3082,vehicle.lincoln.mkz2017,60.83781726315381,0.0,120,0.0,10,100.0,43.30000064522028,100.0,314.5316994190216,none,0
3083,vehicle.lincoln.mkz2017,60.92792055053716,0.0,120,0.0,10,100.0,28.45000042393804,100.0,230.21615314483645,none,0
3084,vehicle.lincoln.mkz2017,55.24653262480497,0.0,120,0.0,10,100.0,24.300000362098217,100.0,138.89401745796204,none,0
3085,vehicle.lincoln.mkz2017,55.59823106089415,0.0,120,0.0,10,100.0,28.40000042319297,100.0,196.7041637897492,none,0
3086,vehicle.lincoln.mkz2017,60.90306747539447,0.0,120,0.0,10,100.0,42.30000063031912,100.0,366.1764860153198,none,0
3087,vehicle.lincoln.mkz2017,60.69758307301105,0.0,120,0.0,10,100.0,43.05000064149499,100.0,311.544349193573,none,0
3088,vehicle.lincoln.mkz2017,55.94493792555948,0.0,120,0.0,10,100.0,27.60000041127205,100.0,218.7844479084015,none,0
3089,vehicle.lincoln.mkz2017,61.09374739316211,0.0,120,0.0,10,100.0,28.200000420212746,100.0,325.66009640693665,none,0
3090,vehicle.lincoln.mkz2017,60.92802203945554,0.0,120,0.0,10,100.0,42.40000063180924,100.0,354.9199090003968,none,0
3091,vehicle.lincoln.mkz2017,60.41447692826555,0.0,120,0.0,10,100.0,30.45000045374036,100.0,273.47331261634827,none,0
3092,vehicle.lincoln.mkz2017,61.067938290835365,0.0,120,0.0,10,100.0,43.05000064149499,100.0,324.2221505641937,none,0
3093,vehicle.lincoln.mkz2017,61.26539929186665,0.0,120,0.0,10,100.0,70.80000105500221,100.0,457.4841728210449,none,0
3094,vehicle.lincoln.mkz2017,54.91447760482357,0.0,120,0.0,10,100.0,13.800000205636024,100.0,129.36433839797974,none,0
3095,vehicle.lincoln.mkz2017,55.9272196240984,0.0,120,0.0,10,100.0,24.25000036135316,100.0,245.28401708602905,none,0
3096,vehicle.lincoln.mkz2017,55.25090884695793,0.0,120,0.0,10,100.0,23.100000344216824,100.0,204.56421327590945,none,0
3097,vehicle.lincoln.mkz2017,61.59830038671384,0.0,120,0.0,10,100.0,62.20000092685223,100.0,593.3043432235718,none,0
3098,vehicle.lincoln.mkz2017,55.2693469423156,0.0,120,0.0,10,100.0,16.350000243633986,100.0,202.88355946540835,none,0
3099,vehicle.lincoln.mkz2017,60.901017691577785,0.0,120,0.0,10,100.0,42.50000063329935,100.0,284.3680946826935,none,0
3100,vehicle.lincoln.mkz2017,55.04141645760018,0.0,120,0.0,10,100.0,49.75000074133277,100.0,520.5814137458801,none,0
3101,vehicle.lincoln.mkz2017,54.75607184336737,0.0,120,0.0,10,100.0,13.450000200420618,100.0,102.4042489528656,none,0
3102,vehicle.lincoln.mkz2017,61.25325971366519,0.0,120,0.0,10,100.0,44.50000066310167,100.0,324.0121943950653,none,0
3103,vehicle.lincoln.mkz2017,60.91089740578979,0.0,120,0.0,10,100.0,37.500000558793545,100.0,293.1910593509674,none,0
3104,vehicle.lincoln.mkz2017,55.1791221263788,0.0,120,0.0,10,100.0,27.450000409036875,100.0,151.44805431365967,none,0
3105,vehicle.lincoln.mkz2017,56.02666298657788,0.0,120,0.0,10,100.0,24.400000363588333,100.0,185.95750856399536,none,0
3106,vehicle.lincoln.mkz2017,61.75131111908178,0.0,120,0.0,10,100.0,39.30000058561564,100.0,264.2283749580384,none,0
3107,vehicle.lincoln.mkz2017,55.61009969298386,0.0,120,0.0,10,100.0,13.700000204145908,100.0,92.3084201812744,none,0
3108,vehicle.lincoln.mkz2017,56.290417613840575,0.0,120,0.0,10,100.0,24.150000359863043,100.0,139.18040204048157,none,0
3109,vehicle.lincoln.mkz2017,60.95337258060778,0.0,120,0.0,10,100.0,25.200000375509266,100.0,148.1679048538208,none,0
3110,vehicle.lincoln.mkz2017,61.16392023319401,0.0,120,0.0,10,100.0,28.10000041872263,100.0,194.1283779144287,none,0
3111,vehicle.lincoln.mkz2017,55.43311785764707,0.0,120,0.0,10,100.0,18.200000271201134,100.0,121.34423518180849,none,0
3112,vehicle.lincoln.mkz2017,55.2446401601069,0.0,120,0.0,10,100.0,13.40000019967556,100.0,98.39631152153017,none,0
3113,vehicle.lincoln.mkz2017,55.507802941520346,0.0,120,0.0,10,100.0,13.500000201165676,100.0,89.72396397590637,none,0
3114,vehicle.lincoln.mkz2017,61.367142631099526,0.0,120,0.0,10,100.0,25.200000375509266,100.0,222.020206451416,none,0
3115,vehicle.lincoln.mkz2017,55.34447144880457,0.0,120,0.0,10,100.0,31.600000470876694,100.0,238.95608639717105,none,0
3116,vehicle.lincoln.mkz2017,55.27290728705631,0.0,120,0.0,10,100.0,24.600000366568565,100.0,146.0483477115631,none,0
3117,vehicle.lincoln.mkz2017,55.19927747263407,0.0,120,0.0,10,100.0,46.8500006981194,100.0,474.0926492214203,none,0
3118,vehicle.lincoln.mkz2017,56.094386897300026,0.0,120,0.0,10,100.0,24.45000036433339,100.0,186.30859994888303,none,0
3119,vehicle.lincoln.mkz2017,61.06920292504007,0.0,120,0.0,10,100.0,61.60000091791153,100.0,614.0561544895172,none,0
3120,vehicle.lincoln.mkz2017,82.60001775936934,0.0,120,0.0,10,100.0,22.750000339001417,100.0,170.25618386268616,none,0
3121,vehicle.lincoln.mkz2017,83.11998033178662,0.0,120,0.0,10,100.0,27.150000404566526,100.0,184.1365041732788,none,0
3122,vehicle.lincoln.mkz2017,83.51000974305987,0.0,120,0.0,10,42.48743403211167,20.000000298023224,25.492460419267,123.44033861160278,collisions_vehicle,0
3123,vehicle.lincoln.mkz2017,82.18000091524995,0.0,120,0.0,10,100.0,20.30000030249357,100.0,145.61318254470825,none,0
3124,vehicle.lincoln.mkz2017,82.0000009476335,0.0,120,0.0,10,100.0,21.1000003144145,100.0,126.02784538269044,none,0
3125,vehicle.lincoln.mkz2017,82.60999853125792,0.0,120,0.0,10,100.0,20.1500003002584,100.0,129.03591752052307,none,0
3126,vehicle.lincoln.mkz2017,82.61000234595448,0.0,120,0.0,10,100.0,20.65000030770898,100.0,207.0839548110962,none,0
3127,vehicle.lincoln.mkz2017,81.97915120561767,0.0,120,0.0,10,38.44613795138678,12.750000189989803,26.912296565970745,73.1070146560669,red_light,0
3128,vehicle.lincoln.mkz2017,81.99999331823905,0.0,120,0.0,10,100.0,20.35000030323863,100.0,168.89225053787231,none,0
3129,vehicle.lincoln.mkz2017,83.31085709977604,0.0,120,0.0,10,100.0,21.000000312924385,100.0,122.89625263214111,none,0
3130,vehicle.lincoln.mkz2017,83.089996226047,0.0,120,0.0,10,42.40321651391992,29.50000043958425,25.441929908351952,267.21267676353455,collisions_vehicle,0
3131,vehicle.lincoln.mkz2017,81.99999331823905,0.0,120,0.0,10,100.0,21.15000031515956,100.0,255.24001908302307,none,0
3132,vehicle.lincoln.mkz2017,83.30912522726364,0.0,120,0.0,10,100.0,27.60000041127205,100.0,212.11960744857788,none,0
3133,vehicle.lincoln.mkz2017,83.089996226047,0.0,120,0.0,10,100.0,21.85000032559037,100.0,139.4561505317688,none,0
3134,vehicle.lincoln.mkz2017,82.0000009476335,0.0,120,0.0,10,100.0,21.7000003233552,100.0,169.93215656280518,none,0
3135,vehicle.lincoln.mkz2017,83.51000974305987,0.0,120,0.0,10,100.0,21.15000031515956,100.0,266.8346893787384,none,0
3136,vehicle.lincoln.mkz2017,82.00000476233072,0.0,120,0.0,10,100.0,37.40000055730343,100.0,292.59708070755005,none,0
3137,vehicle.lincoln.mkz2017,82.00997924804688,0.0,120,0.0,10,42.30348305077536,28.950000431388617,25.38208983046521,246.52767205238345,collisions_vehicle,0
3138,vehicle.lincoln.mkz2017,82.6000177588627,0.0,120,0.0,10,100.0,20.30000030249357,100.0,135.6999056339264,none,0
3139,vehicle.lincoln.mkz2017,81.98086781925831,0.0,120,0.0,10,100.0,21.7000003233552,100.0,149.3483681678772,none,0
3140,vehicle.lincoln.mkz2017,82.00997924804688,0.0,120,0.0,10,100.0,24.050000358372927,100.0,153.3201014995575,none,0
3141,vehicle.lincoln.mkz2017,83.11998033178662,0.0,120,0.0,10,100.0,21.050000313669443,100.0,131.86041808128357,none,0
3142,vehicle.lincoln.mkz2017,82.0000009476335,0.0,120,0.0,10,100.0,20.1500003002584,100.0,113.8841564655304,none,0
3143,vehicle.lincoln.mkz2017,82.18000091524995,0.0,120,0.0,10,100.0,20.25000030174852,100.0,165.04804301261902,none,0
3144,vehicle.lincoln.mkz2017,61.26539929186665,0.0,120,0.0,10,100.0,28.150000419467688,100.0,192.00010442733765,none,0
3145,vehicle.lincoln.mkz2017,60.901017691577785,0.0,120,0.0,10,100.0,24.95000037178397,100.0,226.89594411849976,none,0
3146,vehicle.lincoln.mkz2017,61.94757622419835,0.0,120,0.0,10,100.0,32.100000478327274,100.0,253.09229564666748,none,0
3147,vehicle.lincoln.mkz2017,60.91089740578979,0.0,120,0.0,10,100.0,24.850000370293856,100.0,136.55209350585938,none,0
3148,vehicle.lincoln.mkz2017,60.92802203945554,0.0,120,0.0,10,100.0,25.950000386685133,100.0,179.8719460964203,none,0
3149,vehicle.lincoln.mkz2017,61.75131111908178,0.0,120,0.0,10,100.0,20.65000030770898,100.0,162.62482404708862,none,0
3150,vehicle.lincoln.mkz2017,61.06920292504007,0.0,120,0.0,10,100.0,20.35000030323863,100.0,153.90018248558044,none,0
3151,vehicle.lincoln.mkz2017,61.58523811688995,0.0,120,0.0,10,100.0,22.850000340491533,100.0,228.65595149993896,none,0
3152,vehicle.lincoln.mkz2017,61.59830038671384,0.0,120,0.0,10,100.0,22.6500003375113,100.0,152.2080888748169,none,0
3153,vehicle.lincoln.mkz2017,61.16392023319401,0.0,120,0.0,10,100.0,26.85000040009617,100.0,167.52803087234497,none,0
3154,vehicle.lincoln.mkz2017,60.69758307301105,0.0,120,0.0,10,100.0,35.80000053346157,100.0,308.73233127593994,none,0
3155,vehicle.lincoln.mkz2017,60.83781726315381,0.0,120,0.0,10,100.0,39.7000005915761,100.0,354.55999207496643,none,0
3156,vehicle.lincoln.mkz2017,60.41447692826555,0.0,120,0.0,10,100.0,28.00000041723252,100.0,264.90828490257263,none,0
3157,vehicle.lincoln.mkz2017,61.09374739316211,0.0,120,0.0,10,100.0,27.250000406056643,100.0,221.71943759918213,none,0
3158,vehicle.lincoln.mkz2017,61.067938290835365,0.0,120,0.0,10,100.0,79.85000118985772,100.0,634.3801620006561,none,0
3159,vehicle.lincoln.mkz2017,60.85623744415566,0.0,120,0.0,10,100.0,24.650000367313623,100.0,233.7163245677948,none,0
3160,vehicle.lincoln.mkz2017,60.57136272504224,0.0,120,0.0,10,100.0,27.3000004068017,100.0,175.59620141983032,none,0
3161,vehicle.lincoln.mkz2017,60.95337258060778,0.0,120,0.0,10,100.0,28.05000041797757,100.0,171.92797303199768,none,0
3162,vehicle.lincoln.mkz2017,61.25325971366519,0.0,120,0.0,10,100.0,22.20000033080578,100.0,173.92814874649048,none,0
3163,vehicle.lincoln.mkz2017,61.367142631099526,0.0,120,0.0,10,100.0,24.8000003695488,100.0,199.4820656776428,none,0
3164,vehicle.lincoln.mkz2017,61.68555879782448,0.0,120,0.0,10,100.0,322.2500048018992,100.0,2007.0678226947784,none,0
3165,vehicle.lincoln.mkz2017,60.90306747539447,0.0,120,0.0,10,100.0,52.80000078678131,100.0,412.18783378601074,none,0
3166,vehicle.lincoln.mkz2017,60.92792055053716,0.0,120,0.0,10,100.0,28.90000043064356,100.0,166.7921073436737,none,0
3167,vehicle.lincoln.mkz2017,61.00178018503786,0.0,120,0.0,10,100.0,28.45000042393804,100.0,179.8919653892517,none,0
3168,vehicle.lincoln.mkz2017,55.19927747263407,0.0,120,0.0,10,100.0,46.750000696629286,100.0,364.5919442176819,none,0
3169,vehicle.lincoln.mkz2017,55.27290728705631,0.0,120,0.0,10,100.0,20.40000030398369,100.0,150.63883686065674,none,0
3170,vehicle.lincoln.mkz2017,55.94493792555948,0.0,120,0.0,10,100.0,19.70000029355288,100.0,104.86415314674376,none,0
3171,vehicle.lincoln.mkz2017,55.2693469423156,0.0,120,0.0,10,100.0,21.000000312924385,100.0,256.4423134326935,none,0
3172,vehicle.lincoln.mkz2017,55.61009969298386,0.0,120,0.0,10,100.0,21.40000031888485,100.0,141.23218202590942,none,0
3173,vehicle.lincoln.mkz2017,56.02666298657788,0.0,120,0.0,10,100.0,21.80000032484532,100.0,170.27533507347107,none,0
3174,vehicle.lincoln.mkz2017,55.24653262480497,0.0,120,0.0,10,100.0,18.85000028088689,100.0,111.74416875839232,none,0
3175,vehicle.lincoln.mkz2017,55.1791221263788,0.0,120,0.0,10,100.0,32.80000048875809,100.0,232.57633996009827,none,0
3176,vehicle.lincoln.mkz2017,54.91447760482357,0.0,120,0.0,10,100.0,33.95000050589442,100.0,315.0643050670624,none,0
3177,vehicle.lincoln.mkz2017,55.43311785764707,0.0,120,0.0,10,100.0,23.100000344216824,100.0,208.7603824138641,none,0
3178,vehicle.lincoln.mkz2017,55.25090884695793,0.0,120,0.0,10,100.0,20.05000029876828,100.0,180.2521450519561,none,0
3179,vehicle.lincoln.mkz2017,55.04141645760018,0.0,120,0.0,10,100.0,24.45000036433339,100.0,168.97230648994446,none,0
3180,vehicle.lincoln.mkz2017,55.34447144880457,0.0,120,0.0,10,100.0,38.30000057071448,100.0,405.822371006012,none,0
3181,vehicle.lincoln.mkz2017,55.9272196240984,0.0,120,0.0,10,100.0,19.20000028610229,100.0,133.50796914100647,none,0
3182,vehicle.lincoln.mkz2017,56.094386897300026,0.0,120,0.0,10,100.0,19.30000028759241,100.0,129.87993240356445,none,0
3183,vehicle.lincoln.mkz2017,54.75607184336737,0.0,120,0.0,10,100.0,23.550000350922343,100.0,171.18467330932617,none,0
3184,vehicle.lincoln.mkz2017,55.71251834771494,0.0,120,0.0,10,100.0,19.30000028759241,100.0,157.25707864761353,none,0
3185,vehicle.lincoln.mkz2017,55.507802941520346,0.0,120,0.0,10,100.0,21.250000316649675,100.0,159.13978958129883,none,0
3186,vehicle.lincoln.mkz2017,55.2446401601069,0.0,120,0.0,10,100.0,19.15000028535724,100.0,188.6585249900818,none,0
3187,vehicle.lincoln.mkz2017,55.41616043336074,0.0,120,0.0,10,100.0,20.500000305473804,100.0,160.72799038887024,none,0
3188,vehicle.lincoln.mkz2017,55.295861513545525,0.0,120,0.0,10,100.0,21.050000313669443,100.0,192.55214881896973,none,0
3189,vehicle.lincoln.mkz2017,55.41121556217197,0.0,120,0.0,10,100.0,18.75000027939677,100.0,173.25221157073975,none,0
3190,vehicle.lincoln.mkz2017,55.59823106089415,0.0,120,0.0,10,100.0,49.25000073388219,100.0,367.8036637306213,none,0
3191,vehicle.lincoln.mkz2017,56.290417613840575,0.0,120,0.0,10,100.0,20.40000030398369,100.0,116.0242121219635,none,0
3192,vehicle.bmw.isetta,83.59873826094632,0.0,120,0.0,11,100.0,78.2000011652708,100.0,731.3603518009186,none,0
3193,vehicle.bmw.isetta,326.46289454712144,0.0,120,0.0,11,100.0,59.400000885128975,100.0,477.65605545043945,none,0
3194,vehicle.bmw.isetta,310.51499937633105,0.0,120,0.0,11,100.0,61.35000091418624,100.0,562.252831697464,none,0
3195,vehicle.bmw.isetta,334.39002329383925,0.0,120,0.0,11,100.0,83.20000123977661,100.0,601.0639452934265,none,0
3196,vehicle.bmw.isetta,78.99352533935645,0.0,120,0.0,11,100.0,46.90000069886446,100.0,432.8039767742157,none,0
3197,vehicle.bmw.isetta,316.4820829944565,0.0,120,0.0,11,100.0,73.15000109001994,100.0,527.9922134876251,none,0
3198,vehicle.bmw.isetta,83.59873826094632,0.0,120,0.0,11,100.0,41.50000061839819,100.0,367.10397505760193,none,0
3199,vehicle.bmw.isetta,326.46289454712144,0.0,120,0.0,11,100.0,101.55000151321292,100.0,897.8443942070007,none,0
3200,vehicle.bmw.isetta,310.51499937633105,0.0,120,0.0,11,100.0,59.05000087991357,100.0,427.7560245990753,none,0
3201,vehicle.bmw.isetta,334.39002329383925,0.0,120,0.0,11,100.0,65.75000097975135,100.0,596.2439539432526,none,0
3202,vehicle.bmw.isetta,78.99352533935645,0.0,120,0.0,11,100.0,18.200000271201134,100.0,183.37237071990967,none,0
3203,vehicle.bmw.isetta,316.4820829944565,0.0,120,0.0,11,100.0,74.7500011138618,100.0,537.8273985385895,none,0
3204,vehicle.bmw.isetta,61.94757622419835,0.0,120,0.0,11,100.0,42.25000062957406,100.0,307.5163879394531,none,0
3205,vehicle.bmw.isetta,55.71251834771494,0.0,120,0.0,11,100.0,12.950000192970036,100.0,136.4679982662201,none,0
3206,vehicle.bmw.isetta,55.41121556217197,0.0,120,0.0,11,100.0,26.600000396370888,100.0,181.5562510490417,none,0
3207,vehicle.bmw.isetta,61.58523811688995,0.0,120,0.0,11,100.0,42.900000639259815,100.0,592.4483013153076,none,0
3208,vehicle.bmw.isetta,60.85623744415566,0.0,120,0.0,11,100.0,24.650000367313623,100.0,184.29619669914248,none,0
3209,vehicle.bmw.isetta,60.57136272504224,0.0,120,0.0,11,100.0,27.400000408291817,100.0,192.69208931922915,none,0
3210,vehicle.bmw.isetta,61.68555879782448,0.0,120,0.0,11,100.0,39.20000058412552,100.0,335.0520303249359,none,0
3211,vehicle.bmw.isetta,55.41616043336074,0.0,120,0.0,11,100.0,22.70000033825636,100.0,209.843914270401,none,0
3212,vehicle.bmw.isetta,55.295861513545525,0.0,120,0.0,11,100.0,14.850000221282244,100.0,139.07213640213013,none,0
3213,vehicle.bmw.isetta,61.00178018503786,0.0,120,0.0,11,100.0,24.150000359863043,100.0,172.59201788902283,none,0
3214,vehicle.bmw.isetta,60.83781726315381,0.0,120,0.0,11,100.0,42.25000062957406,100.0,521.2639498710632,none,0
3215,vehicle.bmw.isetta,60.92792055053716,0.0,120,0.0,11,100.0,25.00000037252903,100.0,158.26012635231018,none,0
3216,vehicle.bmw.isetta,55.24653262480497,0.0,120,0.0,11,100.0,24.350000362843275,100.0,185.280059337616,none,0
3217,vehicle.bmw.isetta,55.59823106089415,0.0,120,0.0,11,100.0,51.5000007674098,100.0,368.5442180633545,none,0
3218,vehicle.bmw.isetta,60.90306747539447,0.0,120,0.0,11,100.0,48.600000724196434,100.0,463.53214597702026,none,0
3219,vehicle.bmw.isetta,60.69758307301105,0.0,120,0.0,11,100.0,41.350000616163015,100.0,433.8685638904572,none,0
3220,vehicle.bmw.isetta,55.94493792555948,0.0,120,0.0,11,100.0,25.35000037774444,100.0,151.96005153656006,none,0
3221,vehicle.bmw.isetta,61.09374739316211,0.0,120,0.0,11,100.0,27.500000409781933,100.0,364.7958858013153,none,0
3222,vehicle.bmw.isetta,60.92802203945554,0.0,120,0.0,11,100.0,44.10000065714121,100.0,352.88783860206604,none,0
3223,vehicle.bmw.isetta,60.41447692826555,0.0,120,0.0,11,100.0,27.450000409036875,100.0,213.40802693367004,none,0
3224,vehicle.bmw.isetta,61.067938290835365,0.0,120,0.0,11,100.0,39.050000581890345,100.0,520.2246046066284,none,0
3225,vehicle.bmw.isetta,61.26539929186665,0.0,120,0.0,11,100.0,26.750000398606065,100.0,230.1604449748993,none,0
3226,vehicle.bmw.isetta,54.91447760482357,0.0,120,0.0,11,100.0,53.10000079125166,100.0,380.10799074172974,none,0
3227,vehicle.bmw.isetta,55.9272196240984,0.0,120,0.0,11,100.0,27.10000040382147,100.0,185.23522067070007,none,0
3228,vehicle.bmw.isetta,55.25090884695793,0.0,120,0.0,11,100.0,14.550000216811895,100.0,135.1925528049469,none,0
3229,vehicle.bmw.isetta,61.59830038671384,0.0,120,0.0,11,100.0,39.40000058710575,100.0,398.92427468299866,none,0
3230,vehicle.bmw.isetta,55.2693469423156,0.0,120,0.0,11,100.0,12.90000019222498,100.0,137.49198246002197,none,0
3231,vehicle.bmw.isetta,60.901017691577785,0.0,120,0.0,11,100.0,24.70000036805868,100.0,227.5120754241944,none,0
3232,vehicle.bmw.isetta,55.04141645760018,0.0,120,0.0,11,100.0,22.70000033825636,100.0,162.06825399398804,none,0
3233,vehicle.bmw.isetta,54.75607184336737,0.0,120,0.0,11,100.0,17.400000259280205,100.0,151.60393071174622,none,0
3234,vehicle.bmw.isetta,61.25325971366519,0.0,120,0.0,11,100.0,39.40000058710575,100.0,385.47238183021545,none,0
3235,vehicle.bmw.isetta,60.91089740578979,0.0,120,0.0,11,100.0,36.75000054761768,100.0,302.0205216407776,none,0
3236,vehicle.bmw.isetta,55.1791221263788,0.0,120,0.0,11,100.0,26.25000039115548,100.0,159.18881726264954,none,0
3237,vehicle.bmw.isetta,56.02666298657788,0.0,120,0.0,11,100.0,28.40000042319297,100.0,227.4241428375244,none,0
3238,vehicle.bmw.isetta,61.75131111908178,0.0,120,0.0,11,100.0,38.90000057965517,100.0,304.7680730819702,none,0
3239,vehicle.bmw.isetta,55.61009969298386,0.0,120,0.0,11,100.0,13.000000193715096,100.0,130.3082685470581,none,0
3240,vehicle.bmw.isetta,56.290417613840575,0.0,120,0.0,11,100.0,26.00000038743019,100.0,191.8644053936005,none,0
3241,vehicle.bmw.isetta,60.95337258060778,0.0,120,0.0,11,100.0,25.00000037252903,100.0,163.81202173233032,none,0
3242,vehicle.bmw.isetta,61.16392023319401,0.0,120,0.0,11,100.0,24.25000036135316,100.0,167.03609323501587,none,0
3243,vehicle.bmw.isetta,55.43311785764707,0.0,120,0.0,11,100.0,17.900000266730785,100.0,124.10812282562256,none,0
3244,vehicle.bmw.isetta,55.2446401601069,0.0,120,0.0,11,100.0,12.85000019147992,100.0,108.00822186470032,none,0
3245,vehicle.bmw.isetta,55.507802941520346,0.0,120,0.0,11,100.0,14.70000021904707,100.0,108.4879276752472,none,0
3246,vehicle.bmw.isetta,61.367142631099526,0.0,120,0.0,11,100.0,26.90000040084124,100.0,244.7564387321472,none,0
3247,vehicle.bmw.isetta,55.34447144880457,0.0,120,0.0,11,100.0,15.95000023767352,100.0,155.78464937210083,none,0
3248,vehicle.bmw.isetta,55.27290728705631,0.0,120,0.0,11,100.0,25.200000375509266,100.0,211.4683198928833,none,0
3249,vehicle.bmw.isetta,55.19927747263407,0.0,120,0.0,11,100.0,17.850000265985727,100.0,175.4083869457245,none,0
3250,vehicle.bmw.isetta,56.094386897300026,0.0,120,0.0,11,100.0,24.400000363588333,100.0,219.7723758220673,none,0
3251,vehicle.bmw.isetta,61.06920292504007,0.0,120,0.0,11,100.0,43.00000064074993,100.0,477.3440289497376,none,0
3252,vehicle.bmw.isetta,82.60001775936934,0.0,120,0.0,11,100.0,21.300000317394733,100.0,218.65602135658264,none,0
3253,vehicle.bmw.isetta,83.11998033178662,0.0,120,0.0,11,100.0,26.30000039190054,100.0,219.7642798423767,none,0
3254,vehicle.bmw.isetta,83.51000974305987,0.0,120,0.0,11,100.0,20.950000312179327,100.0,140.7598512172699,none,0
3255,vehicle.bmw.isetta,82.18000091524995,0.0,120,0.0,11,100.0,22.050000328570604,100.0,257.10804438591003,none,0
3256,vehicle.bmw.isetta,82.0000009476335,0.0,120,0.0,11,100.0,21.000000312924385,100.0,140.475928068161,none,0
3257,vehicle.bmw.isetta,82.60999853125792,0.0,120,0.0,11,100.0,20.25000030174852,100.0,136.55221581459045,none,0
3258,vehicle.bmw.isetta,82.61000234595448,0.0,120,0.0,11,100.0,21.300000317394733,100.0,180.03985786437988,none,0
3259,vehicle.bmw.isetta,81.97915120561767,0.0,120,0.0,11,45.83555836021964,197.200002938509,45.83555836021964,1301.996442079544,none,0
3260,vehicle.bmw.isetta,81.99999331823905,0.0,120,0.0,11,100.0,48.600000724196434,100.0,388.32407808303833,none,0
3261,vehicle.bmw.isetta,83.31085709977604,0.0,120,0.0,11,100.0,21.300000317394733,100.0,164.64838814735413,none,0
3262,vehicle.bmw.isetta,83.089996226047,0.0,120,0.0,11,43.62633813403826,33.00000049173832,26.17580288042296,224.3844404220581,collisions_vehicle,0
3263,vehicle.bmw.isetta,81.99999331823905,0.0,120,0.0,11,100.0,20.35000030323863,100.0,157.54422616958618,none,0
3264,vehicle.bmw.isetta,83.30912522726364,0.0,120,0.0,11,100.0,25.600000381469727,100.0,318.80048966407776,none,0
3265,vehicle.bmw.isetta,83.089996226047,0.0,120,0.0,11,100.0,20.500000305473804,100.0,186.58001327514648,none,0
3266,vehicle.bmw.isetta,82.0000009476335,0.0,120,0.0,11,100.0,55.500000827014446,100.0,748.9964652061462,none,0
3267,vehicle.bmw.isetta,83.51000974305987,0.0,120,0.0,11,100.0,20.40000030398369,100.0,190.33626890182487,none,0
3268,vehicle.bmw.isetta,82.00000476233072,0.0,120,0.0,11,100.0,20.25000030174852,100.0,189.66825699806213,none,0
3269,vehicle.bmw.isetta,82.00997924804688,0.0,120,0.0,11,100.0,34.1000005081296,100.0,310.3921296596527,none,0
3270,vehicle.bmw.isetta,82.6000177588627,0.0,120,0.0,11,100.0,21.000000312924385,100.0,164.80428743362427,none,0
3271,vehicle.bmw.isetta,81.98086781925831,0.0,120,0.0,11,100.0,23.40000034868717,100.0,210.4445402622223,none,0
3272,vehicle.bmw.isetta,82.00997924804688,0.0,120,0.0,11,100.0,22.25000033155084,100.0,138.2721242904663,none,0
3273,vehicle.bmw.isetta,83.11998033178662,0.0,120,0.0,11,100.0,20.10000029951334,100.0,149.0721514225006,none,0
3274,vehicle.bmw.isetta,82.0000009476335,0.0,120,0.0,11,100.0,23.20000034570694,100.0,166.93241572380066,none,0
3275,vehicle.bmw.isetta,82.18000091524995,0.0,120,0.0,11,100.0,20.30000030249357,100.0,202.99996066093445,none,0
3276,vehicle.bmw.isetta,61.26539929186665,0.0,120,0.0,11,100.0,26.55000039562583,100.0,233.5363941192627,none,0
3277,vehicle.bmw.isetta,60.901017691577785,0.0,120,0.0,11,100.0,24.75000036880374,100.0,183.06390237808228,none,0
3278,vehicle.bmw.isetta,61.94757622419835,0.0,120,0.0,11,100.0,32.50000048428774,100.0,401.5161018371582,none,0
3279,vehicle.bmw.isetta,60.91089740578979,0.0,120,0.0,11,100.0,36.85000054910779,100.0,226.10002541542053,none,0
3280,vehicle.bmw.isetta,60.92802203945554,0.0,120,0.0,11,100.0,24.050000358372927,100.0,258.788938999176,none,0
3281,vehicle.bmw.isetta,61.75131111908178,0.0,120,0.0,11,100.0,20.40000030398369,100.0,164.5761275291443,none,0
3282,vehicle.bmw.isetta,61.06920292504007,0.0,120,0.0,11,100.0,27.650000412017107,100.0,324.4723324775696,none,0
3283,vehicle.bmw.isetta,61.58523811688995,0.0,120,0.0,11,100.0,20.500000305473804,100.0,203.12453532218933,none,0
3284,vehicle.bmw.isetta,61.59830038671384,0.0,120,0.0,11,100.0,23.100000344216824,100.0,181.88037729263303,none,0
3285,vehicle.bmw.isetta,61.16392023319401,0.0,120,0.0,11,100.0,26.150000389665365,100.0,169.06442308425903,none,0
3286,vehicle.bmw.isetta,60.69758307301105,0.0,120,0.0,11,100.0,29.750000443309546,100.0,287.2000963687897,none,0
3287,vehicle.bmw.isetta,60.83781726315381,0.0,120,0.0,11,100.0,35.00000052154064,100.0,462.9079463481903,none,0
3288,vehicle.bmw.isetta,60.41447692826555,0.0,120,0.0,11,100.0,28.200000420212746,100.0,209.6561434268952,none,0
3289,vehicle.bmw.isetta,61.09374739316211,0.0,120,0.0,11,100.0,24.050000358372927,100.0,342.3558945655823,none,0
3290,vehicle.bmw.isetta,61.067938290835365,0.0,120,0.0,11,100.0,33.80000050365925,100.0,352.9999461174011,none,0
3291,vehicle.bmw.isetta,60.85623744415566,0.0,120,0.0,11,100.0,24.70000036805868,100.0,150.38825297355652,none,0
3292,vehicle.bmw.isetta,60.57136272504224,0.0,120,0.0,11,100.0,26.45000039413572,100.0,223.8082091808319,none,0
3293,vehicle.bmw.isetta,60.95337258060778,0.0,120,0.0,11,100.0,28.250000420957804,100.0,198.8761150836945,none,0
3294,vehicle.bmw.isetta,61.25325971366519,0.0,120,0.0,11,100.0,20.60000030696392,100.0,179.04399299621582,none,0
3295,vehicle.bmw.isetta,61.367142631099526,0.0,120,0.0,11,100.0,26.80000039935112,100.0,258.5442123413086,none,0
3296,vehicle.bmw.isetta,61.68555879782448,0.0,120,0.0,11,100.0,20.60000030696392,100.0,215.7434153556824,none,0
3297,vehicle.bmw.isetta,60.90306747539447,0.0,120,0.0,11,100.0,20.950000312179327,100.0,202.01224303245544,none,0
3298,vehicle.bmw.isetta,60.92792055053716,0.0,120,0.0,11,100.0,24.050000358372927,100.0,203.1722862720489,none,0
3299,vehicle.bmw.isetta,61.00178018503786,0.0,120,0.0,11,100.0,28.00000041723252,100.0,204.22021174430847,none,0
3300,vehicle.bmw.isetta,55.19927747263407,0.0,120,0.0,11,100.0,19.35000028833747,100.0,203.8044631481171,none,0
3301,vehicle.bmw.isetta,55.27290728705631,0.0,120,0.0,11,100.0,19.10000028461218,100.0,129.80402660369873,none,0
3302,vehicle.bmw.isetta,55.94493792555948,0.0,120,0.0,11,100.0,19.20000028610229,100.0,136.3881552219391,none,0
3303,vehicle.bmw.isetta,55.2693469423156,0.0,120,0.0,11,100.0,19.60000029206276,100.0,280.1466574668884,none,0
3304,vehicle.bmw.isetta,55.61009969298386,0.0,120,0.0,11,100.0,21.80000032484532,100.0,175.8681879043579,none,0
3305,vehicle.bmw.isetta,56.02666298657788,0.0,120,0.0,11,100.0,21.60000032186508,100.0,196.10802388191223,none,0
3306,vehicle.bmw.isetta,55.24653262480497,0.0,120,0.0,11,100.0,18.950000282377005,100.0,130.37216067314148,none,0
3307,vehicle.bmw.isetta,55.1791221263788,0.0,120,0.0,11,100.0,24.45000036433339,100.0,161.69643259048462,none,0
3308,vehicle.bmw.isetta,54.91447760482357,0.0,120,0.0,11,100.0,34.70000051707029,100.0,311.1562976837158,none,0
3309,vehicle.bmw.isetta,55.43311785764707,0.0,120,0.0,11,100.0,22.6500003375113,100.0,214.25635409355164,none,0
3310,vehicle.bmw.isetta,55.25090884695793,0.0,120,0.0,11,100.0,19.450000289827585,100.0,185.65232706069943,none,0
3311,vehicle.bmw.isetta,55.04141645760018,0.0,120,0.0,11,100.0,50.05000074580312,100.0,660.7988946437836,none,0
3312,vehicle.bmw.isetta,55.34447144880457,0.0,120,0.0,11,100.0,33.00000049173832,100.0,343.71219396591187,none,0
3313,vehicle.bmw.isetta,55.9272196240984,0.0,120,0.0,11,100.0,19.15000028535724,100.0,140.35197281837463,none,0
3314,vehicle.bmw.isetta,56.094386897300026,0.0,120,0.0,11,100.0,23.500000350177288,100.0,247.4442069530487,none,0
3315,vehicle.bmw.isetta,54.75607184336737,0.0,120,0.0,11,100.0,21.60000032186508,100.0,188.99632453918457,none,0
3316,vehicle.bmw.isetta,55.71251834771494,0.0,120,0.0,11,100.0,19.35000028833747,100.0,272.7001476287842,none,0
3317,vehicle.bmw.isetta,55.507802941520346,0.0,120,0.0,11,100.0,19.30000028759241,100.0,156.2401478290558,none,0
3318,vehicle.bmw.isetta,55.2446401601069,0.0,120,0.0,11,100.0,19.30000028759241,100.0,198.3086528778076,none,0
3319,vehicle.bmw.isetta,55.41616043336074,0.0,120,0.0,11,100.0,20.70000030845404,100.0,175.57215905189514,none,0
3320,vehicle.bmw.isetta,55.295861513545525,0.0,120,0.0,11,100.0,21.50000032037497,100.0,258.9003381729126,none,0
3321,vehicle.bmw.isetta,55.41121556217197,0.0,120,0.0,11,100.0,18.950000282377005,100.0,176.36827969551086,none,0
3322,vehicle.bmw.isetta,55.59823106089415,0.0,120,0.0,11,100.0,48.65000072494149,100.0,423.4005270004273,none,0
3323,vehicle.bmw.isetta,56.290417613840575,0.0,120,0.0,11,100.0,19.60000029206276,100.0,149.16444325447085,none,0
3324,vehicle.lincoln.mkz2017,83.59873826094632,0.0,120,0.0,11,100.0,40.6500006057322,100.0,456.2040312290192,none,0
3325,vehicle.lincoln.mkz2017,326.46289454712144,0.0,120,0.0,11,100.0,100.00000149011612,100.0,675.5998406410217,none,0
3326,vehicle.lincoln.mkz2017,310.51499937633105,0.0,120,0.0,11,100.0,60.90000090748072,100.0,536.7319293022156,none,0
3327,vehicle.lincoln.mkz2017,334.39002329383925,0.0,120,0.0,11,100.0,82.00000122189522,100.0,611.3838520050049,none,0
3328,vehicle.lincoln.mkz2017,78.99352533935645,0.0,120,0.0,11,100.0,13.500000201165676,100.0,126.0760624408722,none,0
3329,vehicle.lincoln.mkz2017,316.4820829944565,0.0,120,0.0,11,100.0,77.10000114887953,100.0,596.4718823432922,none,0
3330,vehicle.lincoln.mkz2017,83.59873826094632,0.0,120,0.0,11,100.0,35.6500005312264,100.0,328.47629737854004,none,0
3331,vehicle.lincoln.mkz2017,326.46289454712144,0.0,120,0.0,11,100.0,101.90000151842833,100.0,803.2041065692902,none,0
3332,vehicle.lincoln.mkz2017,310.51499937633105,0.0,120,0.0,11,100.0,96.8000014424324,100.0,769.7880249023438,none,0
3333,vehicle.lincoln.mkz2017,334.39002329383925,0.0,120,0.0,11,100.0,139.2500020749867,100.0,1163.6239428520205,none,0
3334,vehicle.lincoln.mkz2017,78.99352533935645,0.0,120,0.0,11,100.0,48.0500007160008,100.0,452.1082503795624,none,0
3335,vehicle.lincoln.mkz2017,316.4820829944565,0.0,120,0.0,11,100.0,70.50000105053186,100.0,478.47589325904846,none,0
3336,vehicle.lincoln.mkz2017,61.94757622419835,0.0,120,0.0,11,100.0,39.75000059232116,100.0,261.48042035102844,none,0
3337,vehicle.lincoln.mkz2017,55.71251834771494,0.0,120,0.0,11,100.0,12.600000187754633,100.0,127.6192433834076,none,0
3338,vehicle.lincoln.mkz2017,55.41121556217197,0.0,120,0.0,11,100.0,61.30000091344118,100.0,391.6603467464447,none,0
3339,vehicle.lincoln.mkz2017,61.58523811688995,0.0,120,0.0,11,100.0,39.00000058114529,100.0,458.3643929958344,none,0
3340,vehicle.lincoln.mkz2017,60.85623744415566,0.0,120,0.0,11,100.0,24.400000363588333,100.0,163.99631023406982,none,0
3341,vehicle.lincoln.mkz2017,60.57136272504224,0.0,120,0.0,11,100.0,25.30000037699937,100.0,190.6882722377777,none,0
3342,vehicle.lincoln.mkz2017,61.68555879782448,0.0,120,0.0,11,100.0,39.35000058636069,100.0,376.5199828147888,none,0
3343,vehicle.lincoln.mkz2017,55.41616043336074,0.0,120,0.0,11,100.0,22.90000034123659,100.0,204.7880089282989,none,0
3344,vehicle.lincoln.mkz2017,55.295861513545525,0.0,120,0.0,11,100.0,13.750000204890966,100.0,184.53634452819824,none,0
3345,vehicle.lincoln.mkz2017,61.00178018503786,0.0,120,0.0,11,100.0,28.35000042244792,100.0,190.02803874015808,none,0
3346,vehicle.lincoln.mkz2017,60.83781726315381,0.0,120,0.0,11,100.0,39.65000059083104,100.0,338.1881096363068,none,0
3347,vehicle.lincoln.mkz2017,60.92792055053716,0.0,120,0.0,11,100.0,24.050000358372927,100.0,181.69642162323,none,0
3348,vehicle.lincoln.mkz2017,55.24653262480497,0.0,120,0.0,11,100.0,24.25000036135316,100.0,155.17615485191345,none,0
3349,vehicle.lincoln.mkz2017,55.59823106089415,0.0,120,0.0,11,100.0,28.35000042244792,100.0,286.06445384025574,none,0
3350,vehicle.lincoln.mkz2017,60.90306747539447,0.0,120,0.0,11,100.0,47.35000070556998,100.0,462.2519578933716,none,0
3351,vehicle.lincoln.mkz2017,60.69758307301105,0.0,120,0.0,11,100.0,39.85000059381128,100.0,397.9285068511963,none,0
3352,vehicle.lincoln.mkz2017,55.94493792555948,0.0,120,0.0,11,100.0,27.400000408291817,100.0,172.42840814590454,none,0
3353,vehicle.lincoln.mkz2017,61.09374739316211,0.0,120,0.0,11,100.0,27.750000413507223,100.0,424.064227104187,none,0
3354,vehicle.lincoln.mkz2017,60.92802203945554,0.0,120,0.0,11,100.0,42.25000062957406,100.0,284.9119324684143,none,0
3355,vehicle.lincoln.mkz2017,60.41447692826555,0.0,120,0.0,11,100.0,25.30000037699937,100.0,173.7162036895752,none,0
3356,vehicle.lincoln.mkz2017,61.067938290835365,0.0,120,0.0,11,100.0,42.35000063106418,100.0,446.4200789928436,none,0
3357,vehicle.lincoln.mkz2017,61.26539929186665,0.0,120,0.0,11,100.0,27.750000413507223,100.0,201.98023319244385,none,0
3358,vehicle.lincoln.mkz2017,54.91447760482357,0.0,120,0.0,11,100.0,53.00000078976154,100.0,371.2445468902588,none,0
3359,vehicle.lincoln.mkz2017,55.9272196240984,0.0,120,0.0,11,100.0,29.000000432133675,100.0,193.3081097602844,none,0
3360,vehicle.lincoln.mkz2017,55.25090884695793,0.0,120,0.0,11,100.0,21.950000327080488,100.0,224.88417315483093,none,0
3361,vehicle.lincoln.mkz2017,61.59830038671384,0.0,120,0.0,11,100.0,46.500000692904,100.0,372.3284947872162,none,0
3362,vehicle.lincoln.mkz2017,55.2693469423156,0.0,120,0.0,11,100.0,15.70000023394823,100.0,212.49595761299133,none,0
3363,vehicle.lincoln.mkz2017,60.901017691577785,0.0,120,0.0,11,100.0,33.10000049322844,100.0,283.3400704860687,none,0
3364,vehicle.lincoln.mkz2017,55.04141645760018,0.0,120,0.0,11,100.0,26.05000038817525,100.0,247.32438778877253,none,0
3365,vehicle.lincoln.mkz2017,54.75607184336737,0.0,120,0.0,11,100.0,52.60000078380108,100.0,417.4120354652405,none,0
3366,vehicle.lincoln.mkz2017,61.25325971366519,0.0,120,0.0,11,100.0,40.20000059902668,100.0,344.44409465789795,none,0
3367,vehicle.lincoln.mkz2017,60.91089740578979,0.0,120,0.0,11,100.0,33.80000050365925,100.0,220.3721513748169,none,0
3368,vehicle.lincoln.mkz2017,55.1791221263788,0.0,120,0.0,11,100.0,26.85000040009617,100.0,155.99603462219238,none,0
3369,vehicle.lincoln.mkz2017,56.02666298657788,0.0,120,0.0,11,100.0,28.90000043064356,100.0,306.8281345367432,none,0
3370,vehicle.lincoln.mkz2017,61.75131111908178,0.0,120,0.0,11,100.0,39.00000058114529,100.0,346.6918933391571,none,0
3371,vehicle.lincoln.mkz2017,55.61009969298386,0.0,120,0.0,11,100.0,13.050000194460154,100.0,151.8483452796936,none,0
3372,vehicle.lincoln.mkz2017,56.290417613840575,0.0,120,0.0,11,100.0,27.05000040307641,100.0,175.5921106338501,none,0
3373,vehicle.lincoln.mkz2017,60.95337258060778,0.0,120,0.0,11,100.0,24.050000358372927,100.0,168.6079671382904,none,0
3374,vehicle.lincoln.mkz2017,61.16392023319401,0.0,120,0.0,11,100.0,26.90000040084124,100.0,169.31642508506775,none,0
3375,vehicle.lincoln.mkz2017,55.43311785764707,0.0,120,0.0,11,100.0,16.100000239908695,100.0,154.14453101158142,none,0
3376,vehicle.lincoln.mkz2017,55.2446401601069,0.0,120,0.0,11,100.0,12.4000001847744,100.0,106.0125286579132,none,0
3377,vehicle.lincoln.mkz2017,55.507802941520346,0.0,120,0.0,11,100.0,15.150000225752592,100.0,158.95211148262024,none,0
3378,vehicle.lincoln.mkz2017,61.367142631099526,0.0,120,0.0,11,100.0,24.50000036507845,100.0,204.49596977233887,none,0
3379,vehicle.lincoln.mkz2017,55.34447144880457,0.0,120,0.0,11,100.0,33.650000501424074,100.0,311.12021946907043,none,0
3380,vehicle.lincoln.mkz2017,55.27290728705631,0.0,120,0.0,11,100.0,25.650000382214785,100.0,162.14825248718262,none,0
3381,vehicle.lincoln.mkz2017,55.19927747263407,0.0,120,0.0,11,100.0,46.60000069439411,100.0,425.9243166446686,none,0
3382,vehicle.lincoln.mkz2017,56.094386897300026,0.0,120,0.0,11,100.0,24.350000362843275,100.0,173.72025632858276,none,0
3383,vehicle.lincoln.mkz2017,61.06920292504007,0.0,120,0.0,11,100.0,43.10000064224005,100.0,524.7204627990723,none,0
3384,vehicle.lincoln.mkz2017,82.60001775936934,0.0,120,0.0,11,100.0,19.95000029727817,100.0,196.5279541015625,none,0
3385,vehicle.lincoln.mkz2017,83.11998033178662,0.0,120,0.0,11,100.0,23.100000344216824,100.0,185.28454899787903,none,0
3386,vehicle.lincoln.mkz2017,83.51000974305987,0.0,120,0.0,11,100.0,24.150000359863043,100.0,152.38799905776978,none,0
3387,vehicle.lincoln.mkz2017,82.18000091524995,0.0,120,0.0,11,100.0,19.85000029578805,100.0,166.410906791687,none,0
3388,vehicle.lincoln.mkz2017,82.0000009476335,0.0,120,0.0,11,100.0,21.7000003233552,100.0,135.70791459083557,none,0
3389,vehicle.lincoln.mkz2017,82.60999853125792,0.0,120,0.0,11,100.0,19.650000292807817,100.0,139.3843159675598,none,0
3390,vehicle.lincoln.mkz2017,82.61000234595448,0.0,120,0.0,11,100.0,24.95000037178397,100.0,219.1719267368317,none,0
3391,vehicle.lincoln.mkz2017,81.97915120561767,0.0,120,0.0,11,100.0,20.000000298023224,100.0,160.50783371925354,none,0
3392,vehicle.lincoln.mkz2017,81.99999331823905,0.0,120,0.0,11,100.0,115.30000171810389,100.0,809.6164262294769,none,0
3393,vehicle.lincoln.mkz2017,83.31085709977604,0.0,120,0.0,11,100.0,23.300000347197056,100.0,155.70405864715576,none,0
3394,vehicle.lincoln.mkz2017,83.089996226047,0.0,120,0.0,11,41.18009489380158,24.850000370293856,24.708056936280947,178.1804220676422,collisions_vehicle,0
3395,vehicle.lincoln.mkz2017,81.99999331823905,0.0,120,0.0,11,100.0,21.250000316649675,100.0,151.30856585502625,none,0
3396,vehicle.lincoln.mkz2017,83.30912522726364,0.0,120,0.0,11,100.0,21.050000313669443,100.0,204.23221850395203,none,0
3397,vehicle.lincoln.mkz2017,83.089996226047,0.0,120,0.0,11,100.0,19.95000029727817,100.0,187.4919366836548,none,0
3398,vehicle.lincoln.mkz2017,82.0000009476335,0.0,120,0.0,11,42.03830457960543,28.250000420957804,25.222982747763258,284.8230392932892,collisions_vehicle,0
3399,vehicle.lincoln.mkz2017,83.51000974305987,0.0,120,0.0,11,100.0,23.000000342726707,100.0,283.14041662216187,none,0
3400,vehicle.lincoln.mkz2017,82.00000476233072,0.0,120,0.0,11,100.0,21.40000031888485,100.0,188.8800537586212,none,0
3401,vehicle.lincoln.mkz2017,82.00997924804688,0.0,120,0.0,11,100.0,26.00000038743019,100.0,255.4363670349121,none,0
3402,vehicle.lincoln.mkz2017,82.6000177588627,0.0,120,0.0,11,100.0,19.80000029504299,100.0,132.20856189727783,none,0
3403,vehicle.lincoln.mkz2017,81.98086781925831,0.0,120,0.0,11,100.0,21.65000032261014,100.0,236.71190476417544,none,0
3404,vehicle.lincoln.mkz2017,82.00997924804688,0.0,120,0.0,11,100.0,19.750000294297934,100.0,121.20015811920166,none,0
3405,vehicle.lincoln.mkz2017,83.11998033178662,0.0,120,0.0,11,100.0,41.45000061765313,100.0,315.0204529762268,none,0
3406,vehicle.lincoln.mkz2017,82.0000009476335,0.0,120,0.0,11,100.0,22.15000033006072,100.0,155.53216218948364,none,0
3407,vehicle.lincoln.mkz2017,82.18000091524995,0.0,120,0.0,11,100.0,19.70000029355288,100.0,173.32400822639465,none,0
3408,vehicle.lincoln.mkz2017,61.26539929186665,0.0,120,0.0,11,100.0,27.500000409781933,100.0,195.75616455078125,none,0
3409,vehicle.lincoln.mkz2017,60.901017691577785,0.0,120,0.0,11,100.0,24.75000036880374,100.0,228.5680027008057,none,0
3410,vehicle.lincoln.mkz2017,61.94757622419835,0.0,120,0.0,11,100.0,38.95000058040023,100.0,482.6043219566345,none,0
3411,vehicle.lincoln.mkz2017,60.91089740578979,0.0,120,0.0,11,100.0,34.30000051110983,100.0,210.54819107055664,none,0
3412,vehicle.lincoln.mkz2017,60.92802203945554,0.0,120,0.0,11,100.0,24.600000366568565,100.0,180.3168306350708,none,0
3413,vehicle.lincoln.mkz2017,61.75131111908178,0.0,120,0.0,11,100.0,21.60000032186508,100.0,190.6801633834839,none,0
3414,vehicle.lincoln.mkz2017,61.06920292504007,0.0,120,0.0,11,100.0,21.1000003144145,100.0,179.97609734535217,none,0
3415,vehicle.lincoln.mkz2017,61.58523811688995,0.0,120,0.0,11,100.0,32.20000047981739,100.0,318.0962598323822,none,0
3416,vehicle.lincoln.mkz2017,61.59830038671384,0.0,120,0.0,11,100.0,24.75000036880374,100.0,205.4123342037201,none,0
3417,vehicle.lincoln.mkz2017,61.16392023319401,0.0,120,0.0,11,100.0,24.00000035762787,100.0,169.37221121788025,none,0
3418,vehicle.lincoln.mkz2017,60.69758307301105,0.0,120,0.0,11,100.0,25.100000374019142,100.0,268.8562085628509,none,0
3419,vehicle.lincoln.mkz2017,60.83781726315381,0.0,120,0.0,11,100.0,40.15000059828162,100.0,604.0882427692413,none,0
3420,vehicle.lincoln.mkz2017,60.41447692826555,0.0,120,0.0,11,100.0,27.60000041127205,100.0,192.1761257648468,none,0
3421,vehicle.lincoln.mkz2017,61.09374739316211,0.0,120,0.0,11,100.0,26.85000040009617,100.0,282.51195764541626,none,0
3422,vehicle.lincoln.mkz2017,61.067938290835365,0.0,120,0.0,11,100.0,34.70000051707029,100.0,372.78833985328674,none,0
3423,vehicle.lincoln.mkz2017,60.85623744415566,0.0,120,0.0,11,100.0,24.400000363588333,100.0,167.38427877426147,none,0
3424,vehicle.lincoln.mkz2017,60.57136272504224,0.0,120,0.0,11,100.0,24.100000359117985,100.0,240.4560923576355,none,0
3425,vehicle.lincoln.mkz2017,60.95337258060778,0.0,120,0.0,11,100.0,28.45000042393804,100.0,186.5561134815216,none,0
3426,vehicle.lincoln.mkz2017,61.25325971366519,0.0,120,0.0,11,100.0,24.300000362098217,100.0,200.94411730766296,none,0
3427,vehicle.lincoln.mkz2017,61.367142631099526,0.0,120,0.0,11,100.0,26.95000040158629,100.0,339.6521830558777,none,0
3428,vehicle.lincoln.mkz2017,61.68555879782448,0.0,120,0.0,11,100.0,20.1500003002584,100.0,210.05598425865173,none,0
3429,vehicle.lincoln.mkz2017,60.90306747539447,0.0,120,0.0,11,0.0,0.1000000014901161,0.0,0.9800047874450684,collisions_vehicle,0
3430,vehicle.lincoln.mkz2017,60.92792055053716,0.0,120,0.0,11,100.0,24.150000359863043,100.0,162.26401662826538,none,0
3431,vehicle.lincoln.mkz2017,61.00178018503786,0.0,120,0.0,11,100.0,32.350000482052565,100.0,262.08816409111023,none,0
3432,vehicle.lincoln.mkz2017,55.19927747263407,0.0,120,0.0,11,100.0,18.85000028088689,100.0,168.46036553382874,none,0
3433,vehicle.lincoln.mkz2017,55.27290728705631,0.0,120,0.0,11,100.0,19.900000296533108,100.0,142.1482172012329,none,0
3434,vehicle.lincoln.mkz2017,55.94493792555948,0.0,120,0.0,11,100.0,18.6000002771616,100.0,123.62053108215332,none,0
3435,vehicle.lincoln.mkz2017,55.2693469423156,0.0,120,0.0,11,100.0,20.550000306218863,100.0,205.60795664787287,none,0
3436,vehicle.lincoln.mkz2017,55.61009969298386,0.0,120,0.0,11,100.0,28.00000041723252,100.0,266.84438157081604,none,0
3437,vehicle.lincoln.mkz2017,56.02666298657788,0.0,120,0.0,11,100.0,18.700000278651714,100.0,165.46001982688904,none,0
3438,vehicle.lincoln.mkz2017,55.24653262480497,0.0,120,0.0,11,100.0,18.40000027418137,100.0,149.2927725315094,none,0
3439,vehicle.lincoln.mkz2017,55.1791221263788,0.0,120,0.0,11,100.0,18.450000274926424,100.0,127.43619656562804,none,0
3440,vehicle.lincoln.mkz2017,54.91447760482357,0.0,120,0.0,11,100.0,41.20000061392784,100.0,514.5802216529846,none,0
3441,vehicle.lincoln.mkz2017,55.43311785764707,0.0,120,0.0,11,100.0,64.10000095516443,100.0,503.5440893173218,none,0
3442,vehicle.lincoln.mkz2017,55.25090884695793,0.0,120,0.0,11,100.0,22.35000033304096,100.0,257.52415919303894,none,0
3443,vehicle.lincoln.mkz2017,55.04141645760018,0.0,120,0.0,11,100.0,94.85000141337514,100.0,1250.3399858474731,none,0
3444,vehicle.lincoln.mkz2017,55.34447144880457,0.0,120,0.0,11,100.0,36.35000054165721,100.0,396.3322250843048,none,0
3445,vehicle.lincoln.mkz2017,55.9272196240984,0.0,120,0.0,11,100.0,20.1500003002584,100.0,159.7280251979828,none,0
3446,vehicle.lincoln.mkz2017,56.094386897300026,0.0,120,0.0,11,100.0,18.650000277906656,100.0,178.29236721992493,none,0
3447,vehicle.lincoln.mkz2017,54.75607184336737,0.0,120,0.0,11,100.0,20.05000029876828,100.0,214.34458303451527,none,0
3448,vehicle.lincoln.mkz2017,55.71251834771494,0.0,120,0.0,11,100.0,18.80000028014183,100.0,287.3273060321808,none,0
3449,vehicle.lincoln.mkz2017,55.507802941520346,0.0,120,0.0,11,100.0,21.300000317394733,100.0,190.5354971885681,none,0
3450,vehicle.lincoln.mkz2017,55.2446401601069,0.0,120,0.0,11,100.0,18.80000028014183,100.0,192.4723355770111,none,0
3451,vehicle.lincoln.mkz2017,55.41616043336074,0.0,120,0.0,11,100.0,19.85000029578805,100.0,240.7195851802826,none,0
3452,vehicle.lincoln.mkz2017,55.295861513545525,0.0,120,0.0,11,100.0,20.550000306218863,100.0,202.4322612285614,none,0
3453,vehicle.lincoln.mkz2017,55.41121556217197,0.0,120,0.0,11,100.0,19.80000029504299,100.0,160.40004539489746,none,0
3454,vehicle.lincoln.mkz2017,55.59823106089415,0.0,120,0.0,11,100.0,54.250000808388,100.0,422.1521835327149,none,0
3455,vehicle.lincoln.mkz2017,56.290417613840575,0.0,120,0.0,11,100.0,20.450000304728743,100.0,136.92418837547302,none,0
