ego_vehicle,route_length,pedestrians,npc_vehicles,outside_route_lanes,carla_version,completion_score,simulation_time,driving_score,system_time,infraction,weather
vehicle.bmw.isetta,207.01921297077124,145.0,177,0.0,10,100.0,114.90000171214342,100.0,496.5440793037415,none,0
vehicle.bmw.isetta,82.7731237397857,140.0,177,0.0,10,0.0,2.450000036507845,0.0,8.039913892745972,red_light,1
vehicle.bmw.isetta,178.9391330373126,147.0,177,0.0,10,98.31287360840916,418.0000062286854,98.31287360840916,1755.8151788711548,none,2
vehicle.bmw.isetta,238.10978756392848,142.0,177,0.0,10,100.0,141.20000210404396,100.0,674.2910680770874,none,3
vehicle.bmw.isetta,223.3329029008772,143.0,177,10.64,10,98.68428625713396,594.0500088520348,88.18204332228864,2567.2544350624084,none,1
vehicle.bmw.isetta,167.56487086493937,148.0,177,0.0,10,98.68817242944812,432.7000064477325,98.68817242944812,2095.9694731235504,none,4
vehicle.bmw.isetta,194.9718798637444,146.0,177,26.31,10,8.68647644522261,999.0500148870052,6.400980281759373,5317.947593450546,none,5
vehicle.bmw.isetta,115.88590957775584,141.0,177,0.0,10,100.0,308.5500045977533,100.0,1465.9135229587555,none,6
vehicle.bmw.isetta,43.096043644042815,142.0,177,0.0,10,7.066566422530138,8.550000127404928,4.239939853518083,40.87426996231079,collisions_vehicle,3
vehicle.bmw.isetta,58.63827134877027,,177,0.0,10,0.0,0.050000000745058,0.0,0.1574633121490478,red_light,1
vehicle.bmw.isetta,77.26589929384768,143.0,177,0.0,10,47.818190214542334,67.75000100955367,28.6909141287254,284.82965755462646,collisions_vehicle,6
vehicle.bmw.isetta,162.78504929646405,145.0,177,7.9,10,100.0,197.75000294670463,92.10249296008108,836.0990481376648,none,4
vehicle.bmw.isetta,198.33133495156537,145.0,177,0.0,10,97.07372719097572,138.20000205934048,58.24423631458543,670.5642559528351,collisions_vehicle,7
vehicle.bmw.isetta,101.61206212778252,143.0,177,0.0,10,97.79732483468278,546.1000081375241,97.79732483468278,2352.1731362342834,none,8
vehicle.bmw.isetta,114.14997116258075,141.0,177,8.62,10,69.16579887436914,150.75000224635005,41.08074195236943,593.0328617095947,collisions_layout,8
vehicle.bmw.isetta,89.85816825817592,142.0,177,0.0,10,97.79184070872851,491.0500073172152,97.79184070872851,2427.017853975296,none,3
vehicle.bmw.isetta,117.1820118020656,144.0,176,0.0,10,98.69252614297608,601.5500089637935,98.69252614297608,2867.559336423874,none,5
vehicle.bmw.isetta,124.7108900544878,149.0,177,0.0,10,100.0,96.40000143647194,100.0,351.6483519077301,none,6
vehicle.bmw.isetta,97.85226981529962,146.0,177,0.0,10,0.3341582457648769,2.550000037997961,0.2339107720354138,9.162339210510254,red_light,9
vehicle.bmw.isetta,152.4820958031289,146.0,177,0.0,10,100.0,86.45000128820539,100.0,413.30203914642334,none,2
vehicle.bmw.isetta,273.33199613203595,145.0,177,0.0,10,0.689627730899564,13.15000019595027,0.4827394116296947,49.98420262336731,red_light,8
vehicle.bmw.isetta,174.53322915148334,150.0,176,0.0,10,35.228764899498465,176.2000026255846,21.13725893969908,832.1360611915588,collisions_vehicle,5
vehicle.bmw.isetta,56.30132988530262,141.0,177,0.0,10,97.95634578939412,324.55000483617187,97.95634578939412,1450.6225192546844,none,10
vehicle.bmw.isetta,187.8028807307963,139.0,177,0.0,10,98.50886750767948,901.650013435632,98.50886750767948,3012.6688725948334,none,7
vehicle.bmw.isetta,148.57995264526733,141.0,177,0.0,10,100.0,290.200004324317,100.0,1237.3627924919128,none,3
vehicle.bmw.isetta,67.64448743494455,139.0,177,0.0,10,97.8667075132946,257.500003837049,97.8667075132946,1143.4386954307556,none,1
vehicle.bmw.isetta,247.34437197628097,143.0,177,33.01,10,7.750058654082857,18.55000027641654,3.115179895991939,114.5644793510437,collisions_vehicle,9
vehicle.bmw.isetta,185.99463978365304,144.0,177,0.0,10,100.0,75.40000112354755,100.0,297.60253834724426,none,11
vehicle.bmw.isetta,50.992664209856144,147.0,177,0.0,10,95.88114004257964,224.2000033408404,95.88114004257964,1081.725418329239,none,12
vehicle.bmw.isetta,80.77520493729264,142.0,177,0.0,10,30.866339863699032,282.3000042065978,21.60643790458932,1274.1912157535553,red_light,2
vehicle.bmw.isetta,154.22773630668453,144.0,177,0.0,10,100.0,165.65000246837735,100.0,863.9446232318878,none,8
vehicle.bmw.isetta,81.18335428520193,142.0,177,0.0,10,98.0943522509119,102.95000153407454,68.66604657563832,491.81799387931824,red_light,13
vehicle.bmw.isetta,126.51974353648706,143.0,177,0.0,10,98.07636276672449,490.850007314235,98.07636276672449,1800.837732553482,none,1
vehicle.bmw.isetta,275.5098342056596,143.0,177,40.37,10,8.10938483824933,503.4000075012445,2.9011389523875377,2678.4467408657074,collisions_vehicle,12
vehicle.bmw.isetta,161.0705508614438,144.0,177,0.0,10,98.51706946026783,457.3500068150461,98.51706946026783,2400.0307602882385,none,8
vehicle.bmw.isetta,212.21998513514657,146.0,177,0.0,10,63.01566886784535,288.500004298985,37.80940132070721,1328.9706528186798,collisions_vehicle,14
vehicle.bmw.isetta,92.67208641879182,143.0,177,31.63,10,18.11085582765734,212.1000031605363,12.382020693053107,955.7349982261658,none,13
vehicle.bmw.isetta,155.64995003145023,144.0,177,0.0,10,100.0,228.35000340268016,100.0,852.8260481357574,none,13
vehicle.bmw.isetta,168.14150198346732,146.0,177,0.0,10,31.966944547459185,121.40000180900095,19.18016672847551,788.5562937259674,collisions_vehicle,8
vehicle.bmw.isetta,135.6931039120751,144.0,176,0.0,10,32.9771254860188,93.40000139176846,21.435131565912226,349.4457323551178,collisions_layout,12
vehicle.bmw.isetta,121.9713958242025,149.0,177,0.0,10,100.0,206.4500030763448,100.0,881.256457567215,none,15
vehicle.bmw.isetta,90.0830794673052,145.0,177,0.0,10,12.166403723490731,60.400000900030136,8.51648260644351,287.8887724876404,red_light,14
vehicle.bmw.isetta,71.692100036983,145.0,176,0.0,10,98.79505801832866,444.0000066161156,98.79505801832866,2101.469473600388,none,14
vehicle.bmw.isetta,195.33833164299287,144.0,177,0.0,10,98.96883652118282,663.5000098869205,98.96883652118282,2717.8410823345184,none,13
vehicle.bmw.isetta,96.40022461549356,140.0,177,3.81,10,52.62688635077831,70.15000104531646,30.37245399782861,394.3113565444946,collisions_vehicle,5
vehicle.bmw.isetta,151.55090419619987,145.0,177,0.0,10,100.0,301.2000044882297,100.0,1211.9695479869845,none,11
vehicle.bmw.isetta,185.7261592234176,145.0,177,0.0,10,66.72317298759765,163.4500024355948,46.70622109131836,670.2482786178589,red_light,4
vehicle.bmw.isetta,141.90401885803934,144.0,176,0.0,10,98.96942421376984,372.4000055491924,98.96942421376984,1334.9148542881012,none,1
vehicle.bmw.isetta,159.02180304401404,141.0,177,0.9,10,98.71864427457284,236.50000352412465,97.82525274166154,958.6776537895204,none,1
vehicle.bmw.isetta,69.93839879481226,143.0,177,0.0,10,48.56649498202687,161.50000240653753,29.13989698921612,928.064206123352,collisions_vehicle,14
vehicle.bmw.isetta,222.93380901648845,145.0,177,0.0,10,100.0,371.8500055409968,100.0,1796.7693712711334,none,3
vehicle.bmw.isetta,237.9464389452768,143.0,177,0.0,10,100.0,378.050005633384,100.0,1670.3951377868652,none,16
vehicle.bmw.isetta,200.10978739194945,145.0,177,0.0,10,100.0,85.45000127330422,100.0,433.64402985572815,none,17
vehicle.bmw.isetta,139.8224897592828,139.0,176,0.0,10,27.69300306906916,110.7500016503036,16.615801841441492,481.1803512573242,collisions_vehicle,2
vehicle.bmw.isetta,129.7494968599369,146.0,177,0.0,10,47.100629936088986,110.35000164434314,28.26037796165339,529.5445241928101,collisions_vehicle,3
vehicle.bmw.isetta,59.98171397690685,144.0,177,0.0,10,98.3079209536202,240.0500035770237,98.3079209536202,1096.5891332626345,none,5
vehicle.bmw.isetta,164.30197183978018,144.0,176,23.14,10,100.0,200.4000029861927,76.86435148621442,791.8892726898193,none,18
vehicle.bmw.isetta,135.3497162420629,149.0,177,0.0,10,22.45979934506745,34.80000051856041,15.721859541547216,127.0293755531311,red_light,7
vehicle.bmw.isetta,85.66889046054116,141.0,177,18.75,10,18.746580168973,264.8000039458275,9.139452108403171,1367.8451356887815,collisions_vehicle,19
vehicle.bmw.isetta,62.57769689198829,143.0,177,0.0,10,8.721102557733534,46.000000685453415,6.104771790413474,189.00525379180908,red_light,14
vehicle.bmw.isetta,209.0502379953276,145.0,177,22.66,10,100.0,120.7500017993152,77.33906469630894,483.4859035015106,none,7
vehicle.bmw.isetta,109.91696340852243,140.0,177,0.0,10,100.0,138.75000206753612,100.0,691.7406885623932,none,20
vehicle.bmw.isetta,112.25633952510816,148.0,177,0.0,10,98.70493413451766,398.4500059373677,98.70493413451766,1865.498320817948,none,11
vehicle.bmw.isetta,113.50148540809884,145.0,177,42.99,10,100.0,123.25000183656812,57.00518395721994,532.8976774215698,none,8
vehicle.bmw.isetta,245.14782311563644,145.0,176,0.0,10,98.02592793562016,723.0500107742846,98.02592793562016,2642.6630692481995,none,18
vehicle.bmw.isetta,250.12245508861588,142.0,177,0.0,10,100.0,149.10000222176313,100.0,649.628725528717,none,14
vehicle.bmw.isetta,54.506131352703086,146.0,177,0.0,10,1.922133754220524,4.150000061839819,1.2493869402433406,23.24409556388855,collisions_layout,14
vehicle.bmw.isetta,132.2912577005324,145.0,177,0.0,10,98.66845135169544,416.35000620409846,98.66845135169544,1827.271270751953,none,18
vehicle.bmw.isetta,84.74849002285849,144.0,177,0.0,10,6.719365758315189,49.05000073090196,4.703556030820632,184.2746238708496,red_light,9
vehicle.bmw.isetta,152.37286603245602,140.0,177,9.97,10,98.57961856889568,800.4000119268894,88.7513690596257,4158.342066287994,none,9
vehicle.bmw.isetta,170.35434195336265,152.0,177,17.98,10,47.31223244073093,602.850008983165,38.804998050100245,2146.7856101989746,none,4
vehicle.bmw.isetta,135.50261038028492,148.0,177,0.0,10,100.0,131.80000196397305,100.0,758.1399157047272,none,20
vehicle.bmw.isetta,184.08247304405248,149.0,177,0.0,10,13.941977759018808,40.25000059977174,9.759384431313164,171.79761171340942,red_light,5
vehicle.bmw.isetta,185.4022201237888,141.0,177,29.57,10,9.192650906292693,503.4500075019896,3.88467003696137,2621.894773960113,collisions_vehicle,6
vehicle.bmw.isetta,262.73995804947594,145.0,177,0.0,10,98.84994890665476,1047.0500156022608,98.84994890665476,3591.9793236255646,none,0
vehicle.bmw.isetta,128.95913185645716,141.0,177,0.0,10,97.64275447337164,407.400006070733,97.64275447337164,1621.7740864753723,none,2
vehicle.bmw.isetta,157.49129412890363,143.0,176,1.67,10,34.372168737400166,404.750006031245,20.279145494045974,1459.0723264217377,collisions_vehicle,13
vehicle.bmw.isetta,105.84117500426734,147.0,177,0.0,10,97.75127002530397,492.1000073328614,97.75127002530397,2204.6328287124634,none,9
vehicle.bmw.isetta,106.08523701555264,142.0,177,0.0,10,98.29589459508338,388.1000057831407,98.29589459508338,2051.0444066524506,none,0
vehicle.bmw.isetta,134.9649352416446,141.0,177,0.0,10,100.0,349.15000520274043,100.0,1562.8312299251556,none,20
vehicle.bmw.isetta,133.9996692194524,149.0,177,0.0,10,97.74635526451712,512.8500076420605,97.74635526451712,2072.881031990052,none,2
vehicle.bmw.isetta,188.62217081727417,145.0,176,0.0,10,100.0,304.2500045336783,100.0,1605.305303812027,none,8
vehicle.bmw.isetta,56.72804923831599,142.0,177,0.0,10,95.94121613803009,300.0500044710934,95.94121613803009,1646.4756174087524,none,20
vehicle.bmw.isetta,55.99933212657137,144.0,177,0.0,10,92.60870265222016,213.50000318139791,92.60870265222016,915.3659663200378,none,12
vehicle.bmw.isetta,77.74474012433396,139.0,177,4.99,10,96.54440981059945,457.0500068105757,91.72433128358318,2975.845786333084,none,9
vehicle.bmw.isetta,201.47522325688308,142.0,177,29.52,10,11.491324909390322,203.95000303909185,4.859655572906432,1265.2035586833954,collisions_vehicle,0
vehicle.bmw.isetta,57.91582883374336,144.0,177,0.0,10,46.94864040840038,86.05000128224492,28.169184245040228,413.3227133750916,collisions_vehicle,20
vehicle.bmw.isetta,233.5059863989048,146.0,176,0.0,10,100.0,158.40000236034393,100.0,761.5877070426941,none,19
vehicle.bmw.isetta,136.38078640210082,143.0,176,0.0,10,96.90177151692124,491.5000073239207,96.90177151692124,2268.7285730838776,none,17
vehicle.bmw.isetta,64.84443288939383,146.0,176,0.0,10,36.723078646196186,100.10000149160624,22.03384718771771,402.9048681259155,collisions_vehicle,9
vehicle.bmw.isetta,63.51635132231508,143.0,176,17.3,10,25.32188516010996,8.700000129640102,12.564464726941564,31.67264056205749,collisions_vehicle,2
vehicle.bmw.isetta,147.48200195171145,145.0,177,0.0,10,35.64632125549054,83.80000124871731,24.952424878843377,335.02011013031006,red_light,20
vehicle.bmw.isetta,217.51892947055245,143.0,177,0.0,10,0.1742981948761061,2.500000037252903,0.1220087364132742,9.21553087234497,red_light,1
vehicle.bmw.isetta,190.8164069727564,147.0,177,0.0,10,98.87893876606095,629.6500093825161,98.87893876606095,3057.5263125896454,none,5
vehicle.bmw.isetta,254.1060713159461,143.0,177,0.0,10,98.53894403577496,468.1000069752336,98.53894403577496,1927.51245713234,none,8
vehicle.bmw.isetta,165.2617979987117,147.0,177,0.0,10,100.0,176.1000026240945,100.0,719.9097108840942,none,1
vehicle.bmw.isetta,149.99601064107898,149.0,177,0.0,10,98.9853033374528,478.9000071361661,98.9853033374528,2353.8423495292664,none,14
vehicle.bmw.isetta,71.50994652828354,141.0,177,0.0,10,95.6913884078739,267.6500039882958,95.6913884078739,945.3402945995332,none,19
vehicle.bmw.isetta,135.46155381851938,143.0,177,0.0,10,98.64036961389672,406.8000060617924,98.64036961389672,1880.958476305008,none,14
vehicle.bmw.isetta,156.79689825163248,145.0,177,0.0,10,100.0,104.00000154972076,100.0,488.6875584125519,none,1
vehicle.bmw.isetta,83.13450328178256,142.0,177,0.0,10,31.9917041949291,218.15000325068831,31.9917041949291,892.951751947403,none,17
vehicle.bmw.isetta,250.78999932384824,144.0,177,4.09,10,97.20061442009342,287.00000427663326,65.25995633219017,1180.4867460727692,red_light,10
vehicle.bmw.isetta,114.62667096986732,146.0,177,0.0,10,100.0,76.9000011458993,100.0,361.31624364852905,none,2
vehicle.bmw.isetta,63.43423489382118,146.0,177,20.92,10,13.872248183931212,424.7500063292682,6.581770572262919,1648.3894202709198,collisions_vehicle,9
vehicle.bmw.isetta,192.3656901274608,141.0,176,0.0,10,100.0,202.5000030174852,100.0,1058.0078783035278,none,3
vehicle.bmw.isetta,209.0900054293799,146.0,177,0.0,10,100.0,176.5500026308,100.0,835.925047159195,none,7
vehicle.bmw.isetta,70.43334556254084,138.0,177,0.0,10,98.15217492859551,728.8000108599663,98.15217492859551,2736.7428052425385,none,18
vehicle.bmw.isetta,257.85431282278745,140.0,177,90.57,10,10.952152723374663,7.900000117719173,0.6713843453136381,37.01704573631287,collisions_layout,13
vehicle.bmw.isetta,163.9999400746265,147.0,177,0.0,10,98.77390316183312,381.0000056773424,98.77390316183312,1618.4657373428345,none,18
vehicle.bmw.isetta,269.2091664486068,146.0,177,0.0,10,98.96297071699668,438.5500065349042,98.96297071699668,2041.6324999332428,none,0
vehicle.bmw.isetta,171.19559751444055,141.0,177,0.0,10,98.23381879969747,336.85000501945615,98.23381879969747,1384.8547084331512,none,8
vehicle.bmw.isetta,98.00128842523004,144.0,177,0.0,10,96.87888005618302,307.7500045858324,96.87888005618302,1286.25457572937,none,11
vehicle.bmw.isetta,4.00000021027517,144.0,177,0.76,10,100.0,302.0000045001507,99.24433307723008,1189.3718605041504,none,13
vehicle.bmw.isetta,251.3352438596285,145.0,177,0.0,10,100.0,190.8500028438866,100.0,791.7078804969788,none,12
vehicle.bmw.isetta,271.3472965796286,140.0,177,0.0,10,98.58742993841996,841.7500125430524,98.58742993841996,4744.509454250336,none,9
vehicle.bmw.isetta,126.89068320142172,144.0,177,0.0,10,100.0,260.1500038765371,100.0,1339.5008521080017,none,9
vehicle.bmw.isetta,65.17453134346205,145.0,177,0.73,10,98.88364081905956,336.75000501796603,98.16478582746636,1442.0740883350372,none,4
vehicle.bmw.isetta,191.8171785347349,142.0,177,0.0,10,100.0,92.150001373142,100.0,427.6512529850006,none,6
vehicle.bmw.isetta,135.53081141470167,144.0,176,0.0,10,23.17066744979273,98.05000146105886,16.219467214854916,363.9776835441589,red_light,9
vehicle.bmw.isetta,159.83405030843176,147.0,177,2.69,10,86.11118135005106,139.40000207722187,54.46905768489466,501.0829849243164,collisions_layout,19
vehicle.bmw.isetta,120.04475960989669,142.0,177,0.0,10,100.0,30.500000454485416,100.0,176.33686923980713,none,3
vehicle.bmw.isetta,83.45133697663786,147.0,177,0.0,10,10.39701925309564,357.45000532642007,7.277913477166948,1562.600902557373,red_light,8
vehicle.bmw.isetta,147.97621366078394,,177,0.0,10,0.0,0.050000000745058,0.0,0.1934244632720947,red_light,1
vehicle.bmw.isetta,149.18479208755417,142.0,177,6.18,10,48.13286327252799,47.60000070929527,27.095019959094326,159.62729454040527,collisions_vehicle,2
vehicle.bmw.isetta,240.84659042508247,145.0,177,0.0,10,98.81551645519954,495.7000073865056,98.81551645519954,1809.2159640789032,none,0
vehicle.bmw.isetta,141.7120253036426,147.0,177,0.0,10,100.0,157.10000234097242,100.0,642.1372773647308,none,7
vehicle.bmw.isetta,134.68550795661574,140.0,177,23.92,10,5.384166610340327,100.45000149682164,2.457679722098117,461.3971018791199,collisions_vehicle,14
vehicle.bmw.isetta,217.9950009430536,142.0,177,0.0,10,100.0,221.20000329613688,100.0,1001.6876983642578,none,6
vehicle.bmw.isetta,140.85397776372758,143.0,177,0.0,10,97.82877999058944,243.05000362172723,58.69726799435367,1156.1588361263275,collisions_vehicle,9
vehicle.bmw.isetta,141.17222919562278,142.0,176,0.0,10,36.933383910724885,93.20000138878822,22.16003034643493,419.5050776004791,collisions_vehicle,5
vehicle.bmw.isetta,57.690003107429895,142.0,177,0.0,10,92.93386586879048,230.05000342801213,92.93386586879048,1076.1083793640137,none,14
vehicle.bmw.isetta,211.56213862926955,145.0,177,11.65,10,27.474108432085483,52.05000077560544,14.56339823960434,194.30234837532043,collisions_vehicle,10
vehicle.bmw.isetta,130.30642004913034,148.0,177,0.0,10,100.0,279.000004157424,100.0,1354.5848352909088,none,2
vehicle.bmw.isetta,216.3700031067862,141.0,176,0.0,10,100.0,199.15000296756625,100.0,928.1883602142334,none,7
vehicle.bmw.isetta,97.7799995055068,145.0,177,0.0,10,100.0,53.35000079497695,100.0,318.80888748168945,none,10
vehicle.bmw.isetta,91.21650580385666,138.0,177,0.0,10,97.27666399329824,445.0500066317618,97.27666399329824,1738.2314081192017,none,1
vehicle.bmw.isetta,153.947210454538,146.0,177,0.0,10,42.82518303436055,72.35000107809901,21.412591517180275,319.1151280403137,collisions_pedestrian,12
vehicle.bmw.isetta,119.900140564025,144.0,176,0.0,10,100.0,215.30000320822,100.0,964.4721806049348,none,11
vehicle.bmw.isetta,238.7324055173933,144.0,177,0.0,10,100.0,158.9000023677945,100.0,814.2722444534302,none,5
vehicle.bmw.isetta,151.87153975210185,143.0,177,0.0,10,59.80244126992867,245.7500036619604,41.86170888895007,1124.164763212204,red_light,20
vehicle.bmw.isetta,247.73842490293512,146.0,177,3.62,10,92.0696820385431,192.1000028625131,57.67874631226885,716.4770984649658,collisions_layout,9
vehicle.bmw.isetta,278.8517179140669,146.0,177,0.0,10,0.0,4.6500000692904,0.0,28.100945711135864,red_light,10
vehicle.bmw.isetta,13.066559092344626,152.0,177,0.0,10,100.0,153.00000227987766,100.0,810.878258228302,none,6
vehicle.bmw.isetta,133.6516813305543,142.0,177,0.0,10,3.6652064279135113,17.100000254809856,1.832603213956756,64.25951313972473,collisions_pedestrian,6
vehicle.bmw.isetta,115.96521403280724,151.0,177,0.0,10,59.95905978137629,373.45000556483865,59.95905978137629,1560.8646767139437,none,18
vehicle.bmw.isetta,185.93342229434964,140.0,177,0.0,10,40.1968131382733,65.70000097900629,26.127928539877644,234.36070489883423,collisions_layout,18
vehicle.bmw.isetta,167.38486120028512,142.0,176,2.41,10,100.0,737.4000109881163,97.5854241744091,2896.527435064316,none,19
vehicle.bmw.isetta,251.15731424878263,141.0,177,0.0,10,97.88798631802662,759.0500113107264,97.88798631802662,2739.188759326935,none,6
vehicle.bmw.isetta,97.41958226021404,144.0,177,0.0,10,96.8795564721874,275.45000410452485,96.8795564721874,1205.324824333191,none,11
vehicle.bmw.isetta,54.10762331426994,147.0,177,14.74,10,96.3634540761652,265.0500039495528,82.15701427804089,1590.7738494873047,none,2
vehicle.bmw.isetta,121.65021018505978,141.0,176,0.0,10,97.09760123515312,379.8500056602061,97.09760123515312,1982.812822341919,none,12
vehicle.bmw.isetta,218.0465004233209,146.0,176,0.0,10,98.58071891040586,949.5000141486526,98.58071891040586,3284.394062757492,none,1
vehicle.bmw.isetta,136.80629150040426,140.0,177,0.0,10,98.78550714376324,244.7000036463141,98.78550714376324,1316.144035577774,none,14
vehicle.bmw.isetta,177.63438654998097,147.0,177,10.9,10,100.0,76.40000113844872,89.1032558527043,316.14029812812805,none,9
vehicle.bmw.isetta,66.90389832381031,143.0,177,0.0,10,18.808814334554985,239.400003567338,18.808814334554985,1124.1466886997223,none,4
vehicle.bmw.isetta,273.3407856255807,146.0,177,0.0,10,49.44723669563706,110.45000164583324,29.66834201738224,553.2036263942719,collisions_vehicle,18
vehicle.bmw.isetta,98.3758070779555,144.0,177,17.54,10,98.43680534813092,289.75000431761146,81.17328340591601,1425.3353173732758,none,20
vehicle.bmw.isetta,75.509947236394,143.0,177,0.0,10,97.2836420247244,239.00000356137755,97.2836420247244,869.7731275558472,none,7
vehicle.bmw.isetta,215.69296777720123,146.0,177,0.0,10,100.0,211.20000314712524,100.0,1008.4321992397308,none,10
vehicle.bmw.isetta,127.99489155404224,143.0,176,0.0,10,100.0,233.75000348314643,100.0,1021.0975337028505,none,9
vehicle.bmw.isetta,113.54286258512876,142.0,177,0.0,10,100.0,43.7500006519258,100.0,192.91480350494385,none,3
vehicle.bmw.isetta,77.70679167100221,143.0,176,0.0,10,96.8536658101505,310.050004620105,96.8536658101505,987.4837365150452,none,0
vehicle.bmw.isetta,128.00041635409687,143.0,177,0.0,10,98.91708087253984,1078.250016067177,98.91708087253984,5834.679062366486,none,3
vehicle.bmw.isetta,63.61396366476734,146.0,177,4.78,10,45.17933965196986,94.85000141337514,25.813038816131616,438.3228647708893,collisions_vehicle,8
vehicle.bmw.isetta,210.35719774473657,144.0,177,11.15,10,60.189858149423145,123.10000183433294,34.76060704401907,494.6421365737915,collisions_layout,4
vehicle.bmw.isetta,218.17279493959552,142.0,177,0.0,10,98.29318517346394,1025.8500152863562,98.29318517346394,4562.988571643829,none,9
vehicle.bmw.isetta,114.13830922825704,146.0,177,0.0,10,100.0,93.60000139474867,100.0,455.2019150257111,none,8
vehicle.bmw.isetta,91.5848828385856,145.0,177,17.73,10,75.09831132086862,54.05000080540776,40.15735211744994,218.1385428905487,collisions_layout,14
vehicle.bmw.isetta,127.5593661832002,141.0,177,0.0,10,100.0,170.8500025458634,100.0,803.7956557273865,none,11
vehicle.bmw.isetta,153.806218665598,145.0,177,0.0,10,22.255602351129344,35.35000052675605,14.466141528234074,140.84434294700625,collisions_layout,20
vehicle.bmw.isetta,230.50704928789344,144.0,177,0.0,10,17.697581416438464,28.750000428408384,10.618548849863078,168.58344554901123,collisions_vehicle,6
vehicle.bmw.isetta,155.21271208235316,142.0,177,0.0,10,97.54485466912752,288.45000429823995,97.54485466912752,1355.9877865314484,none,5
vehicle.bmw.isetta,68.45236296257079,146.0,177,0.0,10,94.6156681858529,264.60000394284725,94.6156681858529,1154.7015142440796,none,16
vehicle.bmw.isetta,289.7189203220309,143.0,177,0.0,10,89.95692263842373,218.20000325143337,62.96984584689661,828.1167740821838,red_light,0
vehicle.bmw.isetta,255.72384592595856,149.0,177,57.03,10,2.59672205217349,4.800000071525574,0.7252778840541294,29.11664843559265,collisions_layout,8
vehicle.bmw.isetta,62.44134756354121,145.0,177,0.0,10,96.83319335900794,251.25000374391675,96.83319335900794,1065.3497564792633,none,2
vehicle.bmw.isetta,107.60914881202362,143.0,177,0.0,10,75.53607751112105,126.10000187903644,52.87525425778473,497.4952864646912,red_light,9
vehicle.bmw.isetta,160.69567727484127,151.0,176,0.0,10,100.0,256.8000038266182,100.0,1130.0068261623385,none,13
vehicle.bmw.isetta,84.00000790754952,143.0,176,0.0,10,96.3906749769688,313.50000467151403,96.3906749769688,1264.7085342407229,none,4
vehicle.bmw.isetta,135.98085964910393,146.0,177,0.0,10,100.0,53.60000079870224,100.0,247.93069100379944,none,3
vehicle.bmw.isetta,187.1840081355105,141.0,177,19.21,10,100.0,121.80000181496143,80.79169110527805,501.4198627471924,none,10
vehicle.bmw.isetta,198.1508534574193,146.0,177,0.0,10,100.0,85.6000012755394,100.0,355.4441311359405,none,19
vehicle.bmw.isetta,149.37026287944542,142.0,177,0.0,10,97.93180685761462,301.7500044964254,97.93180685761462,1358.671321630478,none,12
vehicle.bmw.isetta,78.14909887959358,143.0,176,0.0,10,98.63698829776536,624.6000093072653,98.63698829776536,2828.4061348438263,none,11
vehicle.bmw.isetta,169.63795273239205,145.0,177,0.0,10,2.148748990391639,3.9000000581145287,1.3966868437545652,17.787397146224976,collisions_layout,2
vehicle.bmw.isetta,201.75301977211643,144.0,177,0.0,10,6.936569811150515,138.45000206306577,4.161941886690309,757.4438021183014,collisions_vehicle,2
vehicle.bmw.isetta,84.73965023148577,143.0,177,0.0,10,14.48751206388804,7.000000104308128,9.416882841527226,35.91695165634155,collisions_layout,5
vehicle.bmw.isetta,199.61393678283733,148.0,177,13.8,10,98.99712416554785,970.0500144548714,85.33502754083712,5738.406041145325,none,17
vehicle.bmw.isetta,231.035249317076,144.0,177,0.0,10,98.38340927399068,437.0000065118074,98.38340927399068,1775.193153142929,none,2
vehicle.bmw.isetta,224.4508093747655,145.0,176,0.0,10,100.0,242.70000361651185,100.0,1271.4068400859833,none,10
vehicle.bmw.isetta,160.59174114741538,142.0,176,0.0,10,37.2968235328875,144.65000215545297,26.10777647302125,584.8666925430298,red_light,14
vehicle.bmw.isetta,175.09000599072704,144.0,177,0.0,10,98.85849985928472,355.2500052936375,98.85849985928472,1758.7723271846771,none,3
vehicle.bmw.isetta,105.7259278791228,139.0,177,28.24,10,18.618461113169747,70.15000104531646,8.015975617465028,454.05128049850464,collisions_vehicle,9
vehicle.bmw.isetta,242.25000000600124,149.0,176,0.0,10,100.0,181.05000269785523,100.0,801.9106788635254,none,3
vehicle.bmw.isetta,60.41715755173839,147.0,177,0.0,10,94.88871252970874,317.0500047244132,94.88871252970874,1481.9188647270205,none,5
vehicle.bmw.isetta,124.26716564462544,144.0,177,0.0,10,49.271879922870816,44.90000066906214,34.49031594600957,197.61065864562988,red_light,0
vehicle.bmw.isetta,246.3376246675904,143.0,177,0.0,10,85.98226775550516,414.3000061735511,60.18758742885361,1891.5074381828308,red_light,20
vehicle.bmw.isetta,181.734017212836,143.0,176,10.46,10,55.84640572022961,62.55000093206763,30.00329750501818,222.7241535186768,collisions_vehicle,2
vehicle.bmw.isetta,61.75445811744025,144.0,176,0.0,10,98.97253756964152,601.3500089608133,98.97253756964152,2630.454422235489,none,9
vehicle.bmw.isetta,139.14688912305118,146.0,177,0.0,10,96.50518070471264,558.050008315593,96.50518070471264,2264.0331296920776,none,15
vehicle.bmw.isetta,92.62465890700264,142.0,177,0.0,10,96.71907905649414,370.0500055141747,96.71907905649414,1813.944147825241,none,20
vehicle.bmw.isetta,174.25697675114515,144.0,177,0.0,10,98.7502084088984,437.2000065147877,98.7502084088984,2139.8716163635254,none,10
vehicle.bmw.isetta,183.97032391451447,146.0,177,0.82,10,58.50198111699566,166.00000247359276,34.81222032844455,600.4654810428619,collisions_vehicle,9
vehicle.bmw.isetta,202.18308424118496,146.0,177,0.0,10,100.0,150.15000223740935,100.0,609.685958147049,none,2
vehicle.bmw.isetta,152.86000559795005,146.0,177,0.0,10,98.68364710853758,477.05000710859895,98.68364710853758,2059.382011651993,none,6
vehicle.bmw.isetta,69.96409608455757,145.0,177,0.0,10,89.8156418827547,64.5000009611249,62.870949317928286,279.5594758987427,red_light,7
vehicle.bmw.isetta,160.56496478786465,145.0,177,1.79,10,89.17136585578194,405.4000060409308,87.57517986699315,1844.9835562706,none,8
vehicle.bmw.isetta,144.41420865579255,144.0,177,29.15,10,9.018404063947342,16.950000252574682,3.833845002367589,94.4733374118805,collisions_vehicle,13
vehicle.bmw.isetta,141.2596863076324,148.0,177,17.25,10,98.79222166686588,383.8500057198107,81.75192207343018,2082.022589445114,none,20
vehicle.bmw.isetta,250.70334896953392,142.0,177,1.77,10,76.0361730615411,153.2000022828579,48.54638152425795,637.610134601593,collisions_layout,2
vehicle.bmw.isetta,94.00071938021614,146.0,177,0.0,10,95.6573639314332,274.60000409185886,95.6573639314332,946.9445617198944,none,1
vehicle.bmw.isetta,78.52384916000362,146.0,177,29.27,10,26.98372573027813,120.70000179857016,11.45183613395659,425.6812627315521,collisions_vehicle,7
vehicle.bmw.isetta,103.99867141155153,141.0,177,0.0,10,97.06222267407654,412.0500061400234,97.06222267407654,1587.4803836345673,none,10
vehicle.bmw.isetta,59.41275985558396,139.0,177,0.0,10,96.27997608292893,219.05000326409936,96.27997608292893,1001.5515489578248,none,0
vehicle.bmw.isetta,220.3460545638561,143.0,177,0.0,10,98.48890213355476,533.6000079512596,98.48890213355476,2239.712416172028,none,18
vehicle.bmw.isetta,91.16367443389557,146.0,177,0.0,10,49.59316776157006,114.05000169947743,29.755900656942032,459.9458873271942,collisions_vehicle,0
vehicle.bmw.isetta,126.5800249155539,145.0,177,0.0,10,97.61711895628753,392.05000584200025,97.61711895628753,1719.2716963291168,none,13
vehicle.bmw.isetta,115.78998008039962,144.0,177,0.0,10,98.25125939035942,376.1000056043267,98.25125939035942,1350.2483866214752,none,13
vehicle.bmw.isetta,199.0611845425313,145.0,177,0.0,10,19.468751688882143,203.20000302791595,19.468751688882143,761.7369124889374,none,5
vehicle.bmw.isetta,39.51298327846472,144.0,177,0.0,10,98.8128362068459,820.9500122331083,98.8128362068459,3295.072577476501,none,0
vehicle.bmw.isetta,134.82516645917676,143.0,177,0.0,10,98.15714991925756,655.0500097610056,98.15714991925756,2816.751826286316,none,5
vehicle.bmw.isetta,176.04473564672733,144.0,177,0.0,10,98.51028637311876,530.3000079020858,98.51028637311876,2372.670872688293,none,4
vehicle.bmw.isetta,97.46146430176618,141.0,176,0.0,10,39.160458344826495,47.20000070333481,23.496275006895896,209.985244512558,collisions_vehicle,8
vehicle.bmw.isetta,85.01128944107964,145.0,177,0.0,10,97.504928053139,399.5000059530139,97.504928053139,1902.9526624679563,none,5
vehicle.bmw.isetta,84.2791168394927,143.0,177,0.0,10,0.0,3.450000051409006,0.0,15.527708530426024,red_light,20
vehicle.bmw.isetta,67.53636251445108,142.0,177,0.0,10,100.0,160.65000239387155,100.0,779.9655921459198,none,3
vehicle.bmw.isetta,167.99996240809642,145.0,176,0.0,10,98.80324090345952,340.05000506713986,98.80324090345952,1498.96191740036,none,16
vehicle.bmw.isetta,193.7218500399844,146.0,177,0.0,10,21.538098988237216,88.30000131577253,15.07666929176605,436.1719334125519,red_light,4
vehicle.bmw.isetta,141.12593610356925,143.0,177,0.0,10,98.83573022480492,522.4500077851117,98.83573022480492,2161.468475818634,none,8
vehicle.bmw.isetta,109.3971503213479,144.0,177,0.0,10,52.17359597039064,255.3500038050115,36.521517179273445,948.0543055534364,red_light,11
vehicle.bmw.isetta,148.92514730795034,146.0,177,0.0,10,83.52196791794339,429.6500064022839,83.52196791794339,2061.007801771164,none,2
vehicle.bmw.isetta,158.68891930218643,143.0,177,0.0,10,63.109245912335695,113.45000169053674,37.86554754740141,627.3727941513062,collisions_vehicle,6
vehicle.bmw.isetta,76.90635351557887,141.0,177,0.0,10,86.37961033590506,257.35000383481383,51.82776620154304,1223.3871290683746,collisions_vehicle,0
vehicle.bmw.isetta,186.62042559656945,145.0,176,0.0,10,96.55499481537188,591.1000088080764,96.55499481537188,2561.805154800415,none,9
vehicle.bmw.isetta,222.385490044924,145.0,176,0.0,10,33.23388834193321,93.20000138878822,21.602027422256587,478.65903210639954,collisions_layout,17
vehicle.bmw.isetta,178.23508386477212,143.0,177,11.63,10,98.80979616672576,844.4000125825405,87.32212204291353,4509.771413803101,none,20
vehicle.bmw.isetta,78.0000161598569,143.0,177,0.0,10,97.40556314605809,299.9500044696033,58.44333788763485,1542.252049446106,collisions_vehicle,15
vehicle.bmw.isetta,118.8098843933318,143.0,177,0.0,10,98.99314232892682,514.8000076711178,98.99314232892682,2370.852031707764,none,6
vehicle.bmw.isetta,179.964561912339,144.0,177,29.72,10,10.703475785741054,24.050000358372927,4.513127742963829,108.88102698326112,collisions_vehicle,0
vehicle.bmw.isetta,169.5013052937602,144.0,177,21.43,10,100.0,153.05000228062272,78.5679237523916,581.5100758075714,none,15
vehicle.bmw.isetta,132.53723393111662,144.0,177,0.0,10,39.27256036183907,69.95000104233623,23.56353621710344,323.9031026363373,collisions_vehicle,10
vehicle.bmw.isetta,165.70690746680884,142.0,177,0.0,10,97.57162049962513,663.0500098802149,97.57162049962513,2779.4427375793457,none,8
vehicle.bmw.isetta,242.2096374248703,147.0,177,0.0,10,97.4844226717185,1173.0500174798071,97.4844226717185,5080.485011577606,none,16
vehicle.bmw.isetta,243.72050897647105,147.0,177,0.0,10,0.0,5.200000077486038,0.0,30.66883683204651,red_light,15
vehicle.bmw.isetta,172.47023603808037,144.0,177,0.0,10,54.82979322795492,147.05000219121575,38.38085525956844,612.5085668563843,red_light,3
vehicle.bmw.isetta,215.6713346003968,146.0,177,0.0,10,100.0,185.95000277087087,100.0,806.6180920600891,none,7
vehicle.bmw.isetta,117.5310984930196,148.0,177,0.0,10,100.0,81.5500012151897,100.0,403.8424832820892,none,4
vehicle.bmw.isetta,236.0266182942848,145.0,176,12.18,10,16.85502822093062,15.400000229477882,9.62154384254654,53.411012411117554,collisions_layout,4
vehicle.bmw.isetta,91.7189155740634,144.0,177,0.0,10,35.57293866854153,42.100000627338886,23.122410134552,152.11635637283325,collisions_layout,12
vehicle.bmw.isetta,98.37931889628884,141.0,177,1.45,10,100.0,189.35000282153487,98.55330742472836,943.9313461780548,none,20
vehicle.bmw.isetta,97.61171908771536,143.0,177,0.0,10,98.96618279764176,327.6000048816204,98.96618279764176,1398.7552330493927,none,19
vehicle.bmw.isetta,170.68055255753555,148.0,177,17.8,10,87.89718678708701,158.00000235438347,43.35097663236187,571.3486483097076,collisions_vehicle,12
vehicle.bmw.isetta,88.80355356292397,143.0,177,0.0,10,100.0,85.80000127851963,100.0,325.8178095817566,none,15
vehicle.bmw.isetta,85.49173440828262,139.0,177,0.0,10,100.0,216.7500032298267,100.0,884.2373311519623,none,9
vehicle.bmw.isetta,110.76065795970584,145.0,176,0.0,10,44.258867071245376,103.10000153630972,26.555320242747225,485.3976912498474,collisions_vehicle,5
vehicle.bmw.isetta,177.8571279682478,146.0,177,0.0,10,98.8616830538816,696.6000103801489,98.8616830538816,2432.820213317871,none,7
vehicle.bmw.isetta,81.9999806667819,140.0,177,0.0,10,96.30168412493126,328.050004888326,96.30168412493126,1209.601771593094,none,6
vehicle.bmw.isetta,62.717139549735016,140.0,177,17.8,10,39.21260886848318,765.6500114090741,32.23303622725626,4324.674915313721,none,12
vehicle.bmw.isetta,181.206637504591,147.0,177,1.4,10,65.97510434894488,86.15000128373504,39.03230758634076,298.720440864563,collisions_vehicle,11
vehicle.bmw.isetta,192.1228271723634,141.0,177,8.05,10,46.86195080245992,62.15000092610717,25.853822625111142,227.53762817382807,collisions_vehicle,10
vehicle.bmw.isetta,235.9040388418787,141.0,177,0.0,10,98.38846699395135,460.3500068597496,98.38846699395135,2141.242107152939,none,8
vehicle.bmw.isetta,156.17705486881516,148.0,176,0.0,10,17.58917114563028,30.90000046044588,10.553502687378169,181.3686528205872,collisions_vehicle,1
vehicle.bmw.isetta,203.43585952739693,146.0,177,0.0,10,100.0,246.75000367686152,100.0,1071.648538827896,none,17
vehicle.bmw.isetta,111.219846834658,148.0,177,0.0,10,97.60193723698998,504.0500075109303,97.60193723698998,1915.5315113067627,none,12
vehicle.bmw.isetta,234.6213070717789,144.0,177,10.94,10,24.410405439164148,41.70000062137842,13.044059031060492,164.49656748771667,collisions_vehicle,19
vehicle.bmw.isetta,123.1801075207984,145.0,177,0.0,10,98.60336352789842,514.7000076696277,98.60336352789842,2014.485170841217,none,10
vehicle.bmw.isetta,50.35727855555831,144.0,177,0.0,10,98.45655333899911,248.30000369995832,98.45655333899911,1320.2381901741028,none,19
vehicle.bmw.isetta,89.66100072719145,149.0,177,0.0,10,100.0,159.5000023767352,100.0,790.4317803382874,none,5
vehicle.bmw.isetta,138.3080047843275,146.0,177,0.0,10,100.0,105.00000156462193,100.0,576.4598064422607,none,10
vehicle.bmw.isetta,226.40089809172488,145.0,177,0.0,10,98.95083668690178,743.6000110805035,98.95083668690178,3809.8160774707794,none,5
vehicle.bmw.isetta,152.83714049296856,146.0,177,0.0,10,100.0,108.6000016182661,100.0,607.9719388484955,none,14
vehicle.bmw.isetta,173.2256221408636,145.0,177,0.0,10,98.61411183861934,902.4500134475528,98.61411183861934,5147.610817432404,none,9
vehicle.bmw.isetta,135.01133770819789,145.0,177,29.23,10,98.86496064245716,547.9000081643462,69.9618599009197,2692.9772248268127,none,19
vehicle.bmw.isetta,188.14687270246912,146.0,177,0.0,10,100.0,200.90000299364328,100.0,754.2911036014557,none,15
vehicle.bmw.isetta,44.18144665181526,145.0,177,0.0,10,100.0,308.300004594028,100.0,1626.1719720363617,none,16
vehicle.bmw.isetta,30.31612559092024,144.0,177,0.0,10,41.5468705037133,57.45000085607171,24.92812230222798,259.5180125236511,collisions_vehicle,2
vehicle.bmw.isetta,82.52403395916362,142.0,177,36.36,10,30.90438170379819,351.05000523105264,19.668666413660272,1957.763999223709,none,16
vehicle.bmw.isetta,220.05331647310825,144.0,177,35.49,10,13.980000530803546,658.0000098049641,5.411334786989049,3191.193401813507,collisions_vehicle,11
vehicle.bmw.isetta,84.29327349453786,147.0,177,9.25,10,12.76644434798524,47.40000070631504,6.951468713414066,160.2555124759674,collisions_vehicle,6
vehicle.bmw.isetta,135.56536383854268,144.0,177,0.0,10,98.83924820952872,257.35000383481383,98.83924820952872,1155.1614866256714,none,4
vehicle.bmw.isetta,227.06584469435467,143.0,176,0.0,10,7.784641782740766,26.95000040158629,4.67078506964446,149.42988991737366,collisions_vehicle,19
vehicle.bmw.isetta,92.66999869677429,142.0,177,0.0,10,96.73160004747746,303.70000452548265,96.73160004747746,1121.3402779102323,none,1
vehicle.bmw.isetta,153.7799770326952,148.0,177,0.0,10,98.03004885044172,613.0500091351569,98.03004885044172,2635.018208026886,none,3
vehicle.bmw.isetta,136.68384612986242,145.0,177,0.0,10,100.0,88.00000131130219,100.0,354.4924728870392,none,19
vehicle.bmw.isetta,56.77745733053168,143.0,177,23.81,10,33.08813019504147,101.20000150799753,15.126475179724098,487.07932209968567,collisions_vehicle,14
vehicle.bmw.isetta,140.29320998810496,140.0,177,0.0,10,100.0,514.7000076696277,100.0,2222.9412360191345,none,18
vehicle.bmw.isetta,130.61080761316128,146.0,177,0.0,10,87.8955804065041,279.5500041656196,52.73734824390245,1244.3487973213196,collisions_vehicle,2
vehicle.bmw.isetta,109.97205490190288,144.0,177,0.0,10,10.321472153786376,19.30000028759241,6.1928832922718255,93.4180862903595,collisions_vehicle,3
vehicle.bmw.isetta,190.57421685215644,145.0,177,0.0,10,100.0,102.00000151991844,100.0,493.0156395435333,none,19
vehicle.bmw.isetta,161.24031255030107,141.0,177,0.0,10,8.418275934878606,41.350000616163015,5.050965560927163,213.25801277160645,collisions_vehicle,19
vehicle.bmw.isetta,212.0514713791468,147.0,176,0.0,10,98.83997997572818,658.1000098064542,98.83997997572818,2465.0083677768707,none,18
vehicle.bmw.isetta,50.13066670904022,148.0,177,39.77,10,95.28260940503664,258.05000384524465,57.38473190723369,1416.0367560386658,none,17
vehicle.bmw.isetta,9.903743135627703,144.0,177,3.07,10,98.76516386746631,919.0500136949122,95.7341622742452,4824.818077802658,none,3
vehicle.bmw.isetta,147.88777250643483,145.0,177,0.0,10,98.92216204284492,306.3000045642257,98.92216204284492,1375.9414021968842,none,0
vehicle.bmw.isetta,132.45084750914103,143.0,177,12.22,10,31.76181381923612,22.40000033378601,18.12167227286932,73.42269468307495,collisions_layout,10
vehicle.bmw.isetta,175.46213915057518,144.0,177,0.0,10,98.37476559424044,251.00000374019143,98.37476559424044,1132.1217305660248,none,14
vehicle.bmw.isetta,146.50222051911055,139.0,177,0.0,10,98.63998508714424,551.150008212775,98.63998508714424,2437.697552204132,none,15
vehicle.bmw.isetta,97.78918153678758,145.0,177,0.0,10,97.93215183307728,207.30000308901072,97.93215183307728,832.1883864402771,none,0
vehicle.bmw.isetta,84.7644301521923,145.0,177,0.0,10,16.318390962514595,22.750000339001417,9.791034577508755,104.18877458572388,collisions_vehicle,14
vehicle.bmw.isetta,138.25085451995548,139.0,177,0.0,10,96.8624644770669,381.65000568702817,96.8624644770669,1466.520495414734,none,0
vehicle.bmw.isetta,207.01921297077124,133.0,177,0.0,11,100.0,98.7000014707446,100.0,686.4791889190674,none,0
vehicle.bmw.isetta,82.7731237397857,136.0,177,0.0,11,0.0,2.350000035017729,0.0,13.038082361221312,red_light,1
vehicle.bmw.isetta,178.9391330373126,139.0,177,0.0,11,98.31287360840916,389.6500058062375,98.31287360840916,2540.049281597137,none,2
vehicle.bmw.isetta,238.10978756392848,132.0,177,0.0,11,100.0,277.70000413805246,100.0,1863.036861896515,none,3
vehicle.bmw.isetta,223.3329029008772,132.0,177,10.64,11,98.68428625713396,439.4500065483153,88.18445381628793,3091.2196922302246,none,1
vehicle.bmw.isetta,167.56487086493937,135.0,177,0.0,11,100.0,282.9000042155385,100.0,2180.105206489563,none,4
vehicle.bmw.isetta,194.9718798637444,138.0,177,14.44,11,7.4808979601112,400.0000059604645,3.840588169055624,2965.202404975891,collisions_vehicle,5
vehicle.bmw.isetta,115.88590957775584,136.0,177,16.84,11,49.776111784356736,37.10000055283308,26.90549751111078,240.8309359550476,collisions_layout,6
vehicle.bmw.isetta,43.096043644042815,136.0,177,0.0,11,100.0,265.3500039540231,100.0,1850.8852894306185,none,3
vehicle.bmw.isetta,58.63827134877027,,177,0.0,11,0.0,0.050000000745058,0.0,0.0393109321594238,red_light,1
vehicle.bmw.isetta,77.26589929384768,135.0,177,0.0,11,98.09710909354682,424.0500063188374,98.09710909354682,3065.885122537613,none,6
vehicle.bmw.isetta,162.78504929646405,135.0,177,8.83,11,98.67759846236028,308.300004594028,89.96811479527388,2226.169583082199,none,4
vehicle.bmw.isetta,198.33133495156537,137.0,177,0.0,11,100.0,156.35000232979655,100.0,1255.951814174652,none,7
vehicle.bmw.isetta,101.61206212778252,136.0,177,0.0,11,98.53154988978852,253.6500037796796,98.53154988978852,1556.9423308372498,none,8
vehicle.bmw.isetta,114.14997116258075,134.0,177,0.0,11,56.993801699836304,137.15000204369426,34.19628101990178,869.2170004844666,collisions_vehicle,8
vehicle.bmw.isetta,89.85816825817592,133.0,177,0.0,11,96.97096206561318,491.0500073172152,96.97096206561318,3426.3571841716766,none,3
vehicle.bmw.isetta,117.1820118020656,130.0,176,0.0,11,98.03878921446416,366.2000054568052,98.03878921446416,2450.265162229538,none,5
vehicle.bmw.isetta,124.7108900544878,132.0,177,0.0,11,97.98934665780769,589.000008776784,97.98934665780769,3797.9814274311066,none,6
vehicle.bmw.isetta,97.85226981529962,137.0,177,0.0,11,0.3341582457648769,2.500000037252903,0.2339107720354138,15.237244129180908,red_light,9
vehicle.bmw.isetta,152.4820958031289,134.0,177,0.0,11,36.56713254304204,54.20000080764294,21.940279525825225,388.2479853630066,collisions_vehicle,2
vehicle.bmw.isetta,273.33199613203595,139.0,177,0.0,11,0.689627730899564,40.60000060498714,0.4827394116296947,257.21601963043213,red_light,8
vehicle.bmw.isetta,174.53322915148334,133.0,176,0.0,11,98.99572817184564,503.5500075034797,98.99572817184564,3281.76622581482,none,5
vehicle.bmw.isetta,56.30132988530262,132.0,177,0.0,11,97.95634578939412,402.7000060006976,97.95634578939412,2867.5995478630066,none,10
vehicle.bmw.isetta,187.8028807307963,137.0,177,0.0,11,76.03979654137663,222.6500033177436,53.22785757896364,1488.1777493953705,red_light,7
vehicle.bmw.isetta,148.57995264526733,134.0,177,0.0,11,100.0,183.1000027284026,100.0,1143.3537285327911,none,3
vehicle.bmw.isetta,67.64448743494455,134.0,177,0.0,11,97.8667075132946,283.80000422894955,97.8667075132946,1997.6906464099884,none,1
vehicle.bmw.isetta,247.34437197628097,135.0,177,39.06,11,8.52042855674651,18.80000028014183,3.1151798959919383,168.0480444431305,collisions_vehicle,9
vehicle.bmw.isetta,185.99463978365304,139.0,177,0.0,11,100.0,73.00000108778477,100.0,456.412136554718,none,11
vehicle.bmw.isetta,50.992664209856144,131.0,177,0.0,11,95.88114004257964,237.05000353232023,95.88114004257964,1667.897642850876,none,12
vehicle.bmw.isetta,80.77520493729264,136.0,177,0.0,11,82.32790791152206,470.7500070147216,53.51314014248934,3246.407587051392,collisions_layout,2
vehicle.bmw.isetta,154.22773630668453,128.0,177,0.0,11,100.0,88.65000132098794,100.0,625.0726532936096,none,8
vehicle.bmw.isetta,81.18335428520193,135.0,177,0.0,11,96.88424732039968,424.0500063188374,96.88424732039968,2993.2173948287964,none,13
vehicle.bmw.isetta,126.51974353648706,132.0,177,0.0,11,100.0,155.15000231191516,100.0,978.2191970348358,none,1
vehicle.bmw.isetta,275.5098342056596,134.0,177,0.0,11,4.063887042362004,205.9000030681491,2.438332225417202,1579.160966873169,collisions_vehicle,12
vehicle.bmw.isetta,161.0705508614438,132.0,177,0.0,11,100.0,92.5000013783574,100.0,647.5192148685455,none,8
vehicle.bmw.isetta,212.21998513514657,135.0,177,0.0,11,11.272697389350007,11.800000175833702,6.763618433610005,80.00416159629822,collisions_vehicle,14
vehicle.bmw.isetta,92.67208641879182,133.0,177,17.9,11,98.30465990617334,447.0000066608191,80.70844411478252,3336.201632261276,none,13
vehicle.bmw.isetta,155.64995003145023,137.0,177,2.33,11,98.72144526918169,426.1500063501298,96.41668723991258,2621.532021760941,none,13
vehicle.bmw.isetta,168.14150198346732,135.0,177,7.03,11,34.38440158415169,124.95000186190008,19.18016672847551,1024.938636302948,collisions_vehicle,8
vehicle.bmw.isetta,135.6931039120751,132.0,177,0.0,11,75.52628626251945,508.4500075764954,45.31577175751167,3334.313438653946,collisions_vehicle,12
vehicle.bmw.isetta,121.9713958242025,139.0,177,0.0,11,100.0,160.1000023856759,100.0,1158.7789931297302,none,15
vehicle.bmw.isetta,90.0830794673052,136.0,177,0.0,11,98.34905256193204,685.3000102117658,98.34905256193204,4268.449564695358,none,14
vehicle.bmw.isetta,71.692100036983,131.0,176,0.0,11,100.0,628.3000093623996,100.0,4046.032744884491,none,14
vehicle.bmw.isetta,195.33833164299287,132.0,177,0.0,11,32.07891345259709,33.25000049546361,19.247348071558253,262.8999984264374,collisions_vehicle,13
vehicle.bmw.isetta,96.40022461549356,134.0,177,0.0,11,50.20439953387324,86.80000129342079,30.12263972032394,665.5629947185516,collisions_vehicle,5
vehicle.bmw.isetta,151.55090419619987,134.0,177,0.0,11,100.0,159.90000238269567,100.0,1098.470298290253,none,11
vehicle.bmw.isetta,185.7261592234176,138.0,177,0.0,11,98.52004225660286,700.4000104367733,98.52004225660286,4971.657937526703,none,4
vehicle.bmw.isetta,141.90401885803934,133.0,176,0.0,11,98.45413632065474,467.3000069633126,98.45413632065474,2847.077042818069,none,1
vehicle.bmw.isetta,159.02180304401404,130.0,177,0.9,11,98.71864427457284,322.9000048115849,97.82525274166154,2257.2260377407074,none,1
vehicle.bmw.isetta,69.93839879481226,137.0,177,0.0,11,42.85985827638216,48.50000072270632,27.8589078796484,359.16797065734863,collisions_layout,14
vehicle.bmw.isetta,222.93380901648845,133.0,177,0.0,11,100.0,304.000004529953,100.0,2043.4098954200745,none,3
vehicle.bmw.isetta,237.9464389452768,138.0,177,0.0,11,100.0,244.3500036410988,100.0,1662.8786489963531,none,16
vehicle.bmw.isetta,200.10978739194945,132.0,177,0.0,11,100.0,79.20000118017197,100.0,594.737188577652,none,17
vehicle.bmw.isetta,139.8224897592828,135.0,176,0.0,11,20.717144034865697,229.65000342205167,14.502000824405988,1440.0752022266388,red_light,2
vehicle.bmw.isetta,129.7494968599369,138.0,177,0.0,11,98.3101043126062,479.6000071465969,98.3101043126062,3429.06164431572,none,3
vehicle.bmw.isetta,59.98171397690685,131.0,177,0.0,11,94.9237628608606,240.0500035770237,94.9237628608606,1648.7990925312042,none,5
vehicle.bmw.isetta,164.30197183978018,134.0,176,0.0,11,10.518873787354124,18.80000028014183,6.311324272412475,114.06204223632812,collisions_vehicle,18
vehicle.bmw.isetta,135.3497162420629,137.0,177,0.0,11,40.36776633372535,38.50000057369471,24.220659800235207,247.84560322761536,collisions_vehicle,7
vehicle.bmw.isetta,85.66889046054116,135.0,177,13.52,11,17.613180451981908,357.0500053204596,15.23242018067195,2901.1490371227264,none,19
vehicle.bmw.isetta,62.57769689198829,134.0,177,20.56,11,67.69735489391826,69.70000103861094,34.95824312585514,433.5228042602539,collisions_layout,14
vehicle.bmw.isetta,209.0502379953276,136.0,177,23.13,11,100.0,118.70000176876783,76.8727123913174,794.6926143169403,none,7
vehicle.bmw.isetta,109.91696340852243,137.0,177,0.0,11,83.95242279099,116.05000172927976,50.371453674594,806.330943107605,collisions_vehicle,20
vehicle.bmw.isetta,112.25633952510816,139.0,177,0.0,11,63.58275011355319,103.55000154301524,41.32878757380957,679.034420967102,collisions_layout,11
vehicle.bmw.isetta,113.50148540809884,132.0,177,0.0,11,29.4762351999786,31.600000470876694,17.685741119987156,196.4604947566986,collisions_vehicle,8
vehicle.bmw.isetta,245.14782311563644,136.0,176,0.0,11,98.02592793562016,680.2000101357698,98.02592793562016,4254.825457811356,none,18
vehicle.bmw.isetta,250.12245508861588,136.0,177,0.0,11,94.7029228483708,153.05000228062272,66.29204599385956,1047.0158774852753,red_light,14
vehicle.bmw.isetta,54.506131352703086,137.0,177,0.0,11,1.922133754220524,4.200000062584877,1.2493869402433406,32.47142720222473,collisions_layout,14
vehicle.bmw.isetta,132.2912577005324,137.0,177,0.0,11,86.6885864858731,47.90000071376562,56.34758121581752,310.8008906841278,collisions_layout,18
vehicle.bmw.isetta,84.74849002285849,135.0,177,0.0,11,3.402231514424797,197.150002937764,3.402231514424797,1272.0495340824127,none,9
vehicle.bmw.isetta,152.37286603245602,135.0,177,9.49,11,98.57961856889568,342.20000509917736,89.22482953666048,2735.2379257678986,none,9
vehicle.bmw.isetta,170.35434195336265,135.0,177,1.08,11,39.23035976963178,40.00000059604645,23.282998830060148,255.5374746322632,collisions_vehicle,4
vehicle.bmw.isetta,135.50261038028492,138.0,177,0.0,11,100.0,75.20000112056732,100.0,552.8905279636383,none,20
vehicle.bmw.isetta,184.08247304405248,131.0,177,0.0,11,98.0357260888332,208.45000310614705,68.62500826218323,1479.289123058319,red_light,5
vehicle.bmw.isetta,185.4022201237888,137.0,177,0.0,11,7.160290925577742,372.3000055477023,7.160290925577742,2995.49417924881,none,6
vehicle.bmw.isetta,262.73995804947594,140.0,177,0.0,11,98.84994890665476,693.1000103279948,98.84994890665476,4264.043110847473,none,0
vehicle.bmw.isetta,128.95913185645716,130.0,177,0.0,11,100.0,104.00000154972076,100.0,656.0013003349304,none,2
vehicle.bmw.isetta,157.49129412890363,136.0,176,7.75,11,37.26128485069199,481.35000717267394,34.372168737400166,3245.633974313736,none,13
vehicle.bmw.isetta,105.84117500426734,140.0,177,0.0,11,96.5940863709252,557.0500083006918,96.5940863709252,3770.749740839005,none,9
vehicle.bmw.isetta,106.08523701555264,132.0,177,0.0,11,98.29589459508338,434.7000064775348,98.29589459508338,3217.788526535034,none,0
vehicle.bmw.isetta,134.9649352416446,136.0,177,0.0,11,43.08992542608351,150.60000224411488,25.853955255650103,977.5065186023712,collisions_vehicle,20
vehicle.bmw.isetta,133.9996692194524,134.0,177,0.0,11,100.0,29.90000044554472,100.0,212.30521821975708,none,2
vehicle.bmw.isetta,188.62217081727417,132.0,176,0.0,11,98.79513442866784,452.75000674650073,98.79513442866784,3316.4589755535126,none,8
vehicle.bmw.isetta,56.72804923831599,134.0,177,0.0,11,95.94121613803009,229.75000342354176,95.94121613803009,1616.6981732845306,none,20
vehicle.bmw.isetta,55.99933212657137,132.0,177,0.0,11,94.45652698916513,195.55000291392207,94.45652698916513,1389.5911178588867,none,12
vehicle.bmw.isetta,77.74474012433396,138.0,177,14.99,11,96.54440981059945,457.0500068105757,82.07316490595096,3999.7974054813385,none,9
vehicle.bmw.isetta,201.47522325688308,137.0,177,12.65,11,9.272005320695406,34.00000050663948,4.85965557290643,262.4038591384888,collisions_vehicle,0
vehicle.bmw.isetta,57.91582883374336,131.0,177,0.0,11,65.12463075437647,167.40000249445438,45.58724152806352,1054.22749376297,red_light,20
vehicle.bmw.isetta,233.5059863989048,131.0,176,0.0,11,60.19821314901237,83.00000123679638,36.118927889407416,693.9895756244659,collisions_vehicle,19
vehicle.bmw.isetta,136.38078640210082,135.0,176,0.0,11,96.33743173858466,581.300008662045,96.33743173858466,3794.842848539352,none,17
vehicle.bmw.isetta,64.84443288939383,133.0,176,0.0,11,100.0,680.350010138005,100.0,5193.669971466064,none,9
vehicle.bmw.isetta,63.51635132231508,135.0,176,6.52,11,22.40114912585891,68.35000101849437,12.564464726941564,445.0610587596893,collisions_vehicle,2
vehicle.bmw.isetta,147.48200195171145,136.0,177,0.0,11,95.1756534515015,139.45000207796693,61.86417474347598,1012.8777704238892,collisions_layout,20
vehicle.bmw.isetta,217.51892947055245,135.0,177,0.0,11,0.1742981948761061,2.400000035762787,0.1220087364132742,14.725717782974243,red_light,1
vehicle.bmw.isetta,190.8164069727564,138.0,177,0.0,11,98.87893876606095,624.400009304285,98.87893876606095,4299.413450241089,none,5
vehicle.bmw.isetta,254.1060713159461,133.0,177,0.0,11,98.53894403577496,364.6500054337084,98.53894403577496,2334.6990191936493,none,8
vehicle.bmw.isetta,165.2617979987117,132.0,177,0.0,11,98.79958644037671,823.0500122644007,98.79958644037671,5414.021152496338,none,1
vehicle.bmw.isetta,149.99601064107898,138.0,177,0.0,11,100.0,230.4500034339726,100.0,1598.515329360962,none,14
vehicle.bmw.isetta,71.50994652828354,131.0,177,0.0,11,97.12759227191592,261.6500038988888,97.12759227191592,1629.5307686328888,none,19
vehicle.bmw.isetta,135.46155381851938,138.0,177,0.0,11,100.0,120.70000179857016,100.0,758.6840753555298,none,14
vehicle.bmw.isetta,156.79689825163248,135.0,177,0.0,11,41.35534568526127,52.90000078827143,24.81320741115676,390.4929792881012,collisions_vehicle,1
vehicle.bmw.isetta,83.13450328178256,140.0,177,0.0,11,97.25570353766324,441.05000657215714,97.25570353766324,2688.3375568389893,none,17
vehicle.bmw.isetta,250.78999932384824,133.0,177,4.07,11,97.5367125873273,238.75000355765224,65.49522504925389,1673.2790625095367,red_light,10
vehicle.bmw.isetta,114.62667096986732,139.0,177,0.0,11,98.71324752952351,510.2500076033175,98.71324752952351,3865.806866645813,none,2
vehicle.bmw.isetta,63.43423489382118,133.0,177,24.21,11,14.473652184556633,41.15000061318278,6.581770572262919,261.9371817111969,collisions_vehicle,9
vehicle.bmw.isetta,192.3656901274608,134.0,176,0.0,11,100.0,149.55000222846866,100.0,1116.7793080806732,none,3
vehicle.bmw.isetta,209.0900054293799,134.0,177,0.0,11,100.0,130.60000194609165,100.0,1028.5955166816711,none,7
vehicle.bmw.isetta,70.43334556254084,133.0,177,0.0,11,98.15217492859551,461.5000068768859,98.15217492859551,2951.754250764847,none,18
vehicle.bmw.isetta,257.85431282278745,134.0,177,90.57,11,10.952152723374663,7.200000107288361,0.6713188376746932,51.515950202941895,collisions_layout,13
vehicle.bmw.isetta,163.9999400746265,136.0,177,0.0,11,100.0,68.90000102669,100.0,518.5446364879608,none,18
vehicle.bmw.isetta,269.2091664486068,133.0,177,0.0,11,98.96297071699668,574.1000085547566,98.96297071699668,4230.70343542099,none,0
vehicle.bmw.isetta,171.19559751444055,133.0,177,0.0,11,98.23381879969747,337.8500050343573,98.23381879969747,2113.2749395370483,none,8
vehicle.bmw.isetta,98.00128842523004,134.0,177,0.0,11,96.87888005618302,389.0500057972968,96.87888005618302,2557.182087659836,none,11
vehicle.bmw.isetta,4.00000021027517,130.0,177,2.61,11,76.04064657269208,119.3500017784536,44.43282640549666,820.6272370815277,collisions_vehicle,13
vehicle.bmw.isetta,251.3352438596285,135.0,177,0.0,11,100.0,265.55000395700336,100.0,1687.8646430969238,none,12
vehicle.bmw.isetta,271.3472965796286,140.0,177,0.0,11,94.59668527770698,236.4500035233796,56.758011166624186,1856.1649734973907,collisions_vehicle,9
vehicle.bmw.isetta,126.89068320142172,131.0,177,0.0,11,100.0,235.3500035069883,100.0,1992.555686712265,none,9
vehicle.bmw.isetta,65.17453134346205,135.0,177,0.0,11,39.71563598069683,51.55000076815486,23.82938158841809,388.9205136299133,collisions_vehicle,4
vehicle.bmw.isetta,191.8171785347349,136.0,177,0.0,11,100.0,111.50000166147947,100.0,876.4481294155121,none,6
vehicle.bmw.isetta,135.53081141470167,138.0,176,0.0,11,100.0,178.1000026538968,100.0,1200.8805665969849,none,9
vehicle.bmw.isetta,159.83405030843176,139.0,177,5.16,11,89.58012794844764,177.10000263899565,55.220662781213925,1145.1067397594452,collisions_layout,19
vehicle.bmw.isetta,120.04475960989669,137.0,177,0.0,11,100.0,32.40000048279762,100.0,262.30966997146606,none,3
vehicle.bmw.isetta,83.45133697663786,135.0,177,0.0,11,10.39701925309564,236.0500035174191,7.277913477166948,1499.5843815803528,red_light,8
vehicle.bmw.isetta,147.97621366078394,,177,0.0,11,0.0,0.050000000745058,0.0,0.0308632850646972,red_light,1
vehicle.bmw.isetta,149.18479208755417,136.0,177,20.88,11,39.69612635304762,295.2000043988228,31.408634865426656,1834.799900770188,none,2
vehicle.bmw.isetta,240.84659042508247,135.0,177,0.0,11,98.81551645519954,717.350010689348,98.81551645519954,4385.087309598923,none,0
vehicle.bmw.isetta,141.7120253036426,132.0,177,0.0,11,100.0,326.7500048689544,100.0,2088.5648114681244,none,7
vehicle.bmw.isetta,134.68550795661574,138.0,177,23.92,11,5.384166610340327,98.65000146999957,2.457679722098117,693.3412690162659,collisions_vehicle,14
vehicle.bmw.isetta,217.9950009430536,131.0,177,0.0,11,100.0,137.00000204145908,100.0,1114.8282997608185,none,6
vehicle.bmw.isetta,140.85397776372758,137.0,177,0.0,11,98.9143759271982,463.55000690743327,98.9143759271982,3685.681934595108,none,9
vehicle.bmw.isetta,141.17222919562278,134.0,176,0.0,11,31.82081080387665,124.45000185444952,19.092486482325988,827.3939604759216,collisions_vehicle,5
vehicle.bmw.isetta,57.690003107429895,131.0,177,0.0,11,92.93386586879048,230.05000342801213,92.93386586879048,1533.851063489914,none,14
vehicle.bmw.isetta,211.56213862926955,133.0,177,6.65,11,26.762602202586613,134.6000020056963,14.990301977303664,824.9393088817596,collisions_vehicle,10
vehicle.bmw.isetta,130.30642004913034,136.0,177,0.0,11,100.0,146.35000218078494,100.0,1057.7938857078552,none,2
vehicle.bmw.isetta,216.3700031067862,136.0,176,0.0,11,100.0,112.9000016823411,100.0,820.5301599502563,none,7
vehicle.bmw.isetta,97.7799995055068,133.0,177,0.0,11,100.0,50.40000075101853,100.0,417.4167597293854,none,10
vehicle.bmw.isetta,91.21650580385666,134.0,177,0.0,11,97.27666399329824,274.5500040911138,97.27666399329824,1905.943070411682,none,1
vehicle.bmw.isetta,153.947210454538,139.0,177,0.0,11,41.88933925320822,67.90000101178885,25.13360355192493,480.3952531814575,collisions_vehicle,12
vehicle.bmw.isetta,119.900140564025,133.0,176,0.0,11,100.0,134.20000199973583,100.0,895.9916858673096,none,11
vehicle.bmw.isetta,238.7324055173933,137.0,177,0.0,11,100.0,116.15000173076989,100.0,821.5165934562683,none,5
vehicle.bmw.isetta,151.87153975210185,133.0,177,0.0,11,100.0,330.6500049270689,100.0,2261.421015739441,none,20
vehicle.bmw.isetta,247.73842490293512,135.0,177,12.05,11,100.0,156.50000233203173,87.95269482718828,1047.643693447113,none,9
vehicle.bmw.isetta,278.8517179140669,134.0,177,0.0,11,0.0,4.6500000692904,0.0,39.9865505695343,red_light,10
vehicle.bmw.isetta,13.066559092344626,142.0,177,0.0,11,100.0,153.15000228211284,100.0,1195.184280872345,none,6
vehicle.bmw.isetta,133.6516813305543,135.0,177,0.0,11,3.6652064279135113,17.100000254809856,1.832603213956756,106.12575888633728,collisions_pedestrian,6
vehicle.bmw.isetta,115.96521403280724,134.0,177,0.0,11,98.9043225487494,354.7000052854419,98.9043225487494,2739.3363699913025,none,18
vehicle.bmw.isetta,185.93342229434964,134.0,177,0.0,11,40.80811453630496,41.40000061690807,26.52527444859823,256.6339192390442,collisions_layout,18
vehicle.bmw.isetta,167.38486120028512,130.0,176,4.22,11,100.0,47.75000071153045,95.784158111928,325.7679669857025,none,19
vehicle.bmw.isetta,251.15731424878263,134.0,177,0.0,11,97.236140750401,807.8500120379031,97.236140750401,5040.52979850769,none,6
vehicle.bmw.isetta,97.41958226021404,136.0,177,0.0,11,96.8795564721874,363.5000054165721,96.8795564721874,2442.370330095291,none,11
vehicle.bmw.isetta,54.10762331426994,132.0,177,44.85,11,56.8406597552293,140.50000209361315,18.80864094786644,1046.5097374916077,collisions_vehicle,2
vehicle.bmw.isetta,121.65021018505978,136.0,176,0.0,11,97.09760123515312,481.5000071749091,97.09760123515312,3657.68860578537,none,12
vehicle.bmw.isetta,218.0465004233209,132.0,176,0.0,11,98.58071891040586,425.8000063449144,98.58071891040586,2559.1905059814453,none,1
vehicle.bmw.isetta,136.80629150040426,137.0,177,0.0,11,98.78550714376324,226.95000338181853,98.78550714376324,1613.128653049469,none,14
vehicle.bmw.isetta,177.63438654998097,136.0,176,10.08,11,100.0,92.05000137165187,89.91677271969316,597.8299887180328,none,9
vehicle.bmw.isetta,66.90389832381031,133.0,177,0.0,11,65.84205495046214,99.35000148043036,39.50523297027728,639.5361702442169,collisions_vehicle,4
vehicle.bmw.isetta,273.3407856255807,130.0,177,0.0,11,100.0,201.8000030070544,100.0,1391.220644235611,none,18
vehicle.bmw.isetta,98.3758070779555,132.0,177,17.75,11,100.0,58.35000086948276,82.24991975057725,357.33064317703247,none,20
vehicle.bmw.isetta,75.509947236394,137.0,177,0.0,11,100.0,23.45000034943223,100.0,153.8576283454895,none,7
vehicle.bmw.isetta,215.69296777720123,133.0,177,0.0,11,63.07801701033905,201.75000300630927,37.84681020620343,1424.0595457553864,collisions_vehicle,10
vehicle.bmw.isetta,127.99489155404224,137.0,176,0.0,11,76.6946364904528,211.1000031456352,46.01678189427167,1403.2204179763794,collisions_vehicle,9
vehicle.bmw.isetta,113.54286258512876,138.0,177,0.0,11,100.0,360.80000537633896,100.0,2266.774444103241,none,3
vehicle.bmw.isetta,77.70679167100221,130.0,176,0.0,11,96.8536658101505,385.0500057376921,96.8536658101505,2253.107938528061,none,0
vehicle.bmw.isetta,128.00041635409687,134.0,177,0.0,11,98.91708087253984,474.40000706911087,98.91708087253984,3373.2582590579987,none,3
vehicle.bmw.isetta,63.61396366476734,140.0,177,4.3,11,98.29015966954016,590.750008802861,94.06394170242666,4381.033878326416,none,8
vehicle.bmw.isetta,210.35719774473657,136.0,177,0.0,11,21.352125465423374,110.95000165328383,14.94648782579636,700.7465784549713,red_light,4
vehicle.bmw.isetta,218.17279493959552,133.0,177,0.0,11,98.29318517346394,663.10000988096,98.29318517346394,4542.650831222534,none,9
vehicle.bmw.isetta,114.13830922825704,132.0,177,0.0,11,98.54763964319004,264.2000039368868,59.12858378591403,1798.898586511612,collisions_vehicle,8
vehicle.bmw.isetta,91.5848828385856,137.0,177,0.0,11,3.72646791893514,32.95000049099326,2.608527543254598,196.6753287315369,red_light,14
vehicle.bmw.isetta,127.5593661832002,136.0,177,0.0,11,96.69151166334508,571.0500085093081,96.69151166334508,4112.189532518387,none,11
vehicle.bmw.isetta,153.806218665598,134.0,177,0.0,11,22.255602351129344,19.000000283122063,14.466141528234074,113.4818069934845,collisions_layout,20
vehicle.bmw.isetta,230.50704928789344,135.0,177,0.0,11,17.256605176978375,21.15000031515956,10.353963106187026,176.39645743370056,collisions_vehicle,6
vehicle.bmw.isetta,155.21271208235316,138.0,177,0.0,11,94.70471419901229,109.60000163316728,61.55806422935799,694.041012763977,collisions_layout,5
vehicle.bmw.isetta,68.45236296257079,132.0,177,0.0,11,96.4104481888696,278.05000414326787,96.4104481888696,1768.8471632003784,none,16
vehicle.bmw.isetta,289.7189203220309,141.0,177,0.0,11,89.61037057350379,159.00000236928463,62.72725940145265,1066.5117285251615,red_light,0
vehicle.bmw.isetta,255.72384592595856,134.0,177,57.03,11,2.59672205217349,4.6500000692904,0.7252778840541294,37.7588803768158,collisions_layout,8
vehicle.bmw.isetta,62.44134756354121,131.0,177,0.0,11,98.41659667950395,257.0500038303435,98.41659667950395,1637.5959041118622,none,2
vehicle.bmw.isetta,107.60914881202362,134.0,177,0.0,11,76.47772210349106,104.40000155568124,53.53440547244374,688.8114988803864,red_light,9
vehicle.bmw.isetta,160.69567727484127,139.0,176,0.0,11,100.0,303.95000452920794,100.0,2122.494040966034,none,13
vehicle.bmw.isetta,84.00000790754952,135.0,176,0.0,11,97.5937833179792,227.25000338628888,97.5937833179792,1494.7384078502655,none,4
vehicle.bmw.isetta,135.98085964910393,135.0,177,0.0,11,100.0,81.10000120848417,100.0,587.2938649654388,none,3
vehicle.bmw.isetta,187.1840081355105,135.0,177,7.31,11,78.4343872769139,98.45000146701932,43.621907021954286,639.8591482639313,collisions_vehicle,10
vehicle.bmw.isetta,198.1508534574193,130.0,177,0.0,11,100.0,84.45000125840306,100.0,621.8920221328735,none,19
vehicle.bmw.isetta,149.37026287944542,137.0,177,0.0,11,100.0,35.150000523775816,100.0,272.257529258728,none,12
vehicle.bmw.isetta,78.14909887959358,136.0,176,0.0,11,33.55410955220238,306.4000045657158,33.55410955220238,1990.625261068344,none,11
vehicle.bmw.isetta,169.63795273239205,135.0,177,0.0,11,1.7193986240067771,4.200000062584877,1.1176091056044053,29.64133381843567,collisions_layout,2
vehicle.bmw.isetta,201.75301977211643,133.0,177,22.73,11,8.976703957891127,114.550001706928,4.161941886690308,940.7096140384674,collisions_vehicle,2
vehicle.bmw.isetta,84.73965023148577,135.0,177,0.0,11,14.48751206388804,9.600000143051147,9.416882841527226,71.25594067573547,collisions_layout,5
vehicle.bmw.isetta,199.61393678283733,133.0,177,6.86,11,81.36258995632545,625.1000093147159,75.78391749223555,4419.329935789108,none,17
vehicle.bmw.isetta,231.035249317076,134.0,177,0.0,11,100.0,213.3500031791628,100.0,1427.9037306308746,none,2
vehicle.bmw.isetta,224.4508093747655,139.0,177,0.0,11,26.22278695500228,170.6000025421381,18.35595086850159,1135.7663085460665,red_light,10
vehicle.bmw.isetta,160.59174114741538,139.0,176,0.0,11,100.0,212.75000317022204,100.0,1321.955138206482,none,14
vehicle.bmw.isetta,175.09000599072704,132.0,177,0.0,11,98.85849985928472,366.6000054627657,98.85849985928472,2501.702235221863,none,3
vehicle.bmw.isetta,105.7259278791228,132.0,177,15.51,11,15.812200659369438,18.250000271946192,8.01597561746503,168.23802042007446,collisions_vehicle,9
vehicle.bmw.isetta,242.25000000600124,134.0,176,0.0,11,100.0,180.6500026918948,100.0,1207.8757166862488,none,3
vehicle.bmw.isetta,60.41715755173839,134.0,177,0.0,11,94.88871252970874,219.4000032693148,94.88871252970874,1454.7423667907717,none,5
vehicle.bmw.isetta,124.26716564462544,135.0,177,0.0,11,96.50175259967718,468.20000697672367,96.50175259967718,2790.7475872039795,none,0
vehicle.bmw.isetta,246.3376246675904,136.0,177,0.0,11,100.0,249.10000371187925,100.0,1681.302686214447,none,20
vehicle.bmw.isetta,181.734017212836,131.0,177,47.78,11,98.8066789498384,260.3500038795173,51.59659002993519,1694.161324262619,none,2
vehicle.bmw.isetta,61.75445811744025,135.0,176,0.0,11,46.295045895200495,97.35000145062804,30.091779831880324,790.6062846183777,collisions_layout,9
vehicle.bmw.isetta,139.14688912305118,138.0,177,0.0,11,94.87090090077557,118.20000176131724,66.40963063054289,855.8573863506317,red_light,15
vehicle.bmw.isetta,92.62465890700264,136.0,177,0.0,11,96.71907905649414,370.0500055141747,96.71907905649414,2507.7897398471832,none,20
vehicle.bmw.isetta,174.25697675114515,130.0,177,0.0,11,98.7502084088984,347.1500051729381,98.7502084088984,2713.524166584015,none,10
vehicle.bmw.isetta,183.97032391451447,131.0,177,37.79,11,100.0,82.95000123605132,62.20665169427247,542.8526515960693,none,9
vehicle.bmw.isetta,202.18308424118496,129.0,177,0.0,11,70.62192957958321,113.30000168830156,45.90425422672909,729.1688866615295,collisions_layout,2
vehicle.bmw.isetta,152.86000559795005,134.0,177,0.0,11,100.0,117.20000174641608,100.0,861.94034075737,none,6
vehicle.bmw.isetta,69.96409608455757,136.0,177,0.0,11,98.54509249039806,67.40000100433826,59.12705549423883,450.3401463031769,collisions_vehicle,7
vehicle.bmw.isetta,160.56496478786465,132.0,177,0.0,11,80.23902883088985,140.50000209361315,48.14341729853391,878.6688458919525,collisions_vehicle,8
vehicle.bmw.isetta,144.41420865579255,138.0,177,29.15,11,9.018404063947342,312.90000466257334,3.833845002367589,2591.1183309555054,collisions_vehicle,13
vehicle.bmw.isetta,141.2596863076324,133.0,177,17.28,11,100.0,60.00000089406967,82.7178547364046,377.5772566795349,none,20
vehicle.bmw.isetta,250.70334896953392,141.0,177,2.72,11,74.34938274280309,146.20000217854977,47.01140233420635,941.8548233509064,collisions_layout,2
vehicle.bmw.isetta,94.00071938021614,135.0,177,0.0,11,95.6573639314332,225.3000033572316,95.6573639314332,1397.947880268097,none,1
vehicle.bmw.isetta,78.52384916000362,136.0,177,12.32,11,21.768277573706303,25.600000381469727,11.451836133956588,159.52960586547852,collisions_vehicle,7
vehicle.bmw.isetta,103.99867141155153,133.0,177,0.0,11,98.04148178271768,224.6000033468008,98.04148178271768,1448.590308427811,none,10
vehicle.bmw.isetta,59.41275985558396,131.0,177,0.0,11,98.13998804146443,197.5500029437244,98.13998804146443,1450.7428467273712,none,0
vehicle.bmw.isetta,220.3460545638561,134.0,177,0.0,11,98.48890213355476,444.7000066265464,98.48890213355476,2965.5044136047363,none,18
vehicle.bmw.isetta,91.16367443389557,136.0,177,0.0,11,49.28896910409247,122.2000018209219,29.573381462455483,821.6973900794983,collisions_vehicle,0
vehicle.bmw.isetta,126.5800249155539,134.0,177,0.0,11,98.41141263752502,353.7500052712858,98.41141263752502,2450.4471333026886,none,13
vehicle.bmw.isetta,115.78998008039962,139.0,177,0.0,11,97.37688908553912,461.0500068701804,97.37688908553912,2814.259768724441,none,13
vehicle.bmw.isetta,199.0611845425313,135.0,177,13.87,11,25.39203801594344,979.050014588982,21.869815613179657,6576.517681598663,none,5
vehicle.bmw.isetta,39.51298327846472,135.0,177,0.0,11,67.12095295794873,182.1500027142465,40.27257177476924,1425.6013073921204,collisions_vehicle,0
vehicle.bmw.isetta,134.82516645917676,136.0,177,0.0,11,98.15714991925756,473.2000070512295,98.15714991925756,2939.00932097435,none,5
vehicle.bmw.isetta,176.04473564672733,132.0,177,0.0,11,98.51028637311876,573.4000085443258,98.51028637311876,4053.7459285259247,none,4
vehicle.bmw.isetta,97.46146430176618,132.0,176,12.85,11,100.0,54.15000080689788,87.1455898991963,333.60211181640625,none,8
vehicle.bmw.isetta,85.01128944107964,130.0,177,0.0,11,97.504928053139,443.2500066049397,97.504928053139,3087.665490627289,none,5
vehicle.bmw.isetta,84.2791168394927,134.0,177,0.0,11,0.0,3.400000050663948,0.0,21.473737716674805,red_light,20
vehicle.bmw.isetta,67.53636251445108,135.0,177,0.0,11,100.0,156.15000232681632,100.0,1090.9521732330322,none,3
vehicle.bmw.isetta,167.99996240809642,130.0,176,0.0,11,98.80324090345952,295.10000439733267,98.80324090345952,1914.3645939826963,none,16
vehicle.bmw.isetta,193.7218500399844,132.0,177,0.0,11,98.75136719884652,547.5500081591308,98.75136719884652,3954.120861291885,none,4
vehicle.bmw.isetta,141.12593610356925,135.0,177,0.0,11,100.0,475.1000070795417,100.0,2952.9075133800507,none,8
vehicle.bmw.isetta,109.3971503213479,132.0,177,0.0,11,98.92873254306474,528.3500078730285,98.92873254306474,3653.942102432251,none,11
vehicle.bmw.isetta,148.92514730795034,133.0,177,1.02,11,100.0,193.15000287815928,98.97907390614664,1338.4533295631409,none,2
vehicle.bmw.isetta,158.68891930218643,136.0,177,0.0,11,98.74822074442712,738.1000109985471,98.74822074442712,4682.495714187622,none,6
vehicle.bmw.isetta,76.90635351557887,133.0,177,0.0,11,98.86532151444572,357.0500053204596,98.86532151444572,2544.988457918167,none,0
vehicle.bmw.isetta,186.62042559656945,136.0,176,0.0,11,96.01593689553904,333.05000496283174,96.01593689553904,2138.90429520607,none,9
vehicle.bmw.isetta,222.385490044924,135.0,176,0.0,11,33.751999877444064,93.90000139921904,21.93879992033864,709.5541648864746,collisions_layout,17
vehicle.bmw.isetta,178.23508386477212,136.0,177,83.83,11,10.390318047576526,7.550000112503767,1.0918610309127217,52.84136438369751,collisions_layout,20
vehicle.bmw.isetta,78.0000161598569,134.0,176,0.0,11,97.40556314605809,312.0500046499073,97.40556314605809,2500.910492658615,none,15
vehicle.bmw.isetta,118.8098843933318,131.0,177,0.0,11,98.99314232892682,573.0000085383654,98.99314232892682,3962.293691396713,none,6
vehicle.bmw.isetta,179.964561912339,135.0,177,39.25,11,12.381738915380463,320.1000047698617,4.513127742963829,2351.779732465744,collisions_vehicle,0
vehicle.bmw.isetta,169.5013052937602,136.0,177,0.0,11,69.84528023983802,132.55000197514892,41.90716814390281,858.3330721855164,collisions_vehicle,15
vehicle.bmw.isetta,132.53723393111662,134.0,177,0.0,11,98.37086568661596,389.80000580847263,98.37086568661596,2435.7600371837616,none,10
vehicle.bmw.isetta,165.70690746680884,133.0,177,0.0,11,96.96452562453142,436.4500065036118,96.96452562453142,2914.9006247520447,none,8
vehicle.bmw.isetta,242.2096374248703,139.0,177,0.0,11,97.14236312352784,1173.0500174798071,97.14236312352784,7481.833098173141,none,16
vehicle.bmw.isetta,243.72050897647105,135.0,177,0.0,11,0.0,26.55000039562583,0.0,231.3296382427216,red_light,15
vehicle.bmw.isetta,172.47023603808037,132.0,177,0.0,11,100.0,423.1000063046813,100.0,2595.460972070694,none,3
vehicle.bmw.isetta,215.6713346003968,133.0,177,0.0,11,100.0,228.0500033982098,100.0,1693.4051704406738,none,7
vehicle.bmw.isetta,117.5310984930196,136.0,177,0.0,11,83.94062219278659,86.10000128298998,50.36437331567196,813.8256981372833,collisions_vehicle,4
vehicle.bmw.isetta,236.0266182942848,134.0,177,12.18,11,16.85502822093062,26.05000038817525,9.62154384254654,156.12021708488464,collisions_layout,4
vehicle.bmw.isetta,91.7189155740634,134.0,177,0.0,11,36.09604255742981,40.550000604242086,23.46242766232937,245.04615902900696,collisions_layout,12
vehicle.bmw.isetta,98.37931889628884,135.0,177,1.11,11,60.06004743566688,131.6000019609928,35.63552564507907,919.0034520626068,collisions_vehicle,20
vehicle.bmw.isetta,97.61171908771536,134.0,177,0.0,11,100.0,54.45000081136823,100.0,424.4270625114441,none,19
vehicle.bmw.isetta,170.68055255753555,134.0,177,4.89,11,72.24733735271994,147.1000021919608,44.66627760765321,914.1225476264954,collisions_layout,12
vehicle.bmw.isetta,88.80355356292397,138.0,177,0.0,11,31.70817005862921,76.9000011458993,22.19571904104045,475.1742351055145,red_light,15
vehicle.bmw.isetta,85.49173440828262,131.0,177,0.0,11,100.0,207.40000309050083,100.0,1401.3101975917816,none,9
vehicle.bmw.isetta,110.76065795970584,136.0,176,0.0,11,16.60533167057919,35.450000528246164,9.963199002347514,234.8841528892517,collisions_vehicle,5
vehicle.bmw.isetta,177.8571279682478,139.0,177,0.0,11,98.8616830538816,379.7000056579709,98.8616830538816,2392.8848445415497,none,7
vehicle.bmw.isetta,81.9999806667819,132.0,177,0.0,11,95.068912166575,328.050004888326,95.068912166575,2073.3583030700684,none,6
vehicle.bmw.isetta,62.717139549735016,133.0,177,21.58,11,37.14237669302116,208.7000031098724,29.12533592360596,1599.7739148139954,none,12
vehicle.bmw.isetta,181.206637504591,138.0,177,5.95,11,69.66013783578606,233.5500034801662,39.30868509785383,1421.8611178398132,collisions_vehicle,11
vehicle.bmw.isetta,192.1228271723634,135.0,177,0.88,11,42.71247973245779,44.200000658631325,25.40115305383819,284.65345883369446,collisions_vehicle,10
vehicle.bmw.isetta,235.9040388418787,134.0,177,0.0,11,95.82823150091887,196.25000292435288,57.49693890055132,1336.513931274414,collisions_vehicle,8
vehicle.bmw.isetta,156.17705486881516,131.0,176,0.0,11,18.16902951848412,27.55000041052699,10.901417711090469,239.3726933002472,collisions_vehicle,1
vehicle.bmw.isetta,203.43585952739693,135.0,177,0.0,11,100.0,314.90000469237566,100.0,2092.189711332321,none,17
vehicle.bmw.isetta,111.219846834658,140.0,177,0.0,11,96.8025829826533,328.8000048995018,96.8025829826533,2079.1251187324524,none,12
vehicle.bmw.isetta,234.6213070717789,136.0,177,12.35,11,21.739652967474512,126.00000187754632,11.43291192153802,732.9185130596161,collisions_vehicle,19
vehicle.bmw.isetta,123.1801075207984,133.0,177,4.8,11,56.44559031189369,123.8500018455088,32.24214691399544,1058.1109366416931,collisions_vehicle,10
vehicle.bmw.isetta,50.35727855555831,137.0,177,0.0,11,96.91310667799824,239.2500035651028,96.91310667799824,1951.872978925705,none,19
vehicle.bmw.isetta,89.66100072719145,134.0,177,0.93,11,100.0,262.65000391379,99.07081687177968,1818.543691158295,none,5
vehicle.bmw.isetta,138.3080047843275,132.0,177,0.0,11,100.0,97.00000144541264,100.0,796.9706962108612,none,10
vehicle.bmw.isetta,226.40089809172488,138.0,177,0.0,11,54.08790415678275,106.3500015847385,32.452742494069646,769.2393686771393,collisions_vehicle,5
vehicle.bmw.isetta,152.83714049296856,134.0,177,0.0,11,98.63701399964796,466.750006955117,98.63701399964796,3301.7396330833435,none,14
vehicle.bmw.isetta,173.2256221408636,131.0,177,1.66,11,98.1709035408184,215.70000321418047,57.92302770398047,1579.7774324417114,collisions_vehicle,9
vehicle.bmw.isetta,135.01133770819789,132.0,177,16.98,11,59.92694850309115,26.30000039190054,29.85120093509748,182.5364418029785,collisions_vehicle,19
vehicle.bmw.isetta,188.14687270246912,137.0,177,0.0,11,100.0,406.3500060550869,100.0,2625.706086874008,none,15
vehicle.bmw.isetta,44.18144665181526,134.0,177,0.0,11,43.94307048240693,96.65000144019724,26.36584228944416,612.5470340251923,collisions_vehicle,16
vehicle.bmw.isetta,30.31612559092024,133.0,177,0.0,11,42.534255081955415,407.1000060662627,42.534255081955415,2631.762566566468,none,2
vehicle.bmw.isetta,82.52403395916362,136.0,177,45.85,11,27.44960298547839,351.05000523105264,14.864068633424573,2680.861144065857,none,16
vehicle.bmw.isetta,220.05331647310825,133.0,177,40.71,11,12.18793401527807,201.7000030055642,4.336094877673763,1475.51713180542,collisions_vehicle,11
vehicle.bmw.isetta,84.29327349453786,136.0,177,24.3,11,40.441480172448166,467.05000695958734,30.612368318341705,2754.502199411392,none,6
vehicle.bmw.isetta,135.56536383854268,133.0,177,0.0,11,98.2588723142931,663.7000098899007,98.2588723142931,4673.215500116348,none,4
vehicle.bmw.isetta,227.06584469435467,131.0,177,0.0,11,86.27835244949068,231.90000345557928,60.39484671464347,1575.98677277565,red_light,19
vehicle.bmw.isetta,92.66999869677429,131.0,177,0.0,11,96.73160004747746,371.0500055290759,96.73160004747746,2391.1566252708435,none,1
vehicle.bmw.isetta,153.7799770326952,133.0,177,0.0,11,98.03004885044172,557.3000083044171,98.03004885044172,3655.57657456398,none,3
vehicle.bmw.isetta,136.68384612986242,131.0,177,0.0,11,100.0,93.20000138878822,100.0,666.5803525447845,none,19
vehicle.bmw.isetta,56.77745733053168,137.0,177,8.36,11,27.51214104462825,219.05000326409936,25.21079196620684,1560.3133873939514,none,14
vehicle.bmw.isetta,140.29320998810496,132.0,177,0.0,11,100.0,339.5500050596893,100.0,2167.9570710659027,none,18
vehicle.bmw.isetta,130.61080761316128,134.0,177,0.0,11,100.0,277.5500041358173,100.0,1980.371773719788,none,2
vehicle.bmw.isetta,109.97205490190288,133.0,177,0.0,11,76.21887226704887,138.85000206902623,49.54226697358177,967.3331108093262,collisions_layout,3
vehicle.bmw.isetta,190.57421685215644,136.0,177,0.0,11,38.96787998083801,39.45000058785081,23.38072798850281,302.7784962654114,collisions_vehicle,19
vehicle.bmw.isetta,161.24031255030107,137.0,177,0.0,11,8.97464231165468,34.30000051110983,5.384785386992808,273.4908015727997,collisions_vehicle,19
vehicle.bmw.isetta,212.0514713791468,133.0,176,0.0,11,32.9578521859003,66.35000098869205,19.77471131154018,462.0711846351624,collisions_vehicle,18
vehicle.bmw.isetta,50.13066670904022,133.0,177,66.29,11,33.20733437473799,124.40000185370444,7.275350911339546,769.2296011447906,collisions_layout,17
vehicle.bmw.isetta,9.903743135627703,134.0,177,23.35,11,16.72502558776385,27.200000405311584,7.691700904627291,225.89259815216064,collisions_vehicle,3
vehicle.bmw.isetta,147.88777250643483,133.0,177,0.0,11,98.38324512007227,458.0000068247318,98.38324512007227,3100.523593902588,none,0
vehicle.bmw.isetta,132.45084750914103,134.0,177,12.67,11,30.65258010071561,16.75000024959445,17.40067035583099,100.21691703796388,collisions_layout,10
vehicle.bmw.isetta,175.46213915057518,133.0,177,0.0,11,98.37476559424044,249.1500037126243,98.37476559424044,1615.7548117637634,none,14
vehicle.bmw.isetta,146.50222051911055,136.0,177,0.0,11,98.63998508714424,453.4000067561865,98.63998508714424,3026.3969292640686,none,15
vehicle.bmw.isetta,97.78918153678758,135.0,177,0.0,11,97.93215183307728,208.60000310838225,97.93215183307728,1483.5353066921234,none,0
vehicle.bmw.isetta,84.7644301521923,131.0,177,3.64,11,40.30490188469349,86.30000128597021,23.303674220995944,655.8045182228088,collisions_vehicle,14
vehicle.bmw.isetta,138.25085451995548,132.0,177,0.0,11,97.81609938741376,371.1000055298209,97.81609938741376,2294.146515369416,none,0
vehicle.lincoln.mkz2017,207.01921297077124,137.0,177,0.0,10,100.0,110.10000164061783,100.0,422.5612156391144,none,0
vehicle.lincoln.mkz2017,82.7731237397857,140.0,177,0.0,10,0.4175050080506854,54.70000081509352,0.2922535056354798,171.64019989967346,red_light,1
vehicle.lincoln.mkz2017,178.9391330373126,143.0,177,0.0,10,98.87524907227277,437.2000065147877,98.87524907227277,1845.590914964676,none,2
vehicle.lincoln.mkz2017,238.10978756392848,149.0,177,0.0,10,100.0,140.10000208765268,100.0,659.3993811607361,none,3
vehicle.lincoln.mkz2017,223.3329029008772,145.0,177,0.0,10,98.68428625713396,623.3000092878938,98.68428625713396,2914.341536998749,none,1
vehicle.lincoln.mkz2017,167.56487086493937,147.0,177,0.0,10,100.0,82.8500012345612,100.0,437.0398964881897,none,4
vehicle.lincoln.mkz2017,194.9718798637444,143.0,177,0.0,10,98.34239665051068,429.3000063970685,68.83967765535748,1850.5144791603088,red_light,5
vehicle.lincoln.mkz2017,115.88590957775584,149.0,177,0.0,10,100.0,38.65000057592988,100.0,175.2132909297943,none,6
vehicle.lincoln.mkz2017,43.096043644042815,146.0,177,0.0,10,100.0,393.2500058598816,100.0,2174.508843421936,none,3
vehicle.lincoln.mkz2017,58.63827134877027,,177,0.0,10,0.0,0.050000000745058,0.0,0.1491172313690185,red_light,1
vehicle.lincoln.mkz2017,77.26589929384768,139.0,177,0.0,10,98.09710909354682,115.85000172629952,58.85826545612809,471.7860975265503,collisions_vehicle,6
vehicle.lincoln.mkz2017,162.78504929646405,144.0,177,0.0,10,100.0,159.55000237748027,100.0,661.5897364616394,none,4
vehicle.lincoln.mkz2017,198.33133495156537,143.0,177,0.0,10,100.0,132.05000196769834,100.0,639.1824593544006,none,7
vehicle.lincoln.mkz2017,101.61206212778252,142.0,177,0.0,10,78.61028709839991,82.30000122636557,47.166172259039946,340.23357343673706,collisions_vehicle,8
vehicle.lincoln.mkz2017,114.14997116258075,145.0,177,0.0,10,32.309379909605795,337.3500050269068,16.154689954802897,1410.0408928394318,collisions_pedestrian,8
vehicle.lincoln.mkz2017,89.85816825817592,142.0,177,0.0,10,96.97096206561318,347.050005171448,96.97096206561318,1719.7352797985077,none,3
vehicle.lincoln.mkz2017,117.1820118020656,144.0,176,0.0,10,100.0,124.1000018492341,100.0,523.5889375209808,none,5
vehicle.lincoln.mkz2017,124.7108900544878,149.0,177,0.0,10,100.0,52.25000077858567,100.0,203.349139213562,none,6
vehicle.lincoln.mkz2017,97.85226981529962,146.0,177,0.0,10,1.0024748169641648,58.650000873953104,0.7017323718749153,203.6239709854126,red_light,9
vehicle.lincoln.mkz2017,152.4820958031289,142.0,177,0.0,10,100.0,74.7500011138618,100.0,347.6440861225128,none,2
vehicle.lincoln.mkz2017,273.33199613203595,143.0,177,0.0,10,1.0257244295881418,55.70000082999468,0.7180071007116993,230.4868664741516,red_light,8
vehicle.lincoln.mkz2017,174.53322915148334,143.0,176,0.0,10,100.0,229.8500034250319,100.0,1077.8070695400238,none,5
vehicle.lincoln.mkz2017,56.30132988530262,142.0,177,0.0,10,100.0,69.90000104159117,100.0,313.87991976737976,none,10
vehicle.lincoln.mkz2017,187.8028807307963,145.0,177,0.0,10,76.45057676189079,237.45000353828075,53.515403733323545,999.6132426261902,red_light,7
vehicle.lincoln.mkz2017,148.57995264526733,141.0,177,0.0,10,97.95498221243028,317.90000473707914,97.95498221243028,1325.6640260219574,none,3
vehicle.lincoln.mkz2017,67.64448743494455,143.0,177,0.0,10,97.8667075132946,379.0500056482852,97.8667075132946,1920.0066676139832,none,1
vehicle.lincoln.mkz2017,247.34437197628097,145.0,177,0.0,10,100.0,276.5500041209161,100.0,1261.445478439331,none,9
vehicle.lincoln.mkz2017,185.99463978365304,147.0,177,0.0,10,100.0,57.20000085234642,100.0,224.6324043273925,none,11
vehicle.lincoln.mkz2017,50.992664209856144,144.0,177,0.0,10,100.0,41.40000061690807,100.0,174.35477113723755,none,12
vehicle.lincoln.mkz2017,80.77520493729264,142.0,176,0.0,10,31.00931369453261,284.05000423267484,21.706519586172828,1252.6933376789093,red_light,2
vehicle.lincoln.mkz2017,154.22773630668453,148.0,177,0.0,10,100.0,82.70000123232603,100.0,439.38127970695496,none,8
vehicle.lincoln.mkz2017,81.18335428520193,142.0,177,0.0,10,96.88424732039968,302.85000451281667,96.88424732039968,1517.8479743003843,none,13
vehicle.lincoln.mkz2017,126.51974353648706,139.0,177,0.0,10,100.0,53.250000793486834,100.0,210.90784192085263,none,1
vehicle.lincoln.mkz2017,275.5098342056596,141.0,177,0.0,10,100.0,253.15000377222896,100.0,954.1602556705476,none,12
vehicle.lincoln.mkz2017,161.0705508614438,143.0,177,0.0,10,98.51706946026783,364.2000054270029,98.51706946026783,1793.198566198349,none,8
vehicle.lincoln.mkz2017,212.21998513514657,145.0,177,0.0,10,10.926994379822938,11.60000017285347,6.556196627893763,52.90427494049072,collisions_vehicle,14
vehicle.lincoln.mkz2017,92.67208641879182,147.0,177,0.0,10,100.0,144.2500021494925,100.0,807.1023123264313,none,13
vehicle.lincoln.mkz2017,155.64995003145023,146.0,177,0.0,10,98.08216790377251,326.7500048689544,98.08216790377251,1204.8969419002533,none,13
vehicle.lincoln.mkz2017,168.14150198346732,144.0,177,0.0,10,100.0,104.65000155940652,100.0,589.863569021225,none,8
vehicle.lincoln.mkz2017,135.6931039120751,147.0,176,0.0,10,48.64356439254075,301.2000044882297,34.050495074778524,1146.2750141620636,red_light,12
vehicle.lincoln.mkz2017,121.9713958242025,142.0,177,0.0,10,100.0,112.6500016786158,100.0,522.4263000488281,none,15
vehicle.lincoln.mkz2017,90.0830794673052,145.0,177,0.0,10,100.0,233.9000034853816,100.0,1041.0912380218506,none,14
vehicle.lincoln.mkz2017,71.692100036983,144.0,176,0.0,10,100.0,302.15000450238585,100.0,1489.1863188743591,none,14
vehicle.lincoln.mkz2017,195.33833164299287,144.0,177,0.0,10,100.0,169.25000252202153,100.0,731.1705741882324,none,13
vehicle.lincoln.mkz2017,96.40022461549356,144.0,177,0.0,10,100.0,140.25000208988786,100.0,793.5572938919067,none,5
vehicle.lincoln.mkz2017,151.55090419619987,146.0,177,0.0,10,100.0,113.5000016912818,100.0,463.3905346393585,none,11
vehicle.lincoln.mkz2017,185.7261592234176,142.0,177,0.0,10,98.89003169245215,520.1000077500939,98.89003169245215,2511.568308353424,none,4
vehicle.lincoln.mkz2017,141.90401885803934,144.0,176,0.0,10,98.96942421376984,559.0500083304942,98.96942421376984,2044.85399889946,none,1
vehicle.lincoln.mkz2017,159.02180304401404,146.0,177,0.0,10,98.71864427457284,222.40000331401825,98.71864427457284,924.7503559589386,none,1
vehicle.lincoln.mkz2017,69.93839879481226,145.0,177,0.0,10,100.0,65.30000097304583,100.0,349.5396203994751,none,14
vehicle.lincoln.mkz2017,222.93380901648845,145.0,177,0.0,10,100.0,291.7500043474138,100.0,1394.8304965496063,none,3
vehicle.lincoln.mkz2017,237.9464389452768,143.0,177,0.0,10,100.0,203.0000030249357,100.0,901.103325843811,none,16
vehicle.lincoln.mkz2017,200.10978739194945,143.0,177,0.0,10,100.0,96.90000144392252,100.0,487.9207077026367,none,17
vehicle.lincoln.mkz2017,139.8224897592828,143.0,176,0.0,10,97.70498337349976,268.90000400692225,68.39348836144984,1196.8292407989502,red_light,2
vehicle.lincoln.mkz2017,129.7494968599369,144.0,177,0.0,10,98.8734028750708,304.9500045441091,98.8734028750708,1734.0943222045898,none,3
vehicle.lincoln.mkz2017,59.98171397690685,143.0,177,0.0,10,98.3079209536202,240.0500035770237,98.3079209536202,1101.005398273468,none,5
vehicle.lincoln.mkz2017,164.30197183978018,148.0,176,0.0,10,100.0,68.2000010162592,100.0,268.7976543903351,none,18
vehicle.lincoln.mkz2017,135.3497162420629,142.0,176,0.0,10,71.73927682392825,92.00000137090684,43.04356609435695,350.36506605148315,collisions_vehicle,7
vehicle.lincoln.mkz2017,85.66889046054116,143.0,177,0.0,10,100.0,38.65000057592988,100.0,206.1026530265808,none,19
vehicle.lincoln.mkz2017,62.57769689198829,145.0,177,0.0,10,100.0,76.75000114366412,100.0,313.7068667411804,none,14
vehicle.lincoln.mkz2017,209.0502379953276,144.0,177,0.0,10,100.0,109.25000162795186,100.0,432.3696880340576,none,7
vehicle.lincoln.mkz2017,109.91696340852243,145.0,177,0.0,10,100.0,207.7000030949712,100.0,1012.0936763286592,none,20
vehicle.lincoln.mkz2017,112.25633952510816,139.0,177,0.0,10,100.0,151.0500022508204,100.0,733.8364005088806,none,11
vehicle.lincoln.mkz2017,113.50148540809884,142.0,177,0.0,10,100.0,113.45000169053674,100.0,493.14368653297424,none,8
vehicle.lincoln.mkz2017,245.14782311563644,142.0,176,0.0,10,98.02592793562016,532.1000079289079,98.02592793562016,1931.3365352153776,none,18
vehicle.lincoln.mkz2017,250.12245508861588,146.0,177,0.0,10,100.0,191.5000028535724,100.0,942.2912135124208,none,14
vehicle.lincoln.mkz2017,54.506131352703086,144.0,177,0.0,10,100.0,66.15000098571181,100.0,326.1580271720886,none,14
vehicle.lincoln.mkz2017,132.2912577005324,149.0,177,0.0,10,100.0,80.950001206249,100.0,290.713937997818,none,18
vehicle.lincoln.mkz2017,84.74849002285849,141.0,177,0.0,10,7.3841193553001405,214.3500031940639,5.168883548710098,822.5599565505981,red_light,9
vehicle.lincoln.mkz2017,152.37286603245602,148.0,177,0.0,10,100.0,57.90000086277723,100.0,300.48149037361145,none,9
vehicle.lincoln.mkz2017,170.35434195336265,147.0,177,0.0,10,50.88318235192165,51.25000076368451,30.529909411153,199.6610238552093,collisions_vehicle,4
vehicle.lincoln.mkz2017,135.50261038028492,141.0,177,0.0,10,100.0,129.20000192523003,100.0,700.9415819644928,none,20
vehicle.lincoln.mkz2017,184.08247304405248,147.0,176,0.0,10,98.38996095684664,208.5000031068921,68.87297266979265,1109.5702805519104,red_light,5
vehicle.lincoln.mkz2017,185.4022201237888,147.0,177,0.0,10,71.78527582516911,230.85000343993303,50.249693077618375,926.0232758522034,red_light,6
vehicle.lincoln.mkz2017,262.73995804947594,142.0,177,0.0,10,98.46659854220636,467.650006968528,98.46659854220636,1748.6254017353058,none,0
vehicle.lincoln.mkz2017,128.95913185645716,148.0,177,0.0,10,97.64275447337164,404.90000603348017,97.64275447337164,1565.0121965408323,none,2
vehicle.lincoln.mkz2017,157.49129412890363,144.0,176,0.0,10,100.0,56.25000083819032,100.0,220.8182530403137,none,13
vehicle.lincoln.mkz2017,105.84117500426734,147.0,177,0.0,10,98.47451049902656,250.30000372976065,98.47451049902656,1150.5021300315857,none,9
vehicle.lincoln.mkz2017,106.08523701555264,145.0,177,0.0,10,100.0,225.25000335648656,100.0,1200.9570553302765,none,0
vehicle.lincoln.mkz2017,134.9649352416446,143.0,177,0.0,10,100.0,216.150003220886,100.0,996.4572732448578,none,20
vehicle.lincoln.mkz2017,133.9996692194524,146.0,177,0.0,10,100.0,31.600000470876694,100.0,136.51978254318237,none,2
vehicle.lincoln.mkz2017,188.62217081727417,144.0,176,0.0,10,100.0,158.85000236704946,100.0,708.371630191803,none,8
vehicle.lincoln.mkz2017,56.72804923831599,142.0,177,0.0,10,98.64707204601002,300.0500044710934,98.64707204601002,1653.953362941742,none,20
vehicle.lincoln.mkz2017,55.99933212657137,142.0,177,0.0,10,100.0,14.350000213831663,100.0,66.93073630332947,none,12
vehicle.lincoln.mkz2017,77.74474012433396,144.0,177,0.0,10,96.54440981059945,246.4000036716461,96.54440981059945,1594.599865436554,none,9
vehicle.lincoln.mkz2017,201.47522325688308,,177,0.0,10,0.0,0.050000000745058,0.0,0.0901734828948974,red_light,0
vehicle.lincoln.mkz2017,57.91582883374336,148.0,177,0.0,10,100.0,147.40000219643116,100.0,701.6067018508911,none,20
vehicle.lincoln.mkz2017,233.5059863989048,145.0,176,0.0,10,100.0,180.75000269338489,100.0,867.7163894176483,none,19
vehicle.lincoln.mkz2017,136.38078640210082,146.0,176,0.0,10,100.0,124.50000185519455,100.0,589.7750465869904,none,17
vehicle.lincoln.mkz2017,64.84443288939383,144.0,176,0.0,10,100.0,211.40000315010548,100.0,975.0694317817688,none,9
vehicle.lincoln.mkz2017,63.51635132231508,146.0,176,0.0,10,100.0,91.30000136047602,100.0,557.2429392337799,none,2
vehicle.lincoln.mkz2017,147.48200195171145,148.0,177,0.0,10,100.0,186.7000027820468,100.0,1068.6685810089111,none,20
vehicle.lincoln.mkz2017,217.51892947055245,141.0,177,0.0,10,0.5228946261842463,42.45000063255429,0.3660262383289724,152.7851345539093,red_light,1
vehicle.lincoln.mkz2017,190.8164069727564,145.0,177,0.0,10,100.0,156.35000232979655,100.0,770.8862199783325,none,5
vehicle.lincoln.mkz2017,254.1060713159461,146.0,177,0.0,10,98.04729221436868,546.2000081390142,98.04729221436868,2265.6113550662994,none,8
vehicle.lincoln.mkz2017,165.2617979987117,145.0,177,0.0,10,100.0,126.55000188574196,100.0,529.4065325260162,none,1
vehicle.lincoln.mkz2017,149.99601064107898,142.0,177,0.0,10,100.0,230.60000343620777,100.0,1088.4343373775482,none,14
vehicle.lincoln.mkz2017,71.50994652828354,146.0,177,0.0,10,95.6913884078739,213.30000317841768,95.6913884078739,797.0702712535858,none,19
vehicle.lincoln.mkz2017,135.46155381851938,139.0,177,0.0,10,100.0,168.50000251084566,100.0,703.1459617614746,none,14
vehicle.lincoln.mkz2017,156.79689825163248,143.0,177,0.0,10,100.0,74.85000111535192,100.0,362.5911934375763,none,1
vehicle.lincoln.mkz2017,83.13450328178256,144.0,177,0.0,10,97.25570353766324,231.0500034429133,97.25570353766324,932.9680304527284,none,17
vehicle.lincoln.mkz2017,250.78999932384824,144.0,177,0.0,10,100.0,209.250003118068,100.0,897.3282494544983,none,10
vehicle.lincoln.mkz2017,114.62667096986732,146.0,177,0.0,10,100.0,64.8500009663403,100.0,291.1613667011261,none,2
vehicle.lincoln.mkz2017,63.43423489382118,,177,0.0,10,0.0,0.050000000745058,0.0,0.2977550029754638,red_light,9
vehicle.lincoln.mkz2017,192.3656901274608,140.0,176,0.0,10,100.0,135.85000202432275,100.0,714.9971539974213,none,3
vehicle.lincoln.mkz2017,209.0900054293799,142.0,177,0.0,10,100.0,134.350002001971,100.0,669.8651201725006,none,7
vehicle.lincoln.mkz2017,70.43334556254084,142.0,177,0.0,10,98.61413251811288,455.35000678524375,98.61413251811288,1781.74107837677,none,18
vehicle.lincoln.mkz2017,257.85431282278745,146.0,177,0.0,10,100.0,170.3500025384128,100.0,894.038736820221,none,13
vehicle.lincoln.mkz2017,163.9999400746265,146.0,177,0.0,10,100.0,72.75000108405948,100.0,322.5182628631592,none,18
vehicle.lincoln.mkz2017,269.2091664486068,144.0,177,0.0,10,98.96297071699668,527.7500078640878,98.96297071699668,2537.6415457725525,none,0
vehicle.lincoln.mkz2017,171.19559751444055,146.0,177,0.0,10,31.560485980176257,43.00000064074993,22.09234018612338,188.04124975204468,red_light,8
vehicle.lincoln.mkz2017,98.00128842523004,143.0,177,0.0,10,97.91925337078868,225.0500033535064,97.91925337078868,948.3310692310332,none,11
vehicle.lincoln.mkz2017,4.00000021027517,144.0,177,0.0,10,48.40801185670801,139.8500020839274,29.044807114024803,715.719297170639,collisions_vehicle,13
vehicle.lincoln.mkz2017,251.3352438596285,144.0,177,0.0,10,100.0,233.8500034846365,100.0,953.5764758586884,none,12
vehicle.lincoln.mkz2017,271.3472965796286,146.0,177,0.0,10,98.94057245381498,418.15000623092055,98.94057245381498,2291.9105427265167,none,9
vehicle.lincoln.mkz2017,126.89068320142172,148.0,177,0.0,10,17.276004556788052,28.60000042617321,12.093203189751636,186.3000726699829,red_light,9
vehicle.lincoln.mkz2017,65.17453134346205,146.0,177,0.0,10,100.0,114.90000171214342,100.0,535.8752489089966,none,4
vehicle.lincoln.mkz2017,191.8171785347349,144.0,177,0.0,10,100.0,114.50000170618296,100.0,523.707647562027,none,6
vehicle.lincoln.mkz2017,135.53081141470167,149.0,176,0.0,10,100.0,180.000002682209,100.0,732.1007299423218,none,9
vehicle.lincoln.mkz2017,159.83405030843176,147.0,176,0.0,10,85.7257428391181,155.65000231936574,55.72173284542677,579.9098000526428,collisions_layout,19
vehicle.lincoln.mkz2017,120.04475960989669,139.0,177,0.0,10,100.0,30.300000451505184,100.0,171.46147847175598,none,3
vehicle.lincoln.mkz2017,83.45133697663786,148.0,177,0.0,10,11.4256068006427,164.85000245645642,7.99792476044989,707.6805338859558,red_light,8
vehicle.lincoln.mkz2017,147.97621366078394,144.0,177,0.0,10,0.0,2.500000037252903,0.0,9.708825588226318,red_light,1
vehicle.lincoln.mkz2017,149.18479208755417,142.0,177,0.0,10,100.0,49.55000073835254,100.0,187.17159175872803,none,2
vehicle.lincoln.mkz2017,240.84659042508247,143.0,177,0.0,10,98.81551645519954,326.2000048607588,98.81551645519954,1178.611308336258,none,0
vehicle.lincoln.mkz2017,141.7120253036426,143.0,177,0.0,10,98.62001929810084,291.55000434443355,98.62001929810084,1142.648550271988,none,7
vehicle.lincoln.mkz2017,134.68550795661574,142.0,177,0.0,10,100.0,334.8000049889088,100.0,1941.115861415863,none,14
vehicle.lincoln.mkz2017,217.9950009430536,142.0,177,0.0,10,88.9238783215787,173.15000258013606,53.354326992947215,814.728274345398,collisions_vehicle,6
vehicle.lincoln.mkz2017,140.85397776372758,149.0,177,0.0,10,97.82877999058944,311.3000046387315,97.82877999058944,1437.9183659553528,none,9
vehicle.lincoln.mkz2017,141.17222919562278,146.0,176,0.0,10,100.0,209.40000312030315,100.0,867.1842386722565,none,5
vehicle.lincoln.mkz2017,57.690003107429895,145.0,177,0.0,10,92.93386586879048,230.05000342801213,92.93386586879048,1062.6210963726044,none,14
vehicle.lincoln.mkz2017,211.56213862926955,144.0,177,0.0,10,100.0,115.85000172629952,100.0,482.9309606552124,none,10
vehicle.lincoln.mkz2017,130.30642004913034,148.0,177,0.0,10,100.0,138.50000206381085,100.0,597.8842487335205,none,2
vehicle.lincoln.mkz2017,216.3700031067862,141.0,176,0.0,10,100.0,352.0500052459538,100.0,1478.615293264389,none,7
vehicle.lincoln.mkz2017,97.7799995055068,142.0,176,0.0,10,100.0,48.35000072047114,100.0,271.69312477111816,none,10
vehicle.lincoln.mkz2017,91.21650580385666,142.0,176,0.0,10,98.18444266219882,240.60000358521933,98.18444266219882,950.5621848106384,none,1
vehicle.lincoln.mkz2017,153.947210454538,144.0,177,0.0,10,100.0,138.00000205636024,100.0,679.0234887599945,none,12
vehicle.lincoln.mkz2017,119.900140564025,143.0,176,0.0,10,100.0,80.15000119432807,100.0,353.7587387561798,none,11
vehicle.lincoln.mkz2017,238.7324055173933,143.0,177,0.0,10,100.0,118.10000175982714,100.0,609.5187640190125,none,5
vehicle.lincoln.mkz2017,151.87153975210185,149.0,177,0.0,10,100.0,517.3000077083707,100.0,2289.46209859848,none,20
vehicle.lincoln.mkz2017,247.73842490293512,142.0,177,0.0,10,100.0,196.0000029206276,100.0,728.1272332668304,none,9
vehicle.lincoln.mkz2017,278.8517179140669,146.0,177,0.0,10,98.92074589631406,408.200006082654,98.92074589631406,1756.954290151596,none,10
vehicle.lincoln.mkz2017,13.066559092344626,143.0,177,0.0,10,29.3038651849258,28.60000042617321,17.582319110955474,113.44002318382265,collisions_vehicle,6
vehicle.lincoln.mkz2017,133.6516813305543,142.0,177,0.0,10,100.0,64.60000096261501,100.0,264.1126446723938,none,6
vehicle.lincoln.mkz2017,115.96521403280724,140.0,177,0.0,10,100.0,191.0000028461218,100.0,842.5787763595581,none,18
vehicle.lincoln.mkz2017,185.93342229434964,144.0,177,0.0,10,100.0,91.50000136345624,100.0,347.4194288253784,none,18
vehicle.lincoln.mkz2017,167.38486120028512,145.0,176,0.0,10,100.0,48.600000724196434,100.0,223.33927392959595,none,19
vehicle.lincoln.mkz2017,251.15731424878263,145.0,177,0.0,10,74.99741700764835,225.2000033557415,52.49819190535384,979.8212556838988,red_light,6
vehicle.lincoln.mkz2017,97.41958226021404,146.0,177,0.0,10,96.8795564721874,316.95000472292304,96.8795564721874,1397.209522485733,none,11
vehicle.lincoln.mkz2017,54.10762331426994,147.0,177,0.0,10,95.18135602811002,265.0500039495528,95.18135602811002,1595.3411366939545,none,2
vehicle.lincoln.mkz2017,121.65021018505978,146.0,176,0.0,10,81.18515657958189,64.35000095888972,56.82960960570732,241.32331538200376,red_light,12
vehicle.lincoln.mkz2017,218.0465004233209,145.0,176,0.0,10,98.9355391828044,585.7500087283552,98.9355391828044,2118.818380832672,none,1
vehicle.lincoln.mkz2017,136.80629150040426,139.0,176,0.0,10,100.0,49.100000731647015,100.0,265.8807666301728,none,14
vehicle.lincoln.mkz2017,177.63438654998097,144.0,176,0.0,10,100.0,78.60000117123127,100.0,319.6260783672333,none,9
vehicle.lincoln.mkz2017,66.90389832381031,145.0,177,0.0,10,100.0,60.05000089481473,100.0,269.20080852508545,none,4
vehicle.lincoln.mkz2017,273.3407856255807,149.0,177,0.0,10,98.96682163157352,549.450008187443,98.96682163157352,2280.1753895282745,none,18
vehicle.lincoln.mkz2017,98.3758070779555,143.0,177,0.0,10,100.0,101.90000151842833,100.0,443.8523733615875,none,20
vehicle.lincoln.mkz2017,75.509947236394,143.0,177,0.0,10,100.0,146.80000218749046,100.0,546.5462973117828,none,7
vehicle.lincoln.mkz2017,215.69296777720123,144.0,177,0.0,10,100.0,166.60000248253343,100.0,729.5169188976288,none,10
vehicle.lincoln.mkz2017,127.99489155404224,149.0,176,0.0,10,100.0,190.8500028438866,100.0,804.7653868198395,none,9
vehicle.lincoln.mkz2017,113.54286258512876,144.0,177,0.0,10,97.3271220277414,277.4000041335821,97.3271220277414,1159.341597557068,none,3
vehicle.lincoln.mkz2017,77.70679167100221,142.0,176,0.0,10,96.8536658101505,270.400004029274,96.8536658101505,860.730073928833,none,0
vehicle.lincoln.mkz2017,128.00041635409687,146.0,177,0.0,10,98.64634197972356,401.10000597685575,98.64634197972356,2362.4520494937897,none,3
vehicle.lincoln.mkz2017,63.61396366476734,144.0,176,0.0,10,97.41206842328054,154.05000229552388,58.44724105396833,804.7064559459686,collisions_vehicle,8
vehicle.lincoln.mkz2017,210.35719774473657,141.0,177,0.0,10,100.0,111.80000166594982,100.0,431.98433017730713,none,4
vehicle.lincoln.mkz2017,218.17279493959552,144.0,177,0.0,10,98.63592041019255,581.0000086575747,98.63592041019255,2752.329712867737,none,9
vehicle.lincoln.mkz2017,114.13830922825704,149.0,177,0.0,10,100.0,112.45000167563558,100.0,579.1268050670624,none,8
vehicle.lincoln.mkz2017,91.5848828385856,143.0,177,0.0,10,100.0,44.30000066012144,100.0,187.31922221183777,none,14
vehicle.lincoln.mkz2017,127.5593661832002,144.0,177,0.0,10,98.5891292126032,133.60000199079514,69.01239044882223,633.3250002861023,red_light,11
vehicle.lincoln.mkz2017,153.806218665598,146.0,177,0.0,10,100.0,197.3000029399991,100.0,1188.3396608829498,none,20
vehicle.lincoln.mkz2017,230.50704928789344,148.0,177,0.0,10,100.0,157.10000234097242,100.0,801.7827172279358,none,6
vehicle.lincoln.mkz2017,155.21271208235316,146.0,177,0.0,10,98.49285644146929,351.350005235523,98.49285644146929,1718.5818610191343,none,5
vehicle.lincoln.mkz2017,68.45236296257079,140.0,177,0.0,10,92.82088173152958,278.05000414326787,92.82088173152958,1184.401471376419,none,16
vehicle.lincoln.mkz2017,289.7189203220309,144.0,177,0.0,10,100.0,143.9000021442771,100.0,554.0211236476898,none,0
vehicle.lincoln.mkz2017,255.72384592595856,141.0,177,0.0,10,98.4621354485116,579.550008635968,98.4621354485116,2628.690122127533,none,8
vehicle.lincoln.mkz2017,62.44134756354121,148.0,177,0.0,10,96.83319335900794,239.60000357031825,96.83319335900794,1010.326727628708,none,2
vehicle.lincoln.mkz2017,107.60914881202362,150.0,177,0.0,10,76.47772210349106,63.70000094920397,53.53440547244374,251.23047018051147,red_light,9
vehicle.lincoln.mkz2017,160.69567727484127,146.0,176,0.0,10,14.343859295890402,20.90000031143427,7.171929647945201,73.87675619125366,collisions_pedestrian,13
vehicle.lincoln.mkz2017,84.00000790754952,143.0,176,0.0,10,98.7968916589896,250.1000037267804,98.7968916589896,1007.4523377418518,none,4
vehicle.lincoln.mkz2017,135.98085964910393,143.0,177,0.0,10,100.0,47.35000070556998,100.0,189.3343484401703,none,3
vehicle.lincoln.mkz2017,187.1840081355105,143.0,176,0.0,10,98.7046247703382,265.10000395029783,98.7046247703382,1410.9476191997528,none,10
vehicle.lincoln.mkz2017,198.1508534574193,,177,0.0,10,0.0,0.050000000745058,0.0,0.3086905479431152,red_light,19
vehicle.lincoln.mkz2017,149.37026287944542,142.0,177,0.0,10,100.0,80.45000119879842,100.0,358.4742195606232,none,12
vehicle.lincoln.mkz2017,78.14909887959358,145.0,176,0.0,10,100.0,229.70000342279675,100.0,957.2219741344452,none,11
vehicle.lincoln.mkz2017,169.63795273239205,145.0,177,0.0,10,98.85274385444896,223.2000033259392,98.85274385444896,1004.4758427143096,none,2
vehicle.lincoln.mkz2017,201.75301977211643,148.0,177,0.0,10,100.0,305.60000455379486,100.0,1496.5867412090302,none,2
vehicle.lincoln.mkz2017,84.73965023148577,144.0,177,0.0,10,98.32965986024384,266.2000039666891,98.32965986024384,1507.5692570209503,none,5
vehicle.lincoln.mkz2017,199.61393678283733,148.0,177,0.0,10,98.99712416554785,368.9000054970384,98.99712416554785,2163.034835577011,none,17
vehicle.lincoln.mkz2017,231.035249317076,147.0,177,0.0,10,100.0,220.35000328347087,100.0,936.2976770401,none,2
vehicle.lincoln.mkz2017,224.4508093747655,147.0,176,0.0,10,100.0,192.8500028736889,100.0,1034.3699843883514,none,10
vehicle.lincoln.mkz2017,160.59174114741538,146.0,176,0.0,10,100.0,251.45000374689693,100.0,1050.9508714675903,none,14
vehicle.lincoln.mkz2017,175.09000599072704,146.0,177,0.0,10,100.0,134.50000200420618,100.0,741.3973076343536,none,3
vehicle.lincoln.mkz2017,105.7259278791228,149.0,177,0.0,10,98.12915969746646,432.0500064380467,98.12915969746646,2353.024930715561,none,9
vehicle.lincoln.mkz2017,242.25000000600124,143.0,176,0.0,10,100.0,142.20000211894512,100.0,613.6957712173462,none,3
vehicle.lincoln.mkz2017,60.41715755173839,147.0,176,0.0,10,96.16653439728157,317.0500047244132,96.16653439728157,1506.4843890666962,none,5
vehicle.lincoln.mkz2017,124.26716564462544,150.0,177,0.0,10,96.50175259967718,497.05000740662217,96.50175259967718,1954.884379863739,none,0
vehicle.lincoln.mkz2017,246.3376246675904,146.0,177,0.0,10,86.35410544340365,272.7500040642917,60.44787381038255,1286.2135055065155,red_light,20
vehicle.lincoln.mkz2017,181.734017212836,143.0,176,0.0,10,100.0,81.75000121816993,100.0,301.1814904212952,none,2
vehicle.lincoln.mkz2017,61.75445811744025,143.0,176,0.0,10,100.0,160.65000239387155,100.0,804.2359735965729,none,9
vehicle.lincoln.mkz2017,139.14688912305118,141.0,177,0.0,10,95.6314748047641,163.5500024370849,66.94203236333486,670.3520884513855,red_light,15
vehicle.lincoln.mkz2017,92.62465890700264,144.0,177,0.0,10,97.81271937099608,232.20000346004963,97.81271937099608,1159.3823473453522,none,20
vehicle.lincoln.mkz2017,174.25697675114515,143.0,177,0.0,10,100.0,124.30000185221434,100.0,563.8016376495361,none,10
vehicle.lincoln.mkz2017,183.97032391451447,147.0,177,0.0,10,100.0,121.05000180378556,100.0,540.9837317466736,none,9
vehicle.lincoln.mkz2017,202.18308424118496,145.0,177,0.0,10,100.0,137.05000204220414,100.0,553.3624064922333,none,2
vehicle.lincoln.mkz2017,152.86000559795005,147.0,177,0.0,10,100.0,98.7000014707446,100.0,440.7292196750641,none,6
vehicle.lincoln.mkz2017,69.96409608455757,146.0,177,0.0,10,95.63528302122587,210.2500031329692,57.38116981273552,832.9350092411041,collisions_vehicle,7
vehicle.lincoln.mkz2017,160.56496478786465,146.0,177,0.0,10,98.67371767260892,337.7500050328672,98.67371767260892,1785.9548568725586,none,8
vehicle.lincoln.mkz2017,144.41420865579255,,177,0.0,10,0.0,0.050000000745058,0.0,0.1168038845062255,red_light,13
vehicle.lincoln.mkz2017,141.2596863076324,146.0,177,0.0,10,100.0,46.20000068843365,100.0,189.73545789718628,none,20
vehicle.lincoln.mkz2017,250.70334896953392,144.0,177,0.0,10,100.0,173.65000258758664,100.0,710.4488344192505,none,2
vehicle.lincoln.mkz2017,94.00071938021614,143.0,177,0.0,10,96.74292356262237,215.5500032119453,96.74292356262237,751.3777830600739,none,1
vehicle.lincoln.mkz2017,78.52384916000362,146.0,177,0.0,10,93.4806898042852,202.1500030122697,93.4806898042852,710.798198223114,none,7
vehicle.lincoln.mkz2017,103.99867141155153,147.0,177,0.0,10,100.0,26.750000398606065,100.0,110.50531196594238,none,10
vehicle.lincoln.mkz2017,59.41275985558396,140.0,177,0.0,10,100.0,17.0500002540648,100.0,84.31930303573608,none,0
vehicle.lincoln.mkz2017,220.3460545638561,146.0,177,0.0,10,98.48890213355476,399.80000595748425,98.48890213355476,1664.8093574047089,none,18
vehicle.lincoln.mkz2017,91.16367443389557,144.0,177,0.0,10,100.0,266.40000396966934,100.0,1277.1434242725372,none,0
vehicle.lincoln.mkz2017,126.5800249155539,143.0,177,0.0,10,96.02853159381252,269.50000401586294,67.21997211566877,1149.3250124454498,red_light,13
vehicle.lincoln.mkz2017,115.78998008039962,150.0,177,0.0,10,98.25125939035942,290.3000043258071,98.25125939035942,1048.1158273220062,none,13
vehicle.lincoln.mkz2017,199.0611845425313,143.0,177,0.0,10,19.468751688882143,205.0500030554831,19.468751688882143,728.6467118263245,none,5
vehicle.lincoln.mkz2017,39.51298327846472,143.0,177,0.0,10,100.0,212.95000317320228,100.0,1001.4397585391998,none,0
vehicle.lincoln.mkz2017,134.82516645917676,146.0,177,0.0,10,80.5032010638148,69.25000103190541,52.32708069147962,297.37866139411926,collisions_layout,5
vehicle.lincoln.mkz2017,176.04473564672733,145.0,177,0.0,10,100.0,211.70000315457585,100.0,996.7515320777892,none,4
vehicle.lincoln.mkz2017,97.46146430176618,142.0,176,0.0,10,98.72851712656684,344.50000513345003,98.72851712656684,1748.4242413043976,none,8
vehicle.lincoln.mkz2017,85.01128944107964,147.0,177,0.0,10,98.33661870209268,305.9000045582652,98.33661870209268,1499.3502144813538,none,5
vehicle.lincoln.mkz2017,84.2791168394927,141.0,177,0.0,10,98.8668427864688,383.60000571608543,98.8668427864688,1751.4941370487213,none,20
vehicle.lincoln.mkz2017,67.53636251445108,144.0,177,0.0,10,100.0,160.9500023983419,100.0,803.8571364879608,none,3
vehicle.lincoln.mkz2017,167.99996240809642,145.0,176,0.0,10,98.80324090345952,338.5500050447881,98.80324090345952,1473.5814232826233,none,16
vehicle.lincoln.mkz2017,193.7218500399844,146.0,177,0.0,10,100.0,227.8500033952296,100.0,1044.0159964561462,none,4
vehicle.lincoln.mkz2017,141.12593610356925,143.0,177,0.0,10,100.0,124.30000185221434,100.0,521.7730937004089,none,8
vehicle.lincoln.mkz2017,109.3971503213479,146.0,177,0.0,10,52.5306851227024,214.15000319108367,36.77147958589168,784.6503496170044,red_light,11
vehicle.lincoln.mkz2017,148.92514730795034,144.0,177,0.0,10,100.0,185.5000027641654,100.0,837.0302693843842,none,2
vehicle.lincoln.mkz2017,158.68891930218643,145.0,177,0.0,10,100.0,246.85000367835164,100.0,1068.3194224834442,none,6
vehicle.lincoln.mkz2017,76.90635351557887,145.0,177,0.0,10,100.0,68.00000101327896,100.0,287.8757374286652,none,0
vehicle.lincoln.mkz2017,186.62042559656945,145.0,176,0.0,10,96.55499481537188,351.8000052422285,96.55499481537188,1371.5703077316284,none,9
vehicle.lincoln.mkz2017,222.385490044924,146.0,176,0.0,10,100.0,96.50000143796206,100.0,496.2676920890808,none,17
vehicle.lincoln.mkz2017,178.23508386477212,147.0,177,0.0,10,100.0,215.15000320598483,100.0,1223.6019251346588,none,20
vehicle.lincoln.mkz2017,78.0000161598569,148.0,176,0.0,10,98.70278157302904,233.75000348314643,98.70278157302904,1239.4966604709623,none,15
vehicle.lincoln.mkz2017,118.8098843933318,145.0,177,0.0,10,98.48971412375656,547.4500081576407,98.48971412375656,2570.4258251190186,none,6
vehicle.lincoln.mkz2017,179.964561912339,144.0,177,0.0,10,94.05720268841068,293.6000043749809,94.05720268841068,1097.0021362304688,none,0
vehicle.lincoln.mkz2017,169.5013052937602,141.0,177,0.0,10,100.0,148.85000221803784,100.0,575.9959077835083,none,15
vehicle.lincoln.mkz2017,132.53723393111662,143.0,177,0.0,10,100.0,79.25000118091702,100.0,338.6632649898529,none,10
vehicle.lincoln.mkz2017,165.70690746680884,148.0,177,0.0,10,97.57162049962513,350.0000052154064,97.57162049962513,1523.7804787158966,none,8
vehicle.lincoln.mkz2017,242.2096374248703,144.0,177,0.0,10,98.5071878192123,897.8500133790076,98.5071878192123,3938.472163915634,none,16
vehicle.lincoln.mkz2017,243.72050897647105,145.0,177,0.0,10,0.0,180.05000268295407,0.0,971.4223701953888,none,15
vehicle.lincoln.mkz2017,172.47023603808037,143.0,177,0.0,10,98.71831168453676,424.1500063203275,98.71831168453676,1754.801907300949,none,3
vehicle.lincoln.mkz2017,215.6713346003968,150.0,177,0.0,10,47.164764296142295,110.95000165328383,28.298858577685376,430.4775302410126,collisions_vehicle,7
vehicle.lincoln.mkz2017,117.5310984930196,141.0,177,0.0,10,100.0,68.05000101402402,100.0,336.9511253833771,none,4
vehicle.lincoln.mkz2017,236.0266182942848,145.0,176,0.0,10,98.973673583072,327.8500048853457,98.973673583072,1217.3054945468905,none,4
vehicle.lincoln.mkz2017,91.7189155740634,147.0,177,0.0,10,98.68505569313108,573.7000085487962,98.68505569313108,3098.161497592926,none,12
vehicle.lincoln.mkz2017,98.37931889628884,143.0,177,0.0,10,100.0,123.35000183805823,100.0,594.5020356178284,none,20
vehicle.lincoln.mkz2017,97.61171908771536,141.0,176,0.0,10,98.96618279764176,391.0500058270991,98.96618279764176,1653.4192292690277,none,19
vehicle.lincoln.mkz2017,170.68055255753555,142.0,177,0.0,10,0.0,2.350000035017729,0.0,9.819472551345823,collisions_vehicle,12
vehicle.lincoln.mkz2017,88.80355356292397,150.0,177,0.0,10,100.0,43.70000065118074,100.0,184.86459469795227,none,15
vehicle.lincoln.mkz2017,85.49173440828262,142.0,177,0.0,10,100.0,141.30000210553408,100.0,604.5478541851044,none,9
vehicle.lincoln.mkz2017,110.76065795970584,143.0,176,0.0,10,100.0,74.80000111460686,100.0,364.6088953018189,none,5
vehicle.lincoln.mkz2017,177.8571279682478,141.0,177,0.0,10,36.533159063889386,51.45000076666474,21.91989543833363,198.72055339813232,collisions_vehicle,7
vehicle.lincoln.mkz2017,81.9999806667819,146.0,176,0.0,10,98.76722804164376,328.050004888326,98.76722804164376,1212.5524318218231,none,6
vehicle.lincoln.mkz2017,62.717139549735016,145.0,177,0.0,10,98.964883912269,529.5500078909099,98.964883912269,2616.365605592728,none,12
vehicle.lincoln.mkz2017,181.206637504591,145.0,177,0.0,10,100.0,99.45000148192048,100.0,352.1874113082886,none,11
vehicle.lincoln.mkz2017,192.1228271723634,146.0,177,2.73,10,100.0,218.0500032491982,97.27270407950444,918.3681411743164,none,10
vehicle.lincoln.mkz2017,235.9040388418787,143.0,177,0.0,10,100.0,582.4000086784363,100.0,2924.64271903038,none,8
vehicle.lincoln.mkz2017,156.17705486881516,145.0,176,0.0,10,66.37910881317516,115.65000172331928,39.8274652879051,471.2703864574432,collisions_vehicle,1
vehicle.lincoln.mkz2017,203.43585952739693,146.0,177,0.0,10,100.0,201.8500030077994,100.0,869.8966567516327,none,17
vehicle.lincoln.mkz2017,111.219846834658,142.0,177,0.0,10,100.0,47.95000071451068,100.0,197.6613132953644,none,12
vehicle.lincoln.mkz2017,234.6213070717789,143.0,177,0.0,10,100.0,81.15000120922923,100.0,343.5002980232239,none,19
vehicle.lincoln.mkz2017,123.1801075207984,142.0,177,0.0,10,49.777199424182655,68.35000101849437,29.866319654509592,391.9588141441345,collisions_vehicle,10
vehicle.lincoln.mkz2017,50.35727855555831,144.0,177,0.0,10,98.45655333899911,237.6000035405159,98.45655333899911,1320.867966890335,none,19
vehicle.lincoln.mkz2017,89.66100072719145,142.0,177,0.0,10,100.0,260.2500038780272,100.0,1234.9621651172638,none,5
vehicle.lincoln.mkz2017,138.3080047843275,145.0,177,0.0,10,100.0,97.60000145435332,100.0,542.1377191543579,none,10
vehicle.lincoln.mkz2017,226.40089809172488,145.0,177,0.0,10,100.0,224.5000033453107,100.0,1067.5613887310028,none,5
vehicle.lincoln.mkz2017,152.83714049296856,146.0,177,0.0,10,100.0,100.40000149607658,100.0,549.159098148346,none,14
vehicle.lincoln.mkz2017,173.2256221408636,146.0,177,0.0,10,5.383155795278871,27.55000041052699,3.768209056695209,96.688374042511,red_light,9
vehicle.lincoln.mkz2017,135.01133770819789,141.0,177,0.0,10,100.0,91.25000135973096,100.0,475.0695230960846,none,19
vehicle.lincoln.mkz2017,188.14687270246912,150.0,176,0.0,10,98.45132746227036,409.4500061012805,98.45132746227036,1592.9066483974457,none,15
vehicle.lincoln.mkz2017,44.18144665181526,146.0,177,0.0,10,100.0,346.9500051699579,100.0,1909.66264629364,none,16
vehicle.lincoln.mkz2017,30.31612559092024,147.0,177,0.0,10,100.0,115.00000171363354,100.0,522.5108633041382,none,2
vehicle.lincoln.mkz2017,82.52403395916362,144.0,177,0.0,10,97.69681272345994,257.95000384375453,97.69681272345994,1389.3684549331665,none,16
vehicle.lincoln.mkz2017,220.05331647310825,140.0,177,0.0,10,100.0,52.75000078603625,100.0,221.75335574150083,none,11
vehicle.lincoln.mkz2017,84.29327349453786,144.0,177,0.0,10,100.0,33.45000049844384,100.0,142.5157618522644,none,6
vehicle.lincoln.mkz2017,135.56536383854268,143.0,177,0.0,10,100.0,49.100000731647015,100.0,224.89099740982056,none,4
vehicle.lincoln.mkz2017,227.06584469435467,149.0,176,0.0,10,86.68554085498455,164.20000244677067,60.67987859848918,727.0793511867523,red_light,19
vehicle.lincoln.mkz2017,92.66999869677429,148.0,177,0.0,10,97.8210666983183,371.0500055290759,97.8210666983183,1406.891205072403,none,1
vehicle.lincoln.mkz2017,153.7799770326952,145.0,177,0.0,10,100.0,67.20000100135803,100.0,324.217622756958,none,3
vehicle.lincoln.mkz2017,136.68384612986242,145.0,177,0.0,10,100.0,89.55000133439898,100.0,359.74256348609924,none,19
vehicle.lincoln.mkz2017,56.77745733053168,146.0,177,0.0,10,94.4240108495868,219.05000326409936,94.4240108495868,984.9773392677308,none,14
vehicle.lincoln.mkz2017,140.29320998810496,139.0,177,0.0,10,97.7008693398301,430.65000641718507,97.7008693398301,1857.367474317551,none,18
vehicle.lincoln.mkz2017,130.61080761316128,141.0,177,0.0,10,100.0,257.6500038392842,100.0,1187.4006280899048,none,2
vehicle.lincoln.mkz2017,109.97205490190288,143.0,176,0.0,10,8.156736855293266,30.05000044777989,4.894042113175959,144.67716336250305,collisions_vehicle,3
vehicle.lincoln.mkz2017,190.57421685215644,147.0,177,0.0,10,100.0,72.55000108107924,100.0,335.986887216568,none,19
vehicle.lincoln.mkz2017,161.24031255030107,148.0,177,0.0,10,100.0,111.45000166073442,100.0,581.0727097988129,none,19
vehicle.lincoln.mkz2017,212.0514713791468,145.0,176,0.0,10,98.54780324029366,337.30000502616167,59.12868194417619,1273.8734457492828,collisions_vehicle,18
vehicle.lincoln.mkz2017,50.13066670904022,143.0,177,0.0,10,98.42753646834556,258.05000384524465,98.42753646834556,1440.4786489009855,none,17
vehicle.lincoln.mkz2017,9.903743135627703,146.0,177,0.0,10,98.4442162677959,310.2000046223402,98.4442162677959,1753.1749861240387,none,3
vehicle.lincoln.mkz2017,147.88777250643483,,177,0.0,10,0.0,0.1500000022351741,0.0,1.1581828594207764,collisions_vehicle,0
vehicle.lincoln.mkz2017,132.45084750914103,149.0,177,0.0,10,98.89076641371044,229.10000341385603,98.89076641371044,998.3658902645112,none,10
vehicle.lincoln.mkz2017,175.46213915057518,145.0,177,0.0,10,98.91651039616028,255.0000037997961,98.91651039616028,1157.0153501033783,none,14
vehicle.lincoln.mkz2017,146.50222051911055,145.0,177,0.0,10,100.0,186.6500027813017,100.0,796.7578086853027,none,15
vehicle.lincoln.mkz2017,97.78918153678758,145.0,177,0.0,10,100.0,24.25000036135316,100.0,111.78075075149536,none,0
vehicle.lincoln.mkz2017,84.7644301521923,145.0,177,0.0,10,100.0,174.60000260174274,100.0,897.2138714790344,none,14
vehicle.lincoln.mkz2017,138.25085451995548,145.0,177,0.0,10,98.54406625827583,328.5500048957765,98.54406625827583,1191.332495689392,none,0
vehicle.lincoln.mkz2017,207.01921297077124,137.0,177,0.0,11,100.0,117.9000017568469,100.0,784.0314016342163,none,0
vehicle.lincoln.mkz2017,82.7731237397857,133.0,177,0.0,11,0.4175050080506854,34.85000051930547,0.2922535056354798,205.5525062084198,red_light,1
vehicle.lincoln.mkz2017,178.9391330373126,134.0,177,0.0,11,98.31287360840916,302.05000450089574,98.31287360840916,1963.45133304596,none,2
vehicle.lincoln.mkz2017,238.10978756392848,132.0,177,0.0,11,100.0,317.2000047266484,100.0,2102.043107748032,none,3
vehicle.lincoln.mkz2017,223.3329029008772,135.0,177,0.0,11,100.0,382.9000057056546,100.0,2692.268652677536,none,1
vehicle.lincoln.mkz2017,167.56487086493937,135.0,177,0.0,11,100.0,85.15000126883388,100.0,668.7651970386505,none,4
vehicle.lincoln.mkz2017,194.9718798637444,134.0,177,0.0,11,98.34239665051068,383.5500057153404,68.83967765535748,2547.100539684296,red_light,5
vehicle.lincoln.mkz2017,115.88590957775584,128.0,177,0.0,11,100.0,72.90000108629465,100.0,534.5522215366364,none,6
vehicle.lincoln.mkz2017,43.096043644042815,134.0,177,0.0,11,98.6899787315706,353.5000052675605,98.6899787315706,2644.07208275795,none,3
vehicle.lincoln.mkz2017,58.63827134877027,,177,0.0,11,0.0,0.050000000745058,0.0,0.0406489372253418,red_light,1
vehicle.lincoln.mkz2017,77.26589929384768,132.0,177,0.0,11,98.09710909354682,205.9500030688941,58.85826545612809,1453.801692485809,collisions_vehicle,6
vehicle.lincoln.mkz2017,162.78504929646405,134.0,177,0.0,11,62.67771993224905,443.7500066123903,62.67771993224905,2855.702903270721,none,4
vehicle.lincoln.mkz2017,198.33133495156537,138.0,177,0.0,11,100.0,172.10000256448984,100.0,1351.8797857761383,none,7
vehicle.lincoln.mkz2017,101.61206212778252,135.0,177,0.0,11,98.53154988978852,324.70000483840704,98.53154988978852,1985.2361800670624,none,8
vehicle.lincoln.mkz2017,114.14997116258075,132.0,177,0.0,11,23.41528119529404,148.45000221207738,16.390696836705825,931.4640018939972,red_light,8
vehicle.lincoln.mkz2017,89.85816825817592,128.0,177,0.0,11,96.97096206561318,346.85000516846776,96.97096206561318,2410.947816848755,none,3
vehicle.lincoln.mkz2017,117.1820118020656,134.0,176,0.0,11,100.0,77.90000116080046,100.0,493.2583267688751,none,5
vehicle.lincoln.mkz2017,124.7108900544878,134.0,177,0.0,11,98.65956443853844,555.3000082746148,98.65956443853844,3630.984187602997,none,6
vehicle.lincoln.mkz2017,97.85226981529962,139.0,177,0.0,11,1.0024748169641648,78.75000117346644,0.7017323718749153,494.5902569293976,red_light,9
vehicle.lincoln.mkz2017,152.4820958031289,133.0,177,0.0,11,31.55336618182008,105.85000157728793,22.08735632727405,751.0833075046539,red_light,2
vehicle.lincoln.mkz2017,273.33199613203595,132.0,177,0.0,11,1.0257244295881418,168.40000250935557,0.7180071007116993,1047.1869490146637,red_light,8
vehicle.lincoln.mkz2017,174.53322915148334,134.0,176,0.0,11,100.0,93.65000139549376,100.0,659.28378033638,none,5
vehicle.lincoln.mkz2017,56.30132988530262,134.0,177,0.0,11,58.92631410240011,59.30000088363886,35.35578846144006,446.6005785465241,collisions_vehicle,10
vehicle.lincoln.mkz2017,187.8028807307963,129.0,177,0.0,11,98.91964777716244,350.70000522583723,98.91964777716244,2184.8777508735657,none,7
vehicle.lincoln.mkz2017,148.57995264526733,137.0,177,0.0,11,97.95498221243028,561.9000083729625,97.95498221243028,3362.372015476227,none,3
vehicle.lincoln.mkz2017,67.64448743494455,135.0,177,0.0,11,97.8667075132946,213.95000318810344,97.8667075132946,1569.8715164661407,none,1
vehicle.lincoln.mkz2017,247.34437197628097,136.0,177,0.0,11,100.0,176.40000262856483,100.0,1305.2484912872314,none,9
vehicle.lincoln.mkz2017,185.99463978365304,133.0,177,0.0,11,100.0,74.30000110715628,100.0,461.08655643463135,none,11
vehicle.lincoln.mkz2017,50.992664209856144,133.0,176,0.0,11,97.60131150409408,237.05000353232023,97.60131150409408,1804.7126860618591,none,12
vehicle.lincoln.mkz2017,80.77520493729264,135.0,176,0.0,11,31.842646728029248,158.05000235512853,19.105588036817547,1084.5240874290466,collisions_vehicle,2
vehicle.lincoln.mkz2017,154.22773630668453,132.0,176,0.0,11,100.0,101.40000151097776,100.0,733.8306260108948,none,8
vehicle.lincoln.mkz2017,81.18335428520193,135.0,177,0.0,11,96.88424732039968,424.0500063188374,96.88424732039968,2959.1096267700195,none,13
vehicle.lincoln.mkz2017,126.51974353648706,132.0,177,0.0,11,27.02813942687136,27.450000409036875,18.919697598809947,166.90845227241516,red_light,1
vehicle.lincoln.mkz2017,275.5098342056596,137.0,177,0.0,11,100.0,164.0500024445355,100.0,1074.2867450714111,none,12
vehicle.lincoln.mkz2017,161.0705508614438,135.0,177,0.0,11,100.0,92.20000137388706,100.0,641.6143507957458,none,8
vehicle.lincoln.mkz2017,212.21998513514657,136.0,177,0.0,11,11.618400398877082,12.450000185519457,6.971040239326249,85.16708588600159,collisions_vehicle,14
vehicle.lincoln.mkz2017,92.67208641879182,133.0,177,0.0,11,100.0,36.30000054091215,100.0,255.92212176322937,none,13
vehicle.lincoln.mkz2017,155.64995003145023,134.0,177,0.0,11,98.08216790377251,286.65000427141786,98.08216790377251,1752.9023756980896,none,13
vehicle.lincoln.mkz2017,168.14150198346732,139.0,177,0.0,11,98.99654994604212,426.0500063486397,98.99654994604212,2989.441041707993,none,8
vehicle.lincoln.mkz2017,135.6931039120751,135.0,176,0.0,11,100.0,200.7500029914081,100.0,1313.7328431606293,none,12
vehicle.lincoln.mkz2017,121.9713958242025,132.0,177,0.0,11,100.0,97.60000145435332,100.0,728.7624046802521,none,15
vehicle.lincoln.mkz2017,90.0830794673052,136.0,177,0.0,11,98.89936837462136,326.95000487193465,98.89936837462136,2046.7624480724328,none,14
vehicle.lincoln.mkz2017,71.692100036983,136.0,176,0.0,11,100.0,305.95000455901027,100.0,2079.8241305351257,none,14
vehicle.lincoln.mkz2017,195.33833164299287,135.0,177,0.0,11,100.0,173.65000258758664,100.0,1215.7833893299105,none,13
vehicle.lincoln.mkz2017,96.40022461549356,132.0,177,0.0,11,100.0,277.9000041410327,100.0,2198.0377616882324,none,5
vehicle.lincoln.mkz2017,151.55090419619987,136.0,177,0.0,11,100.0,112.40000167489052,100.0,753.3220872879028,none,11
vehicle.lincoln.mkz2017,185.7261592234176,141.0,177,0.0,11,100.0,289.40000431239605,100.0,1974.2167212963104,none,4
vehicle.lincoln.mkz2017,141.90401885803934,135.0,176,0.0,11,49.12654314717351,88.80000132322311,34.388580203021455,576.4274768829346,red_light,1
vehicle.lincoln.mkz2017,159.02180304401404,134.0,177,0.0,11,98.71864427457284,227.300003387034,98.71864427457284,1621.769243478775,none,1
vehicle.lincoln.mkz2017,69.93839879481226,136.0,177,0.0,11,100.0,66.45000099018216,100.0,495.3699462413788,none,14
vehicle.lincoln.mkz2017,222.93380901648845,137.0,177,0.0,11,100.0,246.35000367090103,100.0,1706.2485163211825,none,3
vehicle.lincoln.mkz2017,237.9464389452768,133.0,177,0.0,11,100.0,200.7500029914081,100.0,1338.2854883670807,none,16
vehicle.lincoln.mkz2017,200.10978739194945,138.0,177,0.0,11,100.0,78.70000117272139,100.0,588.7552855014801,none,17
vehicle.lincoln.mkz2017,139.8224897592828,134.0,176,0.0,11,21.29089812309394,123.25000183656812,14.903628686165757,737.454428434372,red_light,2
vehicle.lincoln.mkz2017,129.7494968599369,135.0,177,0.0,11,98.8734028750708,304.6500045396388,98.8734028750708,2193.349893808365,none,3
vehicle.lincoln.mkz2017,59.98171397690685,129.0,177,0.0,11,100.0,22.15000033006072,100.0,154.57715392112732,none,5
vehicle.lincoln.mkz2017,164.30197183978018,136.0,176,0.0,11,100.0,65.90000098198652,100.0,411.6638193130493,none,18
vehicle.lincoln.mkz2017,135.3497162420629,134.0,176,0.0,11,98.45925128322334,287.7000042870641,98.45925128322334,1725.2350554466248,none,7
vehicle.lincoln.mkz2017,85.66889046054116,134.0,177,0.0,11,100.0,41.45000061765313,100.0,325.5635106563568,none,19
vehicle.lincoln.mkz2017,62.57769689198829,137.0,177,0.0,11,98.3301459175778,723.0500107742846,98.3301459175778,4947.850975036621,none,14
vehicle.lincoln.mkz2017,209.0502379953276,133.0,177,0.0,11,100.0,110.70000164955854,100.0,761.7964560985565,none,7
vehicle.lincoln.mkz2017,109.91696340852243,134.0,177,0.0,11,100.0,78.70000117272139,100.0,580.366840839386,none,20
vehicle.lincoln.mkz2017,112.25633952510816,135.0,177,0.0,11,100.0,146.40000218153,100.0,1003.540512561798,none,11
vehicle.lincoln.mkz2017,113.50148540809884,129.0,177,0.0,11,100.0,69.90000104159117,100.0,446.6515164375305,none,8
vehicle.lincoln.mkz2017,245.14782311563644,137.0,176,0.0,11,98.02592793562016,501.4500074721873,98.02592793562016,3233.272846221924,none,18
vehicle.lincoln.mkz2017,250.12245508861588,133.0,177,0.0,11,100.0,186.000002771616,100.0,1238.2827987670898,none,14
vehicle.lincoln.mkz2017,54.506131352703086,130.0,177,0.0,11,98.80577142427067,286.20000426471233,98.80577142427067,1789.7975902557373,none,14
vehicle.lincoln.mkz2017,132.2912577005324,137.0,177,0.0,11,100.0,182.3500027172268,100.0,1325.5379555225372,none,18
vehicle.lincoln.mkz2017,84.74849002285849,140.0,177,0.0,11,3.402231514424797,196.45000292733312,3.402231514424797,1252.734278678894,none,9
vehicle.lincoln.mkz2017,152.37286603245602,136.0,177,0.0,11,100.0,54.15000080689788,100.0,430.0157024860382,none,9
vehicle.lincoln.mkz2017,170.35434195336265,139.0,177,0.0,11,100.0,119.90000178664924,100.0,836.4646780490875,none,4
vehicle.lincoln.mkz2017,135.50261038028492,136.0,177,0.0,11,100.0,231.30000344663856,100.0,1741.4108641147614,none,20
vehicle.lincoln.mkz2017,184.08247304405248,139.0,177,0.0,11,80.10297598788331,138.00000205636024,48.06178559272998,902.394483089447,collisions_vehicle,5
vehicle.lincoln.mkz2017,185.4022201237888,136.0,177,0.0,11,71.78527582516911,188.1000028029084,50.249693077618375,1230.8454411029816,red_light,6
vehicle.lincoln.mkz2017,262.73995804947594,131.0,177,0.0,11,98.84994890665476,382.5500057004392,98.84994890665476,2404.933520555496,none,0
vehicle.lincoln.mkz2017,128.95913185645716,130.0,177,0.0,11,97.64275447337164,285.6500042565167,97.64275447337164,1705.661339759827,none,2
vehicle.lincoln.mkz2017,157.49129412890363,135.0,176,0.0,11,100.0,50.65000075474381,100.0,327.0118944644928,none,13
vehicle.lincoln.mkz2017,105.84117500426734,132.0,177,0.0,11,100.0,63.45000094547868,100.0,466.4907853603363,none,9
vehicle.lincoln.mkz2017,106.08523701555264,133.0,177,0.0,11,100.0,227.8500033952296,100.0,1700.2690694332125,none,0
vehicle.lincoln.mkz2017,134.9649352416446,134.0,177,0.0,11,100.0,175.35000261291862,100.0,1158.5751707553864,none,20
vehicle.lincoln.mkz2017,133.9996692194524,133.0,177,0.0,11,100.0,28.250000420957804,100.0,195.6180763244629,none,2
vehicle.lincoln.mkz2017,188.62217081727417,133.0,176,0.0,11,100.0,147.1000021919608,100.0,957.4306683540344,none,8
vehicle.lincoln.mkz2017,56.72804923831599,132.0,177,0.0,11,100.0,276.7500041238964,100.0,1976.9031777381897,none,20
vehicle.lincoln.mkz2017,55.99933212657137,134.0,177,0.0,11,100.0,13.600000202655792,100.0,98.52981352806091,none,12
vehicle.lincoln.mkz2017,77.74474012433396,140.0,177,0.0,11,97.90587995796942,237.30000353604555,97.90587995796942,2151.0833768844604,none,9
vehicle.lincoln.mkz2017,201.47522325688308,,177,0.0,11,0.0,0.050000000745058,0.0,0.0376882553100585,red_light,0
vehicle.lincoln.mkz2017,57.91582883374336,134.0,177,0.0,11,100.0,102.55000152811408,100.0,674.3381147384644,none,20
vehicle.lincoln.mkz2017,233.5059863989048,140.0,176,0.0,11,100.0,161.95000241324306,100.0,1267.3905282020569,none,19
vehicle.lincoln.mkz2017,136.38078640210082,135.0,176,0.0,11,98.59479085193094,420.7500062696636,98.59479085193094,2816.409057855606,none,17
vehicle.lincoln.mkz2017,64.84443288939383,136.0,176,0.0,11,100.0,178.9500026665628,100.0,1368.5648574829102,none,9
vehicle.lincoln.mkz2017,63.51635132231508,137.0,176,0.0,11,100.0,36.20000053942204,100.0,278.69433546066284,none,2
vehicle.lincoln.mkz2017,147.48200195171145,134.0,177,0.0,11,36.024275102407394,126.40000188350676,25.21699257168517,826.0817420482635,red_light,20
vehicle.lincoln.mkz2017,217.51892947055245,138.0,177,0.0,11,0.1742981948761061,180.05000268295407,0.1742981948761061,1123.363960504532,none,1
vehicle.lincoln.mkz2017,190.8164069727564,130.0,177,0.0,11,100.0,118.850001771003,100.0,808.7140583992004,none,5
vehicle.lincoln.mkz2017,254.1060713159461,130.0,177,0.0,11,98.04729221436868,327.80000488460064,98.04729221436868,2095.9732434749603,none,8
vehicle.lincoln.mkz2017,165.2617979987117,135.0,177,0.0,11,98.79958644037671,476.5000071004033,98.79958644037671,3144.6611099243164,none,1
vehicle.lincoln.mkz2017,149.99601064107898,135.0,176,0.0,11,100.0,186.3000027760864,100.0,1244.7087976932526,none,14
vehicle.lincoln.mkz2017,71.50994652828354,133.0,177,0.0,11,97.12759227191592,283.0500042177737,97.12759227191592,1751.0583674907684,none,19
vehicle.lincoln.mkz2017,135.46155381851938,139.0,177,0.0,11,100.0,189.35000282153487,100.0,1215.6585211753843,none,14
vehicle.lincoln.mkz2017,156.79689825163248,136.0,177,0.0,11,100.0,87.65000130608678,100.0,674.0431778430939,none,1
vehicle.lincoln.mkz2017,83.13450328178256,135.0,177,0.0,11,100.0,30.300000451505184,100.0,187.4103286266327,none,17
vehicle.lincoln.mkz2017,250.78999932384824,134.0,177,0.0,11,100.0,438.4500065334141,100.0,2890.90323638916,none,10
vehicle.lincoln.mkz2017,114.62667096986732,136.0,177,0.0,11,98.71324752952351,412.8500061519444,98.71324752952351,3146.157342672348,none,2
vehicle.lincoln.mkz2017,63.43423489382118,,177,0.0,11,0.0,0.050000000745058,0.0,0.0507545471191406,red_light,9
vehicle.lincoln.mkz2017,192.3656901274608,135.0,176,0.0,11,100.0,187.8500027991832,100.0,1346.690007686615,none,3
vehicle.lincoln.mkz2017,209.0900054293799,134.0,177,0.0,11,84.15046773769636,169.85000253096223,42.07523386884818,1291.4123051166534,collisions_pedestrian,7
vehicle.lincoln.mkz2017,70.43334556254084,138.0,177,0.0,11,28.06721181367301,231.1500034444034,28.06721181367301,1633.7965517044067,none,18
vehicle.lincoln.mkz2017,257.85431282278745,134.0,177,0.0,11,100.0,228.15000339969995,100.0,1567.0625607967377,none,13
vehicle.lincoln.mkz2017,163.9999400746265,129.0,177,0.0,11,100.0,72.8500010855496,100.0,520.5495128631592,none,18
vehicle.lincoln.mkz2017,269.2091664486068,135.0,177,0.0,11,100.0,216.4500032253564,100.0,1605.7700855731964,none,0
vehicle.lincoln.mkz2017,171.19559751444055,129.0,177,0.0,11,98.82254586646498,471.6500070281327,98.82254586646498,2926.941730260849,none,8
vehicle.lincoln.mkz2017,98.00128842523004,133.0,177,0.0,11,97.91925337078868,212.1500031612813,97.91925337078868,1424.4112210273745,none,11
vehicle.lincoln.mkz2017,4.00000021027517,135.0,177,0.0,11,100.0,224.30000334233048,100.0,1534.1164526939392,none,13
vehicle.lincoln.mkz2017,251.3352438596285,134.0,177,0.0,11,100.0,185.4500027634204,100.0,1204.3659489154816,none,12
vehicle.lincoln.mkz2017,271.3472965796286,137.0,177,0.0,11,100.0,233.45000347867608,100.0,1822.834784507752,none,9
vehicle.lincoln.mkz2017,126.89068320142172,137.0,177,0.0,11,100.0,112.60000167787076,100.0,921.4309940338136,none,9
vehicle.lincoln.mkz2017,65.17453134346205,133.0,176,0.0,11,98.88364081905956,289.2000043094158,98.88364081905956,1992.056071281433,none,4
vehicle.lincoln.mkz2017,191.8171785347349,135.0,177,0.0,11,100.0,73.200001090765,100.0,594.0704782009125,none,6
vehicle.lincoln.mkz2017,135.53081141470167,132.0,176,0.0,11,100.0,236.80000352859497,100.0,1640.5525450706482,none,9
vehicle.lincoln.mkz2017,159.83405030843176,135.0,177,0.0,11,100.0,161.20000240206718,100.0,1053.227108001709,none,19
vehicle.lincoln.mkz2017,120.04475960989669,131.0,177,0.0,11,100.0,32.100000478327274,100.0,255.3276026248932,none,3
vehicle.lincoln.mkz2017,83.45133697663786,133.0,177,0.0,11,11.4256068006427,131.05000195279715,7.99792476044989,821.7530238628387,red_light,8
vehicle.lincoln.mkz2017,147.97621366078394,134.0,177,0.0,11,0.0,2.400000035762787,0.0,16.490398168563843,red_light,1
vehicle.lincoln.mkz2017,149.18479208755417,137.0,177,0.0,11,100.0,72.35000107809901,100.0,490.11194014549255,none,2
vehicle.lincoln.mkz2017,240.84659042508247,136.0,177,0.0,11,98.81551645519954,718.0000106990337,98.81551645519954,4698.30001616478,none,0
vehicle.lincoln.mkz2017,141.7120253036426,142.0,177,0.0,11,100.0,73.50000109523535,100.0,575.9292070865631,none,7
vehicle.lincoln.mkz2017,134.68550795661574,137.0,177,0.0,11,65.65815334620638,279.900004170835,65.65815334620638,2245.92319393158,none,14
vehicle.lincoln.mkz2017,217.9950009430536,136.0,177,0.0,11,100.0,134.75000200793147,100.0,1098.414088010788,none,6
vehicle.lincoln.mkz2017,140.85397776372758,131.0,177,0.0,11,97.28786977716238,291.2500043399632,97.28786977716238,2188.2092254161835,none,9
vehicle.lincoln.mkz2017,141.17222919562278,131.0,176,0.0,11,100.0,157.65000234916806,100.0,1010.1098365783693,none,5
vehicle.lincoln.mkz2017,57.690003107429895,134.0,176,0.0,11,92.93386586879048,230.05000342801213,92.93386586879048,1527.1217501163485,none,14
vehicle.lincoln.mkz2017,211.56213862926955,140.0,177,0.0,11,100.0,87.35000130161643,100.0,596.6265666484833,none,10
vehicle.lincoln.mkz2017,130.30642004913034,135.0,177,0.0,11,98.3499498751982,528.1000078693032,98.3499498751982,4153.359580993652,none,2
vehicle.lincoln.mkz2017,216.3700031067862,134.0,176,0.0,11,100.0,201.3000029996037,100.0,1483.7847769260406,none,7
vehicle.lincoln.mkz2017,97.7799995055068,133.0,177,0.0,11,100.0,50.65000075474381,100.0,423.8214411735535,none,10
vehicle.lincoln.mkz2017,91.21650580385666,136.0,176,0.0,11,100.0,95.95000142976642,100.0,676.3102889060974,none,1
vehicle.lincoln.mkz2017,153.947210454538,135.0,177,0.0,11,100.0,97.80000145733356,100.0,686.6978895664215,none,12
vehicle.lincoln.mkz2017,119.900140564025,131.0,176,0.0,11,100.0,118.1500017605722,100.0,778.3083307743073,none,11
vehicle.lincoln.mkz2017,238.7324055173933,138.0,177,0.0,11,100.0,130.60000194609165,100.0,929.2600932121276,none,5
vehicle.lincoln.mkz2017,151.87153975210185,138.0,177,0.0,11,100.0,247.70000369101763,100.0,1678.4859817028046,none,20
vehicle.lincoln.mkz2017,247.73842490293512,133.0,177,0.0,11,100.0,156.50000233203173,100.0,1008.4266529083252,none,9
vehicle.lincoln.mkz2017,278.8517179140669,137.0,177,0.0,11,0.4022143055973238,27.400000408291817,0.2815500139181267,237.13734889030457,red_light,10
vehicle.lincoln.mkz2017,13.066559092344626,134.0,177,0.0,11,100.0,152.65000227466226,100.0,1182.4571650028229,none,6
vehicle.lincoln.mkz2017,133.6516813305543,134.0,177,0.0,11,100.0,63.75000094994903,100.0,420.1117441654205,none,6
vehicle.lincoln.mkz2017,115.96521403280724,132.0,177,0.0,11,100.0,144.80000215768814,100.0,1026.9787995815277,none,18
vehicle.lincoln.mkz2017,185.93342229434964,133.0,177,0.0,11,100.0,69.00000102818012,100.0,453.0107185840607,none,18
vehicle.lincoln.mkz2017,167.38486120028512,135.0,176,0.0,11,100.0,43.7500006519258,100.0,302.8440787792206,none,19
vehicle.lincoln.mkz2017,251.15731424878263,135.0,177,0.0,11,23.357673166759486,80.15000119432807,14.014603900055691,624.1344993114471,collisions_vehicle,6
vehicle.lincoln.mkz2017,97.41958226021404,136.0,177,0.0,11,97.9197043147916,388.0500057823956,97.9197043147916,2618.5851414203644,none,11
vehicle.lincoln.mkz2017,54.10762331426994,130.0,177,0.0,11,95.18135602811002,250.15000372752547,95.18135602811002,2051.97220993042,none,2
vehicle.lincoln.mkz2017,121.65021018505978,132.0,176,0.0,11,100.0,98.3500014655292,100.0,644.117538690567,none,12
vehicle.lincoln.mkz2017,218.0465004233209,130.0,176,0.0,11,98.9355391828044,471.2500070221722,98.9355391828044,2842.596426486969,none,1
vehicle.lincoln.mkz2017,136.80629150040426,132.0,177,0.0,11,100.0,53.950000803917646,100.0,394.0061602592468,none,14
vehicle.lincoln.mkz2017,177.63438654998097,137.0,176,0.0,11,100.0,67.25000100210309,100.0,454.9634878635407,none,9
vehicle.lincoln.mkz2017,66.90389832381031,136.0,177,0.0,11,100.0,61.25000091269612,100.0,413.0296411514282,none,4
vehicle.lincoln.mkz2017,273.3407856255807,134.0,177,0.0,11,70.00404576774064,148.15000220760703,49.00283203741844,1059.7253799438477,red_light,18
vehicle.lincoln.mkz2017,98.3758070779555,131.0,177,0.0,11,100.0,54.250000808388,100.0,334.7768213748932,none,20
vehicle.lincoln.mkz2017,75.509947236394,134.0,177,0.0,11,98.6418210123622,203.95000303909185,98.6418210123622,1277.6543889045715,none,7
vehicle.lincoln.mkz2017,215.69296777720123,133.0,177,0.0,11,100.0,274.95000409707427,100.0,1869.4670021533968,none,10
vehicle.lincoln.mkz2017,127.99489155404224,135.0,176,0.0,11,100.0,186.2000027745962,100.0,1280.4606685638428,none,9
vehicle.lincoln.mkz2017,113.54286258512876,135.0,177,0.0,11,100.0,31.850000474601984,100.0,213.93825888633728,none,3
vehicle.lincoln.mkz2017,77.70679167100221,132.0,176,0.0,11,97.90244387343368,280.60000418126583,97.90244387343368,1638.5094499588013,none,0
vehicle.lincoln.mkz2017,128.00041635409687,133.0,177,0.0,11,98.64634197972356,397.1000059172511,98.64634197972356,2879.386312007904,none,3
vehicle.lincoln.mkz2017,63.61396366476734,133.0,177,0.0,11,97.85111675898274,500.5500074587762,97.85111675898274,3700.659107685089,none,8
vehicle.lincoln.mkz2017,210.35719774473657,129.0,177,0.0,11,22.0384995054978,80.90000120550394,15.42694965384846,508.6823935508728,red_light,4
vehicle.lincoln.mkz2017,218.17279493959552,137.0,177,0.0,11,98.63592041019255,349.4000052064657,98.63592041019255,2477.5343310832977,none,9
vehicle.lincoln.mkz2017,114.13830922825704,138.0,177,0.0,11,100.0,99.80000148713587,100.0,661.3796174526215,none,8
vehicle.lincoln.mkz2017,91.5848828385856,139.0,177,0.0,11,100.0,49.100000731647015,100.0,304.0882794857025,none,14
vehicle.lincoln.mkz2017,127.5593661832002,133.0,177,0.0,11,100.0,123.90000184625389,100.0,895.9345314502716,none,11
vehicle.lincoln.mkz2017,153.806218665598,132.0,177,0.0,11,100.0,188.15000280365348,100.0,1374.7266969680786,none,20
vehicle.lincoln.mkz2017,230.50704928789344,131.0,177,0.0,11,100.0,159.0500023700297,100.0,1213.132791519165,none,6
vehicle.lincoln.mkz2017,155.21271208235316,135.0,177,0.0,11,100.0,65.60000097751617,100.0,405.14354276657104,none,5
vehicle.lincoln.mkz2017,68.45236296257079,134.0,177,0.0,11,92.82088173152958,278.05000414326787,92.82088173152958,1740.093320608139,none,16
vehicle.lincoln.mkz2017,289.7189203220309,132.0,177,0.0,11,100.0,148.3000022098422,100.0,987.4310765266418,none,0
vehicle.lincoln.mkz2017,255.72384592595856,136.0,177,0.0,11,98.4621354485116,575.4500085748732,98.4621354485116,3642.137176990509,none,8
vehicle.lincoln.mkz2017,62.44134756354121,137.0,177,0.0,11,96.83319335900794,240.15000357851383,96.83319335900794,1548.5668017864227,none,2
vehicle.lincoln.mkz2017,107.60914881202362,135.0,177,0.0,11,77.41936669586109,66.25000098720193,54.19355668710276,438.5509974956513,red_light,9
vehicle.lincoln.mkz2017,160.69567727484127,135.0,176,0.0,11,100.0,187.5500027947128,100.0,1354.0466628074646,none,13
vehicle.lincoln.mkz2017,84.00000790754952,137.0,176,0.0,11,98.7968916589896,244.00000363588333,98.7968916589896,1578.7726113796234,none,4
vehicle.lincoln.mkz2017,135.98085964910393,133.0,177,0.0,11,100.0,32.25000048056245,100.0,215.4362452030182,none,3
vehicle.lincoln.mkz2017,187.1840081355105,133.0,176,0.0,11,100.0,79.20000118017197,100.0,536.0108819007874,none,10
vehicle.lincoln.mkz2017,198.1508534574193,,177,0.0,11,0.0,0.050000000745058,0.0,0.0516266822814941,red_light,19
vehicle.lincoln.mkz2017,149.37026287944542,141.0,177,0.0,11,100.0,35.450000528246164,100.0,272.1305499076843,none,12
vehicle.lincoln.mkz2017,78.14909887959358,133.0,176,0.0,11,100.0,230.9500034414232,100.0,1534.7468218803406,none,11
vehicle.lincoln.mkz2017,169.63795273239205,139.0,177,0.0,11,100.0,63.250000942498446,100.0,485.5760431289673,none,2
vehicle.lincoln.mkz2017,201.75301977211643,138.0,177,0.0,11,100.0,253.8000037819147,100.0,1892.348023891449,none,2
vehicle.lincoln.mkz2017,84.73965023148577,138.0,177,0.0,11,98.32965986024384,241.85000360384583,98.32965986024384,1855.2963120937347,none,5
vehicle.lincoln.mkz2017,199.61393678283733,137.0,177,0.0,11,98.99712416554785,453.7500067614019,98.99712416554785,3462.9105513095856,none,17
vehicle.lincoln.mkz2017,231.035249317076,138.0,177,0.0,11,100.0,214.25000319257376,100.0,1404.368275642395,none,2
vehicle.lincoln.mkz2017,224.4508093747655,131.0,176,0.0,11,100.0,195.6000029146672,100.0,1531.6155381202698,none,10
vehicle.lincoln.mkz2017,160.59174114741538,135.0,176,0.0,11,100.0,258.2500038482249,100.0,1592.0099365711212,none,14
vehicle.lincoln.mkz2017,175.09000599072704,130.0,177,0.0,11,98.85849985928472,407.2000060677528,98.85849985928472,2727.732468366623,none,3
vehicle.lincoln.mkz2017,105.7259278791228,132.0,177,0.0,11,98.12915969746646,432.0500064380467,98.12915969746646,3570.0591127872467,none,9
vehicle.lincoln.mkz2017,242.25000000600124,142.0,176,0.0,11,100.0,135.200002014637,100.0,916.5966696739196,none,3
vehicle.lincoln.mkz2017,60.41715755173839,133.0,176,0.0,11,96.16653439728157,317.0500047244132,96.16653439728157,2108.241664648056,none,5
vehicle.lincoln.mkz2017,124.26716564462544,137.0,177,0.0,11,96.50175259967718,497.05000740662217,96.50175259967718,2992.9043321609497,none,0
vehicle.lincoln.mkz2017,246.3376246675904,132.0,177,0.0,11,86.35410544340365,282.3000042065978,60.44787381038255,1905.0885767936709,red_light,20
vehicle.lincoln.mkz2017,181.734017212836,134.0,176,0.0,11,100.0,85.20000126957893,100.0,573.9401216506958,none,2
vehicle.lincoln.mkz2017,61.75445811744025,134.0,176,0.0,11,100.0,200.35000298544765,100.0,1546.9401700496674,none,9
vehicle.lincoln.mkz2017,139.14688912305118,135.0,177,0.0,11,94.87090090077557,118.95000177249312,66.40963063054289,855.6129243373871,red_light,15
vehicle.lincoln.mkz2017,92.62465890700264,136.0,177,0.0,11,97.81271937099608,370.0500055141747,97.81271937099608,2515.6573960781097,none,20
vehicle.lincoln.mkz2017,174.25697675114515,137.0,177,0.0,11,100.0,121.10000180453062,100.0,908.1535737514496,none,10
vehicle.lincoln.mkz2017,183.97032391451447,135.0,177,0.0,11,100.0,78.00000116229057,100.0,522.0343098640442,none,9
vehicle.lincoln.mkz2017,202.18308424118496,134.0,177,0.0,11,100.0,100.55000149831176,100.0,658.3736729621887,none,2
vehicle.lincoln.mkz2017,152.86000559795005,133.0,177,0.0,11,100.0,103.55000154301524,100.0,759.525506734848,none,6
vehicle.lincoln.mkz2017,69.96409608455757,133.0,177,0.0,11,97.09018498079612,70.20000104606152,58.25411098847766,464.2742309570313,collisions_vehicle,7
vehicle.lincoln.mkz2017,160.56496478786465,131.0,177,0.0,11,100.0,132.95000198110938,100.0,832.8291099071503,none,8
vehicle.lincoln.mkz2017,144.41420865579255,,177,0.0,11,0.0,0.050000000745058,0.0,0.0440492630004882,red_light,13
vehicle.lincoln.mkz2017,141.2596863076324,138.0,177,0.0,11,100.0,37.45000055804849,100.0,239.5566921234131,none,20
vehicle.lincoln.mkz2017,250.70334896953392,129.0,177,0.0,11,100.0,213.25000317767265,100.0,1372.3414616584778,none,2
vehicle.lincoln.mkz2017,94.00071938021614,131.0,177,0.0,11,97.82848319381148,368.8500054962933,97.82848319381148,2256.432651281357,none,1
vehicle.lincoln.mkz2017,78.52384916000362,139.0,177,0.0,11,98.69613796085704,201.500003002584,98.69613796085704,1198.9252672195437,none,7
vehicle.lincoln.mkz2017,103.99867141155153,132.0,177,0.0,11,100.0,36.15000053867698,100.0,253.7216501235962,none,10
vehicle.lincoln.mkz2017,59.41275985558396,137.0,177,0.0,11,100.0,17.850000265985727,100.0,137.82000637054443,none,0
vehicle.lincoln.mkz2017,220.3460545638561,139.0,177,0.0,11,77.72655456340378,159.5000023767352,46.63593273804226,1098.002282857895,collisions_vehicle,18
vehicle.lincoln.mkz2017,91.16367443389557,137.0,177,0.0,11,100.0,176.60000263154507,100.0,1234.5448350906372,none,0
vehicle.lincoln.mkz2017,126.5800249155539,139.0,177,0.0,11,96.02853159381252,269.4500040151179,67.21997211566877,1905.7550518512728,red_light,13
vehicle.lincoln.mkz2017,115.78998008039962,133.0,177,0.0,11,98.25125939035942,421.7000062838197,98.25125939035942,2549.33998298645,none,13
vehicle.lincoln.mkz2017,199.0611845425313,132.0,177,0.0,11,100.0,70.75000105425715,100.0,462.84810185432434,none,5
vehicle.lincoln.mkz2017,39.51298327846472,134.0,177,0.0,11,98.8128362068459,375.7000055983663,98.8128362068459,2566.148360729217,none,0
vehicle.lincoln.mkz2017,134.82516645917676,135.0,177,0.0,11,100.0,144.35000215098262,100.0,907.1462500095367,none,5
vehicle.lincoln.mkz2017,176.04473564672733,132.0,177,0.0,11,100.0,211.70000315457585,100.0,1589.8744966983795,none,4
vehicle.lincoln.mkz2017,97.46146430176618,133.0,176,0.0,11,100.0,46.65000069513917,100.0,286.4895224571228,none,8
vehicle.lincoln.mkz2017,85.01128944107964,129.0,177,0.0,11,97.504928053139,397.850005928427,97.504928053139,2864.966544628144,none,5
vehicle.lincoln.mkz2017,84.2791168394927,135.0,177,0.0,11,0.4223035829214427,100.05000149086118,0.2956125080450099,653.1067423820496,red_light,20
vehicle.lincoln.mkz2017,67.53636251445108,131.0,176,0.0,11,100.0,160.20000238716602,100.0,1165.0866446495056,none,3
vehicle.lincoln.mkz2017,167.99996240809642,137.0,176,0.0,11,98.80324090345952,295.25000439956784,98.80324090345952,1914.9472103118896,none,16
vehicle.lincoln.mkz2017,193.7218500399844,134.0,177,0.0,11,100.0,228.5500034056604,100.0,1671.3653905391693,none,4
vehicle.lincoln.mkz2017,141.12593610356925,138.0,177,0.0,11,98.83573022480492,323.1000048145652,98.83573022480492,2011.282999753952,none,8
vehicle.lincoln.mkz2017,109.3971503213479,133.0,177,0.0,11,52.5306851227024,118.30000176280736,36.77147958589168,746.4374644756317,red_light,11
vehicle.lincoln.mkz2017,148.92514730795034,134.0,177,0.0,11,53.911734409109535,87.80000130832195,37.73821408637667,592.3811430931091,red_light,2
vehicle.lincoln.mkz2017,158.68891930218643,138.0,177,0.0,11,100.0,153.25000228360295,100.0,1135.3608198165894,none,6
vehicle.lincoln.mkz2017,76.90635351557887,134.0,177,0.0,11,100.0,68.60000102221966,100.0,446.948221206665,none,0
vehicle.lincoln.mkz2017,186.62042559656945,135.0,176,0.0,11,96.55499481537188,489.4000072926283,96.55499481537188,3111.38582611084,none,9
vehicle.lincoln.mkz2017,222.385490044924,135.0,176,0.0,11,32.06930244581431,59.30000088363886,22.44851171207001,457.4931447505951,red_light,17
vehicle.lincoln.mkz2017,178.23508386477212,135.0,177,0.0,11,100.0,177.6500026471913,100.0,1343.1329731941223,none,20
vehicle.lincoln.mkz2017,78.0000161598569,133.0,176,0.0,11,100.0,53.450000796467066,100.0,446.13922095298767,none,15
vehicle.lincoln.mkz2017,118.8098843933318,135.0,177,0.0,11,48.62393453704821,273.80000407993793,48.62393453704821,2011.3187346458435,none,6
vehicle.lincoln.mkz2017,179.964561912339,132.0,177,0.0,11,97.40814634633664,233.2000034749508,68.18570244243564,1469.6294932365415,red_light,0
vehicle.lincoln.mkz2017,169.5013052937602,132.0,177,0.0,11,100.0,142.100002117455,100.0,925.1695210933684,none,15
vehicle.lincoln.mkz2017,132.53723393111662,137.0,177,0.0,11,98.91391045774397,551.8500082232058,98.91391045774397,3401.824924468994,none,10
vehicle.lincoln.mkz2017,165.70690746680884,135.0,177,0.0,11,97.57162049962513,437.7500065229833,97.57162049962513,2929.146706342697,none,8
vehicle.lincoln.mkz2017,242.2096374248703,136.0,177,0.0,11,17.24649379449906,211.1000031456352,17.24649379449906,1751.283320426941,none,16
vehicle.lincoln.mkz2017,243.72050897647105,134.0,177,0.0,11,0.0,300.95000448450446,0.0,2524.298101425171,none,15
vehicle.lincoln.mkz2017,172.47023603808037,139.0,177,0.0,11,100.0,221.5000033006072,100.0,1408.3563315868378,none,3
vehicle.lincoln.mkz2017,215.6713346003968,138.0,177,0.0,11,100.0,140.15000208839774,100.0,1010.1852648258208,none,7
vehicle.lincoln.mkz2017,117.5310984930196,132.0,177,0.0,11,100.0,74.80000111460686,100.0,705.0641012191772,none,4
vehicle.lincoln.mkz2017,236.0266182942848,138.0,177,0.0,11,86.65776180010182,50.50000075250864,51.994657080061096,326.0325016975403,collisions_vehicle,4
vehicle.lincoln.mkz2017,91.7189155740634,133.0,177,0.0,11,98.68505569313108,305.50000455230474,98.68505569313108,2371.775771141052,none,12
vehicle.lincoln.mkz2017,98.37931889628884,134.0,177,0.0,11,20.58383195025233,29.50000043958425,14.40868236517663,196.59249472618103,red_light,20
vehicle.lincoln.mkz2017,97.61171908771536,137.0,176,0.0,11,100.0,54.65000081434846,100.0,428.841126203537,none,19
vehicle.lincoln.mkz2017,170.68055255753555,134.0,177,0.0,11,98.9914335547942,473.650007057935,98.9914335547942,3194.3065905570984,none,12
vehicle.lincoln.mkz2017,88.80355356292397,130.0,177,0.0,11,100.0,82.5000012293458,100.0,526.6406049728394,none,15
vehicle.lincoln.mkz2017,85.49173440828262,132.0,177,0.0,11,100.0,168.85000251606107,100.0,1159.5237622261047,none,9
vehicle.lincoln.mkz2017,110.76065795970584,131.0,176,0.0,11,100.0,126.8500018902123,100.0,889.8729493618011,none,5
vehicle.lincoln.mkz2017,177.8571279682478,137.0,177,0.0,11,98.8616830538816,472.5500070415437,98.8616830538816,2960.273686647415,none,7
vehicle.lincoln.mkz2017,81.9999806667819,134.0,176,0.0,11,100.0,31.350000467151403,100.0,210.32544541358948,none,6
vehicle.lincoln.mkz2017,62.717139549735016,131.0,177,0.0,11,100.0,144.30000215023756,100.0,1103.6899409294128,none,12
vehicle.lincoln.mkz2017,181.206637504591,131.0,177,0.0,11,100.0,60.65000090375543,100.0,384.3643641471863,none,11
vehicle.lincoln.mkz2017,192.1228271723634,133.0,177,0.0,11,100.0,74.25000110641122,100.0,501.5296013355255,none,10
vehicle.lincoln.mkz2017,235.9040388418787,136.0,177,0.0,11,100.0,183.80000273883343,100.0,1250.045602798462,none,8
vehicle.lincoln.mkz2017,156.17705486881516,134.0,176,0.0,11,100.0,134.0000019967556,100.0,893.0410249233246,none,1
vehicle.lincoln.mkz2017,203.43585952739693,134.0,177,0.0,11,100.0,201.40000300109384,100.0,1314.016589164734,none,17
vehicle.lincoln.mkz2017,111.219846834658,134.0,177,0.0,11,100.0,57.600000858306885,100.0,366.2189567089081,none,12
vehicle.lincoln.mkz2017,234.6213070717789,132.0,177,0.0,11,100.0,124.45000185444952,100.0,804.644998550415,none,19
vehicle.lincoln.mkz2017,123.1801075207984,129.0,177,0.0,11,98.13781862916954,339.2000050544739,98.13781862916954,2374.2456266880035,none,10
vehicle.lincoln.mkz2017,50.35727855555831,135.0,177,0.0,11,100.0,55.05000082030893,100.0,388.7887885570526,none,19
vehicle.lincoln.mkz2017,89.66100072719145,130.0,177,0.0,11,100.0,117.10000174492598,100.0,839.3478536605835,none,5
vehicle.lincoln.mkz2017,138.3080047843275,133.0,177,0.0,11,98.53862518089711,304.3000045344233,98.53862518089711,2418.420203447342,none,10
vehicle.lincoln.mkz2017,226.40089809172488,134.0,177,0.0,11,98.95083668690178,356.4500053115189,98.95083668690178,2731.433485507965,none,5
vehicle.lincoln.mkz2017,152.83714049296856,139.0,177,0.0,11,100.0,118.70000176876783,100.0,902.9037518501282,none,14
vehicle.lincoln.mkz2017,173.2256221408636,144.0,177,0.0,11,100.0,202.40000301599505,100.0,1502.8130052089691,none,9
vehicle.lincoln.mkz2017,135.01133770819789,132.0,177,0.0,11,100.0,87.25000130012631,100.0,663.8999383449554,none,19
vehicle.lincoln.mkz2017,188.14687270246912,132.0,176,0.0,11,40.00920020642437,74.60000111162663,28.00644014449706,487.158771276474,red_light,15
vehicle.lincoln.mkz2017,44.18144665181526,138.0,177,0.0,11,100.0,211.1000031456352,100.0,1496.6439089775083,none,16
vehicle.lincoln.mkz2017,30.31612559092024,133.0,177,0.0,11,40.18516513001676,50.90000075846911,24.111099078010053,358.3893043994904,collisions_vehicle,2
vehicle.lincoln.mkz2017,82.52403395916362,129.0,177,0.0,11,95.39362544691988,304.3500045351684,95.39362544691988,2262.5153312683105,none,16
vehicle.lincoln.mkz2017,220.05331647310825,130.0,177,0.0,11,100.0,128.0500019080937,100.0,832.6759116649628,none,11
vehicle.lincoln.mkz2017,84.29327349453786,132.0,177,0.0,11,100.0,39.050000581890345,100.0,278.4671564102173,none,6
vehicle.lincoln.mkz2017,135.56536383854268,133.0,177,0.0,11,98.2588723142931,278.45000414922833,98.2588723142931,1959.631014585495,none,4
vehicle.lincoln.mkz2017,227.06584469435467,135.0,176,0.0,11,86.68554085498455,185.2500027604401,60.67987859848918,1273.3700370788574,red_light,19
vehicle.lincoln.mkz2017,92.66999869677429,133.0,177,0.0,11,98.91053334915917,261.4500038959086,98.91053334915917,1727.060242652893,none,1
vehicle.lincoln.mkz2017,153.7799770326952,130.0,177,0.0,11,98.68669923362782,285.5500042550266,98.68669923362782,1876.0663893222809,none,3
vehicle.lincoln.mkz2017,136.68384612986242,135.0,177,0.0,11,100.0,83.55000124499202,100.0,605.1346921920776,none,19
vehicle.lincoln.mkz2017,56.77745733053168,131.0,177,0.0,11,96.28267389972451,219.05000326409936,96.28267389972451,1457.5388510227203,none,14
vehicle.lincoln.mkz2017,140.29320998810496,133.0,177,0.0,11,100.0,337.5000050291419,100.0,2152.29004073143,none,18
vehicle.lincoln.mkz2017,130.61080761316128,136.0,177,0.0,11,100.0,256.9000038281083,100.0,1862.7756514549253,none,2
vehicle.lincoln.mkz2017,109.97205490190288,136.0,176,0.0,11,8.517526071708785,8.450000125914812,5.110515643025271,58.30537438392639,collisions_vehicle,3
vehicle.lincoln.mkz2017,190.57421685215644,131.0,177,0.0,11,100.0,62.10000092536211,100.0,473.64221000671387,none,19
vehicle.lincoln.mkz2017,161.24031255030107,135.0,177,0.0,11,100.0,154.05000229552388,100.0,1256.4175004959106,none,19
vehicle.lincoln.mkz2017,212.0514713791468,135.0,176,0.0,11,98.54780324029366,497.8000074177981,98.54780324029366,3163.7504720687866,none,18
vehicle.lincoln.mkz2017,50.13066670904022,131.0,177,0.0,11,100.0,14.500000216066836,100.0,95.06880140304564,none,17
vehicle.lincoln.mkz2017,9.903743135627703,138.0,177,0.0,11,98.4442162677959,293.70000437647104,98.4442162677959,2159.716467857361,none,3
vehicle.lincoln.mkz2017,147.88777250643483,135.0,177,0.0,11,100.0,115.15000171586873,100.0,890.4426302909851,none,0
vehicle.lincoln.mkz2017,132.45084750914103,130.0,177,0.0,11,98.89076641371044,262.00000390410423,98.89076641371044,1779.5138485431671,none,10
vehicle.lincoln.mkz2017,175.46213915057518,135.0,177,0.0,11,98.91651039616028,253.90000378340483,98.91651039616028,1655.2998847961426,none,14
vehicle.lincoln.mkz2017,146.50222051911055,131.0,177,0.0,11,100.0,182.80000272393227,100.0,1298.8146822452543,none,15
vehicle.lincoln.mkz2017,97.78918153678758,135.0,177,0.0,11,100.0,25.450000379234552,100.0,200.65102171897888,none,0
vehicle.lincoln.mkz2017,84.7644301521923,139.0,177,0.0,11,100.0,218.70000325888395,100.0,1656.8106546401978,none,14
vehicle.lincoln.mkz2017,138.25085451995548,138.0,177,0.0,11,98.54406625827583,373.80000557005405,98.54406625827583,2305.794046401977,none,0
