ego_vehicle,route_length,pedestrians,npc_vehicles,outside_route_lanes,carla_version,completion_score,simulation_time,driving_score,system_time,infraction,weather
vehicle.bmw.isetta,207.01921297077124,141.0,177,0,10,100.0,114.40000170469284,100.0,428.0753593444824,none,0
vehicle.bmw.isetta,82.7731237397857,145.0,177,0,10,100.0,147.3500021956861,100.0,675.2462112903595,none,1
vehicle.bmw.isetta,178.9391330373126,144.0,177,0,10,100.0,82.70000123232603,100.0,342.8726530075073,none,2
vehicle.bmw.isetta,238.10978756392848,144.0,177,0,10,100.0,100.95000150427222,100.0,430.044704914093,none,3
vehicle.bmw.isetta,223.3329029008772,143.0,177,0,10,100.0,194.1000028923154,100.0,899.2173676490784,none,1
vehicle.bmw.isetta,167.56487086493937,145.0,177,0,10,100.0,84.75000126287341,100.0,370.27134370803833,none,4
vehicle.bmw.isetta,194.9718798637444,145.0,177,0,10,98.7442561934532,412.500006146729,98.7442561934532,1638.5952155590055,none,5
vehicle.bmw.isetta,115.88590957775584,142.0,177,0,10,100.0,36.75000054761768,100.0,153.07884764671326,none,6
vehicle.bmw.isetta,43.096043644042815,140.0,177,0,10,100.0,204.75000305101275,100.0,924.9378452301024,none,3
vehicle.bmw.isetta,58.63827134877027,,177,0,10,0.0,0.050000000745058,0.0,0.4096448421478271,red_light,1
vehicle.bmw.isetta,77.26589929384768,143.0,177,0,10,94.29132728064047,102.95000153407454,66.00392909644833,412.5409243106842,red_light,6
vehicle.bmw.isetta,162.78504929646405,147.0,177,0,10,100.0,164.85000245645642,100.0,612.2394144535065,none,4
vehicle.bmw.isetta,198.33133495156537,140.0,177,0,10,100.0,133.50000198930502,100.0,589.2721524238586,none,7
vehicle.bmw.isetta,101.61206212778252,146.0,177,0,10,100.0,78.25000116601586,100.0,284.8962404727936,none,8
vehicle.bmw.isetta,114.14997116258075,144.0,177,0,10,100.0,148.6500022150576,100.0,546.045538187027,none,8
vehicle.bmw.isetta,89.85816825817592,146.0,177,0,10,95.32920477938252,263.7000039294362,95.32920477938252,1082.632685422897,none,3
vehicle.bmw.isetta,117.1820118020656,145.0,176,0,10,100.0,125.35000186786056,100.0,439.5845010280609,none,5
vehicle.bmw.isetta,124.7108900544878,146.0,177,0,10,100.0,100.70000150054692,100.0,340.2405741214752,none,6
vehicle.bmw.isetta,97.85226981529962,141.0,177,0,10,100.0,215.00000320374969,100.0,1117.1859765052795,none,9
vehicle.bmw.isetta,152.4820958031289,142.0,177,0,10,100.0,74.70000111311674,100.0,295.22293305397034,none,2
vehicle.bmw.isetta,273.33199613203595,146.0,177,0,10,100.0,292.4500043578446,100.0,1127.2620024681091,none,8
vehicle.bmw.isetta,174.53322915148334,147.0,176,0,10,100.0,126.45000188425183,100.0,501.9427309036255,none,5
vehicle.bmw.isetta,56.30132988530262,141.0,177,0,10,100.0,78.90000117570162,100.0,310.46957778930664,none,10
vehicle.bmw.isetta,187.8028807307963,148.0,177,0,10,97.27652706649673,411.10000612586737,97.27652706649673,1348.5738854408264,none,7
vehicle.bmw.isetta,148.57995264526733,144.0,177,0,10,100.0,77.05000114813447,100.0,287.36309933662415,none,3
vehicle.bmw.isetta,67.64448743494455,142.0,177,0,10,100.0,23.75000035390258,100.0,83.9977297782898,none,1
vehicle.bmw.isetta,247.34437197628097,146.0,177,0,10,100.0,226.1000033691525,100.0,862.4031457901001,none,9
vehicle.bmw.isetta,185.99463978365304,143.0,177,0,10,100.0,50.30000074952841,100.0,181.0652527809143,none,11
vehicle.bmw.isetta,50.992664209856144,146.0,177,0,10,100.0,42.200000628829,100.0,147.76776790618896,none,12
vehicle.bmw.isetta,80.77520493729264,141.0,177,0,10,100.0,410.6000061184168,100.0,1627.068398952484,none,2
vehicle.bmw.isetta,154.22773630668453,145.0,177,0,10,100.0,116.70000173896553,100.0,499.5336802005768,none,8
vehicle.bmw.isetta,81.18335428520193,141.0,177,0,10,96.88424732039968,365.5000054463744,96.88424732039968,1603.9198956489563,none,13
vehicle.bmw.isetta,126.51974353648706,147.0,177,0,10,100.0,113.75000169500709,100.0,392.3589005470276,none,1
vehicle.bmw.isetta,275.5098342056596,145.0,177,0,10,94.86921838602709,208.90000311285257,66.40845287021895,734.9047057628632,red_light,12
vehicle.bmw.isetta,161.0705508614438,145.0,177,0,10,100.0,58.3000008687377,100.0,268.6141710281372,none,8
vehicle.bmw.isetta,212.21998513514657,143.0,177,0,10,11.618400398877082,11.650000173598528,6.971040239326249,47.64229226112366,collisions_vehicle,14
vehicle.bmw.isetta,92.67208641879182,141.0,177,0,10,100.0,43.55000064894557,100.0,186.01233983039856,none,13
vehicle.bmw.isetta,155.64995003145023,146.0,177,0,10,100.0,87.35000130161643,100.0,311.0315845012665,none,13
vehicle.bmw.isetta,168.14150198346732,139.0,177,0,10,100.0,144.6000021547079,100.0,677.302460193634,none,8
vehicle.bmw.isetta,135.6931039120751,145.0,176,0,10,100.0,208.0500031001866,100.0,822.628732919693,none,12
vehicle.bmw.isetta,121.9713958242025,145.0,177,0,10,100.0,140.10000208765268,100.0,552.1491711139679,none,15
vehicle.bmw.isetta,90.0830794673052,141.0,177,0,10,100.0,136.10000202804804,100.0,498.0795390605927,none,14
vehicle.bmw.isetta,71.692100036983,148.0,176,0,10,100.0,217.65000324323773,100.0,938.818426132202,none,14
vehicle.bmw.isetta,195.33833164299287,146.0,177,0,10,97.72647362481806,347.5000051781535,97.72647362481806,1210.7846858501434,none,13
vehicle.bmw.isetta,96.40022461549356,144.0,177,0,10,100.0,138.00000205636024,100.0,648.2785134315491,none,5
vehicle.bmw.isetta,151.55090419619987,144.0,177,0,10,100.0,112.05000166967513,100.0,412.8332748413086,none,11
vehicle.bmw.isetta,185.7261592234176,153.0,177,0,10,100.0,267.7500039897859,100.0,1038.0984888076782,none,4
vehicle.bmw.isetta,141.90401885803934,139.0,176,0,10,100.0,179.00000266730785,100.0,576.9176023006439,none,1
vehicle.bmw.isetta,159.02180304401404,149.0,177,0,10,100.0,40.70000060647726,100.0,187.11528182029724,none,1
vehicle.bmw.isetta,69.93839879481226,142.0,177,0,10,100.0,66.60000099241734,100.0,290.4000778198242,none,14
vehicle.bmw.isetta,222.93380901648845,146.0,177,0,10,100.0,291.05000433698297,100.0,1147.1765191555023,none,3
vehicle.bmw.isetta,237.9464389452768,144.0,177,0,10,100.0,255.40000380575657,100.0,948.3736925125122,none,16
vehicle.bmw.isetta,200.10978739194945,145.0,177,0,10,100.0,92.150001373142,100.0,403.7958297729492,none,17
vehicle.bmw.isetta,139.8224897592828,143.0,176,0,10,97.13122921687471,546.7000081464648,97.13122921687471,2015.621328115464,none,2
vehicle.bmw.isetta,129.7494968599369,144.0,177,0,10,100.0,127.40000189840794,100.0,638.0847692489624,none,3
vehicle.bmw.isetta,59.98171397690685,145.0,177,0,10,100.0,20.35000030323863,100.0,87.50068759918213,none,5
vehicle.bmw.isetta,164.30197183978018,144.0,176,0,10,100.0,66.80000099539757,100.0,248.1886069774628,none,18
vehicle.bmw.isetta,135.3497162420629,145.0,177,0,10,96.70174395066348,422.5000062957406,96.70174395066348,1318.9376151561737,none,7
vehicle.bmw.isetta,85.66889046054116,142.0,177,0,10,100.0,42.50000063329935,100.0,214.37228894233704,none,19
vehicle.bmw.isetta,62.57769689198829,144.0,177,0,10,100.0,73.90000110119581,100.0,276.5614573955536,none,14
vehicle.bmw.isetta,209.0502379953276,143.0,177,0,10,100.0,160.6000023931265,100.0,556.4829189777374,none,7
vehicle.bmw.isetta,109.91696340852243,147.0,177,0,10,100.0,131.30000195652246,100.0,533.2365174293518,none,20
vehicle.bmw.isetta,112.25633952510816,142.0,177,0,10,100.0,147.250002194196,100.0,582.3692560195923,none,11
vehicle.bmw.isetta,113.50148540809884,141.0,177,0,10,100.0,123.35000183805823,100.0,468.6011476516724,none,8
vehicle.bmw.isetta,245.14782311563644,143.0,176,0,10,13.180899107904349,63.45000094547868,7.908539464742609,261.3183157444,collisions_vehicle,18
vehicle.bmw.isetta,250.12245508861588,145.0,177,0,10,100.0,184.8000027537346,100.0,727.6992521286011,none,14
vehicle.bmw.isetta,54.506131352703086,144.0,177,0,10,96.9300189885062,644.0500095970929,96.9300189885062,2519.4810535907745,none,14
vehicle.bmw.isetta,132.2912577005324,145.0,177,0,10,100.0,67.55000100657344,100.0,235.1302876472473,none,18
vehicle.bmw.isetta,84.74849002285849,141.0,177,0,10,100.0,116.9500017426908,100.0,540.7604780197144,none,9
vehicle.bmw.isetta,152.37286603245602,145.0,177,0,10,100.0,61.00000090897083,100.0,306.25285148620605,none,9
vehicle.bmw.isetta,170.35434195336265,142.0,177,0,10,100.0,94.6500014103949,100.0,365.8980894088745,none,4
vehicle.bmw.isetta,135.50261038028492,145.0,177,0,10,100.0,156.25000232830644,100.0,814.5976679325104,none,20
vehicle.bmw.isetta,184.08247304405248,141.0,177,0,10,98.38996095684664,163.2000024318695,68.87297266979265,828.3322291374207,red_light,5
vehicle.bmw.isetta,185.4022201237888,144.0,177,0,10,100.0,200.55000298842788,100.0,690.0432615280151,none,6
vehicle.bmw.isetta,262.73995804947594,147.0,177,0,10,100.0,196.7000029310584,100.0,666.5163629055023,none,0
vehicle.bmw.isetta,128.95913185645716,147.0,177,0,10,100.0,103.9500015489757,100.0,353.3084876537323,none,2
vehicle.bmw.isetta,157.49129412890363,145.0,176,0,10,100.0,50.80000075697899,100.0,193.952431678772,none,13
vehicle.bmw.isetta,105.84117500426734,145.0,177,0,10,95.14760542348,332.7500049583614,95.14760542348,1352.0361199378967,none,9
vehicle.bmw.isetta,106.08523701555264,144.0,177,0,10,100.0,99.25000147894023,100.0,374.9471101760864,none,0
vehicle.bmw.isetta,134.9649352416446,142.0,177,0,10,100.0,398.60000593960285,100.0,1487.5140178203585,none,20
vehicle.bmw.isetta,133.9996692194524,144.0,177,0,10,100.0,32.050000477582216,100.0,116.84850239753725,none,2
vehicle.bmw.isetta,188.62217081727417,142.0,176,0,10,100.0,143.45000213757157,100.0,495.2519686222077,none,8
vehicle.bmw.isetta,56.72804923831599,146.0,177,0,10,100.0,53.250000793486834,100.0,218.50429773330688,none,20
vehicle.bmw.isetta,55.99933212657137,145.0,177,0,10,100.0,13.90000020712614,100.0,56.27882170677185,none,12
vehicle.bmw.isetta,77.74474012433396,142.0,177,0,10,100.0,73.10000108927488,100.0,367.393358707428,none,9
vehicle.bmw.isetta,201.47522325688308,144.0,177,0,10,100.0,157.40000234544277,100.0,758.1129322052002,none,0
vehicle.bmw.isetta,57.91582883374336,143.0,177,0,10,100.0,140.4500020928681,100.0,538.2798449993134,none,20
vehicle.bmw.isetta,233.5059863989048,147.0,176,0,10,100.0,185.60000276565552,100.0,799.3560833930969,none,19
vehicle.bmw.isetta,136.38078640210082,141.0,176,0,10,96.90177151692124,618.8000092208385,96.90177151692124,2251.45307636261,none,17
vehicle.bmw.isetta,64.84443288939383,148.0,176,0,10,100.0,218.25000325217843,100.0,895.6210165023804,none,9
vehicle.bmw.isetta,63.51635132231508,142.0,176,0,10,96.9779659349654,273.6000040769577,96.9779659349654,1727.0085871219635,none,2
vehicle.bmw.isetta,147.48200195171145,142.0,177,0,10,100.0,157.8500023521483,100.0,669.6208486557007,none,20
vehicle.bmw.isetta,217.51892947055245,148.0,177,0,10,100.0,78.15000116452575,100.0,295.0606372356415,none,1
vehicle.bmw.isetta,190.8164069727564,142.0,177,0,10,100.0,140.60000209510326,100.0,553.1887316703796,none,5
vehicle.bmw.isetta,254.1060713159461,142.0,177,0,10,98.53894403577496,448.8500066883862,98.53894403577496,1489.3676009178162,none,8
vehicle.bmw.isetta,165.2617979987117,138.0,177,0,10,100.0,130.45000194385648,100.0,459.8000183105469,none,1
vehicle.bmw.isetta,149.99601064107898,146.0,177,0,10,100.0,232.90000347048044,100.0,874.2602777481079,none,14
vehicle.bmw.isetta,71.50994652828354,142.0,177,0,10,100.0,19.5500002913177,100.0,72.51761174201965,none,19
vehicle.bmw.isetta,135.46155381851938,143.0,177,0,10,100.0,265.0500039495528,100.0,894.0900738239288,none,14
vehicle.bmw.isetta,156.79689825163248,143.0,177,0,10,100.0,77.90000116080046,100.0,360.0202703475952,none,1
vehicle.bmw.isetta,83.13450328178256,148.0,177,0,10,100.0,30.70000045746565,100.0,107.77236080169678,none,17
vehicle.bmw.isetta,250.78999932384824,144.0,177,0,10,100.0,228.7000034078956,100.0,856.1126215457916,none,10
vehicle.bmw.isetta,114.62667096986732,148.0,177,0,10,100.0,66.4000009894371,100.0,263.6508557796478,none,2
vehicle.bmw.isetta,63.43423489382118,149.0,177,0,10,100.0,124.40000185370444,100.0,577.4865157604218,none,9
vehicle.bmw.isetta,192.3656901274608,144.0,176,0,10,100.0,166.05000247433782,100.0,697.7491955757141,none,3
vehicle.bmw.isetta,209.0900054293799,144.0,177,0,10,100.0,184.0000027418137,100.0,818.921204328537,none,7
vehicle.bmw.isetta,70.43334556254084,145.0,177,0,10,100.0,146.6500021852553,100.0,554.7850046157837,none,18
vehicle.bmw.isetta,257.85431282278745,145.0,177,0,10,100.0,128.55000191554427,100.0,606.6245799064636,none,13
vehicle.bmw.isetta,163.9999400746265,147.0,177,0,10,100.0,72.05000107362866,100.0,270.6765100955963,none,18
vehicle.bmw.isetta,269.2091664486068,142.0,177,0,10,100.0,237.65000354126096,100.0,969.8096508979796,none,0
vehicle.bmw.isetta,171.19559751444055,146.0,177,0,10,100.0,198.90000296384096,100.0,741.2408139705658,none,8
vehicle.bmw.isetta,98.00128842523004,147.0,177,0,10,100.0,20.950000312179327,100.0,81.60724115371704,none,11
vehicle.bmw.isetta,4.00000021027517,146.0,177,0,10,23.41658004420273,42.70000063627958,14.04994802652164,190.24379920959475,collisions_vehicle,13
vehicle.bmw.isetta,251.3352438596285,141.0,177,0,10,100.0,184.95000275596976,100.0,639.8009676933289,none,12
vehicle.bmw.isetta,271.3472965796286,143.0,177,0,10,100.0,215.10000320523977,100.0,936.4711742401124,none,9
vehicle.bmw.isetta,126.89068320142172,141.0,177,0,10,100.0,108.90000162273644,100.0,513.9213390350342,none,9
vehicle.bmw.isetta,65.17453134346205,144.0,177,0,10,100.0,134.2500020004809,100.0,657.85959649086,none,4
vehicle.bmw.isetta,191.8171785347349,144.0,177,0,10,100.0,112.95000168308616,100.0,440.2625601291657,none,6
vehicle.bmw.isetta,135.53081141470167,143.0,176,0,10,100.0,261.2500038929284,100.0,922.109293460846,none,9
vehicle.bmw.isetta,159.83405030843176,150.0,177,0,10,100.0,229.4000034183264,100.0,787.2993307113647,none,19
vehicle.bmw.isetta,120.04475960989669,144.0,177,0,10,100.0,31.650000471621752,100.0,139.20572662353516,none,3
vehicle.bmw.isetta,83.45133697663786,149.0,177,0,10,100.0,96.2000014334917,100.0,448.5761320590973,none,8
vehicle.bmw.isetta,147.97621366078394,,177,0,10,0.0,0.050000000745058,0.0,0.5717699527740479,red_light,1
vehicle.bmw.isetta,149.18479208755417,148.0,177,0,10,100.0,50.60000075399876,100.0,180.85979866981504,none,2
vehicle.bmw.isetta,240.84659042508247,146.0,177,0,10,98.08661034899896,395.300005890429,98.08661034899896,1330.7569801807404,none,0
vehicle.bmw.isetta,141.7120253036426,143.0,177,0,10,100.0,121.35000180825593,100.0,439.34121561050415,none,7
vehicle.bmw.isetta,134.68550795661574,142.0,177,0,10,100.0,126.80000188946724,100.0,617.612964630127,none,14
vehicle.bmw.isetta,217.9950009430536,143.0,177,0,10,100.0,176.95000263676047,100.0,737.8876783847809,none,6
vehicle.bmw.isetta,140.85397776372758,146.0,177,0,10,100.0,101.00000150501728,100.0,401.9861583709717,none,9
vehicle.bmw.isetta,141.17222919562278,143.0,176,0,10,100.0,202.75000302121043,100.0,717.5540311336517,none,5
vehicle.bmw.isetta,57.690003107429895,148.0,177,0,10,100.0,56.90000084787607,100.0,243.5955548286438,none,14
vehicle.bmw.isetta,211.56213862926955,142.0,177,0,10,100.0,130.00000193715096,100.0,491.2645030021668,none,10
vehicle.bmw.isetta,130.30642004913034,144.0,177,0,10,100.0,129.1000019237399,100.0,492.897908449173,none,2
vehicle.bmw.isetta,216.3700031067862,146.0,176,0,10,100.0,150.8000022470951,100.0,589.6246159076691,none,7
vehicle.bmw.isetta,97.7799995055068,145.0,177,0,10,100.0,91.60000136494637,100.0,418.74415254592896,none,10
vehicle.bmw.isetta,91.21650580385666,144.0,177,0,10,71.11361265414078,72.95000108703971,49.77952885789854,270.2003335952759,red_light,1
vehicle.bmw.isetta,153.947210454538,145.0,177,0,10,100.0,183.2500027306378,100.0,768.5438673496246,none,12
vehicle.bmw.isetta,119.900140564025,141.0,176,0,10,100.0,126.15000187978148,100.0,439.7357928752899,none,11
vehicle.bmw.isetta,238.7324055173933,144.0,177,0,10,100.0,117.40000174939632,100.0,468.70765018463135,none,5
vehicle.bmw.isetta,151.87153975210185,144.0,177,0,10,100.0,281.4500041939318,100.0,1147.3218007087708,none,20
vehicle.bmw.isetta,247.73842490293512,139.0,177,0,10,100.0,193.4000028818845,100.0,626.3113896846771,none,9
vehicle.bmw.isetta,278.8517179140669,146.0,177,0,10,100.0,181.3500027023256,100.0,733.7413902282715,none,10
vehicle.bmw.isetta,13.066559092344626,143.0,177,0,10,97.81316640436968,467.8000069707632,97.81316640436968,1826.4350352287288,none,6
vehicle.bmw.isetta,133.6516813305543,144.0,177,0,10,100.0,102.50000152736902,100.0,353.2462055683136,none,6
vehicle.bmw.isetta,115.96521403280724,145.0,177,0,10,100.0,158.05000235512853,100.0,607.0891888141632,none,18
vehicle.bmw.isetta,185.93342229434964,141.0,177,0,10,100.0,79.15000117942691,100.0,290.1839144229889,none,18
vehicle.bmw.isetta,167.38486120028512,143.0,176,0,10,100.0,41.20000061392784,100.0,166.3628373146057,none,19
vehicle.bmw.isetta,251.15731424878263,141.0,177,0,10,97.88798631802662,561.2000083625317,97.88798631802662,1890.63694691658,none,6
vehicle.bmw.isetta,97.41958226021404,143.0,177,0,10,100.0,62.90000093728304,100.0,256.3728451728821,none,11
vehicle.bmw.isetta,54.10762331426994,145.0,177,0,10,95.18135602811002,265.0500039495528,95.18135602811002,1482.244846343994,none,2
vehicle.bmw.isetta,121.65021018505978,148.0,176,0,10,100.0,106.4500015862286,100.0,374.6990485191345,none,12
vehicle.bmw.isetta,218.0465004233209,146.0,176,0,10,100.0,205.10000305622816,100.0,700.7148551940918,none,1
vehicle.bmw.isetta,136.80629150040426,148.0,177,0,10,100.0,53.40000079572201,100.0,238.70498132705688,none,14
vehicle.bmw.isetta,177.63438654998097,145.0,177,0,10,100.0,69.00000102818012,100.0,268.2829511165619,none,9
vehicle.bmw.isetta,66.90389832381031,145.0,177,0,10,100.0,66.6500009931624,100.0,281.0546009540558,none,4
vehicle.bmw.isetta,273.3407856255807,139.0,177,0,10,100.0,204.3500030450523,100.0,798.5314636230469,none,18
vehicle.bmw.isetta,98.3758070779555,147.0,177,0,10,100.0,103.50000154227018,100.0,368.6643314361572,none,20
vehicle.bmw.isetta,75.509947236394,147.0,177,0,10,100.0,26.400000393390656,100.0,94.73361206054688,none,7
vehicle.bmw.isetta,215.69296777720123,145.0,177,0,10,100.0,160.25000238791108,100.0,607.1396188735962,none,10
vehicle.bmw.isetta,127.99489155404224,146.0,176,0,10,100.0,187.5500027947128,100.0,723.1458837985992,none,9
vehicle.bmw.isetta,113.54286258512876,143.0,177,0,10,100.0,32.850000489503145,100.0,120.83836698532104,none,3
vehicle.bmw.isetta,77.70679167100221,146.0,176,0,10,100.0,36.700000546872616,100.0,115.41449689865112,none,0
vehicle.bmw.isetta,128.00041635409687,143.0,177,0,10,100.0,209.7000031247735,100.0,845.7585389614105,none,3
vehicle.bmw.isetta,63.61396366476734,143.0,177,0,10,98.72919707275364,339.4000050574541,98.72919707275364,1664.4505360126495,none,8
vehicle.bmw.isetta,210.35719774473657,141.0,177,0,10,100.0,110.25000164285302,100.0,383.023962020874,none,4
vehicle.bmw.isetta,218.17279493959552,145.0,177,0,10,98.63592041019255,669.8500099815428,98.63592041019255,2623.335201025009,none,9
vehicle.bmw.isetta,114.13830922825704,141.0,177,0,10,100.0,107.80000160634518,100.0,418.2085223197937,none,8
vehicle.bmw.isetta,91.5848828385856,147.0,177,0,10,100.0,45.70000068098307,100.0,169.07703590393066,none,14
vehicle.bmw.isetta,127.5593661832002,142.0,177,0,10,95.98607626964666,571.0500085093081,95.98607626964666,2370.5278775691986,none,11
vehicle.bmw.isetta,153.806218665598,143.0,177,0,10,100.0,226.60000337660315,100.0,1281.387751340866,none,20
vehicle.bmw.isetta,230.50704928789344,142.0,177,0,10,100.0,206.55000307783484,100.0,949.7137978076936,none,6
vehicle.bmw.isetta,155.21271208235316,143.0,177,0,10,100.0,172.4000025689602,100.0,632.2076263427734,none,5
vehicle.bmw.isetta,68.45236296257079,145.0,177,0,10,100.0,66.50000099092722,100.0,243.5858187675476,none,16
vehicle.bmw.isetta,289.7189203220309,148.0,177,0,10,100.0,145.550002168864,100.0,489.5548806190491,none,0
vehicle.bmw.isetta,255.72384592595856,146.0,177,0,10,100.0,217.35000323876736,100.0,924.4828040599824,none,8
vehicle.bmw.isetta,62.44134756354121,145.0,177,0,10,100.0,51.00000075995922,100.0,196.99866461753845,none,2
vehicle.bmw.isetta,107.60914881202362,147.0,177,0,10,100.0,59.75000089034438,100.0,204.04151892662048,none,9
vehicle.bmw.isetta,160.69567727484127,144.0,176,0,10,100.0,214.1000031903386,100.0,870.5815169811249,none,13
vehicle.bmw.isetta,84.00000790754952,144.0,176,0,10,100.0,78.50000116974115,100.0,283.49570059776306,none,4
vehicle.bmw.isetta,135.98085964910393,145.0,177,0,10,100.0,50.50000075250864,100.0,194.5033025741577,none,3
vehicle.bmw.isetta,187.1840081355105,147.0,177,0,10,100.0,80.05000119283795,100.0,316.3448963165283,none,10
vehicle.bmw.isetta,198.1508534574193,148.0,177,0,10,100.0,85.55000127479434,100.0,334.3940978050232,none,19
vehicle.bmw.isetta,149.37026287944542,146.0,177,0,10,100.0,45.15000067278743,100.0,185.37868475914,none,12
vehicle.bmw.isetta,78.14909887959358,144.0,176,0,10,100.0,164.7500024549663,100.0,638.2401945590973,none,11
vehicle.bmw.isetta,169.63795273239205,141.0,177,0,10,100.0,46.45000069215894,100.0,190.46766090393064,none,2
vehicle.bmw.isetta,201.75301977211643,146.0,177,0,10,100.0,193.4000028818845,100.0,738.8678936958313,none,2
vehicle.bmw.isetta,84.73965023148577,148.0,177,0,10,100.0,68.50000102072954,100.0,355.39857387542725,none,5
vehicle.bmw.isetta,199.61393678283733,145.0,177,0,10,100.0,73.85000110045075,100.0,297.6775932312012,none,17
vehicle.bmw.isetta,231.035249317076,142.0,177,0,10,98.38340927399068,483.00000719726086,98.38340927399068,1633.4199976921082,none,2
vehicle.bmw.isetta,224.4508093747655,145.0,176,0,10,100.0,147.80000220239162,100.0,641.8837904930115,none,10
vehicle.bmw.isetta,160.59174114741538,141.0,176,0,10,100.0,250.50000373274088,100.0,871.5595126152039,none,14
vehicle.bmw.isetta,175.09000599072704,150.0,177,0,10,100.0,132.90000198036432,100.0,567.4209434986115,none,3
vehicle.bmw.isetta,105.7259278791228,144.0,177,0,10,100.0,55.90000083297491,100.0,268.367075920105,none,9
vehicle.bmw.isetta,242.25000000600124,141.0,176,0,10,100.0,180.95000269636512,100.0,642.6036477088928,none,3
vehicle.bmw.isetta,60.41715755173839,147.0,177,0,10,100.0,77.35000115260482,100.0,272.97864842414856,none,5
vehicle.bmw.isetta,124.26716564462544,148.0,177,0,10,50.082832534267865,42.75000063702464,35.057982773987504,157.85870265960693,red_light,0
vehicle.bmw.isetta,246.3376246675904,140.0,177,0,10,100.0,242.9500036202371,100.0,931.2220442295074,none,20
vehicle.bmw.isetta,181.734017212836,145.0,176,0,10,100.0,75.75000112876296,100.0,268.05959486961365,none,2
vehicle.bmw.isetta,61.75445811744025,139.0,176,0,10,100.0,245.7000036612153,100.0,1011.9104516506196,none,9
vehicle.bmw.isetta,139.14688912305118,144.0,177,0,10,98.25259525949411,223.80000333487988,58.95155715569648,812.3713886737823,collisions_vehicle,15
vehicle.bmw.isetta,92.62465890700264,148.0,177,0,10,100.0,20.10000029951334,100.0,85.44081854820251,none,20
vehicle.bmw.isetta,174.25697675114515,146.0,177,0,10,100.0,120.9000018015504,100.0,499.8523404598236,none,10
vehicle.bmw.isetta,183.97032391451447,150.0,177,0,10,100.0,79.4000011831522,100.0,280.74777030944824,none,9
vehicle.bmw.isetta,202.18308424118496,145.0,177,0,10,100.0,143.20000213384628,100.0,500.03343176841736,none,2
vehicle.bmw.isetta,152.86000559795005,140.0,177,0,10,100.0,100.05000149086118,100.0,409.9166872501373,none,6
vehicle.bmw.isetta,69.96409608455757,149.0,177,0,10,100.0,122.65000182762742,100.0,495.55307960510254,none,7
vehicle.bmw.isetta,160.56496478786465,145.0,177,0,10,100.0,131.90000196546316,100.0,496.5892903804779,none,8
vehicle.bmw.isetta,144.41420865579255,147.0,177,0,10,100.0,184.50000274926424,100.0,797.9258348941803,none,13
vehicle.bmw.isetta,141.2596863076324,143.0,177,0,10,100.0,43.7500006519258,100.0,159.55362010002136,none,20
vehicle.bmw.isetta,250.70334896953392,146.0,177,0,10,100.0,202.70000302046537,100.0,751.0738592147827,none,2
vehicle.bmw.isetta,94.00071938021614,148.0,177,0,10,100.0,28.10000041872263,100.0,94.99269461631776,none,1
vehicle.bmw.isetta,78.52384916000362,139.0,177,0,10,100.0,93.50000139325856,100.0,279.34356689453125,none,7
vehicle.bmw.isetta,103.99867141155153,148.0,177,0,10,100.0,29.4500004388392,100.0,107.75828146934508,none,10
vehicle.bmw.isetta,59.41275985558396,142.0,177,0,10,100.0,18.75000027939677,100.0,80.39284658432007,none,0
vehicle.bmw.isetta,220.3460545638561,142.0,177,0,10,98.48890213355476,484.4000072181225,98.48890213355476,1717.141644001007,none,18
vehicle.bmw.isetta,91.16367443389557,146.0,177,0,10,100.0,215.80000321567056,100.0,892.3165833950043,none,0
vehicle.bmw.isetta,126.5800249155539,149.0,177,0,10,100.0,130.10000193864107,100.0,496.1566390991211,none,13
vehicle.bmw.isetta,115.78998008039962,146.0,177,0,10,100.0,45.10000067204237,100.0,156.70279955863953,none,13
vehicle.bmw.isetta,199.0611845425313,144.0,177,0,10,100.0,56.90000084787607,100.0,223.8698620796204,none,5
vehicle.bmw.isetta,39.51298327846472,147.0,177,0,10,100.0,217.60000324249268,100.0,871.6285126209259,none,0
vehicle.bmw.isetta,134.82516645917676,147.0,177,0,10,100.0,127.8000019043684,100.0,467.168603181839,none,5
vehicle.bmw.isetta,176.04473564672733,146.0,177,0,10,100.0,168.75000251457095,100.0,696.5977518558502,none,4
vehicle.bmw.isetta,97.46146430176618,146.0,176,0,10,100.0,86.85000129416585,100.0,313.7545738220215,none,8
vehicle.bmw.isetta,85.01128944107964,145.0,177,0,10,100.0,122.50000182539225,100.0,548.3902363777161,none,5
vehicle.bmw.isetta,84.2791168394927,143.0,177,0,10,0.0,3.250000048428774,0.0,12.82355785369873,red_light,20
vehicle.bmw.isetta,67.53636251445108,146.0,177,0,10,100.0,202.95000302419064,100.0,836.3110613822937,none,3
vehicle.bmw.isetta,167.99996240809642,145.0,176,0,10,100.0,159.45000237599015,100.0,594.3967554569244,none,16
vehicle.bmw.isetta,193.7218500399844,139.0,177,0,10,100.0,241.9000036045909,100.0,982.2849159240724,none,4
vehicle.bmw.isetta,141.12593610356925,147.0,177,0,10,100.0,117.35000174865128,100.0,421.94084095954895,none,8
vehicle.bmw.isetta,109.3971503213479,143.0,177,0,10,100.0,225.65000336244705,100.0,781.1691157817841,none,11
vehicle.bmw.isetta,148.92514730795034,142.0,177,0,10,100.0,178.20000265538692,100.0,686.9041180610657,none,2
vehicle.bmw.isetta,158.68891930218643,147.0,177,0,10,100.0,124.05000184848905,100.0,521.7153387069702,none,6
vehicle.bmw.isetta,76.90635351557887,143.0,177,0,10,100.0,68.25000101700425,100.0,248.77969598770144,none,0
vehicle.bmw.isetta,186.62042559656945,141.0,176,0,10,97.09405273520473,332.1500049494207,97.09405273520473,1101.662252664566,none,9
vehicle.bmw.isetta,222.385490044924,145.0,176,0,10,100.0,106.00000157952309,100.0,440.6590156555176,none,17
vehicle.bmw.isetta,178.23508386477212,144.0,177,0,10,100.0,144.70000215619802,100.0,722.6175129413605,none,20
vehicle.bmw.isetta,78.0000161598569,147.0,177,0,10,100.0,95.00000141561031,100.0,438.5943121910095,none,15
vehicle.bmw.isetta,118.8098843933318,145.0,177,0,10,100.0,173.100002579391,100.0,709.1451985836029,none,6
vehicle.bmw.isetta,179.964561912339,144.0,177,0,10,97.40814634633664,118.25000176206233,68.18570244243564,408.4306128025055,red_light,0
vehicle.bmw.isetta,169.5013052937602,144.0,177,0,10,100.0,146.30000218003988,100.0,511.1369013786316,none,15
vehicle.bmw.isetta,132.53723393111662,141.0,177,0,10,100.0,134.20000199973583,100.0,477.57442259788513,none,10
vehicle.bmw.isetta,165.70690746680884,147.0,177,0,10,100.0,213.6500031836331,100.0,853.8650524616241,none,8
vehicle.bmw.isetta,242.2096374248703,144.0,177,0,10,100.0,193.15000287815928,100.0,821.4509241580963,none,16
vehicle.bmw.isetta,243.72050897647105,146.0,177,0,10,100.0,204.85000305250287,100.0,915.803906917572,none,15
vehicle.bmw.isetta,172.47023603808037,146.0,177,0,10,100.0,220.400003284216,100.0,770.1675119400024,none,3
vehicle.bmw.isetta,215.6713346003968,143.0,177,0,10,100.0,182.60000272095203,100.0,684.3661761283875,none,7
vehicle.bmw.isetta,117.5310984930196,147.0,177,0,10,100.0,72.15000107511878,100.0,315.9590721130371,none,4
vehicle.bmw.isetta,236.0266182942848,146.0,176,0,10,100.0,75.80000112950802,100.0,281.8694906234741,none,4
vehicle.bmw.isetta,91.7189155740634,145.0,177,0,10,100.0,82.00000122189522,100.0,373.997567653656,none,12
vehicle.bmw.isetta,98.37931889628884,150.0,177,0,10,100.0,116.0000017285347,100.0,482.5860891342163,none,20
vehicle.bmw.isetta,97.61171908771536,144.0,177,0,10,100.0,55.40000082552433,100.0,240.7385048866272,none,19
vehicle.bmw.isetta,170.68055255753555,143.0,177,0,10,100.0,127.65000190213324,100.0,413.17804074287415,none,12
vehicle.bmw.isetta,88.80355356292397,148.0,177,0,10,100.0,129.1000019237399,100.0,422.937953710556,none,15
vehicle.bmw.isetta,85.49173440828262,143.0,177,0,10,100.0,118.850001771003,100.0,448.49391865730286,none,9
vehicle.bmw.isetta,110.76065795970584,149.0,176,0,10,100.0,72.50000108033419,100.0,306.90263175964355,none,5
vehicle.bmw.isetta,177.8571279682478,146.0,177,0,10,100.0,153.50000228732824,100.0,529.4099388122559,none,7
vehicle.bmw.isetta,81.9999806667819,142.0,177,0,10,100.0,35.30000052601099,100.0,110.2680914402008,none,6
vehicle.bmw.isetta,62.717139549735016,145.0,177,0,10,67.26963107420221,262.2500039078295,67.26963107420221,1332.7927803993225,none,12
vehicle.bmw.isetta,181.206637504591,139.0,177,0,10,100.0,101.1000015065074,100.0,321.6106836795807,none,11
vehicle.bmw.isetta,192.1228271723634,143.0,177,0,10,100.0,113.45000169053674,100.0,396.0616352558136,none,10
vehicle.bmw.isetta,235.9040388418787,144.0,177,0,10,100.0,231.55000345036387,100.0,916.8523006439208,none,8
vehicle.bmw.isetta,156.17705486881516,143.0,176,0,10,100.0,132.55000197514892,100.0,469.6138751506805,none,1
vehicle.bmw.isetta,203.43585952739693,149.0,177,0,10,100.0,245.65000366047025,100.0,937.9448602199554,none,17
vehicle.bmw.isetta,111.219846834658,145.0,177,0,10,100.0,47.40000070631504,100.0,172.94057893753052,none,12
vehicle.bmw.isetta,234.6213070717789,143.0,177,0,10,100.0,65.90000098198652,100.0,251.11883568763733,none,19
vehicle.bmw.isetta,123.1801075207984,147.0,177,0,10,98.60336352789842,694.9000103548169,98.60336352789842,2378.071792125702,none,10
vehicle.bmw.isetta,50.35727855555831,144.0,177,0,10,100.0,57.75000086054206,100.0,220.09062576293945,none,19
vehicle.bmw.isetta,89.66100072719145,145.0,177,0,10,100.0,149.90000223368406,100.0,588.7630636692047,none,5
vehicle.bmw.isetta,138.3080047843275,144.0,177,0,10,100.0,102.35000152513383,100.0,471.19639801979065,none,10
vehicle.bmw.isetta,226.40089809172488,145.0,177,0,10,100.0,272.0500040538609,100.0,1045.0168035030365,none,5
vehicle.bmw.isetta,152.83714049296856,147.0,177,0,10,100.0,145.05000216141343,100.0,656.8856060504913,none,14
vehicle.bmw.isetta,173.2256221408636,149.0,177,0,10,100.0,212.05000315979123,100.0,928.1448590755464,none,9
vehicle.bmw.isetta,135.01133770819789,146.0,177,0,10,100.0,93.3500013910234,100.0,463.0992043018341,none,19
vehicle.bmw.isetta,188.14687270246912,140.0,177,0,10,100.0,166.9000024870038,100.0,577.3152141571045,none,15
vehicle.bmw.isetta,44.18144665181526,145.0,177,0,10,100.0,265.9000039622188,100.0,1189.9732930660248,none,16
vehicle.bmw.isetta,30.31612559092024,144.0,177,0,10,100.0,149.1500022225082,100.0,569.9692459106445,none,2
vehicle.bmw.isetta,82.52403395916362,144.0,177,0,10,95.39362544691988,304.3000045344233,95.39362544691988,1444.7797937393188,none,16
vehicle.bmw.isetta,220.05331647310825,144.0,177,0,10,100.0,52.60000078380108,100.0,192.6126868724823,none,11
vehicle.bmw.isetta,84.29327349453786,150.0,177,0,10,100.0,31.750000473111868,100.0,126.10340023040771,none,6
vehicle.bmw.isetta,135.56536383854268,149.0,177,0,10,100.0,49.50000073760748,100.0,206.27609705924988,none,4
vehicle.bmw.isetta,227.06584469435467,142.0,176,0,10,100.0,198.6000029593706,100.0,699.1776256561279,none,19
vehicle.bmw.isetta,92.66999869677429,142.0,177,0,10,100.0,125.6500018723309,100.0,440.9451203346253,none,1
vehicle.bmw.isetta,153.7799770326952,145.0,177,0,10,100.0,74.90000111609697,100.0,303.1483473777771,none,3
vehicle.bmw.isetta,136.68384612986242,144.0,177,0,10,100.0,130.15000193938613,100.0,482.7312307357788,none,19
vehicle.bmw.isetta,56.77745733053168,149.0,177,0,10,100.0,39.50000058859587,100.0,168.97957730293274,none,14
vehicle.bmw.isetta,140.29320998810496,146.0,177,0,10,98.275651456717,469.7000069990754,98.275651456717,1793.660798072815,none,18
vehicle.bmw.isetta,130.61080761316128,149.0,177,0,10,100.0,178.45000265911222,100.0,765.7319827079773,none,2
vehicle.bmw.isetta,109.97205490190288,140.0,177,0,10,100.0,220.3000032827258,100.0,887.584587097168,none,3
vehicle.bmw.isetta,190.57421685215644,148.0,177,0,10,100.0,107.35000159963964,100.0,456.4760539531708,none,19
vehicle.bmw.isetta,161.24031255030107,140.0,177,0,10,100.0,115.85000172629952,100.0,530.9329857826233,none,19
vehicle.bmw.isetta,212.0514713791468,144.0,176,0,10,98.83997997572818,364.7000054344535,98.83997997572818,1205.431200504303,none,18
vehicle.bmw.isetta,50.13066670904022,147.0,177,0,10,100.0,13.65000020340085,100.0,51.41823816299439,none,17
vehicle.bmw.isetta,9.903743135627703,143.0,177,0,10,51.79389394509767,84.0500012524426,31.0763363670586,387.6970555782318,collisions_vehicle,3
vehicle.bmw.isetta,147.88777250643483,144.0,177,0,10,100.0,117.15000174567103,100.0,487.8019573688507,none,0
vehicle.bmw.isetta,132.45084750914103,145.0,177,0,10,100.0,36.6000005453825,100.0,135.5224676132202,none,10
vehicle.bmw.isetta,175.46213915057518,143.0,177,0,10,100.0,73.75000109896064,100.0,298.39295411109924,none,14
vehicle.bmw.isetta,146.50222051911055,140.0,177,0,10,100.0,228.4000034034252,100.0,827.980232000351,none,15
vehicle.bmw.isetta,97.78918153678758,145.0,177,0,10,100.0,25.950000386685133,100.0,110.54572629928587,none,0
vehicle.bmw.isetta,84.7644301521923,149.0,177,0,10,100.0,128.00000190734863,100.0,601.7115774154663,none,14
vehicle.bmw.isetta,138.25085451995548,141.0,177,0,10,100.0,91.10000135749578,100.0,303.1400396823883,none,0
vehicle.bmw.isetta,207.01921297077124,134.0,177,0,11,100.0,97.85000145807862,100.0,595.5736227035522,none,0
vehicle.bmw.isetta,82.7731237397857,131.0,177,0,11,30.19389838890897,43.950000654906034,18.11633903334538,241.02152395248413,collisions_vehicle,1
vehicle.bmw.isetta,178.9391330373126,134.0,177,0,11,100.0,78.05000116303563,100.0,523.1281373500824,none,2
vehicle.bmw.isetta,238.10978756392848,134.0,177,0,11,100.0,101.35000151023269,100.0,686.1784603595734,none,3
vehicle.bmw.isetta,223.3329029008772,142.0,177,0,11,100.0,189.5500028245151,100.0,1352.7149736881256,none,1
vehicle.bmw.isetta,167.56487086493937,134.0,177,0,11,100.0,79.20000118017197,100.0,580.6101372241974,none,4
vehicle.bmw.isetta,194.9718798637444,130.0,177,0,11,98.34239665051068,193.6500028856099,68.83967765535748,1178.3399646282196,red_light,5
vehicle.bmw.isetta,115.88590957775584,135.0,177,0,11,100.0,40.95000061020255,100.0,274.2704620361328,none,6
vehicle.bmw.isetta,43.096043644042815,130.0,177,0,11,100.0,166.45000248029828,100.0,1038.4039053916931,none,3
vehicle.bmw.isetta,58.63827134877027,,177,0,11,0.0,0.050000000745058,0.0,0.3877201080322265,red_light,1
vehicle.bmw.isetta,77.26589929384768,132.0,177,0,11,100.0,123.20000183582306,100.0,836.2381155490875,none,6
vehicle.bmw.isetta,162.78504929646405,132.0,177,0,11,100.0,114.95000171288848,100.0,715.5986683368683,none,4
vehicle.bmw.isetta,198.33133495156537,133.0,177,0,11,100.0,255.9500038139522,100.0,2000.7482686042783,none,7
vehicle.bmw.isetta,101.61206212778252,133.0,177,0,11,100.0,81.00000120699406,100.0,445.4713065624237,none,8
vehicle.bmw.isetta,114.14997116258075,133.0,177,0,11,55.83221739115794,80.50000119954348,33.49933043469476,452.3431136608124,collisions_vehicle,8
vehicle.bmw.isetta,89.85816825817592,134.0,177,0,11,96.15008342249784,392.2000058442354,96.15008342249784,2454.4539926052094,none,3
vehicle.bmw.isetta,117.1820118020656,135.0,176,0,11,100.0,79.55000118538737,100.0,443.74135065078735,none,5
vehicle.bmw.isetta,124.7108900544878,137.0,177,0,11,100.0,90.50000134855507,100.0,513.4035186767578,none,6
vehicle.bmw.isetta,97.85226981529962,134.0,177,0,11,100.0,71.10000105947256,100.0,480.8652410507202,none,9
vehicle.bmw.isetta,152.4820958031289,136.0,177,0,11,100.0,74.80000111460686,100.0,493.4383494853973,none,2
vehicle.bmw.isetta,273.33199613203595,133.0,177,0,11,100.0,204.4000030457973,100.0,1202.0867562294006,none,8
vehicle.bmw.isetta,174.53322915148334,133.0,176,0,11,100.0,123.35000183805823,100.0,764.2158658504486,none,5
vehicle.bmw.isetta,56.30132988530262,132.0,177,0,11,100.0,79.65000118687749,100.0,534.6313099861145,none,10
vehicle.bmw.isetta,187.8028807307963,139.0,177,0,11,97.27652706649673,312.90000466257334,97.27652706649673,1793.048347711563,none,7
vehicle.bmw.isetta,148.57995264526733,138.0,177,0,11,100.0,67.90000101178885,100.0,404.2970621585846,none,3
vehicle.bmw.isetta,67.64448743494455,134.0,177,0,11,100.0,24.300000362098217,100.0,143.12868642807007,none,1
vehicle.bmw.isetta,247.34437197628097,139.0,177,0,11,100.0,180.850002694875,100.0,1251.414302110672,none,9
vehicle.bmw.isetta,185.99463978365304,131.0,177,0,11,100.0,49.0000007301569,100.0,282.61161851882935,none,11
vehicle.bmw.isetta,50.992664209856144,133.0,177,0,11,100.0,47.80000071227551,100.0,304.8643262386322,none,12
vehicle.bmw.isetta,80.77520493729264,134.0,177,0,11,90.08777162885528,309.90000461786985,54.05266297731317,1889.2095952034,collisions_vehicle,2
vehicle.bmw.isetta,154.22773630668453,138.0,177,0,11,100.0,93.90000139921904,100.0,629.3503222465515,none,8
vehicle.bmw.isetta,81.18335428520193,136.0,177,0,11,96.88424732039968,325.15000484511256,96.88424732039968,2108.282750606537,none,13
vehicle.bmw.isetta,126.51974353648706,132.0,177,0,11,100.0,87.55000130459666,100.0,493.4712243080139,none,1
vehicle.bmw.isetta,275.5098342056596,133.0,177,0,11,100.0,258.2000038474798,100.0,1496.0378477573397,none,12
vehicle.bmw.isetta,161.0705508614438,134.0,177,0,11,100.0,57.95000086352229,100.0,381.4283535480499,none,8
vehicle.bmw.isetta,212.21998513514657,138.0,177,0,11,100.0,215.05000320449471,100.0,1347.274335384369,none,14
vehicle.bmw.isetta,92.67208641879182,133.0,177,0,11,100.0,33.05000049248338,100.0,215.52145195007324,none,13
vehicle.bmw.isetta,155.64995003145023,136.0,177,0,11,100.0,72.40000107884407,100.0,432.5025024414063,none,13
vehicle.bmw.isetta,168.14150198346732,136.0,177,0,11,100.0,141.65000211074948,100.0,1016.3487102985382,none,8
vehicle.bmw.isetta,135.6931039120751,139.0,177,0,11,100.0,251.85000375285745,100.0,1575.281237602234,none,12
vehicle.bmw.isetta,121.9713958242025,133.0,177,0,11,100.0,111.45000166073442,100.0,754.9546627998352,none,15
vehicle.bmw.isetta,90.0830794673052,136.0,177,0,11,100.0,100.10000149160624,100.0,560.8525938987732,none,14
vehicle.bmw.isetta,71.692100036983,137.0,176,0,11,100.0,211.90000315755609,100.0,1381.530912399292,none,14
vehicle.bmw.isetta,195.33833164299287,134.0,177,0,11,97.72647362481806,395.1000058874488,97.72647362481806,2426.4698514938354,none,13
vehicle.bmw.isetta,96.40022461549356,138.0,177,0,11,100.0,155.3500023148954,100.0,1069.2439291477203,none,5
vehicle.bmw.isetta,151.55090419619987,135.0,177,0,11,100.0,113.0000016838312,100.0,684.5379452705383,none,11
vehicle.bmw.isetta,185.7261592234176,135.0,177,0,11,100.0,195.6500029154122,100.0,1215.6087951660156,none,4
vehicle.bmw.isetta,141.90401885803934,135.0,176,0,11,100.0,132.35000197216868,100.0,794.9072058200836,none,1
vehicle.bmw.isetta,159.02180304401404,134.0,177,0,11,100.0,41.60000061988831,100.0,313.0814599990845,none,1
vehicle.bmw.isetta,69.93839879481226,134.0,177,0,11,100.0,94.10000140219928,100.0,664.8916201591492,none,14
vehicle.bmw.isetta,222.93380901648845,132.0,177,0,11,100.0,245.9500036649406,100.0,1498.4518029689789,none,3
vehicle.bmw.isetta,237.9464389452768,139.0,177,0,11,100.0,186.7000027820468,100.0,1148.8644754886627,none,16
vehicle.bmw.isetta,200.10978739194945,129.0,177,0,11,100.0,74.7500011138618,100.0,530.8044226169586,none,17
vehicle.bmw.isetta,139.8224897592828,133.0,176,0,11,97.70498337349976,283.90000423043966,68.39348836144984,1735.117297410965,red_light,2
vehicle.bmw.isetta,129.7494968599369,136.0,177,0,11,100.0,177.25000264123082,100.0,1137.402241230011,none,3
vehicle.bmw.isetta,59.98171397690685,134.0,177,0,11,100.0,18.05000026896596,100.0,118.8510468006134,none,5
vehicle.bmw.isetta,164.30197183978018,132.0,176,0,11,100.0,64.8500009663403,100.0,358.5756940841675,none,18
vehicle.bmw.isetta,135.3497162420629,131.0,177,0,11,96.70174395066348,331.85000494495034,96.70174395066348,1760.853192806244,none,7
vehicle.bmw.isetta,85.66889046054116,131.0,177,0,11,100.0,45.000000670552254,100.0,318.04872846603394,none,19
vehicle.bmw.isetta,62.57769689198829,135.0,177,0,11,100.0,64.75000096485019,100.0,370.1780126094818,none,14
vehicle.bmw.isetta,209.0502379953276,136.0,177,0,11,100.0,152.90000227838755,100.0,906.8521060943604,none,7
vehicle.bmw.isetta,109.91696340852243,134.0,177,0,11,100.0,120.4000017940998,100.0,786.937912940979,none,20
vehicle.bmw.isetta,112.25633952510816,130.0,177,0,11,100.0,97.50000145286322,100.0,614.2512898445129,none,11
vehicle.bmw.isetta,113.50148540809884,139.0,177,0,11,100.0,66.30000098794699,100.0,377.1769111156464,none,8
vehicle.bmw.isetta,245.14782311563644,139.0,176,0,11,98.78611995511892,518.8500077314675,98.78611995511892,2947.084668159485,none,18
vehicle.bmw.isetta,250.12245508861588,135.0,177,0,11,100.0,144.30000215023756,100.0,871.8085153102875,none,14
vehicle.bmw.isetta,54.506131352703086,137.0,177,0,11,96.30476837534653,245.1000036522746,96.30476837534653,1366.8077552318573,none,14
vehicle.bmw.isetta,132.2912577005324,134.0,177,0,11,100.0,48.85000072792173,100.0,284.88337206840515,none,18
vehicle.bmw.isetta,84.74849002285849,138.0,177,0,11,100.0,70.50000105053186,100.0,496.3866693973541,none,9
vehicle.bmw.isetta,152.37286603245602,133.0,177,0,11,100.0,49.25000073388219,100.0,355.28403186798096,none,9
vehicle.bmw.isetta,170.35434195336265,135.0,177,0,11,100.0,69.750001039356,100.0,418.16896510124207,none,4
vehicle.bmw.isetta,135.50261038028492,134.0,177,0,11,100.0,135.10000201314688,100.0,928.6339349746704,none,20
vehicle.bmw.isetta,184.08247304405248,131.0,177,0,11,98.38996095684664,208.45000310614705,68.87297266979265,1332.1493711471558,red_light,5
vehicle.bmw.isetta,185.4022201237888,133.0,177,0,11,100.0,155.4500023163855,100.0,923.8504631519318,none,6
vehicle.bmw.isetta,262.73995804947594,136.0,177,0,11,100.0,241.45000359788537,100.0,1404.4399404525757,none,0
vehicle.bmw.isetta,128.95913185645716,141.0,177,0,11,100.0,65.95000098273158,100.0,373.81094455718994,none,2
vehicle.bmw.isetta,157.49129412890363,138.0,176,0,11,100.0,49.70000074058771,100.0,297.02281069755554,none,13
vehicle.bmw.isetta,105.84117500426734,139.0,177,0,11,95.14760542348,331.8000049442053,95.14760542348,2051.7237770557404,none,9
vehicle.bmw.isetta,106.08523701555264,134.0,177,0,11,100.0,118.10000175982714,100.0,743.2910535335541,none,0
vehicle.bmw.isetta,134.9649352416446,135.0,177,0,11,100.0,261.9500039033592,100.0,1594.2151911258698,none,20
vehicle.bmw.isetta,133.9996692194524,133.0,177,0,11,100.0,27.250000406056643,100.0,174.10439610481262,none,2
vehicle.bmw.isetta,188.62217081727417,134.0,176,0,11,100.0,100.90000150352716,100.0,600.6759974956512,none,8
vehicle.bmw.isetta,56.72804923831599,133.0,177,0,11,100.0,51.75000077113509,100.0,322.48354959487915,none,20
vehicle.bmw.isetta,55.99933212657137,135.0,177,0,11,100.0,12.800000190734863,100.0,85.39026141166687,none,12
vehicle.bmw.isetta,77.74474012433396,138.0,177,0,11,100.0,120.85000180080532,100.0,989.0818071365356,none,9
vehicle.bmw.isetta,201.47522325688308,134.0,177,0,11,100.0,104.60000155866146,100.0,710.397801399231,none,0
vehicle.bmw.isetta,57.91582883374336,129.0,177,0,11,100.0,142.40000212192535,100.0,855.4041562080383,none,20
vehicle.bmw.isetta,233.5059863989048,137.0,176,0,11,100.0,131.40000195801258,100.0,948.1591770648956,none,19
vehicle.bmw.isetta,136.38078640210082,133.0,176,0,11,97.4661112952578,301.30000448971987,97.4661112952578,1766.3191237449646,none,17
vehicle.bmw.isetta,64.84443288939383,131.0,176,0,11,100.0,169.95000253245234,100.0,1158.9973011016846,none,9
vehicle.bmw.isetta,63.51635132231508,132.0,176,0,11,100.0,37.40000055730343,100.0,273.325092792511,none,2
vehicle.bmw.isetta,147.48200195171145,137.0,177,0,11,100.0,108.95000162348153,100.0,711.4933271408081,none,20
vehicle.bmw.isetta,217.51892947055245,134.0,177,0,11,100.0,66.20000098645687,100.0,405.91157937049866,none,1
vehicle.bmw.isetta,190.8164069727564,135.0,177,0,11,100.0,117.50000175088644,100.0,712.123527765274,none,5
vehicle.bmw.isetta,254.1060713159461,137.0,177,0,11,98.04729221436868,317.750004734844,98.04729221436868,1794.1679265499115,none,8
vehicle.bmw.isetta,165.2617979987117,130.0,177,0,11,100.0,131.65000196173787,100.0,806.3962106704712,none,1
vehicle.bmw.isetta,149.99601064107898,130.0,177,0,11,100.0,185.6500027664005,100.0,1140.8359639644625,none,14
vehicle.bmw.isetta,71.50994652828354,129.0,177,0,11,100.0,18.6000002771616,100.0,110.85478830337524,none,19
vehicle.bmw.isetta,135.46155381851938,136.0,177,0,11,100.0,161.75000241026282,100.0,903.729825258255,none,14
vehicle.bmw.isetta,156.79689825163248,133.0,177,0,11,100.0,82.35000122711062,100.0,573.0986835956573,none,1
vehicle.bmw.isetta,83.13450328178256,131.0,177,0,11,100.0,28.8500004298985,100.0,160.6330943107605,none,17
vehicle.bmw.isetta,250.78999932384824,138.0,177,0,11,100.0,193.45000288262963,100.0,1266.2279031276703,none,10
vehicle.bmw.isetta,114.62667096986732,129.0,177,0,11,100.0,78.65000117197633,100.0,503.4295263290405,none,2
vehicle.bmw.isetta,63.43423489382118,135.0,177,0,11,100.0,97.1500014476478,100.0,660.4758243560791,none,9
vehicle.bmw.isetta,192.3656901274608,136.0,176,0,11,100.0,122.95000183209775,100.0,829.9004673957825,none,3
vehicle.bmw.isetta,209.0900054293799,131.0,177,0,11,100.0,136.8500020392239,100.0,985.3206052780153,none,7
vehicle.bmw.isetta,70.43334556254084,138.0,177,0,11,100.0,137.3500020466745,100.0,884.0776720046997,none,18
vehicle.bmw.isetta,257.85431282278745,130.0,177,0,11,100.0,118.30000176280736,100.0,813.3416204452515,none,13
vehicle.bmw.isetta,163.9999400746265,130.0,177,0,11,100.0,69.80000104010105,100.0,460.72232937812805,none,18
vehicle.bmw.isetta,269.2091664486068,134.0,177,0,11,100.0,260.1500038765371,100.0,1746.574135303497,none,0
vehicle.bmw.isetta,171.19559751444055,130.0,177,0,11,100.0,155.75000232085586,100.0,900.0873684883118,none,8
vehicle.bmw.isetta,98.00128842523004,136.0,177,0,11,100.0,19.25000028684736,100.0,124.27106070518494,none,11
vehicle.bmw.isetta,4.00000021027517,141.0,177,0,11,100.0,170.10000253468752,100.0,1119.154866695404,none,13
vehicle.bmw.isetta,251.3352438596285,135.0,177,0,11,100.0,146.6500021852553,100.0,863.0065805912018,none,12
vehicle.bmw.isetta,271.3472965796286,134.0,177,0,11,100.0,196.300002925098,100.0,1421.7623615264893,none,9
vehicle.bmw.isetta,126.89068320142172,136.0,177,0,11,100.0,97.70000145584343,100.0,713.7013442516327,none,9
vehicle.bmw.isetta,65.17453134346205,138.0,177,0,11,100.0,185.5000027641654,100.0,1199.8770179748535,none,4
vehicle.bmw.isetta,191.8171785347349,138.0,177,0,11,100.0,76.35000113770366,100.0,543.4520211219788,none,6
vehicle.bmw.isetta,135.53081141470167,132.0,176,0,11,100.0,176.70000263303518,100.0,1036.2094032764437,none,9
vehicle.bmw.isetta,159.83405030843176,137.0,177,0,11,73.4590948427152,151.95000226423144,44.07545690562912,878.7793138027191,collisions_vehicle,19
vehicle.bmw.isetta,120.04475960989669,135.0,177,0,11,100.0,35.950000535696745,100.0,252.8844690322876,none,3
vehicle.bmw.isetta,83.45133697663786,143.0,177,0,11,100.0,58.55000087246299,100.0,366.7145264148712,none,8
vehicle.bmw.isetta,147.97621366078394,,177,0,11,0.0,0.050000000745058,0.0,0.378486156463623,red_light,1
vehicle.bmw.isetta,149.18479208755417,132.0,177,0,11,100.0,43.900000654160976,100.0,257.06903171539307,none,2
vehicle.bmw.isetta,240.84659042508247,137.0,177,0,11,98.08661034899896,318.95000475272536,98.08661034899896,1839.927862644196,none,0
vehicle.bmw.isetta,141.7120253036426,131.0,177,0,11,100.0,111.100001655519,100.0,689.8950481414795,none,7
vehicle.bmw.isetta,134.68550795661574,134.0,177,0,11,100.0,122.65000182762742,100.0,831.8852586746216,none,14
vehicle.bmw.isetta,217.9950009430536,135.0,177,0,11,100.0,143.85000214353204,100.0,1037.330190896988,none,6
vehicle.bmw.isetta,140.85397776372758,134.0,177,0,11,100.0,105.55000157281756,100.0,718.1471164226532,none,9
vehicle.bmw.isetta,141.17222919562278,136.0,176,0,11,100.0,164.6500024534762,100.0,926.3522117137908,none,5
vehicle.bmw.isetta,57.690003107429895,135.0,177,0,11,100.0,53.35000079497695,100.0,336.92994832992554,none,14
vehicle.bmw.isetta,211.56213862926955,132.0,177,0,11,100.0,80.90000120550394,100.0,499.714946269989,none,10
vehicle.bmw.isetta,130.30642004913034,132.0,177,0,11,97.45205089886544,552.050008226186,97.45205089886544,4050.57839179039,none,2
vehicle.bmw.isetta,216.3700031067862,135.0,176,0,11,100.0,103.05000153556466,100.0,702.1310336589813,none,7
vehicle.bmw.isetta,97.7799995055068,137.0,177,0,11,100.0,50.80000075697899,100.0,392.6376526355744,none,10
vehicle.bmw.isetta,91.21650580385666,134.0,177,0,11,100.0,95.10000141710044,100.0,607.4732446670532,none,1
vehicle.bmw.isetta,153.947210454538,136.0,177,0,11,100.0,135.75000202283263,100.0,900.8718144893646,none,12
vehicle.bmw.isetta,119.900140564025,132.0,176,0,11,100.0,119.95000178739429,100.0,695.8136868476868,none,11
vehicle.bmw.isetta,238.7324055173933,138.0,177,0,11,100.0,145.85000217333436,100.0,923.0935111045836,none,5
vehicle.bmw.isetta,151.87153975210185,128.0,177,0,11,100.0,285.95000426098704,100.0,1744.075340270996,none,20
vehicle.bmw.isetta,247.73842490293512,135.0,177,0,11,100.0,159.00000236928463,100.0,915.360377073288,none,9
vehicle.bmw.isetta,278.8517179140669,134.0,177,0,11,100.0,179.70000267773867,100.0,1217.8094103336334,none,10
vehicle.bmw.isetta,13.066559092344626,136.0,177,0,11,97.81316640436968,422.0500062890351,97.81316640436968,2500.436491012573,none,6
vehicle.bmw.isetta,133.6516813305543,133.0,177,0,11,100.0,65.20000097155571,100.0,397.2693784236908,none,6
vehicle.bmw.isetta,115.96521403280724,133.0,177,0,11,100.0,151.15000225231051,100.0,941.816546201706,none,18
vehicle.bmw.isetta,185.93342229434964,138.0,177,0,11,100.0,64.20000095665455,100.0,389.44697523117065,none,18
vehicle.bmw.isetta,167.38486120028512,134.0,176,0,11,100.0,35.6500005312264,100.0,229.68208241462708,none,19
vehicle.bmw.isetta,251.15731424878263,140.0,177,0,11,97.88798631802662,299.40000446140766,68.52159042261863,1877.8611862659448,red_light,6
vehicle.bmw.isetta,97.41958226021404,135.0,177,0,11,100.0,96.55000143870711,100.0,599.9317951202393,none,11
vehicle.bmw.isetta,54.10762331426994,134.0,177,0,11,100.0,123.65000184252858,100.0,966.75497341156,none,2
vehicle.bmw.isetta,121.65021018505978,136.0,176,0,11,100.0,98.7000014707446,100.0,591.6239032745361,none,12
vehicle.bmw.isetta,218.0465004233209,135.0,176,0,11,100.0,195.450002912432,100.0,1144.222870349884,none,1
vehicle.bmw.isetta,136.80629150040426,135.0,177,0,11,19.778750327767018,199.7000029757619,19.778750327767018,1382.9617512226105,none,14
vehicle.bmw.isetta,177.63438654998097,134.0,176,0,11,100.0,59.650000888854265,100.0,366.1803424358368,none,9
vehicle.bmw.isetta,66.90389832381031,134.0,177,0,11,100.0,60.55000090226531,100.0,376.567479133606,none,4
vehicle.bmw.isetta,273.3407856255807,129.0,177,0,11,100.0,203.250003028661,100.0,1259.3652667999268,none,18
vehicle.bmw.isetta,98.3758070779555,137.0,177,0,11,100.0,53.250000793486834,100.0,298.1064658164978,none,20
vehicle.bmw.isetta,75.509947236394,136.0,177,0,11,100.0,22.95000034198165,100.0,137.4609751701355,none,7
vehicle.bmw.isetta,215.69296777720123,132.0,177,0,11,100.0,112.50000167638063,100.0,728.9909474849701,none,10
vehicle.bmw.isetta,127.99489155404224,139.0,176,0,11,100.0,185.6500027664005,100.0,1167.038453578949,none,9
vehicle.bmw.isetta,113.54286258512876,141.0,177,0,11,100.0,30.600000455975533,100.0,189.73577451705933,none,3
vehicle.bmw.isetta,77.70679167100221,133.0,176,0,11,100.0,33.900000505149364,100.0,179.59716248512268,none,0
vehicle.bmw.isetta,128.00041635409687,131.0,177,0,11,100.0,158.35000235959888,100.0,1004.3012521266936,none,3
vehicle.bmw.isetta,63.61396366476734,133.0,177,0,11,97.85111675898274,512.1500076316297,97.85111675898274,3596.098541736603,none,8
vehicle.bmw.isetta,210.35719774473657,134.0,177,0,11,100.0,96.2000014334917,100.0,576.4791197776794,none,4
vehicle.bmw.isetta,218.17279493959552,132.0,177,0,11,98.29318517346394,398.25000593438745,98.29318517346394,2552.615526199341,none,9
vehicle.bmw.isetta,114.13830922825704,134.0,177,0,11,100.0,144.30000215023756,100.0,862.7271580696106,none,8
vehicle.bmw.isetta,91.5848828385856,138.0,177,0,11,100.0,47.85000071302056,100.0,272.9830536842346,none,14
vehicle.bmw.isetta,127.5593661832002,136.0,177,0,11,96.69151166334508,483.25000720098615,96.69151166334508,3123.96146440506,none,11
vehicle.bmw.isetta,153.806218665598,138.0,177,0,11,100.0,141.65000211074948,100.0,1018.2336912155153,none,20
vehicle.bmw.isetta,230.50704928789344,134.0,177,0,11,19.020508631806752,209.85000312700868,19.020508631806752,1795.4055516719818,none,6
vehicle.bmw.isetta,155.21271208235316,134.0,177,0,11,98.49285644146929,304.3500045351684,98.49285644146929,1830.9104244709013,none,5
vehicle.bmw.isetta,68.45236296257079,131.0,177,0,11,100.0,70.00000104308128,100.0,406.07611870765686,none,16
vehicle.bmw.isetta,289.7189203220309,132.0,177,0,11,100.0,142.7000021263957,100.0,844.1868991851807,none,0
vehicle.bmw.isetta,255.72384592595856,136.0,177,0,11,100.0,213.3500031791628,100.0,1361.8904361724854,none,8
vehicle.bmw.isetta,62.44134756354121,136.0,177,0,11,100.0,55.30000082403421,100.0,334.2511143684387,none,2
vehicle.bmw.isetta,107.60914881202362,134.0,177,0,11,100.0,63.20000094175339,100.0,383.6217770576477,none,9
vehicle.bmw.isetta,160.69567727484127,136.0,176,0,11,100.0,168.65000251308084,100.0,1085.7366020679474,none,13
vehicle.bmw.isetta,84.00000790754952,132.0,176,0,11,100.0,62.000000923872,100.0,366.38099694252014,none,4
vehicle.bmw.isetta,135.98085964910393,136.0,177,0,11,100.0,35.400000527501106,100.0,224.43793892860413,none,3
vehicle.bmw.isetta,187.1840081355105,130.0,177,0,11,100.0,79.70000118762255,100.0,515.7531411647797,none,10
vehicle.bmw.isetta,198.1508534574193,136.0,177,0,11,100.0,84.90000126510859,100.0,578.8992652893066,none,19
vehicle.bmw.isetta,149.37026287944542,137.0,177,0,11,100.0,35.35000052675605,100.0,255.4606287479401,none,12
vehicle.bmw.isetta,78.14909887959358,137.0,176,0,11,100.0,201.7000030055642,100.0,1259.4013209342957,none,11
vehicle.bmw.isetta,169.63795273239205,132.0,177,0,11,100.0,39.1000005826354,100.0,277.20439743995667,none,2
vehicle.bmw.isetta,201.75301977211643,138.0,177,0,11,100.0,191.3500028513372,100.0,1302.5010221004486,none,2
vehicle.bmw.isetta,84.73965023148577,143.0,177,0,11,100.0,66.75000099465251,100.0,484.82946491241455,none,5
vehicle.bmw.isetta,199.61393678283733,132.0,177,0,11,100.0,68.95000102743506,100.0,435.0248358249664,none,17
vehicle.bmw.isetta,231.035249317076,135.0,177,0,11,98.38340927399068,392.7500058524311,98.38340927399068,2255.825416326523,none,2
vehicle.bmw.isetta,224.4508093747655,133.0,177,0,11,100.0,191.15000284835696,100.0,1352.937651872635,none,10
vehicle.bmw.isetta,160.59174114741538,131.0,176,0,11,100.0,165.45000246539712,100.0,918.4874885082244,none,14
vehicle.bmw.isetta,175.09000599072704,137.0,177,0,11,100.0,172.1500025652349,100.0,1122.8919305801392,none,3
vehicle.bmw.isetta,105.7259278791228,133.0,177,0,11,100.0,56.1500008367002,100.0,456.3800423145294,none,9
vehicle.bmw.isetta,242.25000000600124,138.0,176,0,11,100.0,133.90000199526548,100.0,802.8448445796967,none,3
vehicle.bmw.isetta,60.41715755173839,132.0,177,0,11,100.0,76.55000114068389,100.0,432.3740243911743,none,5
vehicle.bmw.isetta,124.26716564462544,130.0,177,0,11,95.17989961785172,336.3500050120056,95.17989961785172,1762.9496109485626,none,0
vehicle.bmw.isetta,246.3376246675904,134.0,177,0,11,100.0,241.20000359416008,100.0,1490.611435174942,none,20
vehicle.bmw.isetta,181.734017212836,131.0,177,0,11,100.0,66.6500009931624,100.0,387.9460422992706,none,2
vehicle.bmw.isetta,61.75445811744025,136.0,176,0,11,100.0,199.800002977252,100.0,1428.5076253414154,none,9
vehicle.bmw.isetta,139.14688912305118,135.0,177,0,11,97.37888600203024,128.1500019095838,58.42733160121814,827.8566150665283,collisions_vehicle,15
vehicle.bmw.isetta,92.62465890700264,136.0,177,0,11,100.0,21.250000316649675,100.0,133.59942078590393,none,20
vehicle.bmw.isetta,174.25697675114515,132.0,177,0,11,100.0,124.85000186040998,100.0,879.8861358165741,none,10
vehicle.bmw.isetta,183.97032391451447,134.0,177,0,11,100.0,67.3500010035932,100.0,400.23710894584656,none,9
vehicle.bmw.isetta,202.18308424118496,132.0,177,0,11,100.0,104.10000155121088,100.0,621.2758622169495,none,2
vehicle.bmw.isetta,152.86000559795005,134.0,177,0,11,100.0,143.20000213384628,100.0,951.9108469486235,none,6
vehicle.bmw.isetta,69.96409608455757,137.0,177,0,11,100.0,77.70000115782022,100.0,473.2984426021576,none,7
vehicle.bmw.isetta,160.56496478786465,132.0,177,0,11,100.0,132.05000196769834,100.0,726.4784190654755,none,8
vehicle.bmw.isetta,144.41420865579255,138.0,177,0,11,100.0,136.90000203996897,100.0,882.4865236282349,none,13
vehicle.bmw.isetta,141.2596863076324,134.0,177,0,11,100.0,37.75000056251884,100.0,222.7500936985016,none,20
vehicle.bmw.isetta,250.70334896953392,133.0,177,0,11,100.0,201.3500030003488,100.0,1131.2223632335665,none,2
vehicle.bmw.isetta,94.00071938021614,134.0,177,0,11,100.0,24.75000036880374,100.0,147.44639778137207,none,1
vehicle.bmw.isetta,78.52384916000362,131.0,177,0,11,100.0,23.600000351667404,100.0,124.02797603607178,none,7
vehicle.bmw.isetta,103.99867141155153,137.0,177,0,11,100.0,23.550000350922343,100.0,155.46684646606445,none,10
vehicle.bmw.isetta,59.41275985558396,135.0,177,0,11,100.0,18.0000002682209,100.0,128.67561101913452,none,0
vehicle.bmw.isetta,220.3460545638561,135.0,177,0,11,98.48890213355476,577.7500086091459,98.48890213355476,3420.3398537635803,none,18
vehicle.bmw.isetta,91.16367443389557,134.0,177,0,11,100.0,223.2000033259392,100.0,1388.3604397773745,none,0
vehicle.bmw.isetta,126.5800249155539,134.0,177,0,11,100.0,170.15000253543258,100.0,1104.5622704029083,none,13
vehicle.bmw.isetta,115.78998008039962,134.0,177,0,11,100.0,85.25000127032399,100.0,480.94997549057007,none,13
vehicle.bmw.isetta,199.0611845425313,141.0,177,0,11,100.0,60.25000089779496,100.0,366.51018500328064,none,5
vehicle.bmw.isetta,39.51298327846472,133.0,177,0,11,100.0,211.2500031478703,100.0,1378.9238994121552,none,0
vehicle.bmw.isetta,134.82516645917676,133.0,177,0,11,100.0,79.60000118613243,100.0,452.63488721847534,none,5
vehicle.bmw.isetta,176.04473564672733,137.0,177,0,11,100.0,133.0500019825995,100.0,948.927443742752,none,4
vehicle.bmw.isetta,97.46146430176618,133.0,176,0,11,100.0,46.35000069066882,100.0,251.26489996910087,none,8
vehicle.bmw.isetta,85.01128944107964,135.0,177,0,11,100.0,83.30000124126673,100.0,515.564600944519,none,5
vehicle.bmw.isetta,84.2791168394927,136.0,177,0,11,0.0,3.000000044703484,0.0,17.43168878555298,red_light,20
vehicle.bmw.isetta,67.53636251445108,138.0,177,0,11,100.0,160.1000023856759,100.0,1103.2084455490112,none,3
vehicle.bmw.isetta,167.99996240809642,134.0,176,0,11,100.0,113.20000168681143,100.0,701.5677509307861,none,16
vehicle.bmw.isetta,193.7218500399844,135.0,177,0,11,100.0,230.2000034302473,100.0,1597.5665771961212,none,4
vehicle.bmw.isetta,141.12593610356925,135.0,177,0,11,100.0,125.5500018708408,100.0,711.0856177806854,none,8
vehicle.bmw.isetta,109.3971503213479,130.0,177,0,11,100.0,130.6500019468367,100.0,771.8693993091583,none,11
vehicle.bmw.isetta,148.92514730795034,142.0,177,0,11,100.0,138.20000205934048,100.0,873.667756319046,none,2
vehicle.bmw.isetta,158.68891930218643,130.0,177,0,11,100.0,115.90000172704458,100.0,749.003092288971,none,6
vehicle.bmw.isetta,76.90635351557887,135.0,177,0,11,100.0,68.50000102072954,100.0,395.89100432395935,none,0
vehicle.bmw.isetta,186.62042559656945,136.0,176,0,11,97.09405273520473,382.75000570341945,97.09405273520473,2190.3258283138275,none,9
vehicle.bmw.isetta,222.385490044924,133.0,176,0,11,100.0,91.15000135824084,100.0,610.9049093723297,none,17
vehicle.bmw.isetta,178.23508386477212,136.0,177,0,11,100.0,168.75000251457095,100.0,1170.7616591453552,none,20
vehicle.bmw.isetta,78.0000161598569,137.0,176,0,11,100.0,54.30000080913305,100.0,430.5798089504242,none,15
vehicle.bmw.isetta,118.8098843933318,134.0,177,0,11,100.0,188.70000281184912,100.0,1184.5126225948334,none,6
vehicle.bmw.isetta,179.964561912339,139.0,177,0,11,97.99369101893092,290.45000432804227,97.99369101893092,1662.943620443344,none,0
vehicle.bmw.isetta,169.5013052937602,132.0,177,0,11,100.0,137.05000204220414,100.0,799.3035106658936,none,15
vehicle.bmw.isetta,132.53723393111662,132.0,177,0,11,100.0,77.15000114962459,100.0,485.0128276348114,none,10
vehicle.bmw.isetta,165.70690746680884,132.0,177,0,11,100.0,576.5000085905194,100.0,3457.302700281143,none,8
vehicle.bmw.isetta,242.2096374248703,133.0,177,0,11,98.5071878192123,421.3000062778592,98.5071878192123,2590.020218372345,none,16
vehicle.bmw.isetta,243.72050897647105,132.0,177,0,11,100.0,153.50000228732824,100.0,1157.5888347625732,none,15
vehicle.bmw.isetta,172.47023603808037,134.0,177,0,11,100.0,128.7500019185245,100.0,746.4300532341003,none,3
vehicle.bmw.isetta,215.6713346003968,133.0,177,0,11,100.0,181.5500027053058,100.0,1208.8341584205627,none,7
vehicle.bmw.isetta,117.5310984930196,136.0,177,0,11,100.0,82.35000122711062,100.0,601.354745388031,none,4
vehicle.bmw.isetta,236.0266182942848,133.0,177,0,11,96.2368031379306,50.5500007532537,62.553922039654886,305.0285997390747,collisions_layout,4
vehicle.bmw.isetta,91.7189155740634,133.0,177,0,11,100.0,105.90000157803296,100.0,728.4348874092102,none,12
vehicle.bmw.isetta,98.37931889628884,139.0,177,0,11,100.0,109.90000163763762,100.0,698.1564228534698,none,20
vehicle.bmw.isetta,97.61171908771536,130.0,177,0,11,100.0,49.950000744313,100.0,373.4712629318237,none,19
vehicle.bmw.isetta,170.68055255753555,136.0,177,0,11,100.0,155.00000230968,100.0,856.0306656360626,none,12
vehicle.bmw.isetta,88.80355356292397,134.0,177,0,11,100.0,51.1500007621944,100.0,315.54100799560547,none,15
vehicle.bmw.isetta,85.49173440828262,131.0,177,0,11,100.0,115.25000171735884,100.0,728.9416029453278,none,9
vehicle.bmw.isetta,110.76065795970584,135.0,176,0,11,100.0,69.65000103786588,100.0,459.2765212059021,none,5
vehicle.bmw.isetta,177.8571279682478,133.0,177,0,11,100.0,108.45000161603092,100.0,661.443498134613,none,7
vehicle.bmw.isetta,81.9999806667819,128.0,177,0,11,100.0,17.400000259280205,100.0,102.57885432243349,none,6
vehicle.bmw.isetta,62.717139549735016,136.0,177,0,11,100.0,143.75000214204192,100.0,1048.8125529289246,none,12
vehicle.bmw.isetta,181.206637504591,134.0,177,0,11,100.0,96.55000143870711,100.0,549.6295816898346,none,11
vehicle.bmw.isetta,192.1228271723634,134.0,177,0,11,100.0,69.85000104084611,100.0,426.026104927063,none,10
vehicle.bmw.isetta,235.9040388418787,135.0,177,0,11,100.0,139.45000207796693,100.0,909.4693458080292,none,8
vehicle.bmw.isetta,156.17705486881516,132.0,176,0,11,100.0,128.90000192075968,100.0,778.9418098926544,none,1
vehicle.bmw.isetta,203.43585952739693,137.0,177,0,11,100.0,164.90000245720148,100.0,978.5027456283568,none,17
vehicle.bmw.isetta,111.219846834658,143.0,177,0,11,100.0,42.05000062659383,100.0,245.84635758399963,none,12
vehicle.bmw.isetta,234.6213070717789,135.0,177,0,11,100.0,76.9000011458993,100.0,487.6772232055664,none,19
vehicle.bmw.isetta,123.1801075207984,131.0,177,0,11,98.60336352789842,651.8000097125769,98.60336352789842,3796.310311794281,none,10
vehicle.bmw.isetta,50.35727855555831,138.0,177,0,11,100.0,59.30000088363886,100.0,404.31709909439087,none,19
vehicle.bmw.isetta,89.66100072719145,136.0,177,0,11,100.0,107.25000159814954,100.0,664.2708425521851,none,5
vehicle.bmw.isetta,138.3080047843275,137.0,177,0,11,100.0,99.00000147521496,100.0,785.1151247024536,none,10
vehicle.bmw.isetta,226.40089809172488,135.0,177,0,11,100.0,180.80000269413,100.0,1117.0620801448822,none,5
vehicle.bmw.isetta,152.83714049296856,137.0,177,0,11,100.0,141.80000211298466,100.0,1006.6994199752808,none,14
vehicle.bmw.isetta,173.2256221408636,133.0,177,0,11,100.0,160.15000238642097,100.0,1100.3660299777985,none,9
vehicle.bmw.isetta,135.01133770819789,132.0,177,0,11,100.0,86.70000129193068,100.0,625.7186222076416,none,19
vehicle.bmw.isetta,188.14687270246912,130.0,177,0,11,100.0,165.7000024691224,100.0,1000.6078233718872,none,15
vehicle.bmw.isetta,44.18144665181526,138.0,177,0,11,100.0,171.10000254958868,100.0,1139.9944350719452,none,16
vehicle.bmw.isetta,30.31612559092024,133.0,177,0,11,100.0,113.60000169277193,100.0,725.7122671604156,none,2
vehicle.bmw.isetta,82.52403395916362,131.0,177,0,11,95.39362544691988,350.0500052161515,95.39362544691988,2393.0706202983856,none,16
vehicle.bmw.isetta,220.05331647310825,138.0,177,0,11,100.0,88.60000132024288,100.0,543.3474225997925,none,11
vehicle.bmw.isetta,84.29327349453786,134.0,177,0,11,100.0,25.600000381469727,100.0,153.99774146080017,none,6
vehicle.bmw.isetta,135.56536383854268,140.0,177,0,11,100.0,47.60000070929527,100.0,318.73204040527344,none,4
vehicle.bmw.isetta,227.06584469435467,131.0,177,0,11,100.0,160.9500023983419,100.0,1029.945519447327,none,19
vehicle.bmw.isetta,92.66999869677429,136.0,177,0,11,100.0,78.05000116303563,100.0,482.2529463768005,none,1
vehicle.bmw.isetta,153.7799770326952,132.0,177,0,11,100.0,64.55000096186996,100.0,412.611200094223,none,3
vehicle.bmw.isetta,136.68384612986242,132.0,177,0,11,100.0,85.20000126957893,100.0,544.7836418151855,none,19
vehicle.bmw.isetta,56.77745733053168,138.0,177,0,11,100.0,35.75000053271651,100.0,219.7921211719513,none,14
vehicle.bmw.isetta,140.29320998810496,134.0,177,0,11,98.275651456717,334.5500049851835,98.275651456717,1875.837005853653,none,18
vehicle.bmw.isetta,130.61080761316128,134.0,177,0,11,100.0,261.5500038973987,100.0,1674.1710369586945,none,2
vehicle.bmw.isetta,109.97205490190288,133.0,177,0,11,9.59989372095534,12.150000181049109,5.759936232573204,74.23016571998596,collisions_vehicle,3
vehicle.bmw.isetta,190.57421685215644,134.0,177,0,11,100.0,57.850000862032175,100.0,404.1108651161194,none,19
vehicle.bmw.isetta,161.24031255030107,132.0,177,0,11,100.0,108.6000016182661,100.0,825.7922897338867,none,19
vehicle.bmw.isetta,212.0514713791468,135.0,176,0,11,98.83997997572818,320.2500047720969,98.83997997572818,1839.226081609726,none,18
vehicle.bmw.isetta,50.13066670904022,137.0,177,0,11,100.0,13.40000019967556,100.0,80.17860817909241,none,17
vehicle.bmw.isetta,9.903743135627703,137.0,177,0,11,100.0,123.90000184625389,100.0,813.1648604869843,none,3
vehicle.bmw.isetta,147.88777250643483,139.0,177,0,11,100.0,115.60000172257423,100.0,808.2802307605743,none,0
vehicle.bmw.isetta,132.45084750914103,137.0,177,0,11,100.0,34.150000508874655,100.0,215.3759286403656,none,10
vehicle.bmw.isetta,175.46213915057518,132.0,177,0,11,100.0,70.25000104680657,100.0,443.6699879169464,none,14
vehicle.bmw.isetta,146.50222051911055,138.0,177,0,11,100.0,183.0500027276576,100.0,1191.2128326892853,none,15
vehicle.bmw.isetta,97.78918153678758,139.0,177,0,11,100.0,32.5500004850328,100.0,229.4193675518036,none,0
vehicle.bmw.isetta,84.7644301521923,136.0,177,0,11,100.0,183.0000027269125,100.0,1211.5277633666992,none,14
vehicle.bmw.isetta,138.25085451995548,131.0,177,0,11,100.0,127.30000189691782,100.0,730.4530544281006,none,0
vehicle.lincoln.mkz2017,207.01921297077124,145.0,177,0,10,100.0,100.8500015027821,100.0,349.6514835357666,none,0
vehicle.lincoln.mkz2017,82.7731237397857,147.0,177,0,10,100.0,143.15000213310122,100.0,673.4957678318024,none,1
vehicle.lincoln.mkz2017,178.9391330373126,141.0,177,0,10,100.0,78.15000116452575,100.0,316.22274231910706,none,2
vehicle.lincoln.mkz2017,238.10978756392848,145.0,177,0,10,100.0,102.45000152662396,100.0,423.9770052433014,none,3
vehicle.lincoln.mkz2017,223.3329029008772,145.0,177,0,10,100.0,198.6000029593706,100.0,931.1246066093444,none,1
vehicle.lincoln.mkz2017,167.56487086493937,143.0,177,0,10,100.0,98.50000146776438,100.0,424.9967529773712,none,4
vehicle.lincoln.mkz2017,194.9718798637444,145.0,177,0,10,98.34239665051068,363.8500054217875,98.34239665051068,1409.6361305713654,none,5
vehicle.lincoln.mkz2017,115.88590957775584,141.0,177,0,10,100.0,33.05000049248338,100.0,137.43840312957764,none,6
vehicle.lincoln.mkz2017,43.096043644042815,144.0,177,0,10,100.0,256.95000382885337,100.0,1033.0882127285004,none,3
vehicle.lincoln.mkz2017,58.63827134877027,,177,0,10,0.0,0.050000000745058,0.0,0.428743839263916,red_light,1
vehicle.lincoln.mkz2017,77.26589929384768,146.0,177,0,10,100.0,104.00000154972076,100.0,413.0852401256561,none,6
vehicle.lincoln.mkz2017,162.78504929646405,142.0,177,0,10,100.0,119.95000178739429,100.0,434.7218532562256,none,4
vehicle.lincoln.mkz2017,198.33133495156537,142.0,177,0,10,97.65897941659918,351.40000523626804,97.65897941659918,1563.8658623695374,none,7
vehicle.lincoln.mkz2017,101.61206212778252,151.0,177,0,10,100.0,78.8000011742115,100.0,269.40980410575867,none,8
vehicle.lincoln.mkz2017,114.14997116258075,143.0,177,0,10,54.73311167480493,81.15000120922923,32.839867004882954,272.628867149353,collisions_vehicle,8
vehicle.lincoln.mkz2017,89.85816825817592,145.0,177,0,10,96.15008342249784,260.30000387877226,96.15008342249784,1051.2518737316132,none,3
vehicle.lincoln.mkz2017,117.1820118020656,146.0,176,0,10,100.0,85.10000126808882,100.0,305.5329647064209,none,5
vehicle.lincoln.mkz2017,124.7108900544878,143.0,177,0,10,100.0,85.85000127926469,100.0,285.08772802352905,none,6
vehicle.lincoln.mkz2017,97.85226981529962,146.0,177,0,10,100.0,70.30000104755163,100.0,305.3649861812592,none,9
vehicle.lincoln.mkz2017,152.4820958031289,146.0,177,0,10,100.0,72.95000108703971,100.0,287.5699806213379,none,2
vehicle.lincoln.mkz2017,273.33199613203595,144.0,177,0,10,100.0,247.70000369101763,100.0,906.76357960701,none,8
vehicle.lincoln.mkz2017,174.53322915148334,145.0,176,0,10,100.0,260.45000388100743,100.0,903.2914471626282,none,5
vehicle.lincoln.mkz2017,56.30132988530262,143.0,177,0,10,98.63748934631124,396.9000059142709,98.63748934631124,1626.1452422142029,none,10
vehicle.lincoln.mkz2017,187.8028807307963,146.0,177,0,10,97.68730733597968,417.7500062249601,97.68730733597968,1345.6706049442291,none,7
vehicle.lincoln.mkz2017,148.57995264526733,145.0,177,0,10,100.0,72.35000107809901,100.0,261.4942967891693,none,3
vehicle.lincoln.mkz2017,67.64448743494455,145.0,177,0,10,100.0,24.50000036507845,100.0,89.79966425895691,none,1
vehicle.lincoln.mkz2017,247.34437197628097,145.0,177,0,10,100.0,328.15000488981605,100.0,1220.3944363594055,none,9
vehicle.lincoln.mkz2017,185.99463978365304,143.0,177,0,10,100.0,50.40000075101853,100.0,169.73415875434875,none,11
vehicle.lincoln.mkz2017,50.992664209856144,143.0,177,0,10,100.0,41.100000612437725,100.0,141.55543661117554,none,12
vehicle.lincoln.mkz2017,80.77520493729264,145.0,176,0,10,100.0,507.9500075690448,100.0,2020.1460218429563,none,2
vehicle.lincoln.mkz2017,154.22773630668453,144.0,177,0,10,100.0,103.2500015385449,100.0,422.9053947925568,none,8
vehicle.lincoln.mkz2017,81.18335428520193,144.0,177,0,10,95.9314234458556,407.400006070733,95.9314234458556,1784.9474663734436,none,13
vehicle.lincoln.mkz2017,126.51974353648706,144.0,177,0,10,100.0,86.35000128671527,100.0,284.58781814575195,none,1
vehicle.lincoln.mkz2017,275.5098342056596,146.0,177,0,10,100.0,249.0500037111342,100.0,842.0476369857788,none,12
vehicle.lincoln.mkz2017,161.0705508614438,143.0,177,0,10,100.0,56.300000838935375,100.0,251.5460448265076,none,8
vehicle.lincoln.mkz2017,212.21998513514657,144.0,177,0,10,100.0,168.25000250712037,100.0,666.738719701767,none,14
vehicle.lincoln.mkz2017,92.67208641879182,141.0,177,0,10,100.0,34.70000051707029,100.0,143.9309196472168,none,13
vehicle.lincoln.mkz2017,155.64995003145023,138.0,177,0,10,100.0,86.45000128820539,100.0,300.54576659202576,none,13
vehicle.lincoln.mkz2017,168.14150198346732,143.0,177,0,10,100.0,104.15000155195594,100.0,475.8640010356903,none,8
vehicle.lincoln.mkz2017,135.6931039120751,145.0,176,0,10,100.0,254.900003798306,100.0,985.2789013385772,none,12
vehicle.lincoln.mkz2017,121.9713958242025,144.0,177,0,10,100.0,98.55000146850944,100.0,403.2621195316314,none,15
vehicle.lincoln.mkz2017,90.0830794673052,142.0,177,0,10,100.0,129.6000019311905,100.0,482.1007604598999,none,14
vehicle.lincoln.mkz2017,71.692100036983,143.0,176,0,10,100.0,220.45000328496096,100.0,971.9653315544128,none,14
vehicle.lincoln.mkz2017,195.33833164299287,148.0,177,0,10,76.6063043866168,129.45000192895532,45.96378263197008,517.7388904094696,collisions_vehicle,13
vehicle.lincoln.mkz2017,96.40022461549356,145.0,177,0,10,100.0,141.70000211149454,100.0,700.0152513980865,none,5
vehicle.lincoln.mkz2017,151.55090419619987,143.0,177,0,10,100.0,74.85000111535192,100.0,272.4461958408356,none,11
vehicle.lincoln.mkz2017,185.7261592234176,145.0,177,0,10,100.0,239.8500035740435,100.0,848.8157384395599,none,4
vehicle.lincoln.mkz2017,141.90401885803934,146.0,176,0,10,100.0,139.500002078712,100.0,487.7388641834259,none,1
vehicle.lincoln.mkz2017,159.02180304401404,142.0,177,0,10,100.0,39.50000058859587,100.0,170.6906714439392,none,1
vehicle.lincoln.mkz2017,69.93839879481226,146.0,177,0,10,100.0,60.65000090375543,100.0,271.25422644615173,none,14
vehicle.lincoln.mkz2017,222.93380901648845,145.0,177,0,10,100.0,337.2500050254166,100.0,1297.0098340511322,none,3
vehicle.lincoln.mkz2017,237.9464389452768,143.0,177,0,10,100.0,279.60000416636467,100.0,1075.209464788437,none,16
vehicle.lincoln.mkz2017,200.10978739194945,146.0,177,0,10,100.0,91.15000135824084,100.0,393.44958090782166,none,17
vehicle.lincoln.mkz2017,139.8224897592828,145.0,176,0,10,97.70498337349976,363.8500054217875,97.70498337349976,1262.063060760498,none,2
vehicle.lincoln.mkz2017,129.7494968599369,146.0,177,0,10,100.0,172.70000257343054,100.0,854.2490682601929,none,3
vehicle.lincoln.mkz2017,59.98171397690685,146.0,177,0,10,100.0,18.450000274926424,100.0,74.59627866744995,none,5
vehicle.lincoln.mkz2017,164.30197183978018,149.0,176,0,10,100.0,64.95000096783042,100.0,222.2949092388153,none,18
vehicle.lincoln.mkz2017,135.3497162420629,146.0,176,0,10,96.70174395066348,337.2500050254166,96.70174395066348,1074.2480835914612,none,7
vehicle.lincoln.mkz2017,85.66889046054116,142.0,177,0,10,100.0,46.25000068917871,100.0,194.33958554267883,none,19
vehicle.lincoln.mkz2017,62.57769689198829,144.0,177,0,10,100.0,77.70000115782022,100.0,280.1850833892822,none,14
vehicle.lincoln.mkz2017,209.0502379953276,144.0,177,0,10,100.0,109.95000163838267,100.0,375.9309802055359,none,7
vehicle.lincoln.mkz2017,109.91696340852243,145.0,177,0,10,100.0,120.85000180080532,100.0,477.0317599773407,none,20
vehicle.lincoln.mkz2017,112.25633952510816,142.0,177,0,10,100.0,142.55000212416053,100.0,538.9937527179718,none,11
vehicle.lincoln.mkz2017,113.50148540809884,146.0,177,0,10,100.0,112.75000168010592,100.0,412.4598059654236,none,8
vehicle.lincoln.mkz2017,245.14782311563644,141.0,176,0,10,100.0,254.3000037893653,100.0,874.604728937149,none,18
vehicle.lincoln.mkz2017,250.12245508861588,146.0,177,0,10,100.0,147.55000219866633,100.0,578.4608378410339,none,14
vehicle.lincoln.mkz2017,54.506131352703086,141.0,177,0,10,32.685046336037466,27.500000409781933,22.879532435226224,130.6576590538025,red_light,14
vehicle.lincoln.mkz2017,132.2912577005324,146.0,177,0,10,100.0,82.65000123158097,100.0,264.9095106124878,none,18
vehicle.lincoln.mkz2017,84.74849002285849,148.0,177,0,10,100.0,118.20000176131724,100.0,559.8271894454956,none,9
vehicle.lincoln.mkz2017,152.37286603245602,151.0,177,0,10,100.0,53.80000080168247,100.0,261.3306918144226,none,9
vehicle.lincoln.mkz2017,170.35434195336265,144.0,177,0,10,100.0,93.15000138804317,100.0,337.89144015312195,none,4
vehicle.lincoln.mkz2017,135.50261038028492,140.0,177,0,10,100.0,311.95000464841723,100.0,1334.9560477733612,none,20
vehicle.lincoln.mkz2017,184.08247304405248,142.0,176,0,10,100.0,245.9500036649406,100.0,1149.8839635849,none,5
vehicle.lincoln.mkz2017,185.4022201237888,145.0,177,0,10,100.0,159.85000238195062,100.0,568.7050437927246,none,6
vehicle.lincoln.mkz2017,262.73995804947594,144.0,177,0,10,100.0,158.05000235512853,100.0,549.9759163856506,none,0
vehicle.lincoln.mkz2017,128.95913185645716,145.0,177,0,10,100.0,102.20000152289867,100.0,358.19923186302185,none,2
vehicle.lincoln.mkz2017,157.49129412890363,143.0,176,0,10,100.0,47.85000071302056,100.0,170.07538533210754,none,13
vehicle.lincoln.mkz2017,105.84117500426734,141.0,177,0,10,96.5940863709252,289.8000043183565,96.5940863709252,1141.6845145225525,none,9
vehicle.lincoln.mkz2017,106.08523701555264,143.0,177,0,10,100.0,141.85000211372972,100.0,605.3891007900238,none,0
vehicle.lincoln.mkz2017,134.9649352416446,143.0,177,0,10,100.0,266.3000039681792,100.0,981.001365184784,none,20
vehicle.lincoln.mkz2017,133.9996692194524,147.0,177,0,10,100.0,31.40000046789646,100.0,120.69803524017334,none,2
vehicle.lincoln.mkz2017,188.62217081727417,143.0,176,0,10,73.89457315954088,153.2000022828579,44.33674389572453,569.2366483211517,collisions_vehicle,8
vehicle.lincoln.mkz2017,56.72804923831599,144.0,177,0,10,100.0,52.65000078454614,100.0,226.75579643249512,none,20
vehicle.lincoln.mkz2017,55.99933212657137,141.0,177,0,10,100.0,13.100000195205212,100.0,56.69144201278687,none,12
vehicle.lincoln.mkz2017,77.74474012433396,149.0,177,0,10,98.60126214222004,439.4500065483153,98.60126214222004,2990.0866346359253,none,9
vehicle.lincoln.mkz2017,201.47522325688308,,177,0,10,0.0,0.050000000745058,0.0,0.4202570915222168,red_light,0
vehicle.lincoln.mkz2017,57.91582883374336,140.0,177,0,10,100.0,151.10000225156546,100.0,615.2317838668823,none,20
vehicle.lincoln.mkz2017,233.5059863989048,144.0,176,0,10,59.009981941670205,133.45000198855996,35.40598916500212,639.0563864707947,collisions_vehicle,19
vehicle.lincoln.mkz2017,136.38078640210082,140.0,176,0,10,97.4661112952578,482.90000719577074,97.4661112952578,1783.7967851161957,none,17
vehicle.lincoln.mkz2017,64.84443288939383,144.0,176,0,10,100.0,206.65000307932496,100.0,872.9938447475433,none,9
vehicle.lincoln.mkz2017,63.51635132231508,142.0,176,0,10,95.46693413382884,241.3000035956502,95.46693413382884,1467.4550416469574,none,2
vehicle.lincoln.mkz2017,147.48200195171145,140.0,177,0,10,100.0,187.0000027865172,100.0,796.5574388504028,none,20
vehicle.lincoln.mkz2017,217.51892947055245,143.0,177,0,10,100.0,76.80000114440918,100.0,292.8294150829315,none,1
vehicle.lincoln.mkz2017,190.8164069727564,143.0,177,0,10,49.469101204074114,71.0500010587275,29.681460722444463,246.31705355644223,collisions_vehicle,5
vehicle.lincoln.mkz2017,254.1060713159461,143.0,177,0,10,98.53894403577496,1025.0500152744353,98.53894403577496,3354.79374742508,none,8
vehicle.lincoln.mkz2017,165.2617979987117,141.0,177,0,10,100.0,176.05000262334943,100.0,624.9864015579224,none,1
vehicle.lincoln.mkz2017,149.99601064107898,147.0,177,0,10,100.0,236.35000352188945,100.0,929.6879138946532,none,14
vehicle.lincoln.mkz2017,71.50994652828354,145.0,177,0,10,100.0,18.350000273436308,100.0,67.43950605392456,none,19
vehicle.lincoln.mkz2017,135.46155381851938,148.0,177,0,10,100.0,206.70000308007,100.0,719.443746805191,none,14
vehicle.lincoln.mkz2017,156.79689825163248,143.0,177,0,10,100.0,116.0000017285347,100.0,481.6047165393829,none,1
vehicle.lincoln.mkz2017,83.13450328178256,146.0,177,0,10,100.0,29.300000436604023,100.0,102.67416858673096,none,17
vehicle.lincoln.mkz2017,250.78999932384824,147.0,177,0,10,100.0,229.80000342428684,100.0,861.2974901199341,none,10
vehicle.lincoln.mkz2017,114.62667096986732,143.0,177,0,10,100.0,63.60000094771385,100.0,236.19199442863464,none,2
vehicle.lincoln.mkz2017,63.43423489382118,,177,0,10,0.0,0.050000000745058,0.0,0.6326932907104492,red_light,9
vehicle.lincoln.mkz2017,192.3656901274608,145.0,176,0,10,100.0,126.9500018917024,100.0,573.5122385025024,none,3
vehicle.lincoln.mkz2017,209.0900054293799,143.0,177,0,10,100.0,134.45000200346112,100.0,588.7267277240753,none,7
vehicle.lincoln.mkz2017,70.43334556254084,143.0,177,0,10,100.0,178.85000266507268,100.0,688.4505286216736,none,18
vehicle.lincoln.mkz2017,257.85431282278745,151.0,177,0,10,100.0,114.35000170394778,100.0,558.2462010383606,none,13
vehicle.lincoln.mkz2017,163.9999400746265,149.0,177,0,10,100.0,70.1000010445714,100.0,260.81596207618713,none,18
vehicle.lincoln.mkz2017,269.2091664486068,142.0,177,0,10,100.0,279.75000416859984,100.0,1179.4848973751068,none,0
vehicle.lincoln.mkz2017,171.19559751444055,141.0,177,0,10,100.0,187.700002796948,100.0,662.0939254760742,none,8
vehicle.lincoln.mkz2017,98.00128842523004,148.0,177,0,10,100.0,24.00000035762787,100.0,93.45042777061462,none,11
vehicle.lincoln.mkz2017,4.00000021027517,146.0,177,0,10,100.0,178.80000266432762,100.0,685.4406394958496,none,13
vehicle.lincoln.mkz2017,251.3352438596285,142.0,177,0,10,100.0,184.95000275596976,100.0,627.1284413337708,none,12
vehicle.lincoln.mkz2017,271.3472965796286,143.0,177,0,10,91.01994698859184,193.45000288262963,63.71396289201427,883.9146385192871,red_light,9
vehicle.lincoln.mkz2017,126.89068320142172,147.0,177,0,10,100.0,108.15000161156058,100.0,493.2844941616058,none,9
vehicle.lincoln.mkz2017,65.17453134346205,146.0,177,0,10,100.0,131.6000019609928,100.0,622.6746964454651,none,4
vehicle.lincoln.mkz2017,191.8171785347349,143.0,177,0,10,100.0,112.9000016823411,100.0,463.66864490509033,none,6
vehicle.lincoln.mkz2017,135.53081141470167,146.0,176,0,10,100.0,178.85000266507268,100.0,654.6623713970184,none,9
vehicle.lincoln.mkz2017,159.83405030843176,143.0,176,0,10,100.0,189.3000028207898,100.0,644.5925235748291,none,19
vehicle.lincoln.mkz2017,120.04475960989669,145.0,177,0,10,100.0,31.650000471621752,100.0,139.97294569015503,none,3
vehicle.lincoln.mkz2017,83.45133697663786,147.0,177,0,10,100.0,58.20000086724758,100.0,256.3108832836151,none,8
vehicle.lincoln.mkz2017,147.97621366078394,147.0,177,0,10,0.0,2.8500000424683094,0.0,10.786513090133669,red_light,1
vehicle.lincoln.mkz2017,149.18479208755417,149.0,177,0,10,100.0,47.35000070556998,100.0,170.92037630081177,none,2
vehicle.lincoln.mkz2017,240.84659042508247,142.0,177,0,10,98.08661034899896,303.9000045284629,98.08661034899896,983.3547401428224,none,0
vehicle.lincoln.mkz2017,141.7120253036426,145.0,177,0,10,100.0,111.25000165775418,100.0,419.2909846305847,none,7
vehicle.lincoln.mkz2017,134.68550795661574,144.0,177,0,10,100.0,239.10000356286764,100.0,1258.9410219192505,none,14
vehicle.lincoln.mkz2017,217.9950009430536,147.0,177,0,10,100.0,178.30000265687704,100.0,755.4802851676941,none,6
vehicle.lincoln.mkz2017,140.85397776372758,143.0,177,0,10,100.0,100.45000149682164,100.0,417.3377778530121,none,9
vehicle.lincoln.mkz2017,141.17222919562278,147.0,176,0,10,24.385702332781623,73.95000110194087,17.069991632947136,265.91725611686707,red_light,5
vehicle.lincoln.mkz2017,57.690003107429895,147.0,177,0,10,100.0,61.950000923126936,100.0,258.492484331131,none,14
vehicle.lincoln.mkz2017,211.56213862926955,145.0,177,0,10,100.0,119.95000178739429,100.0,465.02772188186646,none,10
vehicle.lincoln.mkz2017,130.30642004913034,145.0,177,0,10,100.0,127.1000018939376,100.0,472.9608175754547,none,2
vehicle.lincoln.mkz2017,216.3700031067862,142.0,176,0,10,100.0,197.9000029489398,100.0,842.6552548408508,none,7
vehicle.lincoln.mkz2017,97.7799995055068,146.0,176,0,10,100.0,49.55000073835254,100.0,239.35082530975345,none,10
vehicle.lincoln.mkz2017,91.21650580385666,141.0,176,0,10,100.0,74.90000111609697,100.0,262.45739698410034,none,1
vehicle.lincoln.mkz2017,153.947210454538,144.0,177,0,10,100.0,135.95000202581286,100.0,580.1417436599731,none,12
vehicle.lincoln.mkz2017,119.900140564025,145.0,176,0,10,100.0,78.90000117570162,100.0,303.68853425979614,none,11
vehicle.lincoln.mkz2017,238.7324055173933,144.0,177,0,10,100.0,112.3000016734004,100.0,464.57307624816895,none,5
vehicle.lincoln.mkz2017,151.87153975210185,144.0,177,0,10,100.0,249.45000371709463,100.0,1023.0785460472108,none,20
vehicle.lincoln.mkz2017,247.73842490293512,143.0,177,0,10,100.0,195.0500029064715,100.0,665.7855226993561,none,9
vehicle.lincoln.mkz2017,278.8517179140669,144.0,177,0,10,100.0,138.00000205636024,100.0,560.1283736228943,none,10
vehicle.lincoln.mkz2017,13.066559092344626,148.0,177,0,10,79.25468997002443,441.3000065758824,79.25468997002443,2290.5002489089966,none,6
vehicle.lincoln.mkz2017,133.6516813305543,143.0,177,0,10,100.0,64.05000095441937,100.0,244.23305249214167,none,6
vehicle.lincoln.mkz2017,115.96521403280724,144.0,177,0,10,100.0,145.95000217482448,100.0,560.6271803379059,none,18
vehicle.lincoln.mkz2017,185.93342229434964,144.0,177,0,10,100.0,66.35000098869205,100.0,234.5828328132629,none,18
vehicle.lincoln.mkz2017,167.38486120028512,145.0,176,0,10,100.0,41.80000062286854,100.0,173.5795543193817,none,19
vehicle.lincoln.mkz2017,251.15731424878263,147.0,177,0,10,98.68779669416028,299.4500044621527,69.08145768591218,1107.1271233558657,red_light,6
vehicle.lincoln.mkz2017,97.41958226021404,144.0,177,0,10,100.0,59.55000088736415,100.0,272.5734028816223,none,11
vehicle.lincoln.mkz2017,54.10762331426994,147.0,177,0,10,98.78551500743676,265.0500039495528,98.78551500743676,1547.39936709404,none,2
vehicle.lincoln.mkz2017,121.65021018505978,146.0,176,0,10,100.0,151.45000225678086,100.0,505.6546244621277,none,12
vehicle.lincoln.mkz2017,218.0465004233209,148.0,176,0,10,100.0,212.00000315904617,100.0,776.3828160762787,none,1
vehicle.lincoln.mkz2017,136.80629150040426,146.0,176,0,10,100.0,53.80000080168247,100.0,252.8009037971497,none,14
vehicle.lincoln.mkz2017,177.63438654998097,143.0,176,0,10,100.0,63.9000009521842,100.0,250.6237757205963,none,9
vehicle.lincoln.mkz2017,66.90389832381031,142.0,177,0,10,100.0,60.00000089406967,100.0,249.1816828250885,none,4
vehicle.lincoln.mkz2017,273.3407856255807,145.0,177,0,10,100.0,225.50000336021185,100.0,907.8505465984344,none,18
vehicle.lincoln.mkz2017,98.3758070779555,145.0,177,0,10,100.0,89.25000132992864,100.0,316.86634635925293,none,20
vehicle.lincoln.mkz2017,75.509947236394,146.0,177,0,10,100.0,24.300000362098217,100.0,81.9221863746643,none,7
vehicle.lincoln.mkz2017,215.69296777720123,144.0,177,0,10,100.0,184.300002746284,100.0,768.5309705734253,none,10
vehicle.lincoln.mkz2017,127.99489155404224,143.0,176,0,10,100.0,234.0500034876168,100.0,981.7539443969728,none,9
vehicle.lincoln.mkz2017,113.54286258512876,141.0,177,0,10,100.0,30.850000459700823,100.0,113.17585372924805,none,3
vehicle.lincoln.mkz2017,77.70679167100221,142.0,176,0,10,100.0,34.20000050961971,100.0,104.49511694908142,none,0
vehicle.lincoln.mkz2017,128.00041635409687,144.0,177,0,10,100.0,157.40000234544277,100.0,653.4534022808075,none,3
vehicle.lincoln.mkz2017,63.61396366476734,140.0,176,0,10,98.72919707275364,319.70000476390123,98.72919707275364,1509.270156621933,none,8
vehicle.lincoln.mkz2017,210.35719774473657,148.0,177,0,10,100.0,93.55000139400364,100.0,320.63829731941223,none,4
vehicle.lincoln.mkz2017,218.17279493959552,148.0,177,0,10,98.63592041019255,490.4000073075295,98.63592041019255,2218.5656554698944,none,9
vehicle.lincoln.mkz2017,114.13830922825704,148.0,177,0,10,100.0,131.95000196620822,100.0,495.66422390937805,none,8
vehicle.lincoln.mkz2017,91.5848828385856,145.0,177,0,10,100.0,47.20000070333481,100.0,170.82564568519592,none,14
vehicle.lincoln.mkz2017,127.5593661832002,143.0,177,0,10,96.69151166334508,307.2000045776367,96.69151166334508,1291.729058265686,none,11
vehicle.lincoln.mkz2017,153.806218665598,150.0,177,0,10,100.0,144.95000215992332,100.0,783.0302460193634,none,20
vehicle.lincoln.mkz2017,230.50704928789344,145.0,177,0,10,100.0,201.8500030077994,100.0,870.2413599491119,none,6
vehicle.lincoln.mkz2017,155.21271208235316,145.0,177,0,10,98.49285644146929,302.8000045120716,98.49285644146929,1170.460208415985,none,5
vehicle.lincoln.mkz2017,68.45236296257079,148.0,177,0,10,100.0,74.65000111237168,100.0,282.48063707351685,none,16
vehicle.lincoln.mkz2017,289.7189203220309,142.0,177,0,10,100.0,145.65000217035413,100.0,475.9016306400299,none,0
vehicle.lincoln.mkz2017,255.72384592595856,145.0,177,0,10,100.0,212.700003169477,100.0,833.6526317596436,none,8
vehicle.lincoln.mkz2017,62.44134756354121,145.0,177,0,10,100.0,51.55000076815486,100.0,188.23789477348328,none,2
vehicle.lincoln.mkz2017,107.60914881202362,147.0,177,0,10,100.0,57.90000086277723,100.0,198.74314212799072,none,9
vehicle.lincoln.mkz2017,160.69567727484127,143.0,176,0,10,31.187984004802576,43.20000064373016,21.831588803361804,140.4777865409851,red_light,13
vehicle.lincoln.mkz2017,84.00000790754952,146.0,176,0,10,100.0,107.95000160858037,100.0,362.5154914855957,none,4
vehicle.lincoln.mkz2017,135.98085964910393,145.0,177,0,10,100.0,50.45000075176358,100.0,191.12944149971008,none,3
vehicle.lincoln.mkz2017,187.1840081355105,149.0,176,0,10,100.0,79.25000118091702,100.0,352.5411674976349,none,10
vehicle.lincoln.mkz2017,198.1508534574193,,177,0,10,0.0,0.050000000745058,0.0,0.6187291145324707,red_light,19
vehicle.lincoln.mkz2017,149.37026287944542,145.0,177,0,10,100.0,42.50000063329935,100.0,176.68208813667297,none,12
vehicle.lincoln.mkz2017,78.14909887959358,142.0,176,0,10,100.0,212.650003168732,100.0,817.8580746650696,none,11
vehicle.lincoln.mkz2017,169.63795273239205,147.0,177,0,10,100.0,44.3500006608665,100.0,204.85426592826843,none,2
vehicle.lincoln.mkz2017,201.75301977211643,145.0,177,0,10,100.0,200.55000298842788,100.0,807.0461912155151,none,2
vehicle.lincoln.mkz2017,84.73965023148577,146.0,177,0,10,100.0,61.60000091791153,100.0,334.02706813812256,none,5
vehicle.lincoln.mkz2017,199.61393678283733,145.0,177,0,10,100.0,72.10000107437372,100.0,284.93472170829773,none,17
vehicle.lincoln.mkz2017,231.035249317076,143.0,177,0,10,98.73870427834878,401.2000059783458,98.73870427834878,1446.628099679947,none,2
vehicle.lincoln.mkz2017,224.4508093747655,142.0,176,0,10,100.0,232.20000346004963,100.0,1078.9085431098938,none,10
vehicle.lincoln.mkz2017,160.59174114741538,140.0,176,0,10,100.0,210.6000031381845,100.0,739.9988913536072,none,14
vehicle.lincoln.mkz2017,175.09000599072704,146.0,177,0,10,100.0,127.50000189989804,100.0,510.7847442626953,none,3
vehicle.lincoln.mkz2017,105.7259278791228,147.0,177,0,10,100.0,54.55000081285834,100.0,289.1667811870575,none,9
vehicle.lincoln.mkz2017,242.25000000600124,143.0,176,0,10,100.0,141.10000210255384,100.0,516.6683676242828,none,3
vehicle.lincoln.mkz2017,60.41715755173839,150.0,176,0,10,100.0,33.10000049322844,100.0,129.60001277923584,none,5
vehicle.lincoln.mkz2017,124.26716564462544,142.0,177,0,10,95.17989961785172,245.9500036649406,95.17989961785172,795.6964001655579,none,0
vehicle.lincoln.mkz2017,246.3376246675904,141.0,177,0,10,100.0,243.00000362098217,100.0,916.1863794326782,none,20
vehicle.lincoln.mkz2017,181.734017212836,150.0,176,0,10,100.0,75.7000011280179,100.0,264.762241601944,none,2
vehicle.lincoln.mkz2017,61.75445811744025,147.0,176,0,10,100.0,155.4500023163855,100.0,697.8519957065582,none,9
vehicle.lincoln.mkz2017,139.14688912305118,145.0,177,0,10,98.25259525949411,347.00000517070293,98.25259525949411,1217.806188583374,none,15
vehicle.lincoln.mkz2017,92.62465890700264,144.0,177,0,10,100.0,20.90000031143427,100.0,84.79546904563904,none,20
vehicle.lincoln.mkz2017,174.25697675114515,145.0,177,0,10,100.0,160.05000238493085,100.0,625.3173468112946,none,10
vehicle.lincoln.mkz2017,183.97032391451447,145.0,177,0,10,100.0,71.55000106617808,100.0,265.1624250411988,none,9
vehicle.lincoln.mkz2017,202.18308424118496,149.0,177,0,10,100.0,149.60000222921371,100.0,522.0776071548462,none,2
vehicle.lincoln.mkz2017,152.86000559795005,143.0,177,0,10,100.0,100.1500014923513,100.0,408.15097546577454,none,6
vehicle.lincoln.mkz2017,69.96409608455757,142.0,177,0,10,100.0,61.950000923126936,100.0,228.0212585926056,none,7
vehicle.lincoln.mkz2017,160.56496478786465,140.0,177,0,10,100.0,131.35000195726752,100.0,496.9623534679413,none,8
vehicle.lincoln.mkz2017,144.41420865579255,,177,0,10,0.0,0.050000000745058,0.0,0.4192104339599609,red_light,13
vehicle.lincoln.mkz2017,141.2596863076324,146.0,177,0,10,100.0,36.700000546872616,100.0,143.59279036521912,none,20
vehicle.lincoln.mkz2017,250.70334896953392,142.0,177,0,10,100.0,203.6000030338764,100.0,806.1083424091339,none,2
vehicle.lincoln.mkz2017,94.00071938021614,143.0,177,0,10,100.0,36.05000053718686,100.0,117.24071407318117,none,1
vehicle.lincoln.mkz2017,78.52384916000362,146.0,177,0,10,100.0,107.50000160187484,100.0,356.6315584182739,none,7
vehicle.lincoln.mkz2017,103.99867141155153,144.0,177,0,10,100.0,29.50000043958425,100.0,108.5771632194519,none,10
vehicle.lincoln.mkz2017,59.41275985558396,142.0,177,0,10,100.0,16.20000024139881,100.0,76.87813782691956,none,0
vehicle.lincoln.mkz2017,220.3460545638561,141.0,177,0,10,79.14724302417535,296.7000044211745,79.14724302417535,1062.0904879570007,none,18
vehicle.lincoln.mkz2017,91.16367443389557,145.0,177,0,10,100.0,170.50000254064798,100.0,737.5329649448395,none,0
vehicle.lincoln.mkz2017,126.5800249155539,146.0,177,0,10,100.0,130.95000195130706,100.0,485.0688328742981,none,13
vehicle.lincoln.mkz2017,115.78998008039962,147.0,177,0,10,100.0,50.95000075921416,100.0,169.77310299873352,none,13
vehicle.lincoln.mkz2017,199.0611845425313,141.0,177,0,10,100.0,47.95000071451068,100.0,194.6602883338928,none,5
vehicle.lincoln.mkz2017,39.51298327846472,146.0,177,0,10,100.0,164.95000245794654,100.0,679.9263293743134,none,0
vehicle.lincoln.mkz2017,134.82516645917676,143.0,177,0,10,100.0,77.10000114887953,100.0,297.92306423187256,none,5
vehicle.lincoln.mkz2017,176.04473564672733,144.0,177,0,10,100.0,168.50000251084566,100.0,711.0150439739227,none,4
vehicle.lincoln.mkz2017,97.46146430176618,140.0,176,0,10,100.0,69.40000103414059,100.0,232.54562377929688,none,8
vehicle.lincoln.mkz2017,85.01128944107964,145.0,177,0,10,100.0,121.50000181049109,100.0,481.0983006954193,none,5
vehicle.lincoln.mkz2017,84.2791168394927,144.0,177,0,10,100.0,169.80000253021717,100.0,603.6060047149658,none,20
vehicle.lincoln.mkz2017,67.53636251445108,141.0,177,0,10,100.0,161.35000240430236,100.0,654.4483118057251,none,3
vehicle.lincoln.mkz2017,167.99996240809642,141.0,176,0,10,100.0,159.4000023752451,100.0,604.4728291034698,none,16
vehicle.lincoln.mkz2017,193.7218500399844,142.0,177,0,10,100.0,198.2500029541552,100.0,828.4593179225922,none,4
vehicle.lincoln.mkz2017,141.12593610356925,147.0,177,0,10,100.0,116.90000174194574,100.0,407.183358669281,none,8
vehicle.lincoln.mkz2017,109.3971503213479,151.0,177,0,10,100.0,214.7500032000244,100.0,752.204193353653,none,11
vehicle.lincoln.mkz2017,148.92514730795034,146.0,177,0,10,100.0,91.65000136569142,100.0,359.8319613933563,none,2
vehicle.lincoln.mkz2017,158.68891930218643,144.0,177,0,10,100.0,172.1500025652349,100.0,689.1353466510773,none,6
vehicle.lincoln.mkz2017,76.90635351557887,146.0,177,0,10,100.0,66.75000099465251,100.0,237.4628655910492,none,0
vehicle.lincoln.mkz2017,186.62042559656945,146.0,176,0,10,97.09405273520473,377.1000056192279,97.09405273520473,1254.404555797577,none,9
vehicle.lincoln.mkz2017,222.385490044924,146.0,176,0,10,100.0,134.350002001971,100.0,574.5493955612183,none,17
vehicle.lincoln.mkz2017,178.23508386477212,141.0,177,0,10,100.0,131.1500019542873,100.0,641.3776566982269,none,20
vehicle.lincoln.mkz2017,78.0000161598569,145.0,176,0,10,93.51390786514524,57.850000862032175,65.45973550560166,270.2310576438904,red_light,15
vehicle.lincoln.mkz2017,118.8098843933318,145.0,177,0,10,100.0,231.4000034481287,100.0,859.4322276115417,none,6
vehicle.lincoln.mkz2017,179.964561912339,146.0,177,0,10,97.99369101893092,163.5500024370849,68.59558371325164,543.7982099056244,red_light,0
vehicle.lincoln.mkz2017,169.5013052937602,144.0,177,0,10,100.0,150.65000224485993,100.0,520.9612755775452,none,15
vehicle.lincoln.mkz2017,132.53723393111662,150.0,177,0,10,36.77112310337898,37.80000056326389,22.06267386202739,170.28804802894592,collisions_vehicle,10
vehicle.lincoln.mkz2017,165.70690746680884,142.0,177,0,10,100.0,168.00000250339508,100.0,623.6260013580322,none,8
vehicle.lincoln.mkz2017,242.2096374248703,143.0,177,0,10,100.0,259.200003862381,100.0,1156.2564923763275,none,16
vehicle.lincoln.mkz2017,243.72050897647105,143.0,177,0,10,100.0,111.950001668185,100.0,530.2217495441437,none,15
vehicle.lincoln.mkz2017,172.47023603808037,145.0,177,0,10,100.0,248.7000037059188,100.0,863.2136061191559,none,3
vehicle.lincoln.mkz2017,215.6713346003968,144.0,177,0,10,100.0,182.95000272616744,100.0,664.9673993587494,none,7
vehicle.lincoln.mkz2017,117.5310984930196,144.0,177,0,10,100.0,61.55000091716647,100.0,272.3392198085785,none,4
vehicle.lincoln.mkz2017,236.0266182942848,143.0,176,0,10,98.6315647774293,74.35000110790133,64.11051710532905,278.980105638504,collisions_layout,4
vehicle.lincoln.mkz2017,91.7189155740634,147.0,177,0,10,100.0,87.45000130310655,100.0,410.6308615207672,none,12
vehicle.lincoln.mkz2017,98.37931889628884,142.0,177,0,10,100.0,151.4000022560358,100.0,620.8900275230408,none,20
vehicle.lincoln.mkz2017,97.61171908771536,145.0,176,0,10,100.0,58.75000087544322,100.0,257.48697996139526,none,19
vehicle.lincoln.mkz2017,170.68055255753555,145.0,177,0,10,100.0,116.40000173449516,100.0,368.6589486598969,none,12
vehicle.lincoln.mkz2017,88.80355356292397,145.0,177,0,10,100.0,223.2000033259392,100.0,702.7206385135651,none,15
vehicle.lincoln.mkz2017,85.49173440828262,145.0,177,0,10,23.743290512431688,23.650000352412462,14.245974307459011,89.33678722381592,collisions_vehicle,9
vehicle.lincoln.mkz2017,110.76065795970584,145.0,176,0,10,100.0,70.4500010497868,100.0,295.41869378089905,none,5
vehicle.lincoln.mkz2017,177.8571279682478,145.0,177,0,10,100.0,114.40000170469284,100.0,392.44796442985535,none,7
vehicle.lincoln.mkz2017,81.9999806667819,146.0,176,0,10,100.0,20.950000312179327,100.0,68.20179319381714,none,6
vehicle.lincoln.mkz2017,62.717139549735016,148.0,177,0,10,100.0,97.85000145807862,100.0,483.7023327350617,none,12
vehicle.lincoln.mkz2017,181.206637504591,141.0,177,0,10,100.0,103.40000154078008,100.0,345.60061502456665,none,11
vehicle.lincoln.mkz2017,192.1228271723634,147.0,177,0,10,100.0,107.90000160783528,100.0,387.4253706932068,none,10
vehicle.lincoln.mkz2017,235.9040388418787,144.0,177,0,10,93.15288533764344,228.15000339969995,55.89173120258607,847.0504198074341,collisions_vehicle,8
vehicle.lincoln.mkz2017,156.17705486881516,145.0,176,0,10,100.0,130.40000194311142,100.0,459.3083782196045,none,1
vehicle.lincoln.mkz2017,203.43585952739693,144.0,177,0,10,100.0,246.2500036694109,100.0,872.1208000183105,none,17
vehicle.lincoln.mkz2017,111.219846834658,146.0,177,0,10,100.0,41.00000061094761,100.0,141.1768136024475,none,12
vehicle.lincoln.mkz2017,234.6213070717789,148.0,177,0,10,100.0,61.35000091418624,100.0,240.97906732559204,none,19
vehicle.lincoln.mkz2017,123.1801075207984,145.0,177,0,10,100.0,197.150002937764,100.0,844.9188539981842,none,10
vehicle.lincoln.mkz2017,50.35727855555831,145.0,177,0,10,100.0,60.85000090673566,100.0,223.620640039444,none,19
vehicle.lincoln.mkz2017,89.66100072719145,144.0,177,0,10,52.18095334478102,133.1500019840896,36.52666734134671,519.6523985862732,red_light,5
vehicle.lincoln.mkz2017,138.3080047843275,144.0,177,0,10,100.0,101.60000151395798,100.0,458.8621084690094,none,10
vehicle.lincoln.mkz2017,226.40089809172488,142.0,177,0,10,100.0,313.3000046685338,100.0,1195.6625723838806,none,5
vehicle.lincoln.mkz2017,152.83714049296856,145.0,177,0,10,100.0,98.50000146776438,100.0,429.5543584823608,none,14
vehicle.lincoln.mkz2017,173.2256221408636,144.0,177,0,10,100.0,204.7000030502677,100.0,848.618679523468,none,9
vehicle.lincoln.mkz2017,135.01133770819789,145.0,177,0,10,100.0,91.55000136420132,100.0,440.93747091293335,none,19
vehicle.lincoln.mkz2017,188.14687270246912,148.0,176,0,10,100.0,200.00000298023224,100.0,709.0027215480804,none,15
vehicle.lincoln.mkz2017,44.18144665181526,144.0,177,0,10,100.0,241.20000359416008,100.0,1118.1943399906158,none,16
vehicle.lincoln.mkz2017,30.31612559092024,145.0,177,0,10,100.0,106.25000158324838,100.0,416.2647366523743,none,2
vehicle.lincoln.mkz2017,82.52403395916362,144.0,177,0,10,96.54521908518991,350.4000052213669,96.54521908518991,1605.5564286708832,none,16
vehicle.lincoln.mkz2017,220.05331647310825,142.0,177,0,10,100.0,53.85000080242753,100.0,188.402108669281,none,11
vehicle.lincoln.mkz2017,84.29327349453786,145.0,177,0,10,100.0,28.40000042319297,100.0,104.48041105270386,none,6
vehicle.lincoln.mkz2017,135.56536383854268,146.0,177,0,10,100.0,43.00000064074993,100.0,176.5136320590973,none,4
vehicle.lincoln.mkz2017,227.06584469435467,146.0,176,0,10,100.0,168.90000251680613,100.0,603.1605653762817,none,19
vehicle.lincoln.mkz2017,92.66999869677429,147.0,177,0,10,100.0,78.65000117197633,100.0,270.6937508583069,none,1
vehicle.lincoln.mkz2017,153.7799770326952,143.0,177,0,10,100.0,68.90000102669,100.0,273.36379313468933,none,3
vehicle.lincoln.mkz2017,136.68384612986242,143.0,177,0,10,100.0,126.20000188052654,100.0,455.9948191642761,none,19
vehicle.lincoln.mkz2017,56.77745733053168,147.0,177,0,10,2.50844271061368,183.3500027321279,2.50844271061368,644.9994940757751,none,14
vehicle.lincoln.mkz2017,140.29320998810496,145.0,177,0,10,98.275651456717,293.2500043697655,98.275651456717,1116.308273077011,none,18
vehicle.lincoln.mkz2017,130.61080761316128,143.0,177,0,10,42.77592489394742,102.45000152662396,25.66555493636845,330.12885665893555,collisions_vehicle,2
vehicle.lincoln.mkz2017,109.97205490190288,144.0,176,0,10,100.0,129.05000192299485,100.0,552.4002075195312,none,3
vehicle.lincoln.mkz2017,190.57421685215644,141.0,177,0,10,100.0,71.35000106319785,100.0,288.55157685279846,none,19
vehicle.lincoln.mkz2017,161.24031255030107,145.0,177,0,10,100.0,109.95000163838267,100.0,519.9655427932739,none,19
vehicle.lincoln.mkz2017,212.0514713791468,142.0,176,0,10,100.0,194.00000289082527,100.0,650.6379671096802,none,18
vehicle.lincoln.mkz2017,50.13066670904022,142.0,177,0,10,100.0,14.600000217556952,100.0,55.17647671699524,none,17
vehicle.lincoln.mkz2017,9.903743135627703,151.0,177,0,10,98.76516386746631,110.4000016450882,59.259098320479794,472.3005781173706,collisions_vehicle,3
vehicle.lincoln.mkz2017,147.88777250643483,,177,0,10,0.0,0.1500000022351741,0.0,0.8631677627563477,collisions_vehicle,0
vehicle.lincoln.mkz2017,132.45084750914103,144.0,177,0,10,100.0,35.50000052899122,100.0,135.91759872436523,none,10
vehicle.lincoln.mkz2017,175.46213915057518,144.0,177,0,10,100.0,70.20000104606152,100.0,275.797812461853,none,14
vehicle.lincoln.mkz2017,146.50222051911055,147.0,177,0,10,100.0,183.2000027298928,100.0,695.5943982601166,none,15
vehicle.lincoln.mkz2017,97.78918153678758,146.0,177,0,10,100.0,23.90000035613776,100.0,99.40354752540588,none,0
vehicle.lincoln.mkz2017,84.7644301521923,141.0,177,0,10,100.0,166.6500024832785,100.0,760.7145476341248,none,14
vehicle.lincoln.mkz2017,138.25085451995548,144.0,177,0,10,100.0,91.40000136196612,100.0,307.36130714416504,none,0
vehicle.lincoln.mkz2017,207.01921297077124,135.0,177,0,11,100.0,91.30000136047602,100.0,564.0284020900726,none,0
vehicle.lincoln.mkz2017,82.7731237397857,139.0,177,0,11,29.2339995473098,44.70000066608191,17.54039972838588,243.7544505596161,collisions_vehicle,1
vehicle.lincoln.mkz2017,178.9391330373126,134.0,177,0,11,100.0,76.80000114440918,100.0,511.8561301231384,none,2
vehicle.lincoln.mkz2017,238.10978756392848,136.0,177,0,11,100.0,140.85000209882855,100.0,904.0236694812776,none,3
vehicle.lincoln.mkz2017,223.3329029008772,134.0,177,0,11,100.0,188.9500028155744,100.0,1329.6141052246094,none,1
vehicle.lincoln.mkz2017,167.56487086493937,132.0,177,0,11,100.0,81.20000120997429,100.0,588.8524630069733,none,4
vehicle.lincoln.mkz2017,194.9718798637444,137.0,177,0,11,98.7442561934532,238.95000356063247,69.12097933541723,1521.8725078105929,red_light,5
vehicle.lincoln.mkz2017,115.88590957775584,135.0,177,0,11,100.0,36.55000054463744,100.0,245.07854914665225,none,6
vehicle.lincoln.mkz2017,43.096043644042815,132.0,177,0,11,100.0,173.25000258162618,100.0,1092.299570798874,none,3
vehicle.lincoln.mkz2017,58.63827134877027,,177,0,11,0.0,0.050000000745058,0.0,0.3844950199127197,red_light,1
vehicle.lincoln.mkz2017,77.26589929384768,133.0,177,0,11,100.0,98.10000146180391,100.0,679.0509469509125,none,6
vehicle.lincoln.mkz2017,162.78504929646405,137.0,177,0,11,100.0,108.90000162273644,100.0,681.7485866546631,none,4
vehicle.lincoln.mkz2017,198.33133495156537,135.0,177,0,11,100.0,139.6000020802021,100.0,1037.581593990326,none,7
vehicle.lincoln.mkz2017,101.61206212778252,133.0,177,0,11,100.0,68.60000102221966,100.0,376.66152119636536,none,8
vehicle.lincoln.mkz2017,114.14997116258075,136.0,177,0,11,100.0,152.8500022776425,100.0,870.0709512233734,none,8
vehicle.lincoln.mkz2017,89.85816825817592,136.0,177,0,11,96.15008342249784,304.7500045411289,96.15008342249784,1938.4920012950893,none,3
vehicle.lincoln.mkz2017,117.1820118020656,137.0,176,0,11,100.0,75.7000011280179,100.0,420.6817395687103,none,5
vehicle.lincoln.mkz2017,124.7108900544878,134.0,177,0,11,100.0,96.25000143423676,100.0,556.40909075737,none,6
vehicle.lincoln.mkz2017,97.85226981529962,141.0,177,0,11,100.0,74.85000111535192,100.0,510.87170457839966,none,9
vehicle.lincoln.mkz2017,152.4820958031289,133.0,177,0,11,100.0,72.20000107586384,100.0,481.9489033222199,none,2
vehicle.lincoln.mkz2017,273.33199613203595,134.0,177,0,11,100.0,166.15000247582793,100.0,1001.2692041397096,none,8
vehicle.lincoln.mkz2017,174.53322915148334,132.0,176,0,11,100.0,161.6500024087727,100.0,969.584924697876,none,5
vehicle.lincoln.mkz2017,56.30132988530262,136.0,177,0,11,100.0,83.60000124573708,100.0,562.8719441890717,none,10
vehicle.lincoln.mkz2017,187.8028807307963,131.0,177,0,11,97.68730733597968,361.3500053845346,97.68730733597968,2007.3822774887085,none,7
vehicle.lincoln.mkz2017,148.57995264526733,134.0,177,0,11,100.0,68.40000101923943,100.0,404.31822681427,none,3
vehicle.lincoln.mkz2017,67.64448743494455,134.0,177,0,11,100.0,22.95000034198165,100.0,138.92137265205383,none,1
vehicle.lincoln.mkz2017,247.34437197628097,136.0,177,0,11,100.0,178.05000265315175,100.0,1217.0207133293152,none,9
vehicle.lincoln.mkz2017,185.99463978365304,139.0,177,0,11,100.0,50.00000074505806,100.0,294.1768472194672,none,11
vehicle.lincoln.mkz2017,50.992664209856144,136.0,176,0,11,100.0,41.350000616163015,100.0,254.80267691612244,none,12
vehicle.lincoln.mkz2017,80.77520493729264,132.0,176,0,11,100.0,371.5000055357814,100.0,2290.258211374283,none,2
vehicle.lincoln.mkz2017,154.22773630668453,130.0,176,0,11,100.0,87.25000130012631,100.0,576.762955904007,none,8
vehicle.lincoln.mkz2017,81.18335428520193,130.0,177,0,11,96.88424732039968,270.7500040344894,96.88424732039968,1716.9332370758057,none,13
vehicle.lincoln.mkz2017,126.51974353648706,134.0,177,0,11,100.0,97.4000014513731,100.0,566.1916983127594,none,1
vehicle.lincoln.mkz2017,275.5098342056596,131.0,177,0,11,100.0,212.1000031605363,100.0,1214.4214839935305,none,12
vehicle.lincoln.mkz2017,161.0705508614438,133.0,177,0,11,100.0,94.75000141188502,100.0,607.3093163967133,none,8
vehicle.lincoln.mkz2017,212.21998513514657,134.0,177,0,11,100.0,182.2000027149916,100.0,1142.1147367954254,none,14
vehicle.lincoln.mkz2017,92.67208641879182,132.0,177,0,11,100.0,31.90000047534704,100.0,207.8751266002655,none,13
vehicle.lincoln.mkz2017,155.64995003145023,135.0,177,0,11,100.0,66.55000099167228,100.0,400.2585871219635,none,13
vehicle.lincoln.mkz2017,168.14150198346732,132.0,177,0,11,25.232295203302964,17.25000025704503,15.139377121981775,125.78382086753844,collisions_vehicle,8
vehicle.lincoln.mkz2017,135.6931039120751,139.0,176,0,11,100.0,202.1500030122697,100.0,1308.506906747818,none,12
vehicle.lincoln.mkz2017,121.9713958242025,139.0,177,0,11,100.0,96.85000144317746,100.0,659.4717609882355,none,15
vehicle.lincoln.mkz2017,90.0830794673052,133.0,177,0,11,100.0,83.55000124499202,100.0,470.96639132499695,none,14
vehicle.lincoln.mkz2017,71.692100036983,136.0,176,0,11,100.0,399.0000059455633,100.0,2608.332253932953,none,14
vehicle.lincoln.mkz2017,195.33833164299287,138.0,177,0,11,98.14059459027295,482.9500071965158,98.14059459027295,2967.896984815597,none,13
vehicle.lincoln.mkz2017,96.40022461549356,132.0,177,0,11,100.0,136.5000020340085,100.0,960.4032425880432,none,5
vehicle.lincoln.mkz2017,151.55090419619987,131.0,177,0,11,100.0,111.85000166669488,100.0,676.2149395942688,none,11
vehicle.lincoln.mkz2017,185.7261592234176,133.0,177,0,11,100.0,200.10000298172235,100.0,1241.486887216568,none,4
vehicle.lincoln.mkz2017,141.90401885803934,136.0,176,0,11,100.0,183.80000273883343,100.0,1089.9009590148926,none,1
vehicle.lincoln.mkz2017,159.02180304401404,135.0,177,0,11,100.0,50.95000075921416,100.0,370.9049506187439,none,1
vehicle.lincoln.mkz2017,69.93839879481226,131.0,177,0,11,100.0,60.65000090375543,100.0,422.7025883197784,none,14
vehicle.lincoln.mkz2017,222.93380901648845,131.0,177,0,11,100.0,206.40000307559967,100.0,1269.7981870174408,none,3
vehicle.lincoln.mkz2017,237.9464389452768,132.0,177,0,11,100.0,155.00000230968,100.0,959.7203986644744,none,16
vehicle.lincoln.mkz2017,200.10978739194945,137.0,177,0,11,100.0,81.80000121891499,100.0,578.7345385551453,none,17
vehicle.lincoln.mkz2017,139.8224897592828,139.0,176,0,11,97.13122921687471,454.5500067733228,97.13122921687471,2691.820967197418,none,2
vehicle.lincoln.mkz2017,129.7494968599369,134.0,177,0,11,100.0,124.55000185593964,100.0,828.3670904636383,none,3
vehicle.lincoln.mkz2017,59.98171397690685,131.0,177,0,11,100.0,20.10000029951334,100.0,132.00455689430237,none,5
vehicle.lincoln.mkz2017,164.30197183978018,135.0,176,0,11,100.0,63.65000094845891,100.0,358.424028635025,none,18
vehicle.lincoln.mkz2017,135.3497162420629,133.0,176,0,11,97.28757990277612,331.35000493749976,97.28757990277612,1760.2953996658323,none,7
vehicle.lincoln.mkz2017,85.66889046054116,133.0,177,0,11,100.0,38.55000057443976,100.0,278.3200559616089,none,19
vehicle.lincoln.mkz2017,62.57769689198829,136.0,177,0,11,100.0,67.3500010035932,100.0,385.9078223705292,none,14
vehicle.lincoln.mkz2017,209.0502379953276,134.0,177,0,11,100.0,112.3000016734004,100.0,676.2105934619904,none,7
vehicle.lincoln.mkz2017,109.91696340852243,131.0,177,0,11,41.30063527247159,227.6500033922493,41.30063527247159,1451.7971081733704,none,20
vehicle.lincoln.mkz2017,112.25633952510816,138.0,177,0,11,100.0,109.95000163838267,100.0,641.5017578601837,none,11
vehicle.lincoln.mkz2017,113.50148540809884,134.0,177,0,11,100.0,103.10000153630972,100.0,571.0674109458923,none,8
vehicle.lincoln.mkz2017,245.14782311563644,132.0,176,0,11,100.0,189.60000282526016,100.0,1161.279024600983,none,18
vehicle.lincoln.mkz2017,250.12245508861588,137.0,177,0,11,100.0,144.5000021532178,100.0,868.669490814209,none,14
vehicle.lincoln.mkz2017,54.506131352703086,139.0,177,0,11,97.55527019795132,286.8500042743981,97.55527019795132,1673.9558465480804,none,14
vehicle.lincoln.mkz2017,132.2912577005324,136.0,177,0,11,100.0,65.65000097826123,100.0,381.0787987709045,none,18
vehicle.lincoln.mkz2017,84.74849002285849,132.0,177,0,11,100.0,69.65000103786588,100.0,480.1373403072357,none,9
vehicle.lincoln.mkz2017,152.37286603245602,134.0,177,0,11,100.0,48.550000723451376,100.0,351.0240972042084,none,9
vehicle.lincoln.mkz2017,170.35434195336265,139.0,177,0,11,100.0,73.10000108927488,100.0,446.98005652427673,none,4
vehicle.lincoln.mkz2017,135.50261038028492,134.0,177,0,11,100.0,113.40000168979168,100.0,786.7534494400024,none,20
vehicle.lincoln.mkz2017,184.08247304405248,134.0,177,0,11,98.74419582486009,163.15000243112445,69.12093707740206,1043.1920466423037,red_light,5
vehicle.lincoln.mkz2017,185.4022201237888,136.0,177,0,11,100.0,154.7500023059547,100.0,938.1391408443452,none,6
vehicle.lincoln.mkz2017,262.73995804947594,138.0,177,0,11,100.0,155.30000231415033,100.0,948.9294664859772,none,0
vehicle.lincoln.mkz2017,128.95913185645716,133.0,177,0,11,100.0,102.0500015206635,100.0,575.6543116569519,none,2
vehicle.lincoln.mkz2017,157.49129412890363,135.0,176,0,11,100.0,45.40000067651272,100.0,271.23266673088074,none,13
vehicle.lincoln.mkz2017,105.84117500426734,135.0,177,0,11,95.8708458972026,249.0500037111342,95.8708458972026,1560.6741366386414,none,9
vehicle.lincoln.mkz2017,106.08523701555264,133.0,177,0,11,100.0,150.65000224485993,100.0,901.8115282058716,none,0
vehicle.lincoln.mkz2017,134.9649352416446,137.0,177,0,11,100.0,220.8000032901764,100.0,1372.8707945346832,none,20
vehicle.lincoln.mkz2017,133.9996692194524,133.0,177,0,11,100.0,27.150000404566526,100.0,174.4887936115265,none,2
vehicle.lincoln.mkz2017,188.62217081727417,134.0,176,0,11,100.0,96.35000143572688,100.0,577.5889368057251,none,8
vehicle.lincoln.mkz2017,56.72804923831599,132.0,177,0,11,100.0,50.65000075474381,100.0,318.6860890388489,none,20
vehicle.lincoln.mkz2017,55.99933212657137,129.0,177,0,11,100.0,12.650000188499687,100.0,83.54263949394226,none,12
vehicle.lincoln.mkz2017,77.74474012433396,135.0,177,0,11,98.60126214222004,257.6000038385391,98.60126214222004,2252.9627895355225,none,9
vehicle.lincoln.mkz2017,201.47522325688308,,177,0,11,0.0,0.050000000745058,0.0,0.3857128620147705,red_light,0
vehicle.lincoln.mkz2017,57.91582883374336,134.0,177,0,11,44.49266756002704,27.200000405311584,26.695600536016222,165.13654947280884,collisions_vehicle,20
vehicle.lincoln.mkz2017,233.5059863989048,133.0,176,0,11,100.0,177.35000264272094,100.0,1243.5463469028473,none,19
vehicle.lincoln.mkz2017,136.38078640210082,134.0,176,0,11,97.4661112952578,346.8000051677227,97.4661112952578,2052.211045742035,none,17
vehicle.lincoln.mkz2017,64.84443288939383,135.0,176,0,11,35.38863178328684,76.60000114142895,21.233179069972103,499.2906534671784,collisions_vehicle,9
vehicle.lincoln.mkz2017,63.51635132231508,132.0,176,0,11,96.9779659349654,320.75000477954745,96.9779659349654,2716.393151283264,none,2
vehicle.lincoln.mkz2017,147.48200195171145,134.0,177,0,11,100.0,190.5000028386712,100.0,1311.8739385604858,none,20
vehicle.lincoln.mkz2017,217.51892947055245,132.0,177,0,11,100.0,67.75000100955367,100.0,413.7727952003479,none,1
vehicle.lincoln.mkz2017,190.8164069727564,136.0,177,0,11,100.0,99.95000148937106,100.0,600.2532842159271,none,5
vehicle.lincoln.mkz2017,254.1060713159461,136.0,177,0,11,98.04729221436868,461.4500068761408,98.04729221436868,2548.3006846904755,none,8
vehicle.lincoln.mkz2017,165.2617979987117,134.0,177,0,11,100.0,128.5000019147992,100.0,792.8734285831451,none,1
vehicle.lincoln.mkz2017,149.99601064107898,135.0,176,0,11,100.0,232.3000034615397,100.0,1422.9469015598297,none,14
vehicle.lincoln.mkz2017,71.50994652828354,131.0,177,0,11,100.0,17.600000262260437,100.0,106.9493818283081,none,19
vehicle.lincoln.mkz2017,135.46155381851938,132.0,177,0,11,100.0,165.80000247061253,100.0,928.2825129032136,none,14
vehicle.lincoln.mkz2017,156.79689825163248,132.0,177,0,11,36.46047485139548,220.45000328496096,36.46047485139548,1645.4677109718325,none,1
vehicle.lincoln.mkz2017,83.13450328178256,138.0,177,0,11,100.0,29.10000043362379,100.0,164.39048314094543,none,17
vehicle.lincoln.mkz2017,250.78999932384824,136.0,177,0,11,100.0,143.40000213682652,100.0,983.6964197158812,none,10
vehicle.lincoln.mkz2017,114.62667096986732,129.0,177,0,11,100.0,64.90000096708536,100.0,409.9419078826904,none,2
vehicle.lincoln.mkz2017,63.43423489382118,,177,0,11,0.0,0.050000000745058,0.0,0.7803802490234375,red_light,9
vehicle.lincoln.mkz2017,192.3656901274608,137.0,176,0,11,100.0,125.6500018723309,100.0,853.6160092353821,none,3
vehicle.lincoln.mkz2017,209.0900054293799,129.0,177,0,11,100.0,128.95000192150474,100.0,931.3533511161804,none,7
vehicle.lincoln.mkz2017,70.43334556254084,135.0,177,0,11,100.0,139.30000207573175,100.0,858.3565449714661,none,18
vehicle.lincoln.mkz2017,257.85431282278745,132.0,177,0,11,100.0,114.00000169873238,100.0,788.4899327754974,none,13
vehicle.lincoln.mkz2017,163.9999400746265,131.0,177,0,11,100.0,66.45000099018216,100.0,438.4251642227173,none,18
vehicle.lincoln.mkz2017,269.2091664486068,134.0,177,0,11,100.0,189.0000028163195,100.0,1258.8712260723114,none,0
vehicle.lincoln.mkz2017,171.19559751444055,130.0,177,0,11,100.0,204.900003053248,100.0,1186.9977478981018,none,8
vehicle.lincoln.mkz2017,98.00128842523004,135.0,177,0,11,100.0,20.10000029951334,100.0,129.690331697464,none,11
vehicle.lincoln.mkz2017,4.00000021027517,131.0,177,0,11,20.857315887518816,198.35000295564527,20.857315887518816,1445.1443555355072,none,13
vehicle.lincoln.mkz2017,251.3352438596285,139.0,177,0,11,98.16751068692965,144.4500021524727,58.900506412157775,858.2064528465271,collisions_vehicle,12
vehicle.lincoln.mkz2017,271.3472965796286,132.0,177,0,11,100.0,187.5500027947128,100.0,1363.5352003574371,none,9
vehicle.lincoln.mkz2017,126.89068320142172,137.0,177,0,11,100.0,317.3500047288835,100.0,2400.320804595948,none,9
vehicle.lincoln.mkz2017,65.17453134346205,138.0,176,0,11,100.0,92.60000137984753,100.0,633.1895096302032,none,4
vehicle.lincoln.mkz2017,191.8171785347349,130.0,177,0,11,100.0,72.75000108405948,100.0,521.1234946250916,none,6
vehicle.lincoln.mkz2017,135.53081141470167,133.0,176,0,11,100.0,215.35000320896503,100.0,1257.777233839035,none,9
vehicle.lincoln.mkz2017,159.83405030843176,139.0,177,0,11,100.0,228.60000340640545,100.0,1343.6431713104248,none,19
vehicle.lincoln.mkz2017,120.04475960989669,134.0,177,0,11,100.0,32.80000048875809,100.0,237.9365718364716,none,3
vehicle.lincoln.mkz2017,83.45133697663786,133.0,177,0,11,85.59978040389208,281.8000041991472,51.359868242335246,1668.8786625862122,collisions_vehicle,8
vehicle.lincoln.mkz2017,147.97621366078394,134.0,177,0,11,0.0,2.600000038743019,0.0,15.76866865158081,red_light,1
vehicle.lincoln.mkz2017,149.18479208755417,138.0,177,0,11,100.0,45.450000677257776,100.0,271.7818350791931,none,2
vehicle.lincoln.mkz2017,240.84659042508247,134.0,177,0,11,13.357650362571963,195.1500029079616,13.357650362571963,1207.1132986545565,none,0
vehicle.lincoln.mkz2017,141.7120253036426,134.0,177,0,11,100.0,111.05000165477396,100.0,696.5182168483734,none,7
vehicle.lincoln.mkz2017,134.68550795661574,132.0,177,0,11,100.0,156.80000233650208,100.0,1068.7319695949554,none,14
vehicle.lincoln.mkz2017,217.9950009430536,134.0,177,0,11,100.0,130.00000193715096,100.0,949.1612792015076,none,6
vehicle.lincoln.mkz2017,140.85397776372758,136.0,177,0,11,97.28786977716238,286.750004272908,97.28786977716238,1984.7770054340365,none,9
vehicle.lincoln.mkz2017,141.17222919562278,132.0,176,0,11,100.0,159.20000237226486,100.0,895.8777794837952,none,5
vehicle.lincoln.mkz2017,57.690003107429895,135.0,176,0,11,100.0,53.10000079125166,100.0,331.9923303127289,none,14
vehicle.lincoln.mkz2017,211.56213862926955,132.0,177,0,11,100.0,76.50000113993883,100.0,465.5503122806549,none,10
vehicle.lincoln.mkz2017,130.30642004913034,137.0,177,0,11,100.0,132.85000197961926,100.0,866.1975274085999,none,2
vehicle.lincoln.mkz2017,216.3700031067862,130.0,176,0,11,100.0,103.15000153705478,100.0,695.916424036026,none,7
vehicle.lincoln.mkz2017,97.7799995055068,132.0,177,0,11,100.0,51.30000076442957,100.0,390.62659430503845,none,10
vehicle.lincoln.mkz2017,91.21650580385666,134.0,176,0,11,100.0,94.50000140815972,100.0,598.6237576007843,none,1
vehicle.lincoln.mkz2017,153.947210454538,135.0,177,0,11,100.0,97.60000145435332,100.0,627.1025159358978,none,12
vehicle.lincoln.mkz2017,119.900140564025,130.0,176,0,11,100.0,80.45000119879842,100.0,478.119106054306,none,11
vehicle.lincoln.mkz2017,238.7324055173933,131.0,177,0,11,100.0,113.30000168830156,100.0,713.2287864685059,none,5
vehicle.lincoln.mkz2017,151.87153975210185,135.0,177,0,11,100.0,203.7500030361116,100.0,1294.5737745761871,none,20
vehicle.lincoln.mkz2017,247.73842490293512,134.0,177,0,11,100.0,150.60000224411488,100.0,868.4777553081512,none,9
vehicle.lincoln.mkz2017,278.8517179140669,135.0,177,0,11,100.0,218.6500032581389,100.0,1473.5008506774902,none,10
vehicle.lincoln.mkz2017,13.066559092344626,135.0,177,0,11,98.23533461147842,377.15000561997294,98.23533461147842,2274.8096079826355,none,6
vehicle.lincoln.mkz2017,133.6516813305543,133.0,177,0,11,100.0,67.40000100433826,100.0,418.1019015312195,none,6
vehicle.lincoln.mkz2017,115.96521403280724,137.0,177,0,11,100.0,199.800002977252,100.0,1264.3429782390594,none,18
vehicle.lincoln.mkz2017,185.93342229434964,133.0,177,0,11,100.0,72.55000108107924,100.0,442.5468616485596,none,18
vehicle.lincoln.mkz2017,167.38486120028512,135.0,176,0,11,100.0,37.35000055655837,100.0,240.773583650589,none,19
vehicle.lincoln.mkz2017,251.15731424878263,134.0,177,0,11,97.88798631802662,384.5000057294965,97.88798631802662,2187.7017447948456,none,6
vehicle.lincoln.mkz2017,97.41958226021404,135.0,177,0,11,100.0,94.9000014141202,100.0,593.8940451145172,none,11
vehicle.lincoln.mkz2017,54.10762331426994,140.0,177,0,11,96.3634540761652,265.0500039495528,96.3634540761652,2144.189562559128,none,2
vehicle.lincoln.mkz2017,121.65021018505978,134.0,176,0,11,100.0,97.80000145733356,100.0,574.0063078403473,none,12
vehicle.lincoln.mkz2017,218.0465004233209,136.0,176,0,11,100.0,166.75000248476863,100.0,985.79279255867,none,1
vehicle.lincoln.mkz2017,136.80629150040426,135.0,177,0,11,100.0,224.3500033430755,100.0,1551.5473392009735,none,14
vehicle.lincoln.mkz2017,177.63438654998097,133.0,176,0,11,100.0,66.55000099167228,100.0,408.0913319587708,none,9
vehicle.lincoln.mkz2017,66.90389832381031,132.0,177,0,11,100.0,60.00000089406967,100.0,371.03511905670166,none,4
vehicle.lincoln.mkz2017,273.3407856255807,135.0,177,0,11,100.0,202.10000301152468,100.0,1282.0329732894895,none,18
vehicle.lincoln.mkz2017,98.3758070779555,131.0,177,0,11,100.0,53.30000079423189,100.0,294.0645875930786,none,20
vehicle.lincoln.mkz2017,75.509947236394,139.0,177,0,11,100.0,26.05000038817525,100.0,157.11324787139893,none,7
vehicle.lincoln.mkz2017,215.69296777720123,136.0,177,0,11,100.0,200.20000298321247,100.0,1240.9181208610537,none,10
vehicle.lincoln.mkz2017,127.99489155404224,133.0,176,0,11,100.0,189.9000028297305,100.0,1188.0376312732697,none,9
vehicle.lincoln.mkz2017,113.54286258512876,136.0,177,0,11,100.0,31.750000473111868,100.0,196.37828373909,none,3
vehicle.lincoln.mkz2017,77.70679167100221,138.0,176,0,11,100.0,40.3000006005168,100.0,217.14134550094604,none,0
vehicle.lincoln.mkz2017,128.00041635409687,139.0,177,0,11,100.0,167.80000250041485,100.0,1079.9569075107574,none,3
vehicle.lincoln.mkz2017,63.61396366476734,132.0,177,0,11,97.85111675898274,324.35000483319163,97.85111675898274,2220.010598897934,none,8
vehicle.lincoln.mkz2017,210.35719774473657,132.0,177,0,11,100.0,92.80000138282776,100.0,553.0459897518158,none,4
vehicle.lincoln.mkz2017,218.17279493959552,137.0,177,0,11,98.29318517346394,482.7500071935356,98.29318517346394,3130.670545578003,none,9
vehicle.lincoln.mkz2017,114.13830922825704,133.0,177,0,11,57.3402849409111,258.1000038459897,57.3402849409111,1441.4639518260956,none,8
vehicle.lincoln.mkz2017,91.5848828385856,136.0,177,0,11,100.0,49.45000073686242,100.0,277.7514441013336,none,14
vehicle.lincoln.mkz2017,127.5593661832002,135.0,177,0,11,95.98607626964666,302.7000045105815,95.98607626964666,1939.2797138690948,none,11
vehicle.lincoln.mkz2017,153.806218665598,134.0,177,0,11,77.65436514046,92.00000137090684,46.592619084276,625.9065494537354,collisions_vehicle,20
vehicle.lincoln.mkz2017,230.50704928789344,131.0,177,0,11,100.0,156.10000232607126,100.0,1126.0739426612854,none,6
vehicle.lincoln.mkz2017,155.21271208235316,137.0,177,0,11,100.0,126.80000188946724,100.0,747.6210947036743,none,5
vehicle.lincoln.mkz2017,68.45236296257079,132.0,177,0,11,100.0,68.50000102072954,100.0,392.1077589988709,none,16
vehicle.lincoln.mkz2017,289.7189203220309,136.0,177,0,11,100.0,142.9000021293759,100.0,857.8190414905548,none,0
vehicle.lincoln.mkz2017,255.72384592595856,129.0,177,0,11,100.0,168.75000251457095,100.0,1092.231570482254,none,8
vehicle.lincoln.mkz2017,62.44134756354121,135.0,177,0,11,100.0,54.40000081062317,100.0,330.3016622066498,none,2
vehicle.lincoln.mkz2017,107.60914881202362,132.0,177,0,11,100.0,96.90000144392252,100.0,589.0840332508087,none,9
vehicle.lincoln.mkz2017,160.69567727484127,133.0,176,0,11,100.0,213.7000031843781,100.0,1371.649958610535,none,13
vehicle.lincoln.mkz2017,84.00000790754952,136.0,176,0,11,100.0,28.950000431388617,100.0,183.99405074119568,none,4
vehicle.lincoln.mkz2017,135.98085964910393,135.0,177,0,11,100.0,36.30000054091215,100.0,231.3608336448669,none,3
vehicle.lincoln.mkz2017,187.1840081355105,134.0,176,0,11,100.0,79.85000118985772,100.0,539.7343745231628,none,10
vehicle.lincoln.mkz2017,198.1508534574193,,177,0,11,0.0,0.050000000745058,0.0,1.0678229331970217,red_light,19
vehicle.lincoln.mkz2017,149.37026287944542,134.0,177,0,11,100.0,38.60000057518482,100.0,272.2427337169647,none,12
vehicle.lincoln.mkz2017,78.14909887959358,137.0,176,0,11,100.0,127.55000190064312,100.0,786.4819061756134,none,11
vehicle.lincoln.mkz2017,169.63795273239205,132.0,177,0,11,100.0,39.800000593066216,100.0,279.51225209236145,none,2
vehicle.lincoln.mkz2017,201.75301977211643,134.0,177,0,11,100.0,191.15000284835696,100.0,1274.4743304252625,none,2
vehicle.lincoln.mkz2017,84.73965023148577,133.0,177,0,11,100.0,104.85000156238677,100.0,733.3069181442261,none,5
vehicle.lincoln.mkz2017,199.61393678283733,133.0,177,0,11,100.0,65.65000097826123,100.0,415.1066110134125,none,17
vehicle.lincoln.mkz2017,231.035249317076,138.0,177,0,11,98.38340927399068,354.2000052779913,98.38340927399068,2043.4719815254207,none,2
vehicle.lincoln.mkz2017,224.4508093747655,138.0,176,0,11,100.0,195.00000290572643,100.0,1399.2301261425018,none,10
vehicle.lincoln.mkz2017,160.59174114741538,133.0,176,0,11,71.02423301719278,171.3000025525689,42.61453981031567,966.027822971344,collisions_vehicle,14
vehicle.lincoln.mkz2017,175.09000599072704,136.0,177,0,11,100.0,269.1000040099025,100.0,1719.7017340660095,none,3
vehicle.lincoln.mkz2017,105.7259278791228,133.0,177,0,11,100.0,56.7500008456409,100.0,461.7311789989472,none,9
vehicle.lincoln.mkz2017,242.25000000600124,132.0,176,0,11,78.74208311649977,126.45000188425183,47.24524986989986,748.0243771076202,collisions_vehicle,3
vehicle.lincoln.mkz2017,60.41715755173839,135.0,176,0,11,100.0,32.25000048056245,100.0,187.6001896858216,none,5
vehicle.lincoln.mkz2017,124.26716564462544,134.0,177,0,11,96.50175259967718,332.45000495389104,96.50175259967718,1761.4962117671969,none,0
vehicle.lincoln.mkz2017,246.3376246675904,137.0,177,0,11,100.0,229.10000341385603,100.0,1428.2851204872131,none,20
vehicle.lincoln.mkz2017,181.734017212836,133.0,176,0,11,100.0,69.55000103637576,100.0,404.5541188716888,none,2
vehicle.lincoln.mkz2017,61.75445811744025,126.0,176,0,11,100.0,154.7500023059547,100.0,1092.5324747562408,none,9
vehicle.lincoln.mkz2017,139.14688912305118,134.0,177,0,11,100.0,117.70000175386669,100.0,768.9423670768738,none,15
vehicle.lincoln.mkz2017,92.62465890700264,134.0,177,0,11,100.0,20.550000306218863,100.0,130.74158906936646,none,20
vehicle.lincoln.mkz2017,174.25697675114515,134.0,177,0,11,100.0,116.9500017426908,100.0,818.4828190803528,none,10
vehicle.lincoln.mkz2017,183.97032391451447,134.0,177,0,11,100.0,72.40000107884407,100.0,431.9073798656464,none,9
vehicle.lincoln.mkz2017,202.18308424118496,137.0,177,0,11,100.0,96.90000144392252,100.0,596.5669963359833,none,2
vehicle.lincoln.mkz2017,152.86000559795005,133.0,177,0,11,100.0,141.65000211074948,100.0,937.0654892921448,none,6
vehicle.lincoln.mkz2017,69.96409608455757,133.0,177,0,11,100.0,96.50000143796206,100.0,574.5320324897766,none,7
vehicle.lincoln.mkz2017,160.56496478786465,135.0,177,0,11,100.0,130.60000194609165,100.0,732.9351108074188,none,8
vehicle.lincoln.mkz2017,144.41420865579255,,177,0,11,0.0,0.050000000745058,0.0,0.4292473793029785,red_light,13
vehicle.lincoln.mkz2017,141.2596863076324,137.0,177,0,11,100.0,36.20000053942204,100.0,211.08112049102783,none,20
vehicle.lincoln.mkz2017,250.70334896953392,132.0,177,0,11,100.0,159.35000237450004,100.0,912.7479741573334,none,2
vehicle.lincoln.mkz2017,94.00071938021614,131.0,177,0,11,100.0,24.600000366568565,100.0,147.19700455665588,none,1
vehicle.lincoln.mkz2017,78.52384916000362,133.0,177,0,11,100.0,26.55000039562583,100.0,142.19352507591248,none,7
vehicle.lincoln.mkz2017,103.99867141155153,137.0,177,0,11,100.0,22.800000339746475,100.0,150.3993752002716,none,10
vehicle.lincoln.mkz2017,59.41275985558396,135.0,177,0,11,100.0,18.0000002682209,100.0,128.4424958229065,none,0
vehicle.lincoln.mkz2017,220.3460545638561,136.0,177,0,11,98.48890213355476,392.9500058554113,98.48890213355476,2363.729143857956,none,18
vehicle.lincoln.mkz2017,91.16367443389557,137.0,177,0,11,100.0,177.400002643466,100.0,1117.8517820835114,none,0
vehicle.lincoln.mkz2017,126.5800249155539,134.0,177,0,11,100.0,80.950001206249,100.0,533.8909282684326,none,13
vehicle.lincoln.mkz2017,115.78998008039962,131.0,177,0,11,100.0,47.250000704079866,100.0,266.66938734054565,none,13
vehicle.lincoln.mkz2017,199.0611845425313,139.0,177,0,11,100.0,60.8000009059906,100.0,372.5545790195465,none,5
vehicle.lincoln.mkz2017,39.51298327846472,138.0,177,0,11,100.0,163.8000024408102,100.0,1027.213790178299,none,0
vehicle.lincoln.mkz2017,134.82516645917676,132.0,177,0,11,100.0,79.65000118687749,100.0,451.9856994152069,none,5
vehicle.lincoln.mkz2017,176.04473564672733,137.0,177,0,11,100.0,123.55000184103848,100.0,873.4007124900818,none,4
vehicle.lincoln.mkz2017,97.46146430176618,132.0,176,0,11,100.0,46.40000069141388,100.0,252.7753427028656,none,8
vehicle.lincoln.mkz2017,85.01128944107964,131.0,177,0,11,100.0,121.05000180378556,100.0,767.2615823745728,none,5
vehicle.lincoln.mkz2017,84.2791168394927,136.0,177,0,11,100.0,151.35000225529075,100.0,864.9420804977417,none,20
vehicle.lincoln.mkz2017,67.53636251445108,131.0,176,0,11,100.0,155.9500023238361,100.0,1003.555822134018,none,3
vehicle.lincoln.mkz2017,167.99996240809642,136.0,176,0,11,100.0,114.30000170320272,100.0,705.522664308548,none,16
vehicle.lincoln.mkz2017,193.7218500399844,138.0,177,0,11,100.0,187.9000027999282,100.0,1303.23202419281,none,4
vehicle.lincoln.mkz2017,141.12593610356925,137.0,177,0,11,100.0,129.40000192821026,100.0,752.8504421710968,none,8
vehicle.lincoln.mkz2017,109.3971503213479,135.0,177,0,11,100.0,173.7000025883317,100.0,1005.9867165088654,none,11
vehicle.lincoln.mkz2017,148.92514730795034,135.0,177,0,11,100.0,199.00000296533108,100.0,1268.9538152217865,none,2
vehicle.lincoln.mkz2017,158.68891930218643,132.0,177,0,11,100.0,160.75000239536166,100.0,1120.9154109954834,none,6
vehicle.lincoln.mkz2017,76.90635351557887,139.0,177,0,11,100.0,31.40000046789646,100.0,193.3102624416352,none,0
vehicle.lincoln.mkz2017,186.62042559656945,133.0,176,0,11,97.09405273520473,331.55000494048,97.09405273520473,1903.2645225524905,none,9
vehicle.lincoln.mkz2017,222.385490044924,133.0,176,0,11,100.0,91.4500013627112,100.0,618.4685032367706,none,17
vehicle.lincoln.mkz2017,178.23508386477212,134.0,177,0,11,100.0,137.25000204518437,100.0,970.8773372173308,none,20
vehicle.lincoln.mkz2017,78.0000161598569,133.0,176,0,11,100.0,55.05000082030893,100.0,425.79053831100464,none,15
vehicle.lincoln.mkz2017,118.8098843933318,135.0,177,0,11,98.48971412375656,350.90000522881746,98.48971412375656,2337.068303346634,none,6
vehicle.lincoln.mkz2017,179.964561912339,136.0,177,0,11,100.0,340.2500050701201,100.0,1919.232117652893,none,0
vehicle.lincoln.mkz2017,169.5013052937602,132.0,177,0,11,100.0,148.40000221133232,100.0,865.7018547058105,none,15
vehicle.lincoln.mkz2017,132.53723393111662,136.0,177,0,11,100.0,78.40000116825104,100.0,500.6270041465759,none,10
vehicle.lincoln.mkz2017,165.70690746680884,132.0,177,0,11,100.0,80.40000119805336,100.0,513.2300641536713,none,8
vehicle.lincoln.mkz2017,242.2096374248703,136.0,177,0,11,16.409036577988687,17.0500002540648,9.845421946793213,128.67949032783508,collisions_vehicle,16
vehicle.lincoln.mkz2017,243.72050897647105,135.0,177,0,11,100.0,118.10000175982714,100.0,891.1913533210754,none,15
vehicle.lincoln.mkz2017,172.47023603808037,131.0,177,0,11,100.0,200.70000299066305,100.0,1134.9379868507383,none,3
vehicle.lincoln.mkz2017,215.6713346003968,132.0,177,0,11,100.0,183.0500027276576,100.0,1217.220813035965,none,7
vehicle.lincoln.mkz2017,117.5310984930196,136.0,177,0,11,100.0,78.95000117644668,100.0,564.40221118927,none,4
vehicle.lincoln.mkz2017,236.0266182942848,134.0,177,0,11,95.55258552664525,50.30000074952841,62.10918059231941,301.21425557136536,collisions_layout,4
vehicle.lincoln.mkz2017,91.7189155740634,136.0,177,0,11,100.0,127.30000189691782,100.0,911.4749355316162,none,12
vehicle.lincoln.mkz2017,98.37931889628884,134.0,177,0,11,100.0,149.70000223070383,100.0,960.7983033657074,none,20
vehicle.lincoln.mkz2017,97.61171908771536,138.0,176,0,11,100.0,50.5500007532537,100.0,382.806848526001,none,19
vehicle.lincoln.mkz2017,170.68055255753555,133.0,177,0,11,100.0,158.95000236853957,100.0,887.0578486919403,none,12
vehicle.lincoln.mkz2017,88.80355356292397,133.0,177,0,11,100.0,80.50000119954348,100.0,460.4610369205475,none,15
vehicle.lincoln.mkz2017,85.49173440828262,134.0,177,0,11,100.0,110.25000164285302,100.0,687.7067322731018,none,9
vehicle.lincoln.mkz2017,110.76065795970584,133.0,176,0,11,100.0,70.25000104680657,100.0,458.5179626941681,none,5
vehicle.lincoln.mkz2017,177.8571279682478,134.0,177,0,11,100.0,108.75000162050128,100.0,669.0490913391113,none,7
vehicle.lincoln.mkz2017,81.9999806667819,133.0,176,0,11,100.0,20.65000030770898,100.0,124.31112456321716,none,6
vehicle.lincoln.mkz2017,62.717139549735016,136.0,177,0,11,100.0,142.4500021226704,100.0,1045.107625246048,none,12
vehicle.lincoln.mkz2017,181.206637504591,134.0,177,0,11,100.0,58.650000873953104,100.0,343.63014817237854,none,11
vehicle.lincoln.mkz2017,192.1228271723634,133.0,177,0,11,100.0,109.90000163763762,100.0,651.3712961673737,none,10
vehicle.lincoln.mkz2017,235.9040388418787,135.0,177,0,11,100.0,185.6500027664005,100.0,1180.938603401184,none,8
vehicle.lincoln.mkz2017,156.17705486881516,132.0,176,0,11,55.956044083239405,73.60000109672546,39.16923085826758,485.95197558403015,red_light,1
vehicle.lincoln.mkz2017,203.43585952739693,134.0,177,0,11,14.67772696013535,21.40000031888485,8.80663617608121,126.69477796554564,collisions_vehicle,17
vehicle.lincoln.mkz2017,111.219846834658,136.0,177,0,11,100.0,40.20000059902668,100.0,232.6226389408112,none,12
vehicle.lincoln.mkz2017,234.6213070717789,133.0,177,0,11,100.0,72.05000107362866,100.0,454.75243616104126,none,19
vehicle.lincoln.mkz2017,123.1801075207984,133.0,177,0,11,98.60336352789842,381.1000056788325,98.60336352789842,2385.5361280441284,none,10
vehicle.lincoln.mkz2017,50.35727855555831,135.0,177,0,11,100.0,16.400000244379044,100.0,118.75234651565552,none,19
vehicle.lincoln.mkz2017,89.66100072719145,129.0,177,0,11,100.0,111.05000165477396,100.0,691.1140279769897,none,5
vehicle.lincoln.mkz2017,138.3080047843275,138.0,177,0,11,100.0,98.65000146999957,100.0,773.7360591888428,none,10
vehicle.lincoln.mkz2017,226.40089809172488,139.0,177,0,11,100.0,271.05000403895974,100.0,1660.5406744480133,none,5
vehicle.lincoln.mkz2017,152.83714049296856,135.0,177,0,11,100.0,97.70000145584343,100.0,694.9807934761047,none,14
vehicle.lincoln.mkz2017,173.2256221408636,137.0,177,0,11,100.0,201.8500030077994,100.0,1377.6269075870514,none,9
vehicle.lincoln.mkz2017,135.01133770819789,138.0,177,0,11,100.0,87.25000130012631,100.0,636.1819870471954,none,19
vehicle.lincoln.mkz2017,188.14687270246912,131.0,176,0,11,100.0,154.5000023022294,100.0,954.4669320583344,none,15
vehicle.lincoln.mkz2017,44.18144665181526,130.0,177,0,11,100.0,172.55000257119536,100.0,1111.6358571052551,none,16
vehicle.lincoln.mkz2017,30.31612559092024,135.0,177,0,11,40.18516513001676,35.60000053048134,24.111099078010053,246.7840986251831,collisions_vehicle,2
vehicle.lincoln.mkz2017,82.52403395916362,130.0,177,0,11,96.54521908518991,351.05000523105264,96.54521908518991,2383.850472927093,none,16
vehicle.lincoln.mkz2017,220.05331647310825,137.0,177,0,11,100.0,67.10000099986792,100.0,417.9576380252838,none,11
vehicle.lincoln.mkz2017,84.29327349453786,135.0,177,0,11,100.0,25.600000381469727,100.0,155.75316762924194,none,6
vehicle.lincoln.mkz2017,135.56536383854268,136.0,177,0,11,100.0,42.15000062808394,100.0,277.12526988983154,none,4
vehicle.lincoln.mkz2017,227.06584469435467,141.0,176,0,11,100.0,166.15000247582793,100.0,1087.034542798996,none,19
vehicle.lincoln.mkz2017,92.66999869677429,135.0,177,0,11,100.0,123.40000183880328,100.0,746.9021077156067,none,1
vehicle.lincoln.mkz2017,153.7799770326952,136.0,177,0,11,100.0,63.75000094994903,100.0,409.463990688324,none,3
vehicle.lincoln.mkz2017,136.68384612986242,135.0,177,0,11,100.0,354.75000528618693,100.0,2196.265708208084,none,19
vehicle.lincoln.mkz2017,56.77745733053168,132.0,177,0,11,4.838388265260952,187.50000279396767,4.838388265260952,1048.0830578804016,none,14
vehicle.lincoln.mkz2017,140.29320998810496,134.0,177,0,11,98.275651456717,294.75000439211726,98.275651456717,1686.775018453598,none,18
vehicle.lincoln.mkz2017,130.61080761316128,134.0,177,0,11,100.0,212.00000315904617,100.0,1296.5722379684448,none,2
vehicle.lincoln.mkz2017,109.97205490190288,134.0,176,0,11,100.0,126.35000188276172,100.0,813.7833931446075,none,3
vehicle.lincoln.mkz2017,190.57421685215644,136.0,177,0,11,84.43476054039256,228.3000034019351,54.882594351255165,1567.5085813999176,collisions_layout,19
vehicle.lincoln.mkz2017,161.24031255030107,137.0,177,0,11,100.0,108.90000162273644,100.0,850.9904515743256,none,19
vehicle.lincoln.mkz2017,212.0514713791468,138.0,176,0,11,100.0,143.85000214353204,100.0,852.9443068504333,none,18
vehicle.lincoln.mkz2017,50.13066670904022,135.0,177,0,11,100.0,14.550000216811895,100.0,86.65817761421204,none,17
vehicle.lincoln.mkz2017,9.903743135627703,134.0,177,0,11,100.0,104.50000155717134,100.0,676.4901509284973,none,3
vehicle.lincoln.mkz2017,147.88777250643483,130.0,177,0,11,100.0,113.80000169575214,100.0,792.2861561775208,none,0
vehicle.lincoln.mkz2017,132.45084750914103,137.0,177,0,11,100.0,34.650000516325235,100.0,218.6218152046204,none,10
vehicle.lincoln.mkz2017,175.46213915057518,132.0,177,0,11,100.0,68.45000101998448,100.0,434.38483929634094,none,14
vehicle.lincoln.mkz2017,146.50222051911055,130.0,177,0,11,63.249499174393705,105.35000156983732,44.27464942207559,692.6438271999359,red_light,15
vehicle.lincoln.mkz2017,97.78918153678758,135.0,177,0,11,100.0,21.950000327080488,100.0,154.40903162956238,none,0
vehicle.lincoln.mkz2017,84.7644301521923,132.0,177,0,11,33.68776716089312,212.40000316500664,33.68776716089312,1569.4858720302582,none,14
vehicle.lincoln.mkz2017,138.25085451995548,137.0,177,0,11,100.0,90.20000134408474,100.0,529.2954070568085,none,0
