,index,route_id,status,town,collisions_layout,collisions_pedestrian,collisions_vehicle,outside_route_lanes,red_light,route_dev,route_timeout,stop_infraction,vehicle_blocked,cloudiness,fog_density,fog_distance,fog_falloff,precipitation,precipitation_deposits,sun_altitude_angle,sun_azimuth_angle,wetness,wind_intensity,ego_vehicle,ego_vehicle_color,ego_vehicle_number_of_wheels,ego_vehicle_object_type,ego_vehicle_role_name,ego_vehicle_sticky_control,percentage_speed_limit,route_length,total_steps,carla_version,completion_score,driving_score,infraction_penalty,npc_vehicles,pedestrians,simulation_time,system_time,infraction_name,weather_id,weather_cloudiness,weather_precipitation,weather_precipitation_deposits,weather_wind_intensity,weather_sun_azimuth_angle,weather_sun_altitude_angle,weather_fog_density,weather_fog_distance,weather_fog_falloff,weather_wetness
0,0,RouteScenario_0,Completed,Town01,0,0,0,0,0,0,0,0,0,20,0,0,0,0,50,15,270,0,0.349999994039536,vehicle.bmw.isetta,"[0, 0, 0]",4,,hero,True,70,207.019212970771,2295,10,100,100,1,177,145,114.900001712143,496.544079303742,none,WetSunset,20,0,50,0.35,270,15,0,0,0,0
1,1,RouteScenario_1,Failed,Town01,0,0,0,0,1,0,0,0,0,90,0,0,0,15,50,-80,270,0,0.349999994039536,vehicle.bmw.isetta,"[0, 0, 0]",4,,hero,True,70,82.7731237397857,46,10,0,0,0.7,177,140,2.45000003650784,8.03991389274597,red_light,SoftRainNight,90,15,50,0.35,270,-80,0,0,0,0
2,10,RouteScenario_10,Failed - Agent got blocked,Town01,0,0,0,0,0,0,0,0,1,90,0,0,0,0,50,15,0,0,0.349999994039536,vehicle.bmw.isetta,"[0, 0, 0]",4,,hero,True,70,178.939133037313,8357,10,98.3128736084092,98.3128736084092,1,177,147,418.000006228685,1755.81517887115,none,WetCloudySunset,90,0,50,0.35,0,15,0,0,0,0
3,100,RouteScenario_100,Completed,Town01,0,0,0,0,0,0,0,0,0,90,0,0,0,60,100,75,90,0,1,vehicle.bmw.isetta,"[0, 0, 0]",4,,hero,True,70,238.109787563928,2821,10,100,100,1,177,142,141.200002104044,674.291068077087,none,HardRainNoon,90,60,100,1,90,75,0,0,0,0
4,101,RouteScenario_101,Failed - Agent got blocked,Town01,0,0,0,10.64,0,0,0,0,1,90,0,0,0,15,50,-80,270,0,0.349999994039536,vehicle.bmw.isetta,"[0, 0, 0]",4,,hero,True,70,223.332902900877,11878,10,98.684286257134,88.1820433222886,0.893577353262905,177,143,594.050008852035,2567.25443506241,none,SoftRainNight,90,15,50,0.35,270,-80,0,0,0,0
5,102,RouteScenario_102,Failed - Agent got blocked,Town01,0,0,0,0,0,0,0,0,1,15,0,0,0,0,0,15,45,0,0.349999994039536,vehicle.bmw.isetta,"[0, 0, 0]",4,,hero,True,70,167.564870864939,8651,10,98.6881724294481,98.6881724294481,1,177,148,432.700006447733,2095.96947312355,none,ClearSunset,15,0,0,0.35,45,15,0,0,0,0
6,103,RouteScenario_103,Failed - Agent timed out,Town01,0,0,0,26.31,0,0,1,0,0,80,0,0,0,0,0,75,45,0,0.349999994039536,vehicle.bmw.isetta,"[0, 0, 0]",4,,hero,True,70,194.971879863744,19978,10,8.68647644522261,6.40098028175937,0.736890305536923,177,146,999.050014887005,5317.94759345055,none,CloudyNoon,80,0,0,0.35,45,75,0,0,0,0
7,104,RouteScenario_104,Completed,Town01,0,0,0,0,0,0,0,0,0,20,0,0,0,0,50,-80,225,0,0.349999994039536,vehicle.bmw.isetta,"[0, 0, 0]",4,,hero,True,70,115.885909577756,6168,10,100,100,1,177,141,308.550004597753,1465.91352295876,none,WetNight,20,0,50,0.35,225,-80,0,0,0,0
8,105,RouteScenario_105,Failed,Town01,0,0,1,0,0,0,0,0,0,90,0,0,0,60,100,75,90,0,1,vehicle.bmw.isetta,"[0, 0, 0]",4,,hero,True,70,43.0960436440428,168,10,7.06656642253014,4.23993985351808,0.6,177,142,8.55000012740493,40.8742699623108,collisions_vehicle,HardRainNoon,90,60,100,1,90,75,0,0,0,0
9,106,RouteScenario_106,Failed,Town01,0,0,0,0,1,0,0,0,0,90,0,0,0,15,50,-80,270,0,0.349999994039536,vehicle.bmw.isetta,"[0, 0, 0]",4,,hero,True,70,58.6382713487703,0,10,0,0,0.7,177,0,0.050000000745058,0.157463312149048,red_light,SoftRainNight,90,15,50,0.35,270,-80,0,0,0,0
10,107,RouteScenario_107,Failed,Town01,0,0,1,0,0,0,0,0,0,20,0,0,0,0,50,-80,225,0,0.349999994039536,vehicle.bmw.isetta,"[0, 0, 0]",4,,hero,True,70,77.2658992938477,1352,10,47.8181902145423,28.6909141287254,0.6,177,143,67.7500010095537,284.829657554626,collisions_vehicle,WetNight,20,0,50,0.35,225,-80,0,0,0,0
11,108,RouteScenario_108,Completed,Town01,0,0,0,7.9,0,0,0,0,0,15,0,0,0,0,0,15,45,0,0.349999994039536,vehicle.bmw.isetta,"[0, 0, 0]",4,,hero,True,70,162.785049296464,3952,10,100,92.1024929600811,0.921024929600811,177,145,197.750002946705,836.099048137665,none,ClearSunset,15,0,0,0.35,45,15,0,0,0,0
12,109,RouteScenario_109,Failed,Town01,0,0,1,0,0,0,0,0,0,90,0,0,0,0,50,-80,225,0,0.349999994039536,vehicle.bmw.isetta,"[0, 0, 0]",4,,hero,True,70,198.331334951565,2761,10,97.0737271909757,58.2442363145854,0.6,177,145,138.20000205934,670.564255952835,collisions_vehicle,WetCloudyNight,90,0,50,0.35,225,-80,0,0,0,0
13,11,RouteScenario_11,Failed - Agent got blocked,Town01,0,0,0,0,0,0,0,0,1,90,0,0,0,0,50,75,180,0,0.349999994039536,vehicle.bmw.isetta,"[0, 0, 0]",4,,hero,True,70,101.612062127783,10919,10,97.7973248346828,97.7973248346828,1,177,143,546.100008137524,2352.17313623428,none,WetCloudyNoon,90,0,50,0.35,180,75,0,0,0,0
14,110,RouteScenario_110,Failed,Town01,1,0,0,8.62,0,0,0,0,0,90,0,0,0,0,50,75,180,0,0.349999994039536,vehicle.bmw.isetta,"[0, 0, 0]",4,,hero,True,70,114.149971162581,3012,10,69.1657988743691,41.0807419523694,0.593945889745123,177,141,150.75000224635,593.032861709595,collisions_layout,WetCloudyNoon,90,0,50,0.35,180,75,0,0,0,0
15,111,RouteScenario_111,Failed - Agent timed out,Town01,0,0,0,0,0,0,1,0,0,90,0,0,0,60,100,75,90,0,1,vehicle.bmw.isetta,"[0, 0, 0]",4,,hero,True,70,89.8581682581759,9818,10,97.7918407087285,97.7918407087285,1,177,142,491.050007317215,2427.0178539753,none,HardRainNoon,90,60,100,1,90,75,0,0,0,0
16,112,RouteScenario_112,Failed - Agent got blocked,Town01,0,0,0,0,0,0,0,0,1,80,0,0,0,0,0,75,45,0,0.349999994039536,vehicle.bmw.isetta,"[0, 0, 0]",4,,hero,True,70,117.182011802066,12028,10,98.6925261429761,98.6925261429761,1,176,144,601.550008963794,2867.55933642387,none,CloudyNoon,80,0,0,0.35,45,75,0,0,0,0
17,113,RouteScenario_113,Completed,Town01,0,0,0,0,0,0,0,0,0,20,0,0,0,0,50,-80,225,0,0.349999994039536,vehicle.bmw.isetta,"[0, 0, 0]",4,,hero,True,70,124.710890054488,1925,10,100,100,1,177,149,96.4000014364719,351.64835190773,none,WetNight,20,0,50,0.35,225,-80,0,0,0,0
18,114,RouteScenario_114,Failed,Town01,0,0,0,0,1,0,0,0,0,80,0,0,0,0,0,-80,45,0,0.349999994039536,vehicle.bmw.isetta,"[0, 0, 0]",4,,hero,True,70,97.8522698152996,48,10,0.334158245764877,0.233910772035414,0.7,177,146,2.55000003799796,9.16233921051025,red_light,CloudyNight,80,0,0,0.35,45,-80,0,0,0,0
19,115,RouteScenario_115,Completed,Town01,0,0,0,0,0,0,0,0,0,90,0,0,0,0,50,15,0,0,0.349999994039536,vehicle.bmw.isetta,"[0, 0, 0]",4,,hero,True,70,152.482095803129,1726,10,100,100,1,177,146,86.4500012882054,413.302039146423,none,WetCloudySunset,90,0,50,0.35,0,15,0,0,0,0
20,116,RouteScenario_116,Failed,Town01,0,0,0,0,1,0,0,0,0,90,0,0,0,0,50,75,180,0,0.349999994039536,vehicle.bmw.isetta,"[0, 0, 0]",4,,hero,True,70,273.331996132036,260,10,0.689627730899564,0.482739411629695,0.7,177,145,13.1500001959503,49.9842026233673,red_light,WetCloudyNoon,90,0,50,0.35,180,75,0,0,0,0
21,117,RouteScenario_117,Failed,Town01,0,0,1,0,0,0,0,0,0,80,0,0,0,0,0,75,45,0,0.349999994039536,vehicle.bmw.isetta,"[0, 0, 0]",4,,hero,True,70,174.533229151483,3521,10,35.2287648994985,21.1372589396991,0.6,176,150,176.200002625585,832.136061191559,collisions_vehicle,CloudyNoon,80,0,0,0.35,45,75,0,0,0,0
22,118,RouteScenario_118,Failed - Agent got blocked,Town01,0,0,0,0,0,0,0,0,1,15,0,0,0,0,0,-80,0,0,0.349999994039536,vehicle.bmw.isetta,"[0, 0, 0]",4,,hero,True,70,56.3013298853026,6488,10,97.9563457893941,97.9563457893941,1,177,141,324.550004836172,1450.62251925468,none,ClearNight,15,0,0,0.35,0,-80,0,0,0,0
23,119,RouteScenario_119,Failed - Agent got blocked,Town01,0,0,0,0,0,0,0,0,1,90,0,0,0,0,50,-80,225,0,0.349999994039536,vehicle.bmw.isetta,"[0, 0, 0]",4,,hero,True,70,187.802880730796,18030,10,98.5088675076795,98.5088675076795,1,177,139,901.650013435632,3012.66887259483,none,WetCloudyNight,90,0,50,0.35,225,-80,0,0,0,0
24,12,RouteScenario_12,Completed,Town01,0,0,0,0,0,0,0,0,0,90,0,0,0,60,100,75,90,0,1,vehicle.bmw.isetta,"[0, 0, 0]",4,,hero,True,70,148.579952645267,5801,10,100,100,1,177,141,290.200004324317,1237.36279249191,none,HardRainNoon,90,60,100,1,90,75,0,0,0,0
25,120,RouteScenario_120,Failed - Agent got blocked,Town01,0,0,0,0,0,0,0,0,1,90,0,0,0,15,50,-80,270,0,0.349999994039536,vehicle.bmw.isetta,"[0, 0, 0]",4,,hero,True,70,67.6444874349446,5147,10,97.8667075132946,97.8667075132946,1,177,139,257.500003837049,1143.43869543076,none,SoftRainNight,90,15,50,0.35,270,-80,0,0,0,0
26,121,RouteScenario_121,Failed,Town01,0,0,1,33.01,0,0,0,0,0,80,0,0,0,0,0,-80,45,0,0.349999994039536,vehicle.bmw.isetta,"[0, 0, 0]",4,,hero,True,70,247.344371976281,368,10,7.75005865408286,3.11517989599194,0.401955654148606,177,143,18.5500002764165,114.564479351044,collisions_vehicle,CloudyNight,80,0,0,0.35,45,-80,0,0,0,0
27,122,RouteScenario_122,Completed,Town01,0,0,0,0,0,0,0,0,0,80,0,0,0,30,50,15,270,0,0.400000005960465,vehicle.bmw.isetta,"[0, 0, 0]",4,,hero,True,70,185.994639783653,1505,10,100,100,1,177,144,75.4000011235476,297.602538347244,none,MidRainSunset,80,30,50,0.4,270,15,0,0,0,0
28,123,RouteScenario_123,Failed - Agent got blocked,Town01,0,0,0,0,0,0,0,0,1,80,0,0,0,0,0,15,270,0,0.349999994039536,vehicle.bmw.isetta,"[0, 0, 0]",4,,hero,True,70,50.9926642098561,4481,10,95.8811400425796,95.8811400425796,1,177,147,224.20000334084,1081.72541832924,none,CloudySunset,80,0,0,0.35,270,15,0,0,0,0
29,124,RouteScenario_124,Failed,Town01,0,0,0,0,1,0,0,0,0,90,0,0,0,0,50,15,0,0,0.349999994039536,vehicle.bmw.isetta,"[0, 0, 0]",4,,hero,True,70,80.7752049372926,5643,10,30.866339863699,21.6064379045893,0.7,177,142,282.300004206598,1274.19121575356,red_light,WetCloudySunset,90,0,50,0.35,0,15,0,0,0,0
30,125,RouteScenario_125,Completed,Town01,0,0,0,0,0,0,0,0,0,90,0,0,0,0,50,75,180,0,0.349999994039536,vehicle.bmw.isetta,"[0, 0, 0]",4,,hero,True,70,154.227736306685,3310,10,100,100,1,177,144,165.650002468377,863.944623231888,none,WetCloudyNoon,90,0,50,0.35,180,75,0,0,0,0
31,126,RouteScenario_126,Failed,Town01,0,0,0,0,1,0,0,0,0,80,0,0,0,60,100,15,0,0,1,vehicle.bmw.isetta,"[0, 0, 0]",4,,hero,True,70,81.1833542852019,2056,10,98.0943522509119,68.6660465756383,0.7,177,142,102.950001534075,491.817993879318,red_light,HardRainSunset,80,60,100,1,0,15,0,0,0,0
32,127,RouteScenario_127,Failed - Agent got blocked,Town01,0,0,0,0,0,0,0,0,1,90,0,0,0,15,50,-80,270,0,0.349999994039536,vehicle.bmw.isetta,"[0, 0, 0]",4,,hero,True,70,126.519743536487,9814,10,98.0763627667245,98.0763627667245,1,177,143,490.850007314235,1800.83773255348,none,SoftRainNight,90,15,50,0.35,270,-80,0,0,0,0
33,128,RouteScenario_128,Failed,Town01,0,0,1,40.37,0,0,0,0,0,80,0,0,0,0,0,15,270,0,0.349999994039536,vehicle.bmw.isetta,"[0, 0, 0]",4,,hero,True,70,275.50983420566,10065,10,8.10938483824933,2.90113895238754,0.357750804808746,177,143,503.400007501245,2678.44674086571,collisions_vehicle,CloudySunset,80,0,0,0.35,270,15,0,0,0,0
34,129,RouteScenario_129,Failed - Agent got blocked,Town01,0,0,0,0,0,0,0,0,1,90,0,0,0,0,50,75,180,0,0.349999994039536,vehicle.bmw.isetta,"[0, 0, 0]",4,,hero,True,70,161.070550861444,9144,10,98.5170694602678,98.5170694602678,1,177,144,457.350006815046,2400.03076028824,none,WetCloudyNoon,90,0,50,0.35,180,75,0,0,0,0
35,13,RouteScenario_13,Failed,Town01,0,0,1,0,0,0,0,0,0,15,0,0,0,0,0,75,0,0,0.349999994039536,vehicle.bmw.isetta,"[0, 0, 0]",4,,hero,True,70,212.219985135147,5767,10,63.0156688678454,37.8094013207072,0.6,177,146,288.500004298985,1328.97065281868,collisions_vehicle,ClearNoon,15,0,0,0.35,0,75,0,0,0,0
36,130,RouteScenario_130,Failed - Agent got blocked,Town01,0,0,0,31.63,0,0,0,0,1,80,0,0,0,60,100,15,0,0,1,vehicle.bmw.isetta,"[0, 0, 0]",4,,hero,True,70,92.6720864187918,4239,10,18.1108558276573,12.3820206930531,0.683679490957261,177,143,212.100003160536,955.734998226166,none,HardRainSunset,80,60,100,1,0,15,0,0,0,0
37,131,RouteScenario_131,Completed,Town01,0,0,0,0,0,0,0,0,0,80,0,0,0,60,100,15,0,0,1,vehicle.bmw.isetta,"[0, 0, 0]",4,,hero,True,70,155.64995003145,4564,10,100,100,1,177,144,228.35000340268,852.826048135757,none,HardRainSunset,80,60,100,1,0,15,0,0,0,0
38,132,RouteScenario_132,Failed,Town01,0,0,1,0,0,0,0,0,0,90,0,0,0,0,50,75,180,0,0.349999994039536,vehicle.bmw.isetta,"[0, 0, 0]",4,,hero,True,70,168.141501983467,2425,10,31.9669445474592,19.1801667284755,0.6,177,146,121.400001809001,788.556293725967,collisions_vehicle,WetCloudyNoon,90,0,50,0.35,180,75,0,0,0,0
39,133,RouteScenario_133,Failed,Town01,1,0,0,0,0,0,0,0,0,80,0,0,0,0,0,15,270,0,0.349999994039536,vehicle.bmw.isetta,"[0, 0, 0]",4,,hero,True,70,135.693103912075,1865,10,32.9771254860188,21.4351315659122,0.65,176,144,93.4000013917685,349.445732355118,collisions_layout,CloudySunset,80,0,0,0.35,270,15,0,0,0,0
40,134,RouteScenario_134,Completed,Town01,0,0,0,0,0,0,0,0,0,80,0,0,0,30,50,-80,225,0,0.400000005960465,vehicle.bmw.isetta,"[0, 0, 0]",4,,hero,True,70,121.971395824203,4126,10,100,100,1,177,149,206.450003076345,881.256457567215,none,MidRainyNight,80,30,50,0.4,225,-80,0,0,0,0
41,135,RouteScenario_135,Failed,Town01,0,0,0,0,1,0,0,0,0,15,0,0,0,0,0,75,0,0,0.349999994039536,vehicle.bmw.isetta,"[0, 0, 0]",4,,hero,True,70,90.0830794673052,1205,10,12.1664037234907,8.51648260644351,0.7,177,145,60.4000009000301,287.88877248764,red_light,ClearNoon,15,0,0,0.35,0,75,0,0,0,0
42,136,RouteScenario_136,Failed - Agent got blocked,Town01,0,0,0,0,0,0,0,0,1,15,0,0,0,0,0,75,0,0,0.349999994039536,vehicle.bmw.isetta,"[0, 0, 0]",4,,hero,True,70,71.692100036983,8877,10,98.7950580183287,98.7950580183287,1,176,145,444.000006616116,2101.46947360039,none,ClearNoon,15,0,0,0.35,0,75,0,0,0,0
43,137,RouteScenario_137,Failed - Agent got blocked,Town01,0,0,0,0,0,0,0,0,1,80,0,0,0,60,100,15,0,0,1,vehicle.bmw.isetta,"[0, 0, 0]",4,,hero,True,70,195.338331642993,13267,10,98.9688365211828,98.9688365211828,1,177,144,663.50000988692,2717.84108233452,none,HardRainSunset,80,60,100,1,0,15,0,0,0,0
44,138,RouteScenario_138,Failed,Town01,0,0,1,3.81,0,0,0,0,0,80,0,0,0,0,0,75,45,0,0.349999994039536,vehicle.bmw.isetta,"[0, 0, 0]",4,,hero,True,70,96.4002246154936,1400,10,52.6268863507783,30.3724539978286,0.577128082314895,177,140,70.1500010453165,394.311356544495,collisions_vehicle,CloudyNoon,80,0,0,0.35,45,75,0,0,0,0
45,139,RouteScenario_139,Completed,Town01,0,0,0,0,0,0,0,0,0,80,0,0,0,30,50,15,270,0,0.400000005960465,vehicle.bmw.isetta,"[0, 0, 0]",4,,hero,True,70,151.5509041962,6021,10,100,100,1,177,145,301.20000448823,1211.96954798698,none,MidRainSunset,80,30,50,0.4,270,15,0,0,0,0
46,14,RouteScenario_14,Failed,Town01,0,0,0,0,1,0,0,0,0,15,0,0,0,0,0,15,45,0,0.349999994039536,vehicle.bmw.isetta,"[0, 0, 0]",4,,hero,True,70,185.726159223418,3266,10,66.7231729875977,46.7062210913184,0.7,177,145,163.450002435595,670.248278617859,red_light,ClearSunset,15,0,0,0.35,45,15,0,0,0,0
47,140,RouteScenario_140,Failed - Agent got blocked,Town01,0,0,0,0,0,0,0,0,1,90,0,0,0,15,50,-80,270,0,0.349999994039536,vehicle.bmw.isetta,"[0, 0, 0]",4,,hero,True,70,141.904018858039,7445,10,98.9694242137698,98.9694242137698,1,176,144,372.400005549192,1334.9148542881,none,SoftRainNight,90,15,50,0.35,270,-80,0,0,0,0
48,141,RouteScenario_141,Failed - Agent got blocked,Town01,0,0,0,0.9,0,0,0,0,1,90,0,0,0,15,50,-80,270,0,0.349999994039536,vehicle.bmw.isetta,"[0, 0, 0]",4,,hero,True,70,159.021803044014,4727,10,98.7186442745728,97.8252527416615,0.990950123560992,177,141,236.500003524125,958.67765378952,none,SoftRainNight,90,15,50,0.35,270,-80,0,0,0,0
49,142,RouteScenario_142,Failed,Town01,0,0,1,0,0,0,0,0,0,15,0,0,0,0,0,75,0,0,0.349999994039536,vehicle.bmw.isetta,"[0, 0, 0]",4,,hero,True,70,69.9383987948123,3227,10,48.5664949820269,29.1398969892161,0.6,177,143,161.500002406538,928.064206123352,collisions_vehicle,ClearNoon,15,0,0,0.35,0,75,0,0,0,0
50,143,RouteScenario_143,Completed,Town01,0,0,0,0,0,0,0,0,0,90,0,0,0,60,100,75,90,0,1,vehicle.bmw.isetta,"[0, 0, 0]",4,,hero,True,70,222.933809016488,7434,10,100,100,1,177,145,371.850005540997,1796.76937127113,none,HardRainNoon,90,60,100,1,90,75,0,0,0,0
51,144,RouteScenario_144,Completed,Town01,0,0,0,0,0,0,0,0,0,20,0,0,0,0,50,75,45,0,0.349999994039536,vehicle.bmw.isetta,"[0, 0, 0]",4,,hero,True,70,237.946438945277,7558,10,100,100,1,177,143,378.050005633384,1670.39513778687,none,WetNoon,20,0,50,0.35,45,75,0,0,0,0
52,145,RouteScenario_145,Completed,Town01,0,0,0,0,0,0,0,0,0,90,0,0,0,15,50,75,315,0,0.349999994039536,vehicle.bmw.isetta,"[0, 0, 0]",4,,hero,True,70,200.109787391949,1706,10,100,100,1,177,145,85.4500012733042,433.644029855728,none,SoftRainNoon,90,15,50,0.35,315,75,0,0,0,0
53,146,RouteScenario_146,Failed,Town01,0,0,1,0,0,0,0,0,0,90,0,0,0,0,50,15,0,0,0.349999994039536,vehicle.bmw.isetta,"[0, 0, 0]",4,,hero,True,70,139.822489759283,2212,10,27.6930030690692,16.6158018414415,0.6,176,139,110.750001650304,481.180351257324,collisions_vehicle,WetCloudySunset,90,0,50,0.35,0,15,0,0,0,0
54,147,RouteScenario_147,Failed,Town01,0,0,1,0,0,0,0,0,0,90,0,0,0,60,100,75,90,0,1,vehicle.bmw.isetta,"[0, 0, 0]",4,,hero,True,70,129.749496859937,2204,10,47.100629936089,28.2603779616534,0.6,177,146,110.350001644343,529.54452419281,collisions_vehicle,HardRainNoon,90,60,100,1,90,75,0,0,0,0
55,148,RouteScenario_148,Failed - Agent timed out,Town01,0,0,0,0,0,0,1,0,0,80,0,0,0,0,0,75,45,0,0.349999994039536,vehicle.bmw.isetta,"[0, 0, 0]",4,,hero,True,70,59.9817139769069,4798,10,98.3079209536202,98.3079209536202,1,177,144,240.050003577024,1096.58913326263,none,CloudyNoon,80,0,0,0.35,45,75,0,0,0,0
56,149,RouteScenario_149,Completed,Town01,0,0,0,23.14,0,0,0,0,0,90,0,0,0,15,50,15,270,0,0.349999994039536,vehicle.bmw.isetta,"[0, 0, 0]",4,,hero,True,70,164.30197183978,4005,10,100,76.8643514862144,0.768643514862144,176,144,200.400002986193,791.889272689819,none,SoftRainSunset,90,15,50,0.35,270,15,0,0,0,0
57,15,RouteScenario_15,Failed,Town01,0,0,0,0,1,0,0,0,0,90,0,0,0,0,50,-80,225,0,0.349999994039536,vehicle.bmw.isetta,"[0, 0, 0]",4,,hero,True,70,135.349716242063,693,10,22.4597993450674,15.7218595415472,0.7,177,149,34.8000005185604,127.029375553131,red_light,WetCloudyNight,90,0,50,0.35,225,-80,0,0,0,0
58,150,RouteScenario_150,Failed,Town01,0,0,1,18.75,0,0,0,0,0,90,0,0,0,60,100,-80,225,0,1,vehicle.bmw.isetta,"[0, 0, 0]",4,,hero,True,70,85.6688904605412,5293,10,18.746580168973,9.13945210840317,0.487526366197161,177,141,264.800003945827,1367.84513568878,collisions_vehicle,HardRainNight,90,60,100,1,225,-80,0,0,0,0
59,151,RouteScenario_151,Failed,Town01,0,0,0,0,1,0,0,0,0,15,0,0,0,0,0,75,0,0,0.349999994039536,vehicle.bmw.isetta,"[0, 0, 0]",4,,hero,True,70,62.5776968919883,917,10,8.72110255773353,6.10477179041347,0.7,177,143,46.0000006854534,189.005253791809,red_light,ClearNoon,15,0,0,0.35,0,75,0,0,0,0
60,152,RouteScenario_152,Completed,Town01,0,0,0,22.66,0,0,0,0,0,90,0,0,0,0,50,-80,225,0,0.349999994039536,vehicle.bmw.isetta,"[0, 0, 0]",4,,hero,True,70,209.050237995328,2412,10,100,77.3390646963089,0.773390646963089,177,145,120.750001799315,483.485903501511,none,WetCloudyNight,90,0,50,0.35,225,-80,0,0,0,0
61,153,RouteScenario_153,Completed,Town01,0,0,0,0,0,0,0,0,0,80,0,0,0,30,50,75,0,0,0.400000005960465,vehicle.bmw.isetta,"[0, 0, 0]",4,,hero,True,70,109.916963408522,2772,10,100,100,1,177,140,138.750002067536,691.740688562393,none,MidRainyNoon,80,30,50,0.4,0,75,0,0,0,0
62,154,RouteScenario_154,Failed - Agent got blocked,Town01,0,0,0,0,0,0,0,0,1,80,0,0,0,30,50,15,270,0,0.400000005960465,vehicle.bmw.isetta,"[0, 0, 0]",4,,hero,True,70,112.256339525108,7966,10,98.7049341345177,98.7049341345177,1,177,148,398.450005937368,1865.49832081795,none,MidRainSunset,80,30,50,0.4,270,15,0,0,0,0
63,155,RouteScenario_155,Completed,Town01,0,0,0,42.99,0,0,0,0,0,90,0,0,0,0,50,75,180,0,0.349999994039536,vehicle.bmw.isetta,"[0, 0, 0]",4,,hero,True,70,113.501485408099,2462,10,100,57.0051839572199,0.570051839572199,177,145,123.250001836568,532.89767742157,none,WetCloudyNoon,90,0,50,0.35,180,75,0,0,0,0
64,156,RouteScenario_156,Failed - Agent got blocked,Town01,0,0,0,0,0,0,0,0,1,90,0,0,0,15,50,15,270,0,0.349999994039536,vehicle.bmw.isetta,"[0, 0, 0]",4,,hero,True,70,245.147823115636,14458,10,98.0259279356202,98.0259279356202,1,176,145,723.050010774285,2642.6630692482,none,SoftRainSunset,90,15,50,0.35,270,15,0,0,0,0
65,157,RouteScenario_157,Completed,Town01,0,0,0,0,0,0,0,0,0,15,0,0,0,0,0,75,0,0,0.349999994039536,vehicle.bmw.isetta,"[0, 0, 0]",4,,hero,True,70,250.122455088616,2979,10,100,100,1,177,142,149.100002221763,649.628725528717,none,ClearNoon,15,0,0,0.35,0,75,0,0,0,0
66,158,RouteScenario_158,Failed,Town01,1,0,0,0,0,0,0,0,0,15,0,0,0,0,0,75,0,0,0.349999994039536,vehicle.bmw.isetta,"[0, 0, 0]",4,,hero,True,70,54.5061313527031,80,10,1.92213375422052,1.24938694024334,0.65,177,146,4.15000006183982,23.2440955638886,collisions_layout,ClearNoon,15,0,0,0.35,0,75,0,0,0,0
67,159,RouteScenario_159,Failed - Agent got blocked,Town01,0,0,0,0,0,0,0,0,1,90,0,0,0,15,50,15,270,0,0.349999994039536,vehicle.bmw.isetta,"[0, 0, 0]",4,,hero,True,70,132.291257700532,8324,10,98.6684513516954,98.6684513516954,1,177,145,416.350006204099,1827.27127075195,none,SoftRainSunset,90,15,50,0.35,270,15,0,0,0,0
68,16,RouteScenario_16,Failed,Town01,0,0,0,0,1,0,0,0,0,80,0,0,0,0,0,-80,45,0,0.349999994039536,vehicle.bmw.isetta,"[0, 0, 0]",4,,hero,True,70,84.7484900228585,978,10,6.71936575831519,4.70355603082063,0.7,177,144,49.050000730902,184.27462387085,red_light,CloudyNight,80,0,0,0.35,45,-80,0,0,0,0
69,160,RouteScenario_160,Failed - Agent got blocked,Town01,0,0,0,9.97,0,0,0,0,1,80,0,0,0,0,0,-80,45,0,0.349999994039536,vehicle.bmw.isetta,"[0, 0, 0]",4,,hero,True,70,152.372866032456,16005,10,98.5796185688957,88.7513690596257,0.900301404570751,177,140,800.40001192689,4158.34206628799,none,CloudyNight,80,0,0,0.35,45,-80,0,0,0,0
70,161,RouteScenario_161,Failed - Agent got blocked,Town01,0,0,0,17.98,0,0,0,0,1,15,0,0,0,0,0,15,45,0,0.349999994039536,vehicle.bmw.isetta,"[0, 0, 0]",4,,hero,True,70,170.354341953363,12054,10,47.3122324407309,38.8049980501002,0.820189537636215,177,152,602.850008983165,2146.78561019897,none,ClearSunset,15,0,0,0.35,45,15,0,0,0,0
71,162,RouteScenario_162,Completed,Town01,0,0,0,0,0,0,0,0,0,80,0,0,0,30,50,75,0,0,0.400000005960465,vehicle.bmw.isetta,"[0, 0, 0]",4,,hero,True,70,135.502610380285,2633,10,100,100,1,177,148,131.800001963973,758.139915704727,none,MidRainyNoon,80,30,50,0.4,0,75,0,0,0,0
72,163,RouteScenario_163,Failed,Town01,0,0,0,0,1,0,0,0,0,80,0,0,0,0,0,75,45,0,0.349999994039536,vehicle.bmw.isetta,"[0, 0, 0]",4,,hero,True,70,184.082473044052,803,10,13.9419777590188,9.75938443131316,0.7,177,149,40.2500005997717,171.797611713409,red_light,CloudyNoon,80,0,0,0.35,45,75,0,0,0,0
73,164,RouteScenario_164,Failed,Town01,0,0,1,29.57,0,0,0,0,0,20,0,0,0,0,50,-80,225,0,0.349999994039536,vehicle.bmw.isetta,"[0, 0, 0]",4,,hero,True,70,185.402220123789,10066,10,9.19265090629269,3.88467003696137,0.4225843096361,177,141,503.45000750199,2621.89477396011,collisions_vehicle,WetNight,20,0,50,0.35,225,-80,0,0,0,0
74,165,RouteScenario_165,Failed - Agent timed out,Town01,0,0,0,0,0,0,1,0,0,20,0,0,0,0,50,15,270,0,0.349999994039536,vehicle.bmw.isetta,"[0, 0, 0]",4,,hero,True,70,262.739958049476,20938,10,98.8499489066548,98.8499489066548,1,177,145,1047.05001560226,3591.97932362556,none,WetSunset,20,0,50,0.35,270,15,0,0,0,0
75,166,RouteScenario_166,Failed - Agent got blocked,Town01,0,0,0,0,0,0,0,0,1,90,0,0,0,0,50,15,0,0,0.349999994039536,vehicle.bmw.isetta,"[0, 0, 0]",4,,hero,True,70,128.959131856457,8145,10,97.6427544733716,97.6427544733716,1,177,141,407.400006070733,1621.77408647537,none,WetCloudySunset,90,0,50,0.35,0,15,0,0,0,0
76,167,RouteScenario_167,Failed,Town01,0,0,1,1.67,0,0,0,0,0,80,0,0,0,60,100,15,0,0,1,vehicle.bmw.isetta,"[0, 0, 0]",4,,hero,True,70,157.491294128904,8092,10,34.3721687374002,20.279145494046,0.589987371730209,176,143,404.750006031245,1459.07232642174,collisions_vehicle,HardRainSunset,80,60,100,1,0,15,0,0,0,0
77,168,RouteScenario_168,Failed - Agent got blocked,Town01,0,0,0,0,0,0,0,0,1,80,0,0,0,0,0,-80,45,0,0.349999994039536,vehicle.bmw.isetta,"[0, 0, 0]",4,,hero,True,70,105.841175004267,9839,10,97.751270025304,97.751270025304,1,177,147,492.100007332861,2204.63282871246,none,CloudyNight,80,0,0,0.35,45,-80,0,0,0,0
78,169,RouteScenario_169,Failed - Agent got blocked,Town01,0,0,0,0,0,0,0,0,1,20,0,0,0,0,50,15,270,0,0.349999994039536,vehicle.bmw.isetta,"[0, 0, 0]",4,,hero,True,70,106.085237015553,7759,10,98.2958945950834,98.2958945950834,1,177,142,388.100005783141,2051.04440665245,none,WetSunset,20,0,50,0.35,270,15,0,0,0,0
79,17,RouteScenario_17,Completed,Town01,0,0,0,0,0,0,0,0,0,80,0,0,0,30,50,75,0,0,0.400000005960465,vehicle.bmw.isetta,"[0, 0, 0]",4,,hero,True,70,134.964935241645,6980,10,100,100,1,177,141,349.15000520274,1562.83122992516,none,MidRainyNoon,80,30,50,0.4,0,75,0,0,0,0
80,170,RouteScenario_170,Failed - Agent got blocked,Town01,0,0,0,0,0,0,0,0,1,90,0,0,0,0,50,15,0,0,0.349999994039536,vehicle.bmw.isetta,"[0, 0, 0]",4,,hero,True,70,133.999669219452,10254,10,97.7463552645171,97.7463552645171,1,177,149,512.850007642061,2072.88103199005,none,WetCloudySunset,90,0,50,0.35,0,15,0,0,0,0
81,171,RouteScenario_171,Completed,Town01,0,0,0,0,0,0,0,0,0,90,0,0,0,0,50,75,180,0,0.349999994039536,vehicle.bmw.isetta,"[0, 0, 0]",4,,hero,True,70,188.622170817274,6082,10,100,100,1,176,145,304.250004533678,1605.30530381203,none,WetCloudyNoon,90,0,50,0.35,180,75,0,0,0,0
82,172,RouteScenario_172,Failed - Agent timed out,Town01,0,0,0,0,0,0,1,0,0,80,0,0,0,30,50,75,0,0,0.400000005960465,vehicle.bmw.isetta,"[0, 0, 0]",4,,hero,True,70,56.728049238316,5998,10,95.9412161380301,95.9412161380301,1,177,142,300.050004471093,1646.47561740875,none,MidRainyNoon,80,30,50,0.4,0,75,0,0,0,0
83,173,RouteScenario_173,Failed - Agent got blocked,Town01,0,0,0,0,0,0,0,0,1,80,0,0,0,0,0,15,270,0,0.349999994039536,vehicle.bmw.isetta,"[0, 0, 0]",4,,hero,True,70,55.9993321265714,4267,10,92.6087026522202,92.6087026522202,1,177,144,213.500003181398,915.365966320038,none,CloudySunset,80,0,0,0.35,270,15,0,0,0,0
84,174,RouteScenario_174,Failed - Agent timed out,Town01,0,0,0,4.99,0,0,1,0,0,80,0,0,0,0,0,-80,45,0,0.349999994039536,vehicle.bmw.isetta,"[0, 0, 0]",4,,hero,True,70,77.744740124334,9138,10,96.5444098105995,91.7243312835832,0.950073975940479,177,139,457.050006810576,2975.84578633308,none,CloudyNight,80,0,0,0.35,45,-80,0,0,0,0
85,175,RouteScenario_175,Failed,Town01,0,0,1,29.52,0,0,0,0,0,20,0,0,0,0,50,15,270,0,0.349999994039536,vehicle.bmw.isetta,"[0, 0, 0]",4,,hero,True,70,201.475223256883,4076,10,11.4913249093903,4.85965557290643,0.422897760808702,177,142,203.950003039092,1265.2035586834,collisions_vehicle,WetSunset,20,0,50,0.35,270,15,0,0,0,0
86,176,RouteScenario_176,Failed,Town01,0,0,1,0,0,0,0,0,0,80,0,0,0,30,50,75,0,0,0.400000005960465,vehicle.bmw.isetta,"[0, 0, 0]",4,,hero,True,70,57.9158288337434,1718,10,46.9486404084004,28.1691842450402,0.6,177,144,86.0500012822449,413.322713375092,collisions_vehicle,MidRainyNoon,80,30,50,0.4,0,75,0,0,0,0
87,177,RouteScenario_177,Completed,Town01,0,0,0,0,0,0,0,0,0,90,0,0,0,60,100,-80,225,0,1,vehicle.bmw.isetta,"[0, 0, 0]",4,,hero,True,70,233.505986398905,3165,10,100,100,1,176,146,158.400002360344,761.587707042694,none,HardRainNight,90,60,100,1,225,-80,0,0,0,0
88,178,RouteScenario_178,Failed - Agent got blocked,Town01,0,0,0,0,0,0,0,0,1,90,0,0,0,15,50,75,315,0,0.349999994039536,vehicle.bmw.isetta,"[0, 0, 0]",4,,hero,True,70,136.380786402101,9827,10,96.9017715169212,96.9017715169212,1,176,143,491.500007323921,2268.72857308388,none,SoftRainNoon,90,15,50,0.35,315,75,0,0,0,0
89,179,RouteScenario_179,Failed,Town01,0,0,1,0,0,0,0,0,0,80,0,0,0,0,0,-80,45,0,0.349999994039536,vehicle.bmw.isetta,"[0, 0, 0]",4,,hero,True,70,64.8444328893938,1999,10,36.7230786461962,22.0338471877177,0.6,176,146,100.100001491606,402.904868125916,collisions_vehicle,CloudyNight,80,0,0,0.35,45,-80,0,0,0,0
90,18,RouteScenario_18,Failed,Town01,0,0,1,17.3,0,0,0,0,0,90,0,0,0,0,50,15,0,0,0.349999994039536,vehicle.bmw.isetta,"[0, 0, 0]",4,,hero,True,70,63.5163513223151,171,10,25.32188516011,12.5644647269416,0.496189941921647,176,143,8.7000001296401,31.6726405620575,collisions_vehicle,WetCloudySunset,90,0,50,0.35,0,15,0,0,0,0
91,180,RouteScenario_180,Failed,Town01,0,0,0,0,1,0,0,0,0,80,0,0,0,30,50,75,0,0,0.400000005960465,vehicle.bmw.isetta,"[0, 0, 0]",4,,hero,True,70,147.482001951711,1673,10,35.6463212554905,24.9524248788434,0.7,177,145,83.8000012487173,335.02011013031,red_light,MidRainyNoon,80,30,50,0.4,0,75,0,0,0,0
92,181,RouteScenario_181,Failed,Town01,0,0,0,0,1,0,0,0,0,90,0,0,0,15,50,-80,270,0,0.349999994039536,vehicle.bmw.isetta,"[0, 0, 0]",4,,hero,True,70,217.518929470552,47,10,0.174298194876106,0.122008736413274,0.7,177,143,2.5000000372529,9.21553087234497,red_light,SoftRainNight,90,15,50,0.35,270,-80,0,0,0,0
93,182,RouteScenario_182,Failed - Agent got blocked,Town01,0,0,0,0,0,0,0,0,1,80,0,0,0,0,0,75,45,0,0.349999994039536,vehicle.bmw.isetta,"[0, 0, 0]",4,,hero,True,70,190.816406972756,12590,10,98.878938766061,98.878938766061,1,177,147,629.650009382516,3057.52631258965,none,CloudyNoon,80,0,0,0.35,45,75,0,0,0,0
94,183,RouteScenario_183,Failed - Agent got blocked,Town01,0,0,0,0,0,0,0,0,1,90,0,0,0,0,50,75,180,0,0.349999994039536,vehicle.bmw.isetta,"[0, 0, 0]",4,,hero,True,70,254.106071315946,9359,10,98.538944035775,98.538944035775,1,177,143,468.100006975234,1927.51245713234,none,WetCloudyNoon,90,0,50,0.35,180,75,0,0,0,0
95,184,RouteScenario_184,Completed,Town01,0,0,0,0,0,0,0,0,0,90,0,0,0,15,50,-80,270,0,0.349999994039536,vehicle.bmw.isetta,"[0, 0, 0]",4,,hero,True,70,165.261797998712,3519,10,100,100,1,177,147,176.100002624094,719.909710884094,none,SoftRainNight,90,15,50,0.35,270,-80,0,0,0,0
96,185,RouteScenario_185,Failed - Agent got blocked,Town01,0,0,0,0,0,0,0,0,1,15,0,0,0,0,0,75,0,0,0.349999994039536,vehicle.bmw.isetta,"[0, 0, 0]",4,,hero,True,70,149.996010641079,9575,10,98.9853033374528,98.9853033374528,1,177,149,478.900007136166,2353.84234952927,none,ClearNoon,15,0,0,0.35,0,75,0,0,0,0
97,186,RouteScenario_186,Failed - Agent got blocked,Town01,0,0,0,0,0,0,0,0,1,90,0,0,0,60,100,-80,225,0,1,vehicle.bmw.isetta,"[0, 0, 0]",4,,hero,True,70,71.5099465282835,5350,10,95.6913884078739,95.6913884078739,1,177,141,267.650003988296,945.340294599533,none,HardRainNight,90,60,100,1,225,-80,0,0,0,0
98,187,RouteScenario_187,Failed - Agent got blocked,Town01,0,0,0,0,0,0,0,0,1,15,0,0,0,0,0,75,0,0,0.349999994039536,vehicle.bmw.isetta,"[0, 0, 0]",4,,hero,True,70,135.461553818519,8133,10,98.6403696138967,98.6403696138967,1,177,143,406.800006061792,1880.95847630501,none,ClearNoon,15,0,0,0.35,0,75,0,0,0,0
99,188,RouteScenario_188,Completed,Town01,0,0,0,0,0,0,0,0,0,90,0,0,0,15,50,-80,270,0,0.349999994039536,vehicle.bmw.isetta,"[0, 0, 0]",4,,hero,True,70,156.796898251632,2077,10,100,100,1,177,145,104.000001549721,488.687558412552,none,SoftRainNight,90,15,50,0.35,270,-80,0,0,0,0
100,189,RouteScenario_189,Failed - Agent got blocked,Town01,0,0,0,0,0,0,0,0,1,90,0,0,0,15,50,75,315,0,0.349999994039536,vehicle.bmw.isetta,"[0, 0, 0]",4,,hero,True,70,83.1345032817826,4360,10,31.9917041949291,31.9917041949291,1,177,142,218.150003250688,892.951751947403,none,SoftRainNoon,90,15,50,0.35,315,75,0,0,0,0
101,19,RouteScenario_19,Failed,Town01,0,0,0,4.09,1,0,0,0,0,15,0,0,0,0,0,-80,0,0,0.349999994039536,vehicle.bmw.isetta,"[0, 0, 0]",4,,hero,True,70,250.789999323848,5737,10,97.2006144200934,65.2599563321902,0.671394483682395,177,144,287.000004276633,1180.48674607277,red_light,ClearNight,15,0,0,0.35,0,-80,0,0,0,0
102,190,RouteScenario_190,Completed,Town01,0,0,0,0,0,0,0,0,0,90,0,0,0,0,50,15,0,0,0.349999994039536,vehicle.bmw.isetta,"[0, 0, 0]",4,,hero,True,70,114.626670969867,1535,10,100,100,1,177,146,76.9000011458993,361.316243648529,none,WetCloudySunset,90,0,50,0.35,0,15,0,0,0,0
103,191,RouteScenario_191,Failed,Town01,0,0,1,20.92,0,0,0,0,0,80,0,0,0,0,0,-80,45,0,0.349999994039536,vehicle.bmw.isetta,"[0, 0, 0]",4,,hero,True,70,63.4342348938212,8492,10,13.8722481839312,6.58177057226292,0.474455941459211,177,146,424.750006329268,1648.38942027092,collisions_vehicle,CloudyNight,80,0,0,0.35,45,-80,0,0,0,0
104,192,RouteScenario_192,Completed,Town01,0,0,0,0,0,0,0,0,0,90,0,0,0,60,100,75,90,0,1,vehicle.bmw.isetta,"[0, 0, 0]",4,,hero,True,70,192.365690127461,4047,10,100,100,1,176,141,202.500003017485,1058.00787830353,none,HardRainNoon,90,60,100,1,90,75,0,0,0,0
105,193,RouteScenario_193,Completed,Town01,0,0,0,0,0,0,0,0,0,90,0,0,0,0,50,-80,225,0,0.349999994039536,vehicle.bmw.isetta,"[0, 0, 0]",4,,hero,True,70,209.09000542938,3528,10,100,100,1,177,146,176.5500026308,835.925047159195,none,WetCloudyNight,90,0,50,0.35,225,-80,0,0,0,0
106,194,RouteScenario_194,Failed - Agent got blocked,Town01,0,0,0,0,0,0,0,0,1,90,0,0,0,15,50,15,270,0,0.349999994039536,vehicle.bmw.isetta,"[0, 0, 0]",4,,hero,True,70,70.4333455625408,14573,10,98.1521749285955,98.1521749285955,1,177,138,728.800010859966,2736.74280524254,none,SoftRainSunset,90,15,50,0.35,270,15,0,0,0,0
107,195,RouteScenario_195,Failed,Town01,1,0,0,90.57,0,0,0,0,0,80,0,0,0,60,100,15,0,0,1,vehicle.bmw.isetta,"[0, 0, 0]",4,,hero,True,70,257.854312822787,155,10,10.9521527233747,0.671384345313638,0.061301587210406,177,140,7.90000011771917,37.0170457363129,collisions_layout,HardRainSunset,80,60,100,1,0,15,0,0,0,0
108,196,RouteScenario_196,Failed - Agent got blocked,Town01,0,0,0,0,0,0,0,0,1,90,0,0,0,15,50,15,270,0,0.349999994039536,vehicle.bmw.isetta,"[0, 0, 0]",4,,hero,True,70,163.999940074627,7617,10,98.7739031618331,98.7739031618331,1,177,147,381.000005677342,1618.46573734283,none,SoftRainSunset,90,15,50,0.35,270,15,0,0,0,0
109,197,RouteScenario_197,Failed - Agent got blocked,Town01,0,0,0,0,0,0,0,0,1,20,0,0,0,0,50,15,270,0,0.349999994039536,vehicle.bmw.isetta,"[0, 0, 0]",4,,hero,True,70,269.209166448607,8768,10,98.9629707169967,98.9629707169967,1,177,146,438.550006534904,2041.63249993324,none,WetSunset,20,0,50,0.35,270,15,0,0,0,0
110,198,RouteScenario_198,Failed - Agent got blocked,Town01,0,0,0,0,0,0,0,0,1,90,0,0,0,0,50,75,180,0,0.349999994039536,vehicle.bmw.isetta,"[0, 0, 0]",4,,hero,True,70,171.195597514441,6734,10,98.2338187996975,98.2338187996975,1,177,141,336.850005019456,1384.85470843315,none,WetCloudyNoon,90,0,50,0.35,180,75,0,0,0,0
111,199,RouteScenario_199,Failed - Agent got blocked,Town01,0,0,0,0,0,0,0,0,1,80,0,0,0,30,50,15,270,0,0.400000005960465,vehicle.bmw.isetta,"[0, 0, 0]",4,,hero,True,70,98.0012884252301,6152,10,96.878880056183,96.878880056183,1,177,144,307.750004585832,1286.25457572937,none,MidRainSunset,80,30,50,0.4,270,15,0,0,0,0
112,2,RouteScenario_2,Completed,Town01,0,0,0,0.76,0,0,0,0,0,80,0,0,0,60,100,15,0,0,1,vehicle.bmw.isetta,"[0, 0, 0]",4,,hero,True,70,4.00000021027517,6037,10,100,99.2443330772301,0.992443330772301,177,144,302.000004500151,1189.37186050415,none,HardRainSunset,80,60,100,1,0,15,0,0,0,0
113,20,RouteScenario_20,Completed,Town01,0,0,0,0,0,0,0,0,0,80,0,0,0,0,0,15,270,0,0.349999994039536,vehicle.bmw.isetta,"[0, 0, 0]",4,,hero,True,70,251.335243859628,3814,10,100,100,1,177,145,190.850002843887,791.707880496979,none,CloudySunset,80,0,0,0.35,270,15,0,0,0,0
114,200,RouteScenario_200,Failed - Agent got blocked,Town01,0,0,0,0,0,0,0,0,1,80,0,0,0,0,0,-80,45,0,0.349999994039536,vehicle.bmw.isetta,"[0, 0, 0]",4,,hero,True,70,271.347296579629,16832,10,98.58742993842,98.58742993842,1,177,140,841.750012543053,4744.50945425034,none,CloudyNight,80,0,0,0.35,45,-80,0,0,0,0
115,201,RouteScenario_201,Completed,Town01,0,0,0,0,0,0,0,0,0,80,0,0,0,0,0,-80,45,0,0.349999994039536,vehicle.bmw.isetta,"[0, 0, 0]",4,,hero,True,70,126.890683201422,5200,10,100,100,1,177,144,260.150003876537,1339.500852108,none,CloudyNight,80,0,0,0.35,45,-80,0,0,0,0
116,202,RouteScenario_202,Failed - Agent got blocked,Town01,0,0,0,0.73,0,0,0,0,1,15,0,0,0,0,0,15,45,0,0.349999994039536,vehicle.bmw.isetta,"[0, 0, 0]",4,,hero,True,70,65.1745313434621,6732,10,98.8836408190596,98.1647858274664,0.992730294054316,177,145,336.750005017966,1442.07408833504,none,ClearSunset,15,0,0,0.35,45,15,0,0,0,0
117,203,RouteScenario_203,Completed,Town01,0,0,0,0,0,0,0,0,0,20,0,0,0,0,50,-80,225,0,0.349999994039536,vehicle.bmw.isetta,"[0, 0, 0]",4,,hero,True,70,191.817178534735,1840,10,100,100,1,177,142,92.150001373142,427.651252985001,none,WetNight,20,0,50,0.35,225,-80,0,0,0,0
118,204,RouteScenario_204,Failed,Town01,0,0,0,0,1,0,0,0,0,80,0,0,0,0,0,-80,45,0,0.349999994039536,vehicle.bmw.isetta,"[0, 0, 0]",4,,hero,True,70,135.530811414702,1958,10,23.1706674497927,16.2194672148549,0.7,176,144,98.0500014610589,363.977683544159,red_light,CloudyNight,80,0,0,0.35,45,-80,0,0,0,0
119,205,RouteScenario_205,Failed,Town01,1,0,0,2.69,0,0,0,0,0,90,0,0,0,60,100,-80,225,0,1,vehicle.bmw.isetta,"[0, 0, 0]",4,,hero,True,70,159.834050308432,2785,10,86.1111813500511,54.4690576848947,0.632543379743824,177,147,139.400002077222,501.082984924316,collisions_layout,HardRainNight,90,60,100,1,225,-80,0,0,0,0
120,206,RouteScenario_206,Completed,Town01,0,0,0,0,0,0,0,0,0,90,0,0,0,60,100,75,90,0,1,vehicle.bmw.isetta,"[0, 0, 0]",4,,hero,True,70,120.044759609897,607,10,100,100,1,177,142,30.5000004544854,176.336869239807,none,HardRainNoon,90,60,100,1,90,75,0,0,0,0
121,207,RouteScenario_207,Failed,Town01,0,0,0,0,1,0,0,0,0,90,0,0,0,0,50,75,180,0,0.349999994039536,vehicle.bmw.isetta,"[0, 0, 0]",4,,hero,True,70,83.4513369766379,7146,10,10.3970192530956,7.27791347716695,0.7,177,147,357.45000532642,1562.60090255737,red_light,WetCloudyNoon,90,0,50,0.35,180,75,0,0,0,0
122,208,RouteScenario_208,Failed,Town01,0,0,0,0,1,0,0,0,0,90,0,0,0,15,50,-80,270,0,0.349999994039536,vehicle.bmw.isetta,"[0, 0, 0]",4,,hero,True,70,147.976213660784,0,10,0,0,0.7,177,0,0.050000000745058,0.193424463272095,red_light,SoftRainNight,90,15,50,0.35,270,-80,0,0,0,0
123,209,RouteScenario_209,Failed,Town01,0,0,1,6.18,0,0,0,0,0,90,0,0,0,0,50,15,0,0,0.349999994039536,vehicle.bmw.isetta,"[0, 0, 0]",4,,hero,True,70,149.184792087554,949,10,48.132863272528,27.0950199590943,0.562921424509539,177,142,47.6000007092953,159.627294540405,collisions_vehicle,WetCloudySunset,90,0,50,0.35,0,15,0,0,0,0
124,21,RouteScenario_21,Failed - Agent got blocked,Town01,0,0,0,0,0,0,0,0,1,20,0,0,0,0,50,15,270,0,0.349999994039536,vehicle.bmw.isetta,"[0, 0, 0]",4,,hero,True,70,240.846590425082,9911,10,98.8155164551995,98.8155164551995,1,177,145,495.700007386506,1809.2159640789,none,WetSunset,20,0,50,0.35,270,15,0,0,0,0
125,210,RouteScenario_210,Completed,Town01,0,0,0,0,0,0,0,0,0,90,0,0,0,0,50,-80,225,0,0.349999994039536,vehicle.bmw.isetta,"[0, 0, 0]",4,,hero,True,70,141.712025303643,3139,10,100,100,1,177,147,157.100002340972,642.137277364731,none,WetCloudyNight,90,0,50,0.35,225,-80,0,0,0,0
126,211,RouteScenario_211,Failed,Town01,0,0,1,23.92,0,0,0,0,0,15,0,0,0,0,0,75,0,0,0.349999994039536,vehicle.bmw.isetta,"[0, 0, 0]",4,,hero,True,70,134.685507956616,2006,10,5.38416661034033,2.45767972209812,0.456464277568626,177,140,100.450001496822,461.39710187912,collisions_vehicle,ClearNoon,15,0,0,0.35,0,75,0,0,0,0
127,212,RouteScenario_212,Completed,Town01,0,0,0,0,0,0,0,0,0,20,0,0,0,0,50,-80,225,0,0.349999994039536,vehicle.bmw.isetta,"[0, 0, 0]",4,,hero,True,70,217.995000943054,4421,10,100,100,1,177,142,221.200003296137,1001.68769836426,none,WetNight,20,0,50,0.35,225,-80,0,0,0,0
128,213,RouteScenario_213,Failed,Town01,0,0,1,0,0,0,0,0,0,80,0,0,0,0,0,-80,45,0,0.349999994039536,vehicle.bmw.isetta,"[0, 0, 0]",4,,hero,True,70,140.853977763728,4858,10,97.8287799905894,58.6972679943537,0.6,177,143,243.050003621727,1156.15883612633,collisions_vehicle,CloudyNight,80,0,0,0.35,45,-80,0,0,0,0
129,214,RouteScenario_214,Failed,Town01,0,0,1,0,0,0,0,0,0,80,0,0,0,0,0,75,45,0,0.349999994039536,vehicle.bmw.isetta,"[0, 0, 0]",4,,hero,True,70,141.172229195623,1861,10,36.9333839107249,22.1600303464349,0.6,176,142,93.2000013887882,419.505077600479,collisions_vehicle,CloudyNoon,80,0,0,0.35,45,75,0,0,0,0
130,215,RouteScenario_215,Failed - Agent timed out,Town01,0,0,0,0,0,0,1,0,0,15,0,0,0,0,0,75,0,0,0.349999994039536,vehicle.bmw.isetta,"[0, 0, 0]",4,,hero,True,70,57.6900031074299,4598,10,92.9338658687905,92.9338658687905,1,177,142,230.050003428012,1076.10837936401,none,ClearNoon,15,0,0,0.35,0,75,0,0,0,0
131,216,RouteScenario_216,Failed,Town01,0,0,1,11.65,0,0,0,0,0,15,0,0,0,0,0,-80,0,0,0.349999994039536,vehicle.bmw.isetta,"[0, 0, 0]",4,,hero,True,70,211.56213862927,1038,10,27.4741084320855,14.5633982396043,0.530077191607665,177,145,52.0500007756054,194.30234837532,collisions_vehicle,ClearNight,15,0,0,0.35,0,-80,0,0,0,0
132,217,RouteScenario_217,Completed,Town01,0,0,0,0,0,0,0,0,0,90,0,0,0,0,50,15,0,0,0.349999994039536,vehicle.bmw.isetta,"[0, 0, 0]",4,,hero,True,70,130.30642004913,5577,10,100,100,1,177,148,279.000004157424,1354.58483529091,none,WetCloudySunset,90,0,50,0.35,0,15,0,0,0,0
133,218,RouteScenario_218,Completed,Town01,0,0,0,0,0,0,0,0,0,90,0,0,0,0,50,-80,225,0,0.349999994039536,vehicle.bmw.isetta,"[0, 0, 0]",4,,hero,True,70,216.370003106786,3980,10,100,100,1,176,141,199.150002967566,928.188360214234,none,WetCloudyNight,90,0,50,0.35,225,-80,0,0,0,0
134,219,RouteScenario_219,Completed,Town01,0,0,0,0,0,0,0,0,0,15,0,0,0,0,0,-80,0,0,0.349999994039536,vehicle.bmw.isetta,"[0, 0, 0]",4,,hero,True,70,97.7799995055068,1064,10,100,100,1,177,145,53.3500007949769,318.808887481689,none,ClearNight,15,0,0,0.35,0,-80,0,0,0,0
135,22,RouteScenario_22,Failed - Agent timed out,Town01,0,0,0,0,0,0,1,0,0,90,0,0,0,15,50,-80,270,0,0.349999994039536,vehicle.bmw.isetta,"[0, 0, 0]",4,,hero,True,70,91.2165058038567,8898,10,97.2766639932982,97.2766639932982,1,177,138,445.050006631762,1738.2314081192,none,SoftRainNight,90,15,50,0.35,270,-80,0,0,0,0
136,220,RouteScenario_220,Failed,Town01,0,1,0,0,0,0,0,0,0,80,0,0,0,0,0,15,270,0,0.349999994039536,vehicle.bmw.isetta,"[0, 0, 0]",4,,hero,True,70,153.947210454538,1444,10,42.8251830343605,21.4125915171803,0.5,177,146,72.350001078099,319.115128040314,collisions_pedestrian,CloudySunset,80,0,0,0.35,270,15,0,0,0,0
137,221,RouteScenario_221,Completed,Town01,0,0,0,0,0,0,0,0,0,80,0,0,0,30,50,15,270,0,0.400000005960465,vehicle.bmw.isetta,"[0, 0, 0]",4,,hero,True,70,119.900140564025,4303,10,100,100,1,176,144,215.30000320822,964.472180604935,none,MidRainSunset,80,30,50,0.4,270,15,0,0,0,0
138,222,RouteScenario_222,Completed,Town01,0,0,0,0,0,0,0,0,0,80,0,0,0,0,0,75,45,0,0.349999994039536,vehicle.bmw.isetta,"[0, 0, 0]",4,,hero,True,70,238.732405517393,3175,10,100,100,1,177,144,158.900002367795,814.27224445343,none,CloudyNoon,80,0,0,0.35,45,75,0,0,0,0
139,223,RouteScenario_223,Failed,Town01,0,0,0,0,1,0,0,0,0,80,0,0,0,30,50,75,0,0,0.400000005960465,vehicle.bmw.isetta,"[0, 0, 0]",4,,hero,True,70,151.871539752102,4912,10,59.8024412699287,41.8617088889501,0.7,177,143,245.75000366196,1124.1647632122,red_light,MidRainyNoon,80,30,50,0.4,0,75,0,0,0,0
140,224,RouteScenario_224,Failed,Town01,1,0,0,3.62,0,0,0,0,0,80,0,0,0,0,0,-80,45,0,0.349999994039536,vehicle.bmw.isetta,"[0, 0, 0]",4,,hero,True,70,247.738424902935,3839,10,92.0696820385431,57.6787463122689,0.626468399099313,177,146,192.100002862513,716.477098464966,collisions_layout,CloudyNight,80,0,0,0.35,45,-80,0,0,0,0
141,225,RouteScenario_225,Failed,Town01,0,0,0,0,1,0,0,0,0,15,0,0,0,0,0,-80,0,0,0.349999994039536,vehicle.bmw.isetta,"[0, 0, 0]",4,,hero,True,70,278.851717914067,90,10,0,0,0.7,177,146,4.6500000692904,28.1009457111359,red_light,ClearNight,15,0,0,0.35,0,-80,0,0,0,0
142,226,RouteScenario_226,Completed,Town01,0,0,0,0,0,0,0,0,0,20,0,0,0,0,50,-80,225,0,0.349999994039536,vehicle.bmw.isetta,"[0, 0, 0]",4,,hero,True,70,13.0665590923446,3057,10,100,100,1,177,152,153.000002279878,810.878258228302,none,WetNight,20,0,50,0.35,225,-80,0,0,0,0
143,227,RouteScenario_227,Failed,Town01,0,1,0,0,0,0,0,0,0,20,0,0,0,0,50,-80,225,0,0.349999994039536,vehicle.bmw.isetta,"[0, 0, 0]",4,,hero,True,70,133.651681330554,339,10,3.66520642791351,1.83260321395676,0.5,177,142,17.1000002548099,64.2595131397247,collisions_pedestrian,WetNight,20,0,50,0.35,225,-80,0,0,0,0
144,228,RouteScenario_228,Failed - Agent got blocked,Town01,0,0,0,0,0,0,0,0,1,90,0,0,0,15,50,15,270,0,0.349999994039536,vehicle.bmw.isetta,"[0, 0, 0]",4,,hero,True,70,115.965214032807,7466,10,59.9590597813763,59.9590597813763,1,177,151,373.450005564839,1560.86467671394,none,SoftRainSunset,90,15,50,0.35,270,15,0,0,0,0
145,229,RouteScenario_229,Failed,Town01,1,0,0,0,0,0,0,0,0,90,0,0,0,15,50,15,270,0,0.349999994039536,vehicle.bmw.isetta,"[0, 0, 0]",4,,hero,True,70,185.93342229435,1311,10,40.1968131382733,26.1279285398776,0.65,177,140,65.7000009790063,234.360704898834,collisions_layout,SoftRainSunset,90,15,50,0.35,270,15,0,0,0,0
146,23,RouteScenario_23,Completed,Town01,0,0,0,2.41,0,0,0,0,0,90,0,0,0,60,100,-80,225,0,1,vehicle.bmw.isetta,"[0, 0, 0]",4,,hero,True,70,167.384861200285,14745,10,100,97.5854241744091,0.975854241744091,176,142,737.400010988116,2896.52743506432,none,HardRainNight,90,60,100,1,225,-80,0,0,0,0
147,230,RouteScenario_230,Failed - Agent got blocked,Town01,0,0,0,0,0,0,0,0,1,20,0,0,0,0,50,-80,225,0,0.349999994039536,vehicle.bmw.isetta,"[0, 0, 0]",4,,hero,True,70,251.157314248783,15178,10,97.8879863180266,97.8879863180266,1,177,141,759.050011310726,2739.18875932693,none,WetNight,20,0,50,0.35,225,-80,0,0,0,0
148,231,RouteScenario_231,Failed - Agent got blocked,Town01,0,0,0,0,0,0,0,0,1,80,0,0,0,30,50,15,270,0,0.400000005960465,vehicle.bmw.isetta,"[0, 0, 0]",4,,hero,True,70,97.419582260214,5506,10,96.8795564721874,96.8795564721874,1,177,144,275.450004104525,1205.32482433319,none,MidRainSunset,80,30,50,0.4,270,15,0,0,0,0
149,232,RouteScenario_232,Failed - Agent timed out,Town01,0,0,0,14.74,0,0,1,0,0,90,0,0,0,0,50,15,0,0,0.349999994039536,vehicle.bmw.isetta,"[0, 0, 0]",4,,hero,True,70,54.1076233142699,5298,10,96.3634540761652,82.1570142780409,0.852574402460754,177,147,265.050003949553,1590.7738494873,none,WetCloudySunset,90,0,50,0.35,0,15,0,0,0,0
150,233,RouteScenario_233,Failed - Agent got blocked,Town01,0,0,0,0,0,0,0,0,1,80,0,0,0,0,0,15,270,0,0.349999994039536,vehicle.bmw.isetta,"[0, 0, 0]",4,,hero,True,70,121.65021018506,7594,10,97.0976012351531,97.0976012351531,1,176,141,379.850005660206,1982.81282234192,none,CloudySunset,80,0,0,0.35,270,15,0,0,0,0
151,234,RouteScenario_234,Failed - Agent got blocked,Town01,0,0,0,0,0,0,0,0,1,90,0,0,0,15,50,-80,270,0,0.349999994039536,vehicle.bmw.isetta,"[0, 0, 0]",4,,hero,True,70,218.046500423321,18987,10,98.5807189104059,98.5807189104059,1,176,146,949.500014148653,3284.39406275749,none,SoftRainNight,90,15,50,0.35,270,-80,0,0,0,0
152,235,RouteScenario_235,Failed - Agent got blocked,Town01,0,0,0,0,0,0,0,0,1,15,0,0,0,0,0,75,0,0,0.349999994039536,vehicle.bmw.isetta,"[0, 0, 0]",4,,hero,True,70,136.806291500404,4891,10,98.7855071437632,98.7855071437632,1,177,140,244.700003646314,1316.14403557777,none,ClearNoon,15,0,0,0.35,0,75,0,0,0,0
153,236,RouteScenario_236,Completed,Town01,0,0,0,10.9,0,0,0,0,0,80,0,0,0,0,0,-80,45,0,0.349999994039536,vehicle.bmw.isetta,"[0, 0, 0]",4,,hero,True,70,177.634386549981,1525,10,100,89.1032558527043,0.891032558527043,177,147,76.4000011384487,316.140298128128,none,CloudyNight,80,0,0,0.35,45,-80,0,0,0,0
154,237,RouteScenario_237,Failed - Agent got blocked,Town01,0,0,0,0,0,0,0,0,1,15,0,0,0,0,0,15,45,0,0.349999994039536,vehicle.bmw.isetta,"[0, 0, 0]",4,,hero,True,70,66.9038983238103,4785,10,18.808814334555,18.808814334555,1,177,143,239.400003567338,1124.14668869972,none,ClearSunset,15,0,0,0.35,45,15,0,0,0,0
155,238,RouteScenario_238,Failed,Town01,0,0,1,0,0,0,0,0,0,90,0,0,0,15,50,15,270,0,0.349999994039536,vehicle.bmw.isetta,"[0, 0, 0]",4,,hero,True,70,273.340785625581,2206,10,49.4472366956371,29.6683420173822,0.6,177,146,110.450001645833,553.203626394272,collisions_vehicle,SoftRainSunset,90,15,50,0.35,270,15,0,0,0,0
156,239,RouteScenario_239,Failed - Agent got blocked,Town01,0,0,0,17.54,0,0,0,0,1,80,0,0,0,30,50,75,0,0,0.400000005960465,vehicle.bmw.isetta,"[0, 0, 0]",4,,hero,True,70,98.3758070779555,5792,10,98.4368053481309,81.173283405916,0.824623301404786,177,144,289.750004317611,1425.33531737328,none,MidRainyNoon,80,30,50,0.4,0,75,0,0,0,0
157,24,RouteScenario_24,Failed - Agent got blocked,Town01,0,0,0,0,0,0,0,0,1,90,0,0,0,0,50,-80,225,0,0.349999994039536,vehicle.bmw.isetta,"[0, 0, 0]",4,,hero,True,70,75.509947236394,4777,10,97.2836420247244,97.2836420247244,1,177,143,239.000003561378,869.773127555847,none,WetCloudyNight,90,0,50,0.35,225,-80,0,0,0,0
158,240,RouteScenario_240,Completed,Town01,0,0,0,0,0,0,0,0,0,15,0,0,0,0,0,-80,0,0,0.349999994039536,vehicle.bmw.isetta,"[0, 0, 0]",4,,hero,True,70,215.692967777201,4221,10,100,100,1,177,146,211.200003147125,1008.43219923973,none,ClearNight,15,0,0,0.35,0,-80,0,0,0,0
159,241,RouteScenario_241,Completed,Town01,0,0,0,0,0,0,0,0,0,80,0,0,0,0,0,-80,45,0,0.349999994039536,vehicle.bmw.isetta,"[0, 0, 0]",4,,hero,True,70,127.994891554042,4672,10,100,100,1,176,143,233.750003483146,1021.09753370285,none,CloudyNight,80,0,0,0.35,45,-80,0,0,0,0
160,242,RouteScenario_242,Completed,Town01,0,0,0,0,0,0,0,0,0,90,0,0,0,60,100,75,90,0,1,vehicle.bmw.isetta,"[0, 0, 0]",4,,hero,True,70,113.542862585129,872,10,100,100,1,177,142,43.7500006519258,192.914803504944,none,HardRainNoon,90,60,100,1,90,75,0,0,0,0
161,243,RouteScenario_243,Failed - Agent got blocked,Town01,0,0,0,0,0,0,0,0,1,20,0,0,0,0,50,15,270,0,0.349999994039536,vehicle.bmw.isetta,"[0, 0, 0]",4,,hero,True,70,77.7067916710022,6198,10,96.8536658101505,96.8536658101505,1,176,143,310.050004620105,987.483736515045,none,WetSunset,20,0,50,0.35,270,15,0,0,0,0
162,244,RouteScenario_244,Failed - Agent got blocked,Town01,0,0,0,0,0,0,0,0,1,90,0,0,0,60,100,75,90,0,1,vehicle.bmw.isetta,"[0, 0, 0]",4,,hero,True,70,128.000416354097,21562,10,98.9170808725399,98.9170808725399,1,177,143,1078.25001606718,5834.67906236649,none,HardRainNoon,90,60,100,1,90,75,0,0,0,0
163,245,RouteScenario_245,Failed,Town01,0,0,1,4.78,0,0,0,0,0,90,0,0,0,0,50,75,180,0,0.349999994039536,vehicle.bmw.isetta,"[0, 0, 0]",4,,hero,True,70,63.6139636647673,1895,10,45.1793396519699,25.8130388161316,0.571346084625788,177,146,94.8500014133751,438.322864770889,collisions_vehicle,WetCloudyNoon,90,0,50,0.35,180,75,0,0,0,0
164,246,RouteScenario_246,Failed,Town01,1,0,0,11.15,0,0,0,0,0,15,0,0,0,0,0,15,45,0,0.349999994039536,vehicle.bmw.isetta,"[0, 0, 0]",4,,hero,True,70,210.357197744737,2459,10,60.1898581494231,34.7606070440191,0.577516015367985,177,144,123.100001834333,494.642136573792,collisions_layout,ClearSunset,15,0,0,0.35,45,15,0,0,0,0
165,247,RouteScenario_247,Failed - Agent got blocked,Town01,0,0,0,0,0,0,0,0,1,80,0,0,0,0,0,-80,45,0,0.349999994039536,vehicle.bmw.isetta,"[0, 0, 0]",4,,hero,True,70,218.172794939596,20514,10,98.2931851734639,98.2931851734639,1,177,142,1025.85001528636,4562.98857164383,none,CloudyNight,80,0,0,0.35,45,-80,0,0,0,0
166,248,RouteScenario_248,Completed,Town01,0,0,0,0,0,0,0,0,0,90,0,0,0,0,50,75,180,0,0.349999994039536,vehicle.bmw.isetta,"[0, 0, 0]",4,,hero,True,70,114.138309228257,1869,10,100,100,1,177,146,93.6000013947487,455.201915025711,none,WetCloudyNoon,90,0,50,0.35,180,75,0,0,0,0
167,249,RouteScenario_249,Failed,Town01,1,0,0,17.73,0,0,0,0,0,15,0,0,0,0,0,75,0,0,0.349999994039536,vehicle.bmw.isetta,"[0, 0, 0]",4,,hero,True,70,91.5848828385856,1078,10,75.0983113208686,40.1573521174499,0.534730427504178,177,145,54.0500008054078,218.138542890549,collisions_layout,ClearNoon,15,0,0,0.35,0,75,0,0,0,0
168,25,RouteScenario_25,Completed,Town01,0,0,0,0,0,0,0,0,0,80,0,0,0,30,50,15,270,0,0.400000005960465,vehicle.bmw.isetta,"[0, 0, 0]",4,,hero,True,70,127.5593661832,3414,10,100,100,1,177,141,170.850002545863,803.795655727387,none,MidRainSunset,80,30,50,0.4,270,15,0,0,0,0
169,250,RouteScenario_250,Failed,Town01,1,0,0,0,0,0,0,0,0,80,0,0,0,30,50,75,0,0,0.400000005960465,vehicle.bmw.isetta,"[0, 0, 0]",4,,hero,True,70,153.806218665598,704,10,22.2556023511293,14.4661415282341,0.65,177,145,35.350000526756,140.844342947006,collisions_layout,MidRainyNoon,80,30,50,0.4,0,75,0,0,0,0
170,251,RouteScenario_251,Failed,Town01,0,0,1,0,0,0,0,0,0,20,0,0,0,0,50,-80,225,0,0.349999994039536,vehicle.bmw.isetta,"[0, 0, 0]",4,,hero,True,70,230.507049287893,572,10,17.6975814164385,10.6185488498631,0.6,177,144,28.7500004284084,168.583445549011,collisions_vehicle,WetNight,20,0,50,0.35,225,-80,0,0,0,0
171,252,RouteScenario_252,Failed - Agent got blocked,Town01,0,0,0,0,0,0,0,0,1,80,0,0,0,0,0,75,45,0,0.349999994039536,vehicle.bmw.isetta,"[0, 0, 0]",4,,hero,True,70,155.212712082353,5766,10,97.5448546691275,97.5448546691275,1,177,142,288.45000429824,1355.98778653145,none,CloudyNoon,80,0,0,0.35,45,75,0,0,0,0
172,253,RouteScenario_253,Failed - Agent got blocked,Town01,0,0,0,0,0,0,0,0,1,20,0,0,0,0,50,75,45,0,0.349999994039536,vehicle.bmw.isetta,"[0, 0, 0]",4,,hero,True,70,68.4523629625708,5289,10,94.6156681858529,94.6156681858529,1,177,146,264.600003942847,1154.70151424408,none,WetNoon,20,0,50,0.35,45,75,0,0,0,0
173,254,RouteScenario_254,Failed,Town01,0,0,0,0,1,0,0,0,0,20,0,0,0,0,50,15,270,0,0.349999994039536,vehicle.bmw.isetta,"[0, 0, 0]",4,,hero,True,70,289.718920322031,4361,10,89.9569226384237,62.9698458468966,0.7,177,143,218.200003251433,828.116774082184,red_light,WetSunset,20,0,50,0.35,270,15,0,0,0,0
174,255,RouteScenario_255,Failed,Town01,1,0,0,57.03,0,0,0,0,0,90,0,0,0,0,50,75,180,0,0.349999994039536,vehicle.bmw.isetta,"[0, 0, 0]",4,,hero,True,70,255.723845925959,93,10,2.59672205217349,0.725277884054129,0.279305166083163,177,149,4.80000007152557,29.1166484355927,collisions_layout,WetCloudyNoon,90,0,50,0.35,180,75,0,0,0,0
175,256,RouteScenario_256,Failed - Agent got blocked,Town01,0,0,0,0,0,0,0,0,1,90,0,0,0,0,50,15,0,0,0.349999994039536,vehicle.bmw.isetta,"[0, 0, 0]",4,,hero,True,70,62.4413475635412,5022,10,96.8331933590079,96.8331933590079,1,177,145,251.250003743917,1065.34975647926,none,WetCloudySunset,90,0,50,0.35,0,15,0,0,0,0
176,257,RouteScenario_257,Failed,Town01,0,0,0,0,1,0,0,0,0,80,0,0,0,0,0,-80,45,0,0.349999994039536,vehicle.bmw.isetta,"[0, 0, 0]",4,,hero,True,70,107.609148812024,2519,10,75.5360775111211,52.8752542577847,0.7,177,143,126.100001879036,497.495286464691,red_light,CloudyNight,80,0,0,0.35,45,-80,0,0,0,0
177,258,RouteScenario_258,Completed,Town01,0,0,0,0,0,0,0,0,0,80,0,0,0,60,100,15,0,0,1,vehicle.bmw.isetta,"[0, 0, 0]",4,,hero,True,70,160.695677274841,5133,10,100,100,1,176,151,256.800003826618,1130.00682616234,none,HardRainSunset,80,60,100,1,0,15,0,0,0,0
178,259,RouteScenario_259,Failed - Agent got blocked,Town01,0,0,0,0,0,0,0,0,1,15,0,0,0,0,0,15,45,0,0.349999994039536,vehicle.bmw.isetta,"[0, 0, 0]",4,,hero,True,70,84.0000079075495,6267,10,96.3906749769688,96.3906749769688,1,176,143,313.500004671514,1264.70853424072,none,ClearSunset,15,0,0,0.35,45,15,0,0,0,0
179,26,RouteScenario_26,Completed,Town01,0,0,0,0,0,0,0,0,0,90,0,0,0,60,100,75,90,0,1,vehicle.bmw.isetta,"[0, 0, 0]",4,,hero,True,70,135.980859649104,1069,10,100,100,1,177,146,53.6000007987022,247.930691003799,none,HardRainNoon,90,60,100,1,90,75,0,0,0,0
180,260,RouteScenario_260,Completed,Town01,0,0,0,19.21,0,0,0,0,0,15,0,0,0,0,0,-80,0,0,0.349999994039536,vehicle.bmw.isetta,"[0, 0, 0]",4,,hero,True,70,187.184008135511,2433,10,100,80.791691105278,0.80791691105278,177,141,121.800001814961,501.419862747192,none,ClearNight,15,0,0,0.35,0,-80,0,0,0,0
181,261,RouteScenario_261,Completed,Town01,0,0,0,0,0,0,0,0,0,90,0,0,0,60,100,-80,225,0,1,vehicle.bmw.isetta,"[0, 0, 0]",4,,hero,True,70,198.150853457419,1709,10,100,100,1,177,146,85.6000012755394,355.44413113594,none,HardRainNight,90,60,100,1,225,-80,0,0,0,0
182,262,RouteScenario_262,Failed - Agent got blocked,Town01,0,0,0,0,0,0,0,0,1,80,0,0,0,0,0,15,270,0,0.349999994039536,vehicle.bmw.isetta,"[0, 0, 0]",4,,hero,True,70,149.370262879445,6032,10,97.9318068576146,97.9318068576146,1,177,142,301.750004496425,1358.67132163048,none,CloudySunset,80,0,0,0.35,270,15,0,0,0,0
183,263,RouteScenario_263,Failed - Agent got blocked,Town01,0,0,0,0,0,0,0,0,1,80,0,0,0,30,50,15,270,0,0.400000005960465,vehicle.bmw.isetta,"[0, 0, 0]",4,,hero,True,70,78.1490988795936,12489,10,98.6369882977654,98.6369882977654,1,176,143,624.600009307265,2828.40613484383,none,MidRainSunset,80,30,50,0.4,270,15,0,0,0,0
184,264,RouteScenario_264,Failed,Town01,1,0,0,0,0,0,0,0,0,90,0,0,0,0,50,15,0,0,0.349999994039536,vehicle.bmw.isetta,"[0, 0, 0]",4,,hero,True,70,169.637952732392,75,10,2.14874899039164,1.39668684375457,0.65,177,145,3.90000005811453,17.787397146225,collisions_layout,WetCloudySunset,90,0,50,0.35,0,15,0,0,0,0
185,265,RouteScenario_265,Failed,Town01,0,0,1,0,0,0,0,0,0,90,0,0,0,0,50,15,0,0,0.349999994039536,vehicle.bmw.isetta,"[0, 0, 0]",4,,hero,True,70,201.753019772116,2766,10,6.93656981115052,4.16194188669031,0.6,177,144,138.450002063066,757.443802118301,collisions_vehicle,WetCloudySunset,90,0,50,0.35,0,15,0,0,0,0
186,266,RouteScenario_266,Failed,Town01,1,0,0,0,0,0,0,0,0,80,0,0,0,0,0,75,45,0,0.349999994039536,vehicle.bmw.isetta,"[0, 0, 0]",4,,hero,True,70,84.7396502314858,137,10,14.487512063888,9.41688284152723,0.65,177,143,7.00000010430813,35.9169516563416,collisions_layout,CloudyNoon,80,0,0,0.35,45,75,0,0,0,0
187,267,RouteScenario_267,Failed - Agent timed out,Town01,0,0,0,13.8,0,0,1,0,0,90,0,0,0,15,50,75,315,0,0.349999994039536,vehicle.bmw.isetta,"[0, 0, 0]",4,,hero,True,70,199.613936782837,19398,10,98.9971241655478,85.3350275408371,0.861995015109082,177,148,970.050014454871,5738.40604114533,none,SoftRainNoon,90,15,50,0.35,315,75,0,0,0,0
188,268,RouteScenario_268,Failed - Agent got blocked,Town01,0,0,0,0,0,0,0,0,1,90,0,0,0,0,50,15,0,0,0.349999994039536,vehicle.bmw.isetta,"[0, 0, 0]",4,,hero,True,70,231.035249317076,8737,10,98.3834092739907,98.3834092739907,1,177,144,437.000006511807,1775.19315314293,none,WetCloudySunset,90,0,50,0.35,0,15,0,0,0,0
189,269,RouteScenario_269,Completed,Town01,0,0,0,0,0,0,0,0,0,15,0,0,0,0,0,-80,0,0,0.349999994039536,vehicle.bmw.isetta,"[0, 0, 0]",4,,hero,True,70,224.450809374766,4851,10,100,100,1,176,145,242.700003616512,1271.40684008598,none,ClearNight,15,0,0,0.35,0,-80,0,0,0,0
190,27,RouteScenario_27,Failed,Town01,0,0,0,0,1,0,0,0,0,15,0,0,0,0,0,75,0,0,0.349999994039536,vehicle.bmw.isetta,"[0, 0, 0]",4,,hero,True,70,160.591741147415,2890,10,37.2968235328875,26.1077764730212,0.7,176,142,144.650002155453,584.86669254303,red_light,ClearNoon,15,0,0,0.35,0,75,0,0,0,0
191,270,RouteScenario_270,Failed - Agent got blocked,Town01,0,0,0,0,0,0,0,0,1,90,0,0,0,60,100,75,90,0,1,vehicle.bmw.isetta,"[0, 0, 0]",4,,hero,True,70,175.090005990727,7102,10,98.8584998592847,98.8584998592847,1,177,144,355.250005293637,1758.77232718468,none,HardRainNoon,90,60,100,1,90,75,0,0,0,0
192,271,RouteScenario_271,Failed,Town01,0,0,1,28.24,0,0,0,0,0,80,0,0,0,0,0,-80,45,0,0.349999994039536,vehicle.bmw.isetta,"[0, 0, 0]",4,,hero,True,70,105.725927879123,1400,10,18.6184611131697,8.01597561746503,0.430539106789816,177,139,70.1500010453165,454.051280498505,collisions_vehicle,CloudyNight,80,0,0,0.35,45,-80,0,0,0,0
193,272,RouteScenario_272,Completed,Town01,0,0,0,0,0,0,0,0,0,90,0,0,0,60,100,75,90,0,1,vehicle.bmw.isetta,"[0, 0, 0]",4,,hero,True,70,242.250000006001,3618,10,100,100,1,176,149,181.050002697855,801.910678863525,none,HardRainNoon,90,60,100,1,90,75,0,0,0,0
194,273,RouteScenario_273,Failed - Agent timed out,Town01,0,0,0,0,0,0,1,0,0,80,0,0,0,0,0,75,45,0,0.349999994039536,vehicle.bmw.isetta,"[0, 0, 0]",4,,hero,True,70,60.4171575517384,6338,10,94.8887125297087,94.8887125297087,1,177,147,317.050004724413,1481.91886472702,none,CloudyNoon,80,0,0,0.35,45,75,0,0,0,0
195,274,RouteScenario_274,Failed,Town01,0,0,0,0,1,0,0,0,0,20,0,0,0,0,50,15,270,0,0.349999994039536,vehicle.bmw.isetta,"[0, 0, 0]",4,,hero,True,70,124.267165644625,895,10,49.2718799228708,34.4903159460096,0.7,177,144,44.9000006690621,197.61065864563,red_light,WetSunset,20,0,50,0.35,270,15,0,0,0,0
196,275,RouteScenario_275,Failed,Town01,0,0,0,0,1,0,0,0,0,80,0,0,0,30,50,75,0,0,0.400000005960465,vehicle.bmw.isetta,"[0, 0, 0]",4,,hero,True,70,246.33762466759,8283,10,85.9822677555052,60.1875874288536,0.7,177,143,414.300006173551,1891.50743818283,red_light,MidRainyNoon,80,30,50,0.4,0,75,0,0,0,0
197,276,RouteScenario_276,Failed,Town01,0,0,1,10.46,0,0,0,0,0,90,0,0,0,0,50,15,0,0,0.349999994039536,vehicle.bmw.isetta,"[0, 0, 0]",4,,hero,True,70,181.734017212836,1248,10,55.8464057202296,30.0032975050182,0.537246705818883,176,143,62.5500009320676,222.724153518677,collisions_vehicle,WetCloudySunset,90,0,50,0.35,0,15,0,0,0,0
198,277,RouteScenario_277,Failed - Agent got blocked,Town01,0,0,0,0,0,0,0,0,1,80,0,0,0,0,0,-80,45,0,0.349999994039536,vehicle.bmw.isetta,"[0, 0, 0]",4,,hero,True,70,61.7544581174403,12024,10,98.9725375696415,98.9725375696415,1,176,144,601.350008960813,2630.45442223549,none,CloudyNight,80,0,0,0.35,45,-80,0,0,0,0
199,278,RouteScenario_278,Failed - Agent timed out,Town01,0,0,0,0,0,0,1,0,0,80,0,0,0,30,50,-80,225,0,0.400000005960465,vehicle.bmw.isetta,"[0, 0, 0]",4,,hero,True,70,139.146889123051,11158,10,96.5051807047126,96.5051807047126,1,177,146,558.050008315593,2264.03312969208,none,MidRainyNight,80,30,50,0.4,225,-80,0,0,0,0
200,279,RouteScenario_279,Failed - Agent timed out,Town01,0,0,0,0,0,0,1,0,0,80,0,0,0,30,50,75,0,0,0.400000005960465,vehicle.bmw.isetta,"[0, 0, 0]",4,,hero,True,70,92.6246589070026,7398,10,96.7190790564941,96.7190790564941,1,177,142,370.050005514175,1813.94414782524,none,MidRainyNoon,80,30,50,0.4,0,75,0,0,0,0
201,28,RouteScenario_28,Failed - Agent got blocked,Town01,0,0,0,0,0,0,0,0,1,15,0,0,0,0,0,-80,0,0,0.349999994039536,vehicle.bmw.isetta,"[0, 0, 0]",4,,hero,True,70,174.256976751145,8741,10,98.7502084088984,98.7502084088984,1,177,144,437.200006514788,2139.87161636353,none,ClearNight,15,0,0,0.35,0,-80,0,0,0,0
202,280,RouteScenario_280,Failed,Town01,0,0,1,0.82,0,0,0,0,0,80,0,0,0,0,0,-80,45,0,0.349999994039536,vehicle.bmw.isetta,"[0, 0, 0]",4,,hero,True,70,183.970323914514,3317,10,58.5019811169957,34.8122203284446,0.595060537502569,177,146,166.000002473593,600.465481042862,collisions_vehicle,CloudyNight,80,0,0,0.35,45,-80,0,0,0,0
203,281,RouteScenario_281,Completed,Town01,0,0,0,0,0,0,0,0,0,90,0,0,0,0,50,15,0,0,0.349999994039536,vehicle.bmw.isetta,"[0, 0, 0]",4,,hero,True,70,202.183084241185,3000,10,100,100,1,177,146,150.150002237409,609.685958147049,none,WetCloudySunset,90,0,50,0.35,0,15,0,0,0,0
204,282,RouteScenario_282,Failed - Agent got blocked,Town01,0,0,0,0,0,0,0,0,1,20,0,0,0,0,50,-80,225,0,0.349999994039536,vehicle.bmw.isetta,"[0, 0, 0]",4,,hero,True,70,152.86000559795,9538,10,98.6836471085376,98.6836471085376,1,177,146,477.050007108599,2059.38201165199,none,WetNight,20,0,50,0.35,225,-80,0,0,0,0
205,283,RouteScenario_283,Failed,Town01,0,0,0,0,1,0,0,0,0,90,0,0,0,0,50,-80,225,0,0.349999994039536,vehicle.bmw.isetta,"[0, 0, 0]",4,,hero,True,70,69.9640960845576,1287,10,89.8156418827547,62.8709493179283,0.7,177,145,64.5000009611249,279.559475898743,red_light,WetCloudyNight,90,0,50,0.35,225,-80,0,0,0,0
206,284,RouteScenario_284,Failed - Agent got blocked,Town01,0,0,0,1.79,0,0,0,0,1,90,0,0,0,0,50,75,180,0,0.349999994039536,vehicle.bmw.isetta,"[0, 0, 0]",4,,hero,True,70,160.564964787865,8105,10,89.171365855782,87.5751798669932,0.982099792086057,177,145,405.400006040931,1844.9835562706,none,WetCloudyNoon,90,0,50,0.35,180,75,0,0,0,0
207,285,RouteScenario_285,Failed,Town01,0,0,1,29.15,0,0,0,0,0,80,0,0,0,60,100,15,0,0,1,vehicle.bmw.isetta,"[0, 0, 0]",4,,hero,True,70,144.414208655793,336,10,9.01840406394734,3.83384500236759,0.425113465218759,177,144,16.9500002525747,94.4733374118805,collisions_vehicle,HardRainSunset,80,60,100,1,0,15,0,0,0,0
208,286,RouteScenario_286,Failed - Agent got blocked,Town01,0,0,0,17.25,0,0,0,0,1,80,0,0,0,30,50,75,0,0,0.400000005960465,vehicle.bmw.isetta,"[0, 0, 0]",4,,hero,True,70,141.259686307632,7674,10,98.7922216668659,81.7519220734302,0.827513752541199,177,148,383.850005719811,2082.02258944511,none,MidRainyNoon,80,30,50,0.4,0,75,0,0,0,0
209,287,RouteScenario_287,Failed,Town01,1,0,0,1.77,0,0,0,0,0,90,0,0,0,0,50,15,0,0,0.349999994039536,vehicle.bmw.isetta,"[0, 0, 0]",4,,hero,True,70,250.703348969534,3061,10,76.0361730615411,48.546381524258,0.638464293632534,177,142,153.200002282858,637.610134601593,collisions_layout,WetCloudySunset,90,0,50,0.35,0,15,0,0,0,0
210,288,RouteScenario_288,Failed - Agent got blocked,Town01,0,0,0,0,0,0,0,0,1,90,0,0,0,15,50,-80,270,0,0.349999994039536,vehicle.bmw.isetta,"[0, 0, 0]",4,,hero,True,70,94.0007193802161,5489,10,95.6573639314332,95.6573639314332,1,177,146,274.600004091859,946.944561719895,none,SoftRainNight,90,15,50,0.35,270,-80,0,0,0,0
211,289,RouteScenario_289,Failed,Town01,0,0,1,29.27,0,0,0,0,0,90,0,0,0,0,50,-80,225,0,0.349999994039536,vehicle.bmw.isetta,"[0, 0, 0]",4,,hero,True,70,78.5238491600036,2411,10,26.9837257302781,11.4518361339566,0.424397885170713,177,146,120.70000179857,425.681262731552,collisions_vehicle,WetCloudyNight,90,0,50,0.35,225,-80,0,0,0,0
212,29,RouteScenario_29,Failed - Agent timed out,Town01,0,0,0,0,0,0,1,0,0,15,0,0,0,0,0,-80,0,0,0.349999994039536,vehicle.bmw.isetta,"[0, 0, 0]",4,,hero,True,70,103.998671411552,8238,10,97.0622226740765,97.0622226740765,1,177,141,412.050006140023,1587.48038363457,none,ClearNight,15,0,0,0.35,0,-80,0,0,0,0
213,290,RouteScenario_290,Failed - Agent timed out,Town01,0,0,0,0,0,0,1,0,0,20,0,0,0,0,50,15,270,0,0.349999994039536,vehicle.bmw.isetta,"[0, 0, 0]",4,,hero,True,70,59.412759855584,4378,10,96.2799760829289,96.2799760829289,1,177,139,219.050003264099,1001.55154895782,none,WetSunset,20,0,50,0.35,270,15,0,0,0,0
214,291,RouteScenario_291,Failed - Agent got blocked,Town01,0,0,0,0,0,0,0,0,1,90,0,0,0,15,50,15,270,0,0.349999994039536,vehicle.bmw.isetta,"[0, 0, 0]",4,,hero,True,70,220.346054563856,10669,10,98.4889021335548,98.4889021335548,1,177,143,533.60000795126,2239.71241617203,none,SoftRainSunset,90,15,50,0.35,270,15,0,0,0,0
215,292,RouteScenario_292,Failed,Town01,0,0,1,0,0,0,0,0,0,20,0,0,0,0,50,15,270,0,0.349999994039536,vehicle.bmw.isetta,"[0, 0, 0]",4,,hero,True,70,91.1636744338956,2278,10,49.5931677615701,29.755900656942,0.6,177,146,114.050001699477,459.945887327194,collisions_vehicle,WetSunset,20,0,50,0.35,270,15,0,0,0,0
216,293,RouteScenario_293,Failed - Agent got blocked,Town01,0,0,0,0,0,0,0,0,1,80,0,0,0,60,100,15,0,0,1,vehicle.bmw.isetta,"[0, 0, 0]",4,,hero,True,70,126.580024915554,7838,10,97.6171189562875,97.6171189562875,1,177,145,392.050005842,1719.27169632912,none,HardRainSunset,80,60,100,1,0,15,0,0,0,0
217,294,RouteScenario_294,Failed - Agent got blocked,Town01,0,0,0,0,0,0,0,0,1,80,0,0,0,60,100,15,0,0,1,vehicle.bmw.isetta,"[0, 0, 0]",4,,hero,True,70,115.7899800804,7519,10,98.2512593903594,98.2512593903594,1,177,144,376.100005604327,1350.24838662148,none,HardRainSunset,80,60,100,1,0,15,0,0,0,0
218,295,RouteScenario_295,Failed - Agent got blocked,Town01,0,0,0,0,0,0,0,0,1,80,0,0,0,0,0,75,45,0,0.349999994039536,vehicle.bmw.isetta,"[0, 0, 0]",4,,hero,True,70,199.061184542531,4061,10,19.4687516888821,19.4687516888821,1,177,145,203.200003027916,761.736912488937,none,CloudyNoon,80,0,0,0.35,45,75,0,0,0,0
219,296,RouteScenario_296,Failed - Agent got blocked,Town01,0,0,0,0,0,0,0,0,1,20,0,0,0,0,50,15,270,0,0.349999994039536,vehicle.bmw.isetta,"[0, 0, 0]",4,,hero,True,70,39.5129832784647,16416,10,98.8128362068459,98.8128362068459,1,177,144,820.950012233108,3295.0725774765,none,WetSunset,20,0,50,0.35,270,15,0,0,0,0
220,297,RouteScenario_297,Failed - Agent timed out,Town01,0,0,0,0,0,0,1,0,0,80,0,0,0,0,0,75,45,0,0.349999994039536,vehicle.bmw.isetta,"[0, 0, 0]",4,,hero,True,70,134.825166459177,13098,10,98.1571499192576,98.1571499192576,1,177,143,655.050009761006,2816.75182628632,none,CloudyNoon,80,0,0,0.35,45,75,0,0,0,0
221,298,RouteScenario_298,Failed - Agent got blocked,Town01,0,0,0,0,0,0,0,0,1,15,0,0,0,0,0,15,45,0,0.349999994039536,vehicle.bmw.isetta,"[0, 0, 0]",4,,hero,True,70,176.044735646727,10603,10,98.5102863731188,98.5102863731188,1,177,144,530.300007902086,2372.67087268829,none,ClearSunset,15,0,0,0.35,45,15,0,0,0,0
222,299,RouteScenario_299,Failed,Town01,0,0,1,0,0,0,0,0,0,90,0,0,0,0,50,75,180,0,0.349999994039536,vehicle.bmw.isetta,"[0, 0, 0]",4,,hero,True,70,97.4614643017662,941,10,39.1604583448265,23.4962750068959,0.6,176,141,47.2000007033348,209.985244512558,collisions_vehicle,WetCloudyNoon,90,0,50,0.35,180,75,0,0,0,0
223,3,RouteScenario_3,Failed - Agent got blocked,Town01,0,0,0,0,0,0,0,0,1,80,0,0,0,0,0,75,45,0,0.349999994039536,vehicle.bmw.isetta,"[0, 0, 0]",4,,hero,True,70,85.0112894410797,7987,10,97.504928053139,97.504928053139,1,177,145,399.500005953014,1902.95266246796,none,CloudyNoon,80,0,0,0.35,45,75,0,0,0,0
224,30,RouteScenario_30,Failed,Town01,0,0,0,0,1,0,0,0,0,80,0,0,0,30,50,75,0,0,0.400000005960465,vehicle.bmw.isetta,"[0, 0, 0]",4,,hero,True,70,84.2791168394927,66,10,0,0,0.7,177,143,3.45000005140901,15.527708530426,red_light,MidRainyNoon,80,30,50,0.4,0,75,0,0,0,0
225,31,RouteScenario_31,Completed,Town01,0,0,0,0,0,0,0,0,0,90,0,0,0,60,100,75,90,0,1,vehicle.bmw.isetta,"[0, 0, 0]",4,,hero,True,70,67.5363625144511,3210,10,100,100,1,177,142,160.650002393872,779.96559214592,none,HardRainNoon,90,60,100,1,90,75,0,0,0,0
226,32,RouteScenario_32,Failed - Agent got blocked,Town01,0,0,0,0,0,0,0,0,1,20,0,0,0,0,50,75,45,0,0.349999994039536,vehicle.bmw.isetta,"[0, 0, 0]",4,,hero,True,70,167.999962408096,6798,10,98.8032409034595,98.8032409034595,1,176,145,340.05000506714,1498.96191740036,none,WetNoon,20,0,50,0.35,45,75,0,0,0,0
227,33,RouteScenario_33,Failed,Town01,0,0,0,0,1,0,0,0,0,15,0,0,0,0,0,15,45,0,0.349999994039536,vehicle.bmw.isetta,"[0, 0, 0]",4,,hero,True,70,193.721850039984,1763,10,21.5380989882372,15.0766692917661,0.7,177,146,88.3000013157725,436.171933412552,red_light,ClearSunset,15,0,0,0.35,45,15,0,0,0,0
228,34,RouteScenario_34,Failed - Agent got blocked,Town01,0,0,0,0,0,0,0,0,1,90,0,0,0,0,50,75,180,0,0.349999994039536,vehicle.bmw.isetta,"[0, 0, 0]",4,,hero,True,70,141.125936103569,10446,10,98.8357302248049,98.8357302248049,1,177,143,522.450007785112,2161.46847581863,none,WetCloudyNoon,90,0,50,0.35,180,75,0,0,0,0
229,35,RouteScenario_35,Failed,Town01,0,0,0,0,1,0,0,0,0,80,0,0,0,30,50,15,270,0,0.400000005960465,vehicle.bmw.isetta,"[0, 0, 0]",4,,hero,True,70,109.397150321348,5104,10,52.1735959703906,36.5215171792734,0.7,177,144,255.350003805012,948.054305553436,red_light,MidRainSunset,80,30,50,0.4,270,15,0,0,0,0
230,36,RouteScenario_36,Failed - Agent got blocked,Town01,0,0,0,0,0,0,0,0,1,90,0,0,0,0,50,15,0,0,0.349999994039536,vehicle.bmw.isetta,"[0, 0, 0]",4,,hero,True,70,148.92514730795,8590,10,83.5219679179434,83.5219679179434,1,177,146,429.650006402284,2061.00780177116,none,WetCloudySunset,90,0,50,0.35,0,15,0,0,0,0
231,37,RouteScenario_37,Failed,Town01,0,0,1,0,0,0,0,0,0,20,0,0,0,0,50,-80,225,0,0.349999994039536,vehicle.bmw.isetta,"[0, 0, 0]",4,,hero,True,70,158.688919302186,2266,10,63.1092459123357,37.8655475474014,0.6,177,143,113.450001690537,627.372794151306,collisions_vehicle,WetNight,20,0,50,0.35,225,-80,0,0,0,0
232,38,RouteScenario_38,Failed,Town01,0,0,1,0,0,0,0,0,0,20,0,0,0,0,50,15,270,0,0.349999994039536,vehicle.bmw.isetta,"[0, 0, 0]",4,,hero,True,70,76.9063535155789,5144,10,86.3796103359051,51.827766201543,0.6,177,141,257.350003834814,1223.38712906837,collisions_vehicle,WetSunset,20,0,50,0.35,270,15,0,0,0,0
233,39,RouteScenario_39,Failed - Agent got blocked,Town01,0,0,0,0,0,0,0,0,1,80,0,0,0,0,0,-80,45,0,0.349999994039536,vehicle.bmw.isetta,"[0, 0, 0]",4,,hero,True,70,186.620425596569,11819,10,96.5549948153719,96.5549948153719,1,176,145,591.100008808076,2561.80515480041,none,CloudyNight,80,0,0,0.35,45,-80,0,0,0,0
234,4,RouteScenario_4,Failed,Town01,1,0,0,0,0,0,0,0,0,90,0,0,0,15,50,75,315,0,0.349999994039536,vehicle.bmw.isetta,"[0, 0, 0]",4,,hero,True,70,222.385490044924,1861,10,33.2338883419332,21.6020274222566,0.65,176,145,93.2000013887882,478.6590321064,collisions_layout,SoftRainNoon,90,15,50,0.35,315,75,0,0,0,0
235,40,RouteScenario_40,Failed - Agent got blocked,Town01,0,0,0,11.63,0,0,0,0,1,80,0,0,0,30,50,75,0,0,0.400000005960465,vehicle.bmw.isetta,"[0, 0, 0]",4,,hero,True,70,178.235083864772,16885,10,98.8097961667258,87.3221220429135,0.883739522097297,177,143,844.40001258254,4509.7714138031,none,MidRainyNoon,80,30,50,0.4,0,75,0,0,0,0
236,41,RouteScenario_41,Failed,Town01,0,0,1,0,0,0,0,0,0,80,0,0,0,30,50,-80,225,0,0.400000005960465,vehicle.bmw.isetta,"[0, 0, 0]",4,,hero,True,70,78.0000161598569,5996,10,97.4055631460581,58.4433378876348,0.6,177,143,299.950004469603,1542.25204944611,collisions_vehicle,MidRainyNight,80,30,50,0.4,225,-80,0,0,0,0
237,42,RouteScenario_42,Failed - Agent got blocked,Town01,0,0,0,0,0,0,0,0,1,20,0,0,0,0,50,-80,225,0,0.349999994039536,vehicle.bmw.isetta,"[0, 0, 0]",4,,hero,True,70,118.809884393332,10293,10,98.9931423289268,98.9931423289268,1,177,143,514.800007671118,2370.85203170776,none,WetNight,20,0,50,0.35,225,-80,0,0,0,0
238,43,RouteScenario_43,Failed,Town01,0,0,1,29.72,0,0,0,0,0,20,0,0,0,0,50,15,270,0,0.349999994039536,vehicle.bmw.isetta,"[0, 0, 0]",4,,hero,True,70,179.964561912339,478,10,10.7034757857411,4.51312774296383,0.421650670614505,177,144,24.0500003583729,108.881026983261,collisions_vehicle,WetSunset,20,0,50,0.35,270,15,0,0,0,0
239,44,RouteScenario_44,Completed,Town01,0,0,0,21.43,0,0,0,0,0,80,0,0,0,30,50,-80,225,0,0.400000005960465,vehicle.bmw.isetta,"[0, 0, 0]",4,,hero,True,70,169.50130529376,3058,10,100,78.5679237523916,0.785679237523916,177,144,153.050002280623,581.510075807571,none,MidRainyNight,80,30,50,0.4,225,-80,0,0,0,0
240,45,RouteScenario_45,Failed,Town01,0,0,1,0,0,0,0,0,0,15,0,0,0,0,0,-80,0,0,0.349999994039536,vehicle.bmw.isetta,"[0, 0, 0]",4,,hero,True,70,132.537233931117,1396,10,39.2725603618391,23.5635362171034,0.6,177,144,69.9500010423362,323.903102636337,collisions_vehicle,ClearNight,15,0,0,0.35,0,-80,0,0,0,0
241,46,RouteScenario_46,Failed - Agent timed out,Town01,0,0,0,0,0,0,1,0,0,90,0,0,0,0,50,75,180,0,0.349999994039536,vehicle.bmw.isetta,"[0, 0, 0]",4,,hero,True,70,165.706907466809,13258,10,97.5716204996251,97.5716204996251,1,177,142,663.050009880215,2779.44273757935,none,WetCloudyNoon,90,0,50,0.35,180,75,0,0,0,0
242,47,RouteScenario_47,Failed - Agent timed out,Town01,0,0,0,0,0,0,1,0,0,20,0,0,0,0,50,75,45,0,0.349999994039536,vehicle.bmw.isetta,"[0, 0, 0]",4,,hero,True,70,242.20963742487,23458,10,97.4844226717185,97.4844226717185,1,177,147,1173.05001747981,5080.48501157761,none,WetNoon,20,0,50,0.35,45,75,0,0,0,0
243,48,RouteScenario_48,Failed,Town01,0,0,0,0,1,0,0,0,0,80,0,0,0,30,50,-80,225,0,0.400000005960465,vehicle.bmw.isetta,"[0, 0, 0]",4,,hero,True,70,243.720508976471,101,10,0,0,0.7,177,147,5.20000007748604,30.6688368320465,red_light,MidRainyNight,80,30,50,0.4,225,-80,0,0,0,0
244,49,RouteScenario_49,Failed,Town01,0,0,0,0,1,0,0,0,0,90,0,0,0,60,100,75,90,0,1,vehicle.bmw.isetta,"[0, 0, 0]",4,,hero,True,70,172.47023603808,2938,10,54.8297932279549,38.3808552595684,0.7,177,144,147.050002191216,612.508566856384,red_light,HardRainNoon,90,60,100,1,90,75,0,0,0,0
245,5,RouteScenario_5,Completed,Town01,0,0,0,0,0,0,0,0,0,90,0,0,0,0,50,-80,225,0,0.349999994039536,vehicle.bmw.isetta,"[0, 0, 0]",4,,hero,True,70,215.671334600397,3716,10,100,100,1,177,146,185.950002770871,806.618092060089,none,WetCloudyNight,90,0,50,0.35,225,-80,0,0,0,0
246,50,RouteScenario_50,Completed,Town01,0,0,0,0,0,0,0,0,0,15,0,0,0,0,0,15,45,0,0.349999994039536,vehicle.bmw.isetta,"[0, 0, 0]",4,,hero,True,70,117.53109849302,1628,10,100,100,1,177,148,81.5500012151897,403.842483282089,none,ClearSunset,15,0,0,0.35,45,15,0,0,0,0
247,51,RouteScenario_51,Failed,Town01,1,0,0,12.18,0,0,0,0,0,15,0,0,0,0,0,15,45,0,0.349999994039536,vehicle.bmw.isetta,"[0, 0, 0]",4,,hero,True,70,236.026618294285,305,10,16.8550282209306,9.62154384254654,0.570841158877354,176,145,15.4000002294779,53.4110124111176,collisions_layout,ClearSunset,15,0,0,0.35,45,15,0,0,0,0
248,52,RouteScenario_52,Failed,Town01,1,0,0,0,0,0,0,0,0,80,0,0,0,0,0,15,270,0,0.349999994039536,vehicle.bmw.isetta,"[0, 0, 0]",4,,hero,True,70,91.7189155740634,839,10,35.5729386685415,23.122410134552,0.65,177,144,42.1000006273389,152.116356372833,collisions_layout,CloudySunset,80,0,0,0.35,270,15,0,0,0,0
249,53,RouteScenario_53,Completed,Town01,0,0,0,1.45,0,0,0,0,0,80,0,0,0,30,50,75,0,0,0.400000005960465,vehicle.bmw.isetta,"[0, 0, 0]",4,,hero,True,70,98.3793188962888,3784,10,100,98.5533074247284,0.985533074247284,177,141,189.350002821535,943.931346178055,none,MidRainyNoon,80,30,50,0.4,0,75,0,0,0,0
250,54,RouteScenario_54,Failed - Agent got blocked,Town01,0,0,0,0,0,0,0,0,1,90,0,0,0,60,100,-80,225,0,1,vehicle.bmw.isetta,"[0, 0, 0]",4,,hero,True,70,97.6117190877154,6549,10,98.9661827976418,98.9661827976418,1,177,143,327.60000488162,1398.75523304939,none,HardRainNight,90,60,100,1,225,-80,0,0,0,0
251,55,RouteScenario_55,Failed,Town01,0,0,1,17.8,0,0,0,0,0,80,0,0,0,0,0,15,270,0,0.349999994039536,vehicle.bmw.isetta,"[0, 0, 0]",4,,hero,True,70,170.680552557536,3157,10,87.897186787087,43.3509766323619,0.493200956901735,177,148,158.000002354383,571.348648309708,collisions_vehicle,CloudySunset,80,0,0,0.35,270,15,0,0,0,0
252,56,RouteScenario_56,Completed,Town01,0,0,0,0,0,0,0,0,0,80,0,0,0,30,50,-80,225,0,0.400000005960465,vehicle.bmw.isetta,"[0, 0, 0]",4,,hero,True,70,88.803553562924,1713,10,100,100,1,177,143,85.8000012785196,325.817809581757,none,MidRainyNight,80,30,50,0.4,225,-80,0,0,0,0
253,57,RouteScenario_57,Completed,Town01,0,0,0,0,0,0,0,0,0,80,0,0,0,0,0,-80,45,0,0.349999994039536,vehicle.bmw.isetta,"[0, 0, 0]",4,,hero,True,70,85.4917344082826,4332,10,100,100,1,177,139,216.750003229827,884.237331151962,none,CloudyNight,80,0,0,0.35,45,-80,0,0,0,0
254,58,RouteScenario_58,Failed,Town01,0,0,1,0,0,0,0,0,0,80,0,0,0,0,0,75,45,0,0.349999994039536,vehicle.bmw.isetta,"[0, 0, 0]",4,,hero,True,70,110.760657959706,2059,10,44.2588670712454,26.5553202427472,0.6,176,145,103.10000153631,485.397691249847,collisions_vehicle,CloudyNoon,80,0,0,0.35,45,75,0,0,0,0
255,59,RouteScenario_59,Failed - Agent got blocked,Town01,0,0,0,0,0,0,0,0,1,90,0,0,0,0,50,-80,225,0,0.349999994039536,vehicle.bmw.isetta,"[0, 0, 0]",4,,hero,True,70,177.857127968248,13929,10,98.8616830538816,98.8616830538816,1,177,146,696.600010380149,2432.82021331787,none,WetCloudyNight,90,0,50,0.35,225,-80,0,0,0,0
256,6,RouteScenario_6,Failed - Agent timed out,Town01,0,0,0,0,0,0,1,0,0,20,0,0,0,0,50,-80,225,0,0.349999994039536,vehicle.bmw.isetta,"[0, 0, 0]",4,,hero,True,70,81.9999806667819,6558,10,96.3016841249313,96.3016841249313,1,177,140,328.050004888326,1209.60177159309,none,WetNight,20,0,50,0.35,225,-80,0,0,0,0
257,60,RouteScenario_60,Failed - Agent got blocked,Town01,0,0,0,17.8,0,0,0,0,1,80,0,0,0,0,0,15,270,0,0.349999994039536,vehicle.bmw.isetta,"[0, 0, 0]",4,,hero,True,70,62.717139549735,15310,10,39.2126088684832,32.2330362272563,0.82200692984657,177,140,765.650011409074,4324.67491531372,none,CloudySunset,80,0,0,0.35,270,15,0,0,0,0
258,61,RouteScenario_61,Failed,Town01,0,0,1,1.4,0,0,0,0,0,80,0,0,0,30,50,15,270,0,0.400000005960465,vehicle.bmw.isetta,"[0, 0, 0]",4,,hero,True,70,181.206637504591,1720,10,65.9751043489449,39.0323075863408,0.591621763565501,177,147,86.150001283735,298.720440864563,collisions_vehicle,MidRainSunset,80,30,50,0.4,270,15,0,0,0,0
259,62,RouteScenario_62,Failed,Town01,0,0,1,8.05,0,0,0,0,0,15,0,0,0,0,0,-80,0,0,0.349999994039536,vehicle.bmw.isetta,"[0, 0, 0]",4,,hero,True,70,192.122827172363,1240,10,46.8619508024599,25.8538226251111,0.551701800338922,177,141,62.1500009261072,227.537628173828,collisions_vehicle,ClearNight,15,0,0,0.35,0,-80,0,0,0,0
260,63,RouteScenario_63,Failed - Agent got blocked,Town01,0,0,0,0,0,0,0,0,1,90,0,0,0,0,50,75,180,0,0.349999994039536,vehicle.bmw.isetta,"[0, 0, 0]",4,,hero,True,70,235.904038841879,9204,10,98.3884669939514,98.3884669939514,1,177,141,460.35000685975,2141.24210715294,none,WetCloudyNoon,90,0,50,0.35,180,75,0,0,0,0
261,64,RouteScenario_64,Failed,Town01,0,0,1,0,0,0,0,0,0,90,0,0,0,15,50,-80,270,0,0.349999994039536,vehicle.bmw.isetta,"[0, 0, 0]",4,,hero,True,70,156.177054868815,615,10,17.5891711456303,10.5535026873782,0.6,176,148,30.9000004604459,181.368652820587,collisions_vehicle,SoftRainNight,90,15,50,0.35,270,-80,0,0,0,0
262,65,RouteScenario_65,Completed,Town01,0,0,0,0,0,0,0,0,0,90,0,0,0,15,50,75,315,0,0.349999994039536,vehicle.bmw.isetta,"[0, 0, 0]",4,,hero,True,70,203.435859527397,4932,10,100,100,1,177,146,246.750003676861,1071.6485388279,none,SoftRainNoon,90,15,50,0.35,315,75,0,0,0,0
263,66,RouteScenario_66,Failed - Agent timed out,Town01,0,0,0,0,0,0,1,0,0,80,0,0,0,0,0,15,270,0,0.349999994039536,vehicle.bmw.isetta,"[0, 0, 0]",4,,hero,True,70,111.219846834658,10078,10,97.60193723699,97.60193723699,1,177,148,504.05000751093,1915.53151130676,none,CloudySunset,80,0,0,0.35,270,15,0,0,0,0
264,67,RouteScenario_67,Failed,Town01,0,0,1,10.94,0,0,0,0,0,90,0,0,0,60,100,-80,225,0,1,vehicle.bmw.isetta,"[0, 0, 0]",4,,hero,True,70,234.621307071779,831,10,24.4104054391641,13.0440590310605,0.53436470211726,177,144,41.7000006213784,164.496567487717,collisions_vehicle,HardRainNight,90,60,100,1,225,-80,0,0,0,0
265,68,RouteScenario_68,Failed - Agent got blocked,Town01,0,0,0,0,0,0,0,0,1,15,0,0,0,0,0,-80,0,0,0.349999994039536,vehicle.bmw.isetta,"[0, 0, 0]",4,,hero,True,70,123.180107520798,10291,10,98.6033635278984,98.6033635278984,1,177,145,514.700007669628,2014.48517084122,none,ClearNight,15,0,0,0.35,0,-80,0,0,0,0
266,69,RouteScenario_69,Failed - Agent got blocked,Town01,0,0,0,0,0,0,0,0,1,90,0,0,0,60,100,-80,225,0,1,vehicle.bmw.isetta,"[0, 0, 0]",4,,hero,True,70,50.3572785555583,4963,10,98.4565533389991,98.4565533389991,1,177,144,248.300003699958,1320.2381901741,none,HardRainNight,90,60,100,1,225,-80,0,0,0,0
267,7,RouteScenario_7,Completed,Town01,0,0,0,0,0,0,0,0,0,80,0,0,0,0,0,75,45,0,0.349999994039536,vehicle.bmw.isetta,"[0, 0, 0]",4,,hero,True,70,89.6610007271915,3187,10,100,100,1,177,149,159.500002376735,790.431780338287,none,CloudyNoon,80,0,0,0.35,45,75,0,0,0,0
268,70,RouteScenario_70,Completed,Town01,0,0,0,0,0,0,0,0,0,15,0,0,0,0,0,-80,0,0,0.349999994039536,vehicle.bmw.isetta,"[0, 0, 0]",4,,hero,True,70,138.308004784328,2097,10,100,100,1,177,146,105.000001564622,576.459806442261,none,ClearNight,15,0,0,0.35,0,-80,0,0,0,0
269,71,RouteScenario_71,Failed - Agent got blocked,Town01,0,0,0,0,0,0,0,0,1,80,0,0,0,0,0,75,45,0,0.349999994039536,vehicle.bmw.isetta,"[0, 0, 0]",4,,hero,True,70,226.400898091725,14869,10,98.9508366869018,98.9508366869018,1,177,145,743.600011080503,3809.81607747078,none,CloudyNoon,80,0,0,0.35,45,75,0,0,0,0
270,72,RouteScenario_72,Completed,Town01,0,0,0,0,0,0,0,0,0,15,0,0,0,0,0,75,0,0,0.349999994039536,vehicle.bmw.isetta,"[0, 0, 0]",4,,hero,True,70,152.837140492969,2169,10,100,100,1,177,146,108.600001618266,607.971938848496,none,ClearNoon,15,0,0,0.35,0,75,0,0,0,0
271,73,RouteScenario_73,Failed - Agent got blocked,Town01,0,0,0,0,0,0,0,0,1,80,0,0,0,0,0,-80,45,0,0.349999994039536,vehicle.bmw.isetta,"[0, 0, 0]",4,,hero,True,70,173.225622140864,18046,10,98.6141118386193,98.6141118386193,1,177,145,902.450013447553,5147.6108174324,none,CloudyNight,80,0,0,0.35,45,-80,0,0,0,0
272,74,RouteScenario_74,Failed - Agent got blocked,Town01,0,0,0,29.23,0,0,0,0,1,90,0,0,0,60,100,-80,225,0,1,vehicle.bmw.isetta,"[0, 0, 0]",4,,hero,True,70,135.011337708198,10955,10,98.8649606424572,69.9618599009197,0.707650713117008,177,145,547.900008164346,2692.97722482681,none,HardRainNight,90,60,100,1,225,-80,0,0,0,0
273,75,RouteScenario_75,Completed,Town01,0,0,0,0,0,0,0,0,0,80,0,0,0,30,50,-80,225,0,0.400000005960465,vehicle.bmw.isetta,"[0, 0, 0]",4,,hero,True,70,188.146872702469,4015,10,100,100,1,177,146,200.900002993643,754.291103601456,none,MidRainyNight,80,30,50,0.4,225,-80,0,0,0,0
274,76,RouteScenario_76,Completed,Town01,0,0,0,0,0,0,0,0,0,20,0,0,0,0,50,75,45,0,0.349999994039536,vehicle.bmw.isetta,"[0, 0, 0]",4,,hero,True,70,44.1814466518153,6163,10,100,100,1,177,145,308.300004594028,1626.17197203636,none,WetNoon,20,0,50,0.35,45,75,0,0,0,0
275,77,RouteScenario_77,Failed,Town01,0,0,1,0,0,0,0,0,0,90,0,0,0,0,50,15,0,0,0.349999994039536,vehicle.bmw.isetta,"[0, 0, 0]",4,,hero,True,70,30.3161255909202,1146,10,41.5468705037133,24.928122302228,0.6,177,144,57.4500008560717,259.518012523651,collisions_vehicle,WetCloudySunset,90,0,50,0.35,0,15,0,0,0,0
276,78,RouteScenario_78,Failed - Agent timed out,Town01,0,0,0,36.36,0,0,1,0,0,20,0,0,0,0,50,75,45,0,0.349999994039536,vehicle.bmw.isetta,"[0, 0, 0]",4,,hero,True,70,82.5240339591636,7018,10,30.9043817037982,19.6686664136603,0.636436172778793,177,142,351.050005231053,1957.76399922371,none,WetNoon,20,0,50,0.35,45,75,0,0,0,0
277,79,RouteScenario_79,Failed,Town01,0,0,1,35.49,0,0,0,0,0,80,0,0,0,30,50,15,270,0,0.400000005960465,vehicle.bmw.isetta,"[0, 0, 0]",4,,hero,True,70,220.053316473108,13157,10,13.9800005308035,5.41133478698905,0.387076865631422,177,144,658.000009804964,3191.19340181351,collisions_vehicle,MidRainSunset,80,30,50,0.4,270,15,0,0,0,0
278,8,RouteScenario_8,Failed,Town01,0,0,1,9.25,0,0,0,0,0,20,0,0,0,0,50,-80,225,0,0.349999994039536,vehicle.bmw.isetta,"[0, 0, 0]",4,,hero,True,70,84.2932734945379,945,10,12.7664443479852,6.95146871341407,0.544510947914101,177,147,47.400000706315,160.255512475967,collisions_vehicle,WetNight,20,0,50,0.35,225,-80,0,0,0,0
279,80,RouteScenario_80,Failed - Agent got blocked,Town01,0,0,0,0,0,0,0,0,1,15,0,0,0,0,0,15,45,0,0.349999994039536,vehicle.bmw.isetta,"[0, 0, 0]",4,,hero,True,70,135.565363838543,5144,10,98.8392482095287,98.8392482095287,1,177,144,257.350003834814,1155.16148662567,none,ClearSunset,15,0,0,0.35,45,15,0,0,0,0
280,81,RouteScenario_81,Failed,Town01,0,0,1,0,0,0,0,0,0,90,0,0,0,60,100,-80,225,0,1,vehicle.bmw.isetta,"[0, 0, 0]",4,,hero,True,70,227.065844694355,536,10,7.78464178274077,4.67078506964446,0.6,176,143,26.9500004015863,149.429889917374,collisions_vehicle,HardRainNight,90,60,100,1,225,-80,0,0,0,0
281,82,RouteScenario_82,Failed - Agent got blocked,Town01,0,0,0,0,0,0,0,0,1,90,0,0,0,15,50,-80,270,0,0.349999994039536,vehicle.bmw.isetta,"[0, 0, 0]",4,,hero,True,70,92.6699986967743,6071,10,96.7316000474775,96.7316000474775,1,177,142,303.700004525483,1121.34027791023,none,SoftRainNight,90,15,50,0.35,270,-80,0,0,0,0
282,83,RouteScenario_83,Failed - Agent timed out,Town01,0,0,0,0,0,0,1,0,0,90,0,0,0,60,100,75,90,0,1,vehicle.bmw.isetta,"[0, 0, 0]",4,,hero,True,70,153.779977032695,12258,10,98.0300488504417,98.0300488504417,1,177,148,613.050009135157,2635.01820802689,none,HardRainNoon,90,60,100,1,90,75,0,0,0,0
283,84,RouteScenario_84,Completed,Town01,0,0,0,0,0,0,0,0,0,90,0,0,0,60,100,-80,225,0,1,vehicle.bmw.isetta,"[0, 0, 0]",4,,hero,True,70,136.683846129862,1757,10,100,100,1,177,145,88.0000013113022,354.492472887039,none,HardRainNight,90,60,100,1,225,-80,0,0,0,0
284,85,RouteScenario_85,Failed,Town01,0,0,1,23.81,0,0,0,0,0,15,0,0,0,0,0,75,0,0,0.349999994039536,vehicle.bmw.isetta,"[0, 0, 0]",4,,hero,True,70,56.7774573305317,2021,10,33.0881301950415,15.1264751797241,0.457157146401428,177,143,101.200001507998,487.079322099686,collisions_vehicle,ClearNoon,15,0,0,0.35,0,75,0,0,0,0
285,86,RouteScenario_86,Completed,Town01,0,0,0,0,0,0,0,0,0,90,0,0,0,15,50,15,270,0,0.349999994039536,vehicle.bmw.isetta,"[0, 0, 0]",4,,hero,True,70,140.293209988105,10291,10,100,100,1,177,140,514.700007669628,2222.94123601913,none,SoftRainSunset,90,15,50,0.35,270,15,0,0,0,0
286,87,RouteScenario_87,Failed,Town01,0,0,1,0,0,0,0,0,0,90,0,0,0,0,50,15,0,0,0.349999994039536,vehicle.bmw.isetta,"[0, 0, 0]",4,,hero,True,70,130.610807613161,5588,10,87.8955804065041,52.7373482439025,0.6,177,146,279.55000416562,1244.34879732132,collisions_vehicle,WetCloudySunset,90,0,50,0.35,0,15,0,0,0,0
287,88,RouteScenario_88,Failed,Town01,0,0,1,0,0,0,0,0,0,90,0,0,0,60,100,75,90,0,1,vehicle.bmw.isetta,"[0, 0, 0]",4,,hero,True,70,109.972054901903,383,10,10.3214721537864,6.19288329227183,0.6,177,144,19.3000002875924,93.4180862903595,collisions_vehicle,HardRainNoon,90,60,100,1,90,75,0,0,0,0
288,89,RouteScenario_89,Completed,Town01,0,0,0,0,0,0,0,0,0,90,0,0,0,60,100,-80,225,0,1,vehicle.bmw.isetta,"[0, 0, 0]",4,,hero,True,70,190.574216852156,2037,10,100,100,1,177,145,102.000001519918,493.015639543533,none,HardRainNight,90,60,100,1,225,-80,0,0,0,0
289,9,RouteScenario_9,Failed,Town01,0,0,1,0,0,0,0,0,0,90,0,0,0,60,100,-80,225,0,1,vehicle.bmw.isetta,"[0, 0, 0]",4,,hero,True,70,161.240312550301,824,10,8.41827593487861,5.05096556092716,0.6,177,141,41.350000616163,213.258012771606,collisions_vehicle,HardRainNight,90,60,100,1,225,-80,0,0,0,0
290,90,RouteScenario_90,Failed - Agent got blocked,Town01,0,0,0,0,0,0,0,0,1,90,0,0,0,15,50,15,270,0,0.349999994039536,vehicle.bmw.isetta,"[0, 0, 0]",4,,hero,True,70,212.051471379147,13159,10,98.8399799757282,98.8399799757282,1,176,147,658.100009806454,2465.00836777687,none,SoftRainSunset,90,15,50,0.35,270,15,0,0,0,0
291,91,RouteScenario_91,Failed - Agent timed out,Town01,0,0,0,39.77,0,0,1,0,0,90,0,0,0,15,50,75,315,0,0.349999994039536,vehicle.bmw.isetta,"[0, 0, 0]",4,,hero,True,70,50.1306667090402,5158,10,95.2826094050366,57.3847319072337,0.602258190298894,177,148,258.050003845245,1416.03675603867,none,SoftRainNoon,90,15,50,0.35,315,75,0,0,0,0
292,92,RouteScenario_92,Failed - Agent timed out,Town01,0,0,0,3.07,0,0,1,0,0,90,0,0,0,60,100,75,90,0,1,vehicle.bmw.isetta,"[0, 0, 0]",4,,hero,True,70,9.9037431356277,18378,10,98.7651638674663,95.7341622742452,0.969311025522233,177,144,919.050013694912,4824.81807780266,none,HardRainNoon,90,60,100,1,90,75,0,0,0,0
293,93,RouteScenario_93,Failed - Agent got blocked,Town01,0,0,0,0,0,0,0,0,1,20,0,0,0,0,50,15,270,0,0.349999994039536,vehicle.bmw.isetta,"[0, 0, 0]",4,,hero,True,70,147.887772506435,6123,10,98.9221620428449,98.9221620428449,1,177,145,306.300004564226,1375.94140219688,none,WetSunset,20,0,50,0.35,270,15,0,0,0,0
294,94,RouteScenario_94,Failed,Town01,1,0,0,12.22,0,0,0,0,0,15,0,0,0,0,0,-80,0,0,0.349999994039536,vehicle.bmw.isetta,"[0, 0, 0]",4,,hero,True,70,132.450847509141,445,10,31.7618138192361,18.1216722728693,0.570549036525558,177,143,22.400000333786,73.422694683075,collisions_layout,ClearNight,15,0,0,0.35,0,-80,0,0,0,0
295,95,RouteScenario_95,Failed - Agent got blocked,Town01,0,0,0,0,0,0,0,0,1,15,0,0,0,0,0,75,0,0,0.349999994039536,vehicle.bmw.isetta,"[0, 0, 0]",4,,hero,True,70,175.462139150575,5017,10,98.3747655942404,98.3747655942404,1,177,144,251.000003740191,1132.12173056602,none,ClearNoon,15,0,0,0.35,0,75,0,0,0,0
296,96,RouteScenario_96,Failed - Agent got blocked,Town01,0,0,0,0,0,0,0,0,1,80,0,0,0,30,50,-80,225,0,0.400000005960465,vehicle.bmw.isetta,"[0, 0, 0]",4,,hero,True,70,146.502220519111,11020,10,98.6399850871442,98.6399850871442,1,177,139,551.150008212775,2437.69755220413,none,MidRainyNight,80,30,50,0.4,225,-80,0,0,0,0
297,97,RouteScenario_97,Failed - Agent got blocked,Town01,0,0,0,0,0,0,0,0,1,20,0,0,0,0,50,15,270,0,0.349999994039536,vehicle.bmw.isetta,"[0, 0, 0]",4,,hero,True,70,97.7891815367876,4143,10,97.9321518330773,97.9321518330773,1,177,145,207.300003089011,832.188386440277,none,WetSunset,20,0,50,0.35,270,15,0,0,0,0
298,98,RouteScenario_98,Failed,Town01,0,0,1,0,0,0,0,0,0,15,0,0,0,0,0,75,0,0,0.349999994039536,vehicle.bmw.isetta,"[0, 0, 0]",4,,hero,True,70,84.7644301521923,452,10,16.3183909625146,9.79103457750876,0.6,177,145,22.7500003390014,104.188774585724,collisions_vehicle,ClearNoon,15,0,0,0.35,0,75,0,0,0,0
299,99,RouteScenario_99,Failed - Agent got blocked,Town01,0,0,0,0,0,0,0,0,1,20,0,0,0,0,50,15,270,0,0.349999994039536,vehicle.bmw.isetta,"[0, 0, 0]",4,,hero,True,70,138.250854519956,7630,10,96.8624644770669,96.8624644770669,1,177,139,381.650005687028,1466.52049541473,none,WetSunset,20,0,50,0.35,270,15,0,0,0,0
300,0,RouteScenario_0,Completed,Town01,0,0,0,0,0,0,0,0,0,20,0,0,0,0,50,15,270,0,0.349999994039536,vehicle.bmw.isetta,"[0, 0, 0]",4,,hero,True,70,207.019212970771,1971,11,100,100,1,177,133,98.7000014707446,686.479188919067,none,WetSunset,20,0,50,0.35,270,15,0,0,0,0
301,1,RouteScenario_1,Failed,Town01,0,0,0,0,1,0,0,0,0,90,0,0,0,15,50,-80,270,0,0.349999994039536,vehicle.bmw.isetta,"[0, 0, 0]",4,,hero,True,70,82.7731237397857,44,11,0,0,0.7,177,136,2.35000003501773,13.0380823612213,red_light,SoftRainNight,90,15,50,0.35,270,-80,0,0,0,0
302,10,RouteScenario_10,Failed - Agent got blocked,Town01,0,0,0,0,0,0,0,0,1,90,0,0,0,0,50,15,0,0,0.349999994039536,vehicle.bmw.isetta,"[0, 0, 0]",4,,hero,True,70,178.939133037313,7790,11,98.3128736084092,98.3128736084092,1,177,139,389.650005806237,2540.04928159714,none,WetCloudySunset,90,0,50,0.35,0,15,0,0,0,0
303,100,RouteScenario_100,Completed,Town01,0,0,0,0,0,0,0,0,0,90,0,0,0,60,100,75,90,0,1,vehicle.bmw.isetta,"[0, 0, 0]",4,,hero,True,70,238.109787563928,5551,11,100,100,1,177,132,277.700004138052,1863.03686189651,none,HardRainNoon,90,60,100,1,90,75,0,0,0,0
304,101,RouteScenario_101,Failed - Agent got blocked,Town01,0,0,0,10.64,0,0,0,0,1,90,0,0,0,15,50,-80,270,0,0.349999994039536,vehicle.bmw.isetta,"[0, 0, 0]",4,,hero,True,70,223.332902900877,8786,11,98.684286257134,88.1844538162879,0.893601779583353,177,132,439.450006548315,3091.21969223022,none,SoftRainNight,90,15,50,0.35,270,-80,0,0,0,0
305,102,RouteScenario_102,Completed,Town01,0,0,0,0,0,0,0,0,0,15,0,0,0,0,0,15,45,0,0.349999994039536,vehicle.bmw.isetta,"[0, 0, 0]",4,,hero,True,70,167.564870864939,5655,11,100,100,1,177,135,282.900004215539,2180.10520648956,none,ClearSunset,15,0,0,0.35,45,15,0,0,0,0
306,103,RouteScenario_103,Failed,Town01,0,0,1,14.44,0,0,0,0,0,80,0,0,0,0,0,75,45,0,0.349999994039536,vehicle.bmw.isetta,"[0, 0, 0]",4,,hero,True,70,194.971879863744,7997,11,7.4808979601112,3.84058816905562,0.51338598514964,177,138,400.000005960465,2965.20240497589,collisions_vehicle,CloudyNoon,80,0,0,0.35,45,75,0,0,0,0
307,104,RouteScenario_104,Failed,Town01,1,0,0,16.84,0,0,0,0,0,20,0,0,0,0,50,-80,225,0,0.349999994039536,vehicle.bmw.isetta,"[0, 0, 0]",4,,hero,True,70,115.885909577756,739,11,49.7761117843567,26.9054975111108,0.540530317588334,177,136,37.1000005528331,240.830935955048,collisions_layout,WetNight,20,0,50,0.35,225,-80,0,0,0,0
308,105,RouteScenario_105,Completed,Town01,0,0,0,0,0,0,0,0,0,90,0,0,0,60,100,75,90,0,1,vehicle.bmw.isetta,"[0, 0, 0]",4,,hero,True,70,43.0960436440428,5304,11,100,100,1,177,136,265.350003954023,1850.88528943062,none,HardRainNoon,90,60,100,1,90,75,0,0,0,0
309,106,RouteScenario_106,Failed,Town01,0,0,0,0,1,0,0,0,0,90,0,0,0,15,50,-80,270,0,0.349999994039536,vehicle.bmw.isetta,"[0, 0, 0]",4,,hero,True,70,58.6382713487703,0,11,0,0,0.7,177,0,0.050000000745058,0.0393109321594238,red_light,SoftRainNight,90,15,50,0.35,270,-80,0,0,0,0
310,107,RouteScenario_107,Failed - Agent timed out,Town01,0,0,0,0,0,0,1,0,0,20,0,0,0,0,50,-80,225,0,0.349999994039536,vehicle.bmw.isetta,"[0, 0, 0]",4,,hero,True,70,77.2658992938477,8478,11,98.0971090935468,98.0971090935468,1,177,135,424.050006318837,3065.88512253761,none,WetNight,20,0,50,0.35,225,-80,0,0,0,0
311,108,RouteScenario_108,Failed - Agent got blocked,Town01,0,0,0,8.83,0,0,0,0,1,15,0,0,0,0,0,15,45,0,0.349999994039536,vehicle.bmw.isetta,"[0, 0, 0]",4,,hero,True,70,162.785049296464,6163,11,98.6775984623603,89.9681147952739,0.911737985086772,177,135,308.300004594028,2226.1695830822,none,ClearSunset,15,0,0,0.35,45,15,0,0,0,0
312,109,RouteScenario_109,Completed,Town01,0,0,0,0,0,0,0,0,0,90,0,0,0,0,50,-80,225,0,0.349999994039536,vehicle.bmw.isetta,"[0, 0, 0]",4,,hero,True,70,198.331334951565,3124,11,100,100,1,177,137,156.350002329797,1255.95181417465,none,WetCloudyNight,90,0,50,0.35,225,-80,0,0,0,0
313,11,RouteScenario_11,Failed - Agent got blocked,Town01,0,0,0,0,0,0,0,0,1,90,0,0,0,0,50,75,180,0,0.349999994039536,vehicle.bmw.isetta,"[0, 0, 0]",4,,hero,True,70,101.612062127783,5070,11,98.5315498897885,98.5315498897885,1,177,136,253.65000377968,1556.94233083725,none,WetCloudyNoon,90,0,50,0.35,180,75,0,0,0,0
314,110,RouteScenario_110,Failed,Town01,0,0,1,0,0,0,0,0,0,90,0,0,0,0,50,75,180,0,0.349999994039536,vehicle.bmw.isetta,"[0, 0, 0]",4,,hero,True,70,114.149971162581,2740,11,56.9938016998363,34.1962810199018,0.6,177,134,137.150002043694,869.217000484467,collisions_vehicle,WetCloudyNoon,90,0,50,0.35,180,75,0,0,0,0
315,111,RouteScenario_111,Failed - Agent timed out,Town01,0,0,0,0,0,0,1,0,0,90,0,0,0,60,100,75,90,0,1,vehicle.bmw.isetta,"[0, 0, 0]",4,,hero,True,70,89.8581682581759,9818,11,96.9709620656132,96.9709620656132,1,177,133,491.050007317215,3426.35718417168,none,HardRainNoon,90,60,100,1,90,75,0,0,0,0
316,112,RouteScenario_112,Failed - Agent got blocked,Town01,0,0,0,0,0,0,0,0,1,80,0,0,0,0,0,75,45,0,0.349999994039536,vehicle.bmw.isetta,"[0, 0, 0]",4,,hero,True,70,117.182011802066,7321,11,98.0387892144642,98.0387892144642,1,176,130,366.200005456805,2450.26516222954,none,CloudyNoon,80,0,0,0.35,45,75,0,0,0,0
317,113,RouteScenario_113,Failed - Agent got blocked,Town01,0,0,0,0,0,0,0,0,1,20,0,0,0,0,50,-80,225,0,0.349999994039536,vehicle.bmw.isetta,"[0, 0, 0]",4,,hero,True,70,124.710890054488,11777,11,97.9893466578077,97.9893466578077,1,177,132,589.000008776784,3797.98142743111,none,WetNight,20,0,50,0.35,225,-80,0,0,0,0
318,114,RouteScenario_114,Failed,Town01,0,0,0,0,1,0,0,0,0,80,0,0,0,0,0,-80,45,0,0.349999994039536,vehicle.bmw.isetta,"[0, 0, 0]",4,,hero,True,70,97.8522698152996,47,11,0.334158245764877,0.233910772035414,0.7,177,137,2.5000000372529,15.2372441291809,red_light,CloudyNight,80,0,0,0.35,45,-80,0,0,0,0
319,115,RouteScenario_115,Failed,Town01,0,0,1,0,0,0,0,0,0,90,0,0,0,0,50,15,0,0,0.349999994039536,vehicle.bmw.isetta,"[0, 0, 0]",4,,hero,True,70,152.482095803129,1081,11,36.567132543042,21.9402795258252,0.6,177,134,54.2000008076429,388.247985363007,collisions_vehicle,WetCloudySunset,90,0,50,0.35,0,15,0,0,0,0
320,116,RouteScenario_116,Failed,Town01,0,0,0,0,1,0,0,0,0,90,0,0,0,0,50,75,180,0,0.349999994039536,vehicle.bmw.isetta,"[0, 0, 0]",4,,hero,True,70,273.331996132036,809,11,0.689627730899564,0.482739411629695,0.7,177,139,40.6000006049871,257.216019630432,red_light,WetCloudyNoon,90,0,50,0.35,180,75,0,0,0,0
321,117,RouteScenario_117,Failed - Agent got blocked,Town01,0,0,0,0,0,0,0,0,1,80,0,0,0,0,0,75,45,0,0.349999994039536,vehicle.bmw.isetta,"[0, 0, 0]",4,,hero,True,70,174.533229151483,10068,11,98.9957281718456,98.9957281718456,1,176,133,503.55000750348,3281.76622581482,none,CloudyNoon,80,0,0,0.35,45,75,0,0,0,0
322,118,RouteScenario_118,Failed - Agent got blocked,Town01,0,0,0,0,0,0,0,0,1,15,0,0,0,0,0,-80,0,0,0.349999994039536,vehicle.bmw.isetta,"[0, 0, 0]",4,,hero,True,70,56.3013298853026,8051,11,97.9563457893941,97.9563457893941,1,177,132,402.700006000698,2867.59954786301,none,ClearNight,15,0,0,0.35,0,-80,0,0,0,0
323,119,RouteScenario_119,Failed,Town01,0,0,0,0,1,0,0,0,0,90,0,0,0,0,50,-80,225,0,0.349999994039536,vehicle.bmw.isetta,"[0, 0, 0]",4,,hero,True,70,187.802880730796,4450,11,76.0397965413766,53.2278575789636,0.7,177,137,222.650003317744,1488.17774939537,red_light,WetCloudyNight,90,0,50,0.35,225,-80,0,0,0,0
324,12,RouteScenario_12,Completed,Town01,0,0,0,0,0,0,0,0,0,90,0,0,0,60,100,75,90,0,1,vehicle.bmw.isetta,"[0, 0, 0]",4,,hero,True,70,148.579952645267,3659,11,100,100,1,177,134,183.100002728403,1143.35372853279,none,HardRainNoon,90,60,100,1,90,75,0,0,0,0
325,120,RouteScenario_120,Failed - Agent got blocked,Town01,0,0,0,0,0,0,0,0,1,90,0,0,0,15,50,-80,270,0,0.349999994039536,vehicle.bmw.isetta,"[0, 0, 0]",4,,hero,True,70,67.6444874349446,5673,11,97.8667075132946,97.8667075132946,1,177,134,283.80000422895,1997.69064640999,none,SoftRainNight,90,15,50,0.35,270,-80,0,0,0,0
326,121,RouteScenario_121,Failed,Town01,0,0,1,39.06,0,0,0,0,0,80,0,0,0,0,0,-80,45,0,0.349999994039536,vehicle.bmw.isetta,"[0, 0, 0]",4,,hero,True,70,247.344371976281,373,11,8.52042855674651,3.11517989599194,0.365613052822951,177,135,18.8000002801418,168.04804444313,collisions_vehicle,CloudyNight,80,0,0,0.35,45,-80,0,0,0,0
327,122,RouteScenario_122,Completed,Town01,0,0,0,0,0,0,0,0,0,80,0,0,0,30,50,15,270,0,0.400000005960465,vehicle.bmw.isetta,"[0, 0, 0]",4,,hero,True,70,185.994639783653,1457,11,100,100,1,177,139,73.0000010877848,456.412136554718,none,MidRainSunset,80,30,50,0.4,270,15,0,0,0,0
328,123,RouteScenario_123,Failed - Agent timed out,Town01,0,0,0,0,0,0,1,0,0,80,0,0,0,0,0,15,270,0,0.349999994039536,vehicle.bmw.isetta,"[0, 0, 0]",4,,hero,True,70,50.9926642098561,4738,11,95.8811400425796,95.8811400425796,1,177,131,237.05000353232,1667.89764285088,none,CloudySunset,80,0,0,0.35,270,15,0,0,0,0
329,124,RouteScenario_124,Failed,Town01,1,0,0,0,0,0,0,0,0,90,0,0,0,0,50,15,0,0,0.349999994039536,vehicle.bmw.isetta,"[0, 0, 0]",4,,hero,True,70,80.7752049372926,9412,11,82.3279079115221,53.5131401424893,0.65,177,136,470.750007014722,3246.40758705139,collisions_layout,WetCloudySunset,90,0,50,0.35,0,15,0,0,0,0
330,125,RouteScenario_125,Completed,Town01,0,0,0,0,0,0,0,0,0,90,0,0,0,0,50,75,180,0,0.349999994039536,vehicle.bmw.isetta,"[0, 0, 0]",4,,hero,True,70,154.227736306685,1770,11,100,100,1,177,128,88.6500013209879,625.07265329361,none,WetCloudyNoon,90,0,50,0.35,180,75,0,0,0,0
331,126,RouteScenario_126,Failed - Agent timed out,Town01,0,0,0,0,0,0,1,0,0,80,0,0,0,60,100,15,0,0,1,vehicle.bmw.isetta,"[0, 0, 0]",4,,hero,True,70,81.1833542852019,8478,11,96.8842473203997,96.8842473203997,1,177,135,424.050006318837,2993.2173948288,none,HardRainSunset,80,60,100,1,0,15,0,0,0,0
332,127,RouteScenario_127,Completed,Town01,0,0,0,0,0,0,0,0,0,90,0,0,0,15,50,-80,270,0,0.349999994039536,vehicle.bmw.isetta,"[0, 0, 0]",4,,hero,True,70,126.519743536487,3100,11,100,100,1,177,132,155.150002311915,978.219197034836,none,SoftRainNight,90,15,50,0.35,270,-80,0,0,0,0
333,128,RouteScenario_128,Failed,Town01,0,0,1,0,0,0,0,0,0,80,0,0,0,0,0,15,270,0,0.349999994039536,vehicle.bmw.isetta,"[0, 0, 0]",4,,hero,True,70,275.50983420566,4115,11,4.063887042362,2.4383322254172,0.6,177,134,205.900003068149,1579.16096687317,collisions_vehicle,CloudySunset,80,0,0,0.35,270,15,0,0,0,0
334,129,RouteScenario_129,Completed,Town01,0,0,0,0,0,0,0,0,0,90,0,0,0,0,50,75,180,0,0.349999994039536,vehicle.bmw.isetta,"[0, 0, 0]",4,,hero,True,70,161.070550861444,1847,11,100,100,1,177,132,92.5000013783574,647.519214868546,none,WetCloudyNoon,90,0,50,0.35,180,75,0,0,0,0
335,13,RouteScenario_13,Failed,Town01,0,0,1,0,0,0,0,0,0,15,0,0,0,0,0,75,0,0,0.349999994039536,vehicle.bmw.isetta,"[0, 0, 0]",4,,hero,True,70,212.219985135147,233,11,11.27269738935,6.76361843361001,0.6,177,135,11.8000001758337,80.0041615962982,collisions_vehicle,ClearNoon,15,0,0,0.35,0,75,0,0,0,0
336,130,RouteScenario_130,Failed - Agent got blocked,Town01,0,0,0,17.9,0,0,0,0,1,80,0,0,0,60,100,15,0,0,1,vehicle.bmw.isetta,"[0, 0, 0]",4,,hero,True,70,92.6720864187918,8937,11,98.3046599061733,80.7084441147825,0.821003238216932,177,133,447.000006660819,3336.20163226128,none,HardRainSunset,80,60,100,1,0,15,0,0,0,0
337,131,RouteScenario_131,Failed - Agent got blocked,Town01,0,0,0,2.33,0,0,0,0,1,80,0,0,0,60,100,15,0,0,1,vehicle.bmw.isetta,"[0, 0, 0]",4,,hero,True,70,155.64995003145,8520,11,98.7214452691817,96.4166872399126,0.976653927391513,177,137,426.15000635013,2621.53202176094,none,HardRainSunset,80,60,100,1,0,15,0,0,0,0
338,132,RouteScenario_132,Failed,Town01,0,0,1,7.03,0,0,0,0,0,90,0,0,0,0,50,75,180,0,0.349999994039536,vehicle.bmw.isetta,"[0, 0, 0]",4,,hero,True,70,168.141501983467,2496,11,34.3844015841517,19.1801667284755,0.557815923640095,177,135,124.9500018619,1024.93863630295,collisions_vehicle,WetCloudyNoon,90,0,50,0.35,180,75,0,0,0,0
339,133,RouteScenario_133,Failed,Town01,0,0,1,0,0,0,0,0,0,80,0,0,0,0,0,15,270,0,0.349999994039536,vehicle.bmw.isetta,"[0, 0, 0]",4,,hero,True,70,135.693103912075,10166,11,75.5262862625195,45.3157717575117,0.6,177,132,508.450007576495,3334.31343865395,collisions_vehicle,CloudySunset,80,0,0,0.35,270,15,0,0,0,0
340,134,RouteScenario_134,Completed,Town01,0,0,0,0,0,0,0,0,0,80,0,0,0,30,50,-80,225,0,0.400000005960465,vehicle.bmw.isetta,"[0, 0, 0]",4,,hero,True,70,121.971395824203,3199,11,100,100,1,177,139,160.100002385676,1158.77899312973,none,MidRainyNight,80,30,50,0.4,225,-80,0,0,0,0
341,135,RouteScenario_135,Failed - Agent got blocked,Town01,0,0,0,0,0,0,0,0,1,15,0,0,0,0,0,75,0,0,0.349999994039536,vehicle.bmw.isetta,"[0, 0, 0]",4,,hero,True,70,90.0830794673052,13703,11,98.349052561932,98.349052561932,1,177,136,685.300010211766,4268.44956469536,none,ClearNoon,15,0,0,0.35,0,75,0,0,0,0
342,136,RouteScenario_136,Completed,Town01,0,0,0,0,0,0,0,0,0,15,0,0,0,0,0,75,0,0,0.349999994039536,vehicle.bmw.isetta,"[0, 0, 0]",4,,hero,True,70,71.692100036983,12563,11,100,100,1,176,131,628.3000093624,4046.03274488449,none,ClearNoon,15,0,0,0.35,0,75,0,0,0,0
343,137,RouteScenario_137,Failed,Town01,0,0,1,0,0,0,0,0,0,80,0,0,0,60,100,15,0,0,1,vehicle.bmw.isetta,"[0, 0, 0]",4,,hero,True,70,195.338331642993,662,11,32.0789134525971,19.2473480715583,0.6,177,132,33.2500004954636,262.899998426437,collisions_vehicle,HardRainSunset,80,60,100,1,0,15,0,0,0,0
344,138,RouteScenario_138,Failed,Town01,0,0,1,0,0,0,0,0,0,80,0,0,0,0,0,75,45,0,0.349999994039536,vehicle.bmw.isetta,"[0, 0, 0]",4,,hero,True,70,96.4002246154936,1733,11,50.2043995338732,30.1226397203239,0.6,177,134,86.8000012934208,665.562994718552,collisions_vehicle,CloudyNoon,80,0,0,0.35,45,75,0,0,0,0
345,139,RouteScenario_139,Completed,Town01,0,0,0,0,0,0,0,0,0,80,0,0,0,30,50,15,270,0,0.400000005960465,vehicle.bmw.isetta,"[0, 0, 0]",4,,hero,True,70,151.5509041962,3195,11,100,100,1,177,134,159.900002382696,1098.47029829025,none,MidRainSunset,80,30,50,0.4,270,15,0,0,0,0
346,14,RouteScenario_14,Failed - Agent got blocked,Town01,0,0,0,0,0,0,0,0,1,15,0,0,0,0,0,15,45,0,0.349999994039536,vehicle.bmw.isetta,"[0, 0, 0]",4,,hero,True,70,185.726159223418,14005,11,98.5200422566029,98.5200422566029,1,177,138,700.400010436773,4971.6579375267,none,ClearSunset,15,0,0,0.35,45,15,0,0,0,0
347,140,RouteScenario_140,Failed - Agent got blocked,Town01,0,0,0,0,0,0,0,0,1,90,0,0,0,15,50,-80,270,0,0.349999994039536,vehicle.bmw.isetta,"[0, 0, 0]",4,,hero,True,70,141.904018858039,9343,11,98.4541363206547,98.4541363206547,1,176,133,467.300006963313,2847.07704281807,none,SoftRainNight,90,15,50,0.35,270,-80,0,0,0,0
348,141,RouteScenario_141,Failed - Agent got blocked,Town01,0,0,0,0.9,0,0,0,0,1,90,0,0,0,15,50,-80,270,0,0.349999994039536,vehicle.bmw.isetta,"[0, 0, 0]",4,,hero,True,70,159.021803044014,6455,11,98.7186442745728,97.8252527416615,0.990950123560992,177,130,322.900004811585,2257.22603774071,none,SoftRainNight,90,15,50,0.35,270,-80,0,0,0,0
349,142,RouteScenario_142,Failed,Town01,1,0,0,0,0,0,0,0,0,15,0,0,0,0,0,75,0,0,0.349999994039536,vehicle.bmw.isetta,"[0, 0, 0]",4,,hero,True,70,69.9383987948123,967,11,42.8598582763822,27.8589078796484,0.65,177,137,48.5000007227063,359.167970657349,collisions_layout,ClearNoon,15,0,0,0.35,0,75,0,0,0,0
350,143,RouteScenario_143,Completed,Town01,0,0,0,0,0,0,0,0,0,90,0,0,0,60,100,75,90,0,1,vehicle.bmw.isetta,"[0, 0, 0]",4,,hero,True,70,222.933809016488,6077,11,100,100,1,177,133,304.000004529953,2043.40989542007,none,HardRainNoon,90,60,100,1,90,75,0,0,0,0
351,144,RouteScenario_144,Completed,Town01,0,0,0,0,0,0,0,0,0,20,0,0,0,0,50,75,45,0,0.349999994039536,vehicle.bmw.isetta,"[0, 0, 0]",4,,hero,True,70,237.946438945277,4884,11,100,100,1,177,138,244.350003641099,1662.87864899635,none,WetNoon,20,0,50,0.35,45,75,0,0,0,0
352,145,RouteScenario_145,Completed,Town01,0,0,0,0,0,0,0,0,0,90,0,0,0,15,50,75,315,0,0.349999994039536,vehicle.bmw.isetta,"[0, 0, 0]",4,,hero,True,70,200.109787391949,1581,11,100,100,1,177,132,79.200001180172,594.737188577652,none,SoftRainNoon,90,15,50,0.35,315,75,0,0,0,0
353,146,RouteScenario_146,Failed,Town01,0,0,0,0,1,0,0,0,0,90,0,0,0,0,50,15,0,0,0.349999994039536,vehicle.bmw.isetta,"[0, 0, 0]",4,,hero,True,70,139.822489759283,4590,11,20.7171440348657,14.502000824406,0.7,176,135,229.650003422052,1440.07520222664,red_light,WetCloudySunset,90,0,50,0.35,0,15,0,0,0,0
354,147,RouteScenario_147,Failed - Agent got blocked,Town01,0,0,0,0,0,0,0,0,1,90,0,0,0,60,100,75,90,0,1,vehicle.bmw.isetta,"[0, 0, 0]",4,,hero,True,70,129.749496859937,9589,11,98.3101043126062,98.3101043126062,1,177,138,479.600007146597,3429.06164431572,none,HardRainNoon,90,60,100,1,90,75,0,0,0,0
355,148,RouteScenario_148,Failed - Agent timed out,Town01,0,0,0,0,0,0,1,0,0,80,0,0,0,0,0,75,45,0,0.349999994039536,vehicle.bmw.isetta,"[0, 0, 0]",4,,hero,True,70,59.9817139769069,4798,11,94.9237628608606,94.9237628608606,1,177,131,240.050003577024,1648.7990925312,none,CloudyNoon,80,0,0,0.35,45,75,0,0,0,0
356,149,RouteScenario_149,Failed,Town01,0,0,1,0,0,0,0,0,0,90,0,0,0,15,50,15,270,0,0.349999994039536,vehicle.bmw.isetta,"[0, 0, 0]",4,,hero,True,70,164.30197183978,373,11,10.5188737873541,6.31132427241248,0.6,176,134,18.8000002801418,114.062042236328,collisions_vehicle,SoftRainSunset,90,15,50,0.35,270,15,0,0,0,0
357,15,RouteScenario_15,Failed,Town01,0,0,1,0,0,0,0,0,0,90,0,0,0,0,50,-80,225,0,0.349999994039536,vehicle.bmw.isetta,"[0, 0, 0]",4,,hero,True,70,135.349716242063,767,11,40.3677663337253,24.2206598002352,0.6,177,137,38.5000005736947,247.845603227615,collisions_vehicle,WetCloudyNight,90,0,50,0.35,225,-80,0,0,0,0
358,150,RouteScenario_150,Failed - Agent timed out,Town01,0,0,0,13.52,0,0,1,0,0,90,0,0,0,60,100,-80,225,0,1,vehicle.bmw.isetta,"[0, 0, 0]",4,,hero,True,70,85.6688904605412,7139,11,17.6131804519819,15.232420180672,0.864830756841416,177,135,357.05000532046,2901.14903712273,none,HardRainNight,90,60,100,1,225,-80,0,0,0,0
359,151,RouteScenario_151,Failed,Town01,1,0,0,20.56,0,0,0,0,0,15,0,0,0,0,0,75,0,0,0.349999994039536,vehicle.bmw.isetta,"[0, 0, 0]",4,,hero,True,70,62.5776968919883,1391,11,67.6973548939183,34.9582431258551,0.516390089105176,177,134,69.7000010386109,433.522804260254,collisions_layout,ClearNoon,15,0,0,0.35,0,75,0,0,0,0
360,152,RouteScenario_152,Completed,Town01,0,0,0,23.13,0,0,0,0,0,90,0,0,0,0,50,-80,225,0,0.349999994039536,vehicle.bmw.isetta,"[0, 0, 0]",4,,hero,True,70,209.050237995328,2371,11,100,76.8727123913174,0.768727123913174,177,136,118.700001768768,794.69261431694,none,WetCloudyNight,90,0,50,0.35,225,-80,0,0,0,0
361,153,RouteScenario_153,Failed,Town01,0,0,1,0,0,0,0,0,0,80,0,0,0,30,50,75,0,0,0.400000005960465,vehicle.bmw.isetta,"[0, 0, 0]",4,,hero,True,70,109.916963408522,2318,11,83.95242279099,50.371453674594,0.6,177,137,116.05000172928,806.330943107605,collisions_vehicle,MidRainyNoon,80,30,50,0.4,0,75,0,0,0,0
362,154,RouteScenario_154,Failed,Town01,1,0,0,0,0,0,0,0,0,80,0,0,0,30,50,15,270,0,0.400000005960465,vehicle.bmw.isetta,"[0, 0, 0]",4,,hero,True,70,112.256339525108,2068,11,63.5827501135532,41.3287875738096,0.65,177,139,103.550001543015,679.034420967102,collisions_layout,MidRainSunset,80,30,50,0.4,270,15,0,0,0,0
363,155,RouteScenario_155,Failed,Town01,0,0,1,0,0,0,0,0,0,90,0,0,0,0,50,75,180,0,0.349999994039536,vehicle.bmw.isetta,"[0, 0, 0]",4,,hero,True,70,113.501485408099,629,11,29.4762351999786,17.6857411199872,0.6,177,132,31.6000004708767,196.460494756699,collisions_vehicle,WetCloudyNoon,90,0,50,0.35,180,75,0,0,0,0
364,156,RouteScenario_156,Failed - Agent got blocked,Town01,0,0,0,0,0,0,0,0,1,90,0,0,0,15,50,15,270,0,0.349999994039536,vehicle.bmw.isetta,"[0, 0, 0]",4,,hero,True,70,245.147823115636,13601,11,98.0259279356202,98.0259279356202,1,176,136,680.20001013577,4254.82545781136,none,SoftRainSunset,90,15,50,0.35,270,15,0,0,0,0
365,157,RouteScenario_157,Failed,Town01,0,0,0,0,1,0,0,0,0,15,0,0,0,0,0,75,0,0,0.349999994039536,vehicle.bmw.isetta,"[0, 0, 0]",4,,hero,True,70,250.122455088616,3058,11,94.7029228483708,66.2920459938596,0.7,177,136,153.050002280623,1047.01587748528,red_light,ClearNoon,15,0,0,0.35,0,75,0,0,0,0
366,158,RouteScenario_158,Failed,Town01,1,0,0,0,0,0,0,0,0,15,0,0,0,0,0,75,0,0,0.349999994039536,vehicle.bmw.isetta,"[0, 0, 0]",4,,hero,True,70,54.5061313527031,81,11,1.92213375422052,1.24938694024334,0.65,177,137,4.20000006258488,32.4714272022247,collisions_layout,ClearNoon,15,0,0,0.35,0,75,0,0,0,0
367,159,RouteScenario_159,Failed,Town01,1,0,0,0,0,0,0,0,0,90,0,0,0,15,50,15,270,0,0.349999994039536,vehicle.bmw.isetta,"[0, 0, 0]",4,,hero,True,70,132.291257700532,955,11,86.6885864858731,56.3475812158175,0.65,177,137,47.9000007137656,310.800890684128,collisions_layout,SoftRainSunset,90,15,50,0.35,270,15,0,0,0,0
368,16,RouteScenario_16,Failed - Agent got blocked,Town01,0,0,0,0,0,0,0,0,1,80,0,0,0,0,0,-80,45,0,0.349999994039536,vehicle.bmw.isetta,"[0, 0, 0]",4,,hero,True,70,84.7484900228585,3940,11,3.4022315144248,3.4022315144248,1,177,135,197.150002937764,1272.04953408241,none,CloudyNight,80,0,0,0.35,45,-80,0,0,0,0
369,160,RouteScenario_160,Failed - Agent got blocked,Town01,0,0,0,9.49,0,0,0,0,1,80,0,0,0,0,0,-80,45,0,0.349999994039536,vehicle.bmw.isetta,"[0, 0, 0]",4,,hero,True,70,152.372866032456,6841,11,98.5796185688957,89.2248295366605,0.905104227749702,177,135,342.200005099177,2735.2379257679,none,CloudyNight,80,0,0,0.35,45,-80,0,0,0,0
370,161,RouteScenario_161,Failed,Town01,0,0,1,1.08,0,0,0,0,0,15,0,0,0,0,0,15,45,0,0.349999994039536,vehicle.bmw.isetta,"[0, 0, 0]",4,,hero,True,70,170.354341953363,797,11,39.2303597696318,23.2829988300601,0.59349439991839,177,135,40.0000005960465,255.537474632263,collisions_vehicle,ClearSunset,15,0,0,0.35,45,15,0,0,0,0
371,162,RouteScenario_162,Completed,Town01,0,0,0,0,0,0,0,0,0,80,0,0,0,30,50,75,0,0,0.400000005960465,vehicle.bmw.isetta,"[0, 0, 0]",4,,hero,True,70,135.502610380285,1501,11,100,100,1,177,138,75.2000011205673,552.890527963638,none,MidRainyNoon,80,30,50,0.4,0,75,0,0,0,0
372,163,RouteScenario_163,Failed,Town01,0,0,0,0,1,0,0,0,0,80,0,0,0,0,0,75,45,0,0.349999994039536,vehicle.bmw.isetta,"[0, 0, 0]",4,,hero,True,70,184.082473044052,4166,11,98.0357260888332,68.6250082621832,0.7,177,131,208.450003106147,1479.28912305832,red_light,CloudyNoon,80,0,0,0.35,45,75,0,0,0,0
373,164,RouteScenario_164,Failed - Agent got blocked,Town01,0,0,0,0,0,0,0,0,1,20,0,0,0,0,50,-80,225,0,0.349999994039536,vehicle.bmw.isetta,"[0, 0, 0]",4,,hero,True,70,185.402220123789,7443,11,7.16029092557774,7.16029092557774,1,177,137,372.300005547702,2995.49417924881,none,WetNight,20,0,50,0.35,225,-80,0,0,0,0
374,165,RouteScenario_165,Failed - Agent got blocked,Town01,0,0,0,0,0,0,0,0,1,20,0,0,0,0,50,15,270,0,0.349999994039536,vehicle.bmw.isetta,"[0, 0, 0]",4,,hero,True,70,262.739958049476,13859,11,98.8499489066548,98.8499489066548,1,177,140,693.100010327995,4264.04311084747,none,WetSunset,20,0,50,0.35,270,15,0,0,0,0
375,166,RouteScenario_166,Completed,Town01,0,0,0,0,0,0,0,0,0,90,0,0,0,0,50,15,0,0,0.349999994039536,vehicle.bmw.isetta,"[0, 0, 0]",4,,hero,True,70,128.959131856457,2077,11,100,100,1,177,130,104.000001549721,656.00130033493,none,WetCloudySunset,90,0,50,0.35,0,15,0,0,0,0
376,167,RouteScenario_167,Failed - Agent got blocked,Town01,0,0,0,7.75,0,0,0,0,1,80,0,0,0,60,100,15,0,0,1,vehicle.bmw.isetta,"[0, 0, 0]",4,,hero,True,70,157.491294128904,9624,11,37.261284850692,34.3721687374002,0.922463325543693,176,136,481.350007172674,3245.63397431374,none,HardRainSunset,80,60,100,1,0,15,0,0,0,0
377,168,RouteScenario_168,Failed - Agent timed out,Town01,0,0,0,0,0,0,1,0,0,80,0,0,0,0,0,-80,45,0,0.349999994039536,vehicle.bmw.isetta,"[0, 0, 0]",4,,hero,True,70,105.841175004267,11138,11,96.5940863709252,96.5940863709252,1,177,140,557.050008300692,3770.74974083901,none,CloudyNight,80,0,0,0.35,45,-80,0,0,0,0
378,169,RouteScenario_169,Failed - Agent got blocked,Town01,0,0,0,0,0,0,0,0,1,20,0,0,0,0,50,15,270,0,0.349999994039536,vehicle.bmw.isetta,"[0, 0, 0]",4,,hero,True,70,106.085237015553,8691,11,98.2958945950834,98.2958945950834,1,177,132,434.700006477535,3217.78852653503,none,WetSunset,20,0,50,0.35,270,15,0,0,0,0
379,17,RouteScenario_17,Failed,Town01,0,0,1,0,0,0,0,0,0,80,0,0,0,30,50,75,0,0,0.400000005960465,vehicle.bmw.isetta,"[0, 0, 0]",4,,hero,True,70,134.964935241645,3009,11,43.0899254260835,25.8539552556501,0.6,177,136,150.600002244115,977.506518602371,collisions_vehicle,MidRainyNoon,80,30,50,0.4,0,75,0,0,0,0
380,170,RouteScenario_170,Completed,Town01,0,0,0,0,0,0,0,0,0,90,0,0,0,0,50,15,0,0,0.349999994039536,vehicle.bmw.isetta,"[0, 0, 0]",4,,hero,True,70,133.999669219452,595,11,100,100,1,177,134,29.9000004455447,212.305218219757,none,WetCloudySunset,90,0,50,0.35,0,15,0,0,0,0
381,171,RouteScenario_171,Failed - Agent got blocked,Town01,0,0,0,0,0,0,0,0,1,90,0,0,0,0,50,75,180,0,0.349999994039536,vehicle.bmw.isetta,"[0, 0, 0]",4,,hero,True,70,188.622170817274,9052,11,98.7951344286678,98.7951344286678,1,176,132,452.750006746501,3316.45897555351,none,WetCloudyNoon,90,0,50,0.35,180,75,0,0,0,0
382,172,RouteScenario_172,Failed - Agent got blocked,Town01,0,0,0,0,0,0,0,0,1,80,0,0,0,30,50,75,0,0,0.400000005960465,vehicle.bmw.isetta,"[0, 0, 0]",4,,hero,True,70,56.728049238316,4592,11,95.9412161380301,95.9412161380301,1,177,134,229.750003423542,1616.69817328453,none,MidRainyNoon,80,30,50,0.4,0,75,0,0,0,0
383,173,RouteScenario_173,Failed - Agent got blocked,Town01,0,0,0,0,0,0,0,0,1,80,0,0,0,0,0,15,270,0,0.349999994039536,vehicle.bmw.isetta,"[0, 0, 0]",4,,hero,True,70,55.9993321265714,3908,11,94.4565269891651,94.4565269891651,1,177,132,195.550002913922,1389.59111785889,none,CloudySunset,80,0,0,0.35,270,15,0,0,0,0
384,174,RouteScenario_174,Failed - Agent timed out,Town01,0,0,0,14.99,0,0,1,0,0,80,0,0,0,0,0,-80,45,0,0.349999994039536,vehicle.bmw.isetta,"[0, 0, 0]",4,,hero,True,70,77.744740124334,9138,11,96.5444098105995,82.073164905951,0.850107894045464,177,138,457.050006810576,3999.79740548134,none,CloudyNight,80,0,0,0.35,45,-80,0,0,0,0
385,175,RouteScenario_175,Failed,Town01,0,0,1,12.65,0,0,0,0,0,20,0,0,0,0,50,15,270,0,0.349999994039536,vehicle.bmw.isetta,"[0, 0, 0]",4,,hero,True,70,201.475223256883,677,11,9.27200532069541,4.85965557290643,0.524121309773143,177,137,34.0000005066395,262.403859138489,collisions_vehicle,WetSunset,20,0,50,0.35,270,15,0,0,0,0
386,176,RouteScenario_176,Failed,Town01,0,0,0,0,1,0,0,0,0,80,0,0,0,30,50,75,0,0,0.400000005960465,vehicle.bmw.isetta,"[0, 0, 0]",4,,hero,True,70,57.9158288337434,3345,11,65.1246307543765,45.5872415280635,0.7,177,131,167.400002494454,1054.22749376297,red_light,MidRainyNoon,80,30,50,0.4,0,75,0,0,0,0
387,177,RouteScenario_177,Failed,Town01,0,0,1,0,0,0,0,0,0,90,0,0,0,60,100,-80,225,0,1,vehicle.bmw.isetta,"[0, 0, 0]",4,,hero,True,70,233.505986398905,1657,11,60.1982131490124,36.1189278894074,0.6,176,131,83.0000012367964,693.989575624466,collisions_vehicle,HardRainNight,90,60,100,1,225,-80,0,0,0,0
388,178,RouteScenario_178,Failed - Agent got blocked,Town01,0,0,0,0,0,0,0,0,1,90,0,0,0,15,50,75,315,0,0.349999994039536,vehicle.bmw.isetta,"[0, 0, 0]",4,,hero,True,70,136.380786402101,11623,11,96.3374317385847,96.3374317385847,1,176,135,581.300008662045,3794.84284853935,none,SoftRainNoon,90,15,50,0.35,315,75,0,0,0,0
389,179,RouteScenario_179,Completed,Town01,0,0,0,0,0,0,0,0,0,80,0,0,0,0,0,-80,45,0,0.349999994039536,vehicle.bmw.isetta,"[0, 0, 0]",4,,hero,True,70,64.8444328893938,13604,11,100,100,1,176,133,680.350010138005,5193.66997146607,none,CloudyNight,80,0,0,0.35,45,-80,0,0,0,0
390,18,RouteScenario_18,Failed,Town01,0,0,1,6.52,0,0,0,0,0,90,0,0,0,0,50,15,0,0,0.349999994039536,vehicle.bmw.isetta,"[0, 0, 0]",4,,hero,True,70,63.5163513223151,1364,11,22.4011491258589,12.5644647269416,0.560884830342819,176,135,68.3500010184944,445.061058759689,collisions_vehicle,WetCloudySunset,90,0,50,0.35,0,15,0,0,0,0
391,180,RouteScenario_180,Failed,Town01,1,0,0,0,0,0,0,0,0,80,0,0,0,30,50,75,0,0,0.400000005960465,vehicle.bmw.isetta,"[0, 0, 0]",4,,hero,True,70,147.482001951711,2786,11,95.1756534515015,61.864174743476,0.65,177,136,139.450002077967,1012.87777042389,collisions_layout,MidRainyNoon,80,30,50,0.4,0,75,0,0,0,0
392,181,RouteScenario_181,Failed,Town01,0,0,0,0,1,0,0,0,0,90,0,0,0,15,50,-80,270,0,0.349999994039536,vehicle.bmw.isetta,"[0, 0, 0]",4,,hero,True,70,217.518929470552,45,11,0.174298194876106,0.122008736413274,0.7,177,135,2.40000003576279,14.7257177829742,red_light,SoftRainNight,90,15,50,0.35,270,-80,0,0,0,0
393,182,RouteScenario_182,Failed - Agent got blocked,Town01,0,0,0,0,0,0,0,0,1,80,0,0,0,0,0,75,45,0,0.349999994039536,vehicle.bmw.isetta,"[0, 0, 0]",4,,hero,True,70,190.816406972756,12485,11,98.878938766061,98.878938766061,1,177,138,624.400009304285,4299.41345024109,none,CloudyNoon,80,0,0,0.35,45,75,0,0,0,0
394,183,RouteScenario_183,Failed - Agent got blocked,Town01,0,0,0,0,0,0,0,0,1,90,0,0,0,0,50,75,180,0,0.349999994039536,vehicle.bmw.isetta,"[0, 0, 0]",4,,hero,True,70,254.106071315946,7290,11,98.538944035775,98.538944035775,1,177,133,364.650005433708,2334.69901919365,none,WetCloudyNoon,90,0,50,0.35,180,75,0,0,0,0
395,184,RouteScenario_184,Failed - Agent timed out,Town01,0,0,0,0,0,0,1,0,0,90,0,0,0,15,50,-80,270,0,0.349999994039536,vehicle.bmw.isetta,"[0, 0, 0]",4,,hero,True,70,165.261797998712,16458,11,98.7995864403767,98.7995864403767,1,177,132,823.050012264401,5414.02115249634,none,SoftRainNight,90,15,50,0.35,270,-80,0,0,0,0
396,185,RouteScenario_185,Completed,Town01,0,0,0,0,0,0,0,0,0,15,0,0,0,0,0,75,0,0,0.349999994039536,vehicle.bmw.isetta,"[0, 0, 0]",4,,hero,True,70,149.996010641079,4606,11,100,100,1,177,138,230.450003433973,1598.51532936096,none,ClearNoon,15,0,0,0.35,0,75,0,0,0,0
397,186,RouteScenario_186,Failed - Agent got blocked,Town01,0,0,0,0,0,0,0,0,1,90,0,0,0,60,100,-80,225,0,1,vehicle.bmw.isetta,"[0, 0, 0]",4,,hero,True,70,71.5099465282835,5230,11,97.1275922719159,97.1275922719159,1,177,131,261.650003898889,1629.53076863289,none,HardRainNight,90,60,100,1,225,-80,0,0,0,0
398,187,RouteScenario_187,Completed,Town01,0,0,0,0,0,0,0,0,0,15,0,0,0,0,0,75,0,0,0.349999994039536,vehicle.bmw.isetta,"[0, 0, 0]",4,,hero,True,70,135.461553818519,2411,11,100,100,1,177,138,120.70000179857,758.68407535553,none,ClearNoon,15,0,0,0.35,0,75,0,0,0,0
399,188,RouteScenario_188,Failed,Town01,0,0,1,0,0,0,0,0,0,90,0,0,0,15,50,-80,270,0,0.349999994039536,vehicle.bmw.isetta,"[0, 0, 0]",4,,hero,True,70,156.796898251632,1055,11,41.3553456852613,24.8132074111568,0.6,177,135,52.9000007882714,390.492979288101,collisions_vehicle,SoftRainNight,90,15,50,0.35,270,-80,0,0,0,0
400,189,RouteScenario_189,Failed - Agent timed out,Town01,0,0,0,0,0,0,1,0,0,90,0,0,0,15,50,75,315,0,0.349999994039536,vehicle.bmw.isetta,"[0, 0, 0]",4,,hero,True,70,83.1345032817826,8818,11,97.2557035376632,97.2557035376632,1,177,140,441.050006572157,2688.33755683899,none,SoftRainNoon,90,15,50,0.35,315,75,0,0,0,0
401,19,RouteScenario_19,Failed,Town01,0,0,0,4.07,1,0,0,0,0,15,0,0,0,0,0,-80,0,0,0.349999994039536,vehicle.bmw.isetta,"[0, 0, 0]",4,,hero,True,70,250.789999323848,4772,11,97.5367125873273,65.4952250492539,0.671493054378004,177,133,238.750003557652,1673.27906250954,red_light,ClearNight,15,0,0,0.35,0,-80,0,0,0,0
402,190,RouteScenario_190,Failed - Agent got blocked,Town01,0,0,0,0,0,0,0,0,1,90,0,0,0,0,50,15,0,0,0.349999994039536,vehicle.bmw.isetta,"[0, 0, 0]",4,,hero,True,70,114.626670969867,10202,11,98.7132475295235,98.7132475295235,1,177,139,510.250007603318,3865.80686664581,none,WetCloudySunset,90,0,50,0.35,0,15,0,0,0,0
403,191,RouteScenario_191,Failed,Town01,0,0,1,24.21,0,0,0,0,0,80,0,0,0,0,0,-80,45,0,0.349999994039536,vehicle.bmw.isetta,"[0, 0, 0]",4,,hero,True,70,63.4342348938212,820,11,14.4736521845566,6.58177057226292,0.454741518473524,177,133,41.1500006131828,261.937181711197,collisions_vehicle,CloudyNight,80,0,0,0.35,45,-80,0,0,0,0
404,192,RouteScenario_192,Completed,Town01,0,0,0,0,0,0,0,0,0,90,0,0,0,60,100,75,90,0,1,vehicle.bmw.isetta,"[0, 0, 0]",4,,hero,True,70,192.365690127461,2988,11,100,100,1,176,134,149.550002228469,1116.77930808067,none,HardRainNoon,90,60,100,1,90,75,0,0,0,0
405,193,RouteScenario_193,Completed,Town01,0,0,0,0,0,0,0,0,0,90,0,0,0,0,50,-80,225,0,0.349999994039536,vehicle.bmw.isetta,"[0, 0, 0]",4,,hero,True,70,209.09000542938,2609,11,100,100,1,177,134,130.600001946092,1028.59551668167,none,WetCloudyNight,90,0,50,0.35,225,-80,0,0,0,0
406,194,RouteScenario_194,Failed - Agent got blocked,Town01,0,0,0,0,0,0,0,0,1,90,0,0,0,15,50,15,270,0,0.349999994039536,vehicle.bmw.isetta,"[0, 0, 0]",4,,hero,True,70,70.4333455625408,9227,11,98.1521749285955,98.1521749285955,1,177,133,461.500006876886,2951.75425076485,none,SoftRainSunset,90,15,50,0.35,270,15,0,0,0,0
407,195,RouteScenario_195,Failed,Town01,1,0,0,90.57,0,0,0,0,0,80,0,0,0,60,100,15,0,0,1,vehicle.bmw.isetta,"[0, 0, 0]",4,,hero,True,70,257.854312822787,141,11,10.9521527233747,0.671318837674693,0.0612956059535153,177,134,7.20000010728836,51.5159502029419,collisions_layout,HardRainSunset,80,60,100,1,0,15,0,0,0,0
408,196,RouteScenario_196,Completed,Town01,0,0,0,0,0,0,0,0,0,90,0,0,0,15,50,15,270,0,0.349999994039536,vehicle.bmw.isetta,"[0, 0, 0]",4,,hero,True,70,163.999940074627,1375,11,100,100,1,177,136,68.90000102669,518.544636487961,none,SoftRainSunset,90,15,50,0.35,270,15,0,0,0,0
409,197,RouteScenario_197,Failed - Agent got blocked,Town01,0,0,0,0,0,0,0,0,1,20,0,0,0,0,50,15,270,0,0.349999994039536,vehicle.bmw.isetta,"[0, 0, 0]",4,,hero,True,70,269.209166448607,11479,11,98.9629707169967,98.9629707169967,1,177,133,574.100008554757,4230.70343542099,none,WetSunset,20,0,50,0.35,270,15,0,0,0,0
410,198,RouteScenario_198,Failed - Agent got blocked,Town01,0,0,0,0,0,0,0,0,1,90,0,0,0,0,50,75,180,0,0.349999994039536,vehicle.bmw.isetta,"[0, 0, 0]",4,,hero,True,70,171.195597514441,6754,11,98.2338187996975,98.2338187996975,1,177,133,337.850005034357,2113.27493953705,none,WetCloudyNoon,90,0,50,0.35,180,75,0,0,0,0
411,199,RouteScenario_199,Failed - Agent timed out,Town01,0,0,0,0,0,0,1,0,0,80,0,0,0,30,50,15,270,0,0.400000005960465,vehicle.bmw.isetta,"[0, 0, 0]",4,,hero,True,70,98.0012884252301,7778,11,96.878880056183,96.878880056183,1,177,134,389.050005797297,2557.18208765984,none,MidRainSunset,80,30,50,0.4,270,15,0,0,0,0
412,2,RouteScenario_2,Failed,Town01,0,0,1,2.61,0,0,0,0,0,80,0,0,0,60,100,15,0,0,1,vehicle.bmw.isetta,"[0, 0, 0]",4,,hero,True,70,4.00000021027517,2384,11,76.0406465726921,44.4328264054967,0.584329939422865,177,130,119.350001778454,820.627237081528,collisions_vehicle,HardRainSunset,80,60,100,1,0,15,0,0,0,0
413,20,RouteScenario_20,Completed,Town01,0,0,0,0,0,0,0,0,0,80,0,0,0,0,0,15,270,0,0.349999994039536,vehicle.bmw.isetta,"[0, 0, 0]",4,,hero,True,70,251.335243859628,5308,11,100,100,1,177,135,265.550003957003,1687.86464309692,none,CloudySunset,80,0,0,0.35,270,15,0,0,0,0
414,200,RouteScenario_200,Failed,Town01,0,0,1,0,0,0,0,0,0,80,0,0,0,0,0,-80,45,0,0.349999994039536,vehicle.bmw.isetta,"[0, 0, 0]",4,,hero,True,70,271.347296579629,4726,11,94.596685277707,56.7580111666242,0.6,177,140,236.45000352338,1856.16497349739,collisions_vehicle,CloudyNight,80,0,0,0.35,45,-80,0,0,0,0
415,201,RouteScenario_201,Completed,Town01,0,0,0,0,0,0,0,0,0,80,0,0,0,0,0,-80,45,0,0.349999994039536,vehicle.bmw.isetta,"[0, 0, 0]",4,,hero,True,70,126.890683201422,4704,11,100,100,1,177,131,235.350003506988,1992.55568671227,none,CloudyNight,80,0,0,0.35,45,-80,0,0,0,0
416,202,RouteScenario_202,Failed,Town01,0,0,1,0,0,0,0,0,0,15,0,0,0,0,0,15,45,0,0.349999994039536,vehicle.bmw.isetta,"[0, 0, 0]",4,,hero,True,70,65.1745313434621,1028,11,39.7156359806968,23.8293815884181,0.6,177,135,51.5500007681549,388.920513629913,collisions_vehicle,ClearSunset,15,0,0,0.35,45,15,0,0,0,0
417,203,RouteScenario_203,Completed,Town01,0,0,0,0,0,0,0,0,0,20,0,0,0,0,50,-80,225,0,0.349999994039536,vehicle.bmw.isetta,"[0, 0, 0]",4,,hero,True,70,191.817178534735,2227,11,100,100,1,177,136,111.500001661479,876.448129415512,none,WetNight,20,0,50,0.35,225,-80,0,0,0,0
418,204,RouteScenario_204,Completed,Town01,0,0,0,0,0,0,0,0,0,80,0,0,0,0,0,-80,45,0,0.349999994039536,vehicle.bmw.isetta,"[0, 0, 0]",4,,hero,True,70,135.530811414702,3559,11,100,100,1,176,138,178.100002653897,1200.88056659698,none,CloudyNight,80,0,0,0.35,45,-80,0,0,0,0
419,205,RouteScenario_205,Failed,Town01,1,0,0,5.16,0,0,0,0,0,90,0,0,0,60,100,-80,225,0,1,vehicle.bmw.isetta,"[0, 0, 0]",4,,hero,True,70,159.834050308432,3539,11,89.5801279484476,55.2206627812139,0.616438757633756,177,139,177.100002638996,1145.10673975945,collisions_layout,HardRainNight,90,60,100,1,225,-80,0,0,0,0
420,206,RouteScenario_206,Completed,Town01,0,0,0,0,0,0,0,0,0,90,0,0,0,60,100,75,90,0,1,vehicle.bmw.isetta,"[0, 0, 0]",4,,hero,True,70,120.044759609897,645,11,100,100,1,177,137,32.4000004827976,262.309669971466,none,HardRainNoon,90,60,100,1,90,75,0,0,0,0
421,207,RouteScenario_207,Failed,Town01,0,0,0,0,1,0,0,0,0,90,0,0,0,0,50,75,180,0,0.349999994039536,vehicle.bmw.isetta,"[0, 0, 0]",4,,hero,True,70,83.4513369766379,4718,11,10.3970192530956,7.27791347716695,0.7,177,135,236.050003517419,1499.58438158035,red_light,WetCloudyNoon,90,0,50,0.35,180,75,0,0,0,0
422,208,RouteScenario_208,Failed,Town01,0,0,0,0,1,0,0,0,0,90,0,0,0,15,50,-80,270,0,0.349999994039536,vehicle.bmw.isetta,"[0, 0, 0]",4,,hero,True,70,147.976213660784,0,11,0,0,0.7,177,0,0.050000000745058,0.0308632850646972,red_light,SoftRainNight,90,15,50,0.35,270,-80,0,0,0,0
423,209,RouteScenario_209,Failed - Agent got blocked,Town01,0,0,0,20.88,0,0,0,0,1,90,0,0,0,0,50,15,0,0,0.349999994039536,vehicle.bmw.isetta,"[0, 0, 0]",4,,hero,True,70,149.184792087554,5901,11,39.6961263530476,31.4086348654267,0.791226695171361,177,136,295.200004398823,1834.79990077019,none,WetCloudySunset,90,0,50,0.35,0,15,0,0,0,0
424,21,RouteScenario_21,Failed - Agent got blocked,Town01,0,0,0,0,0,0,0,0,1,20,0,0,0,0,50,15,270,0,0.349999994039536,vehicle.bmw.isetta,"[0, 0, 0]",4,,hero,True,70,240.846590425082,14344,11,98.8155164551995,98.8155164551995,1,177,135,717.350010689348,4385.08730959892,none,WetSunset,20,0,50,0.35,270,15,0,0,0,0
425,210,RouteScenario_210,Completed,Town01,0,0,0,0,0,0,0,0,0,90,0,0,0,0,50,-80,225,0,0.349999994039536,vehicle.bmw.isetta,"[0, 0, 0]",4,,hero,True,70,141.712025303643,6532,11,100,100,1,177,132,326.750004868954,2088.56481146812,none,WetCloudyNight,90,0,50,0.35,225,-80,0,0,0,0
426,211,RouteScenario_211,Failed,Town01,0,0,1,23.92,0,0,0,0,0,15,0,0,0,0,0,75,0,0,0.349999994039536,vehicle.bmw.isetta,"[0, 0, 0]",4,,hero,True,70,134.685507956616,1970,11,5.38416661034033,2.45767972209812,0.456464277568626,177,138,98.6500014699996,693.341269016266,collisions_vehicle,ClearNoon,15,0,0,0.35,0,75,0,0,0,0
427,212,RouteScenario_212,Completed,Town01,0,0,0,0,0,0,0,0,0,20,0,0,0,0,50,-80,225,0,0.349999994039536,vehicle.bmw.isetta,"[0, 0, 0]",4,,hero,True,70,217.995000943054,2737,11,100,100,1,177,131,137.000002041459,1114.82829976082,none,WetNight,20,0,50,0.35,225,-80,0,0,0,0
428,213,RouteScenario_213,Failed - Agent got blocked,Town01,0,0,0,0,0,0,0,0,1,80,0,0,0,0,0,-80,45,0,0.349999994039536,vehicle.bmw.isetta,"[0, 0, 0]",4,,hero,True,70,140.853977763728,9268,11,98.9143759271982,98.9143759271982,1,177,137,463.550006907433,3685.68193459511,none,CloudyNight,80,0,0,0.35,45,-80,0,0,0,0
429,214,RouteScenario_214,Failed,Town01,0,0,1,0,0,0,0,0,0,80,0,0,0,0,0,75,45,0,0.349999994039536,vehicle.bmw.isetta,"[0, 0, 0]",4,,hero,True,70,141.172229195623,2486,11,31.8208108038767,19.092486482326,0.6,176,134,124.45000185445,827.393960475922,collisions_vehicle,CloudyNoon,80,0,0,0.35,45,75,0,0,0,0
430,215,RouteScenario_215,Failed - Agent timed out,Town01,0,0,0,0,0,0,1,0,0,15,0,0,0,0,0,75,0,0,0.349999994039536,vehicle.bmw.isetta,"[0, 0, 0]",4,,hero,True,70,57.6900031074299,4598,11,92.9338658687905,92.9338658687905,1,177,131,230.050003428012,1533.85106348991,none,ClearNoon,15,0,0,0.35,0,75,0,0,0,0
431,216,RouteScenario_216,Failed,Town01,0,0,1,6.65,0,0,0,0,0,15,0,0,0,0,0,-80,0,0,0.349999994039536,vehicle.bmw.isetta,"[0, 0, 0]",4,,hero,True,70,211.56213862927,2689,11,26.7626022025866,14.9903019773037,0.560121241717476,177,133,134.600002005696,824.93930888176,collisions_vehicle,ClearNight,15,0,0,0.35,0,-80,0,0,0,0
432,217,RouteScenario_217,Completed,Town01,0,0,0,0,0,0,0,0,0,90,0,0,0,0,50,15,0,0,0.349999994039536,vehicle.bmw.isetta,"[0, 0, 0]",4,,hero,True,70,130.30642004913,2924,11,100,100,1,177,136,146.350002180785,1057.79388570786,none,WetCloudySunset,90,0,50,0.35,0,15,0,0,0,0
433,218,RouteScenario_218,Completed,Town01,0,0,0,0,0,0,0,0,0,90,0,0,0,0,50,-80,225,0,0.349999994039536,vehicle.bmw.isetta,"[0, 0, 0]",4,,hero,True,70,216.370003106786,2255,11,100,100,1,176,136,112.900001682341,820.530159950256,none,WetCloudyNight,90,0,50,0.35,225,-80,0,0,0,0
434,219,RouteScenario_219,Completed,Town01,0,0,0,0,0,0,0,0,0,15,0,0,0,0,0,-80,0,0,0.349999994039536,vehicle.bmw.isetta,"[0, 0, 0]",4,,hero,True,70,97.7799995055068,1005,11,100,100,1,177,133,50.4000007510185,417.416759729385,none,ClearNight,15,0,0,0.35,0,-80,0,0,0,0
435,22,RouteScenario_22,Failed - Agent got blocked,Town01,0,0,0,0,0,0,0,0,1,90,0,0,0,15,50,-80,270,0,0.349999994039536,vehicle.bmw.isetta,"[0, 0, 0]",4,,hero,True,70,91.2165058038567,5488,11,97.2766639932982,97.2766639932982,1,177,134,274.550004091114,1905.94307041168,none,SoftRainNight,90,15,50,0.35,270,-80,0,0,0,0
436,220,RouteScenario_220,Failed,Town01,0,0,1,0,0,0,0,0,0,80,0,0,0,0,0,15,270,0,0.349999994039536,vehicle.bmw.isetta,"[0, 0, 0]",4,,hero,True,70,153.947210454538,1355,11,41.8893392532082,25.1336035519249,0.6,177,139,67.9000010117889,480.395253181458,collisions_vehicle,CloudySunset,80,0,0,0.35,270,15,0,0,0,0
437,221,RouteScenario_221,Completed,Town01,0,0,0,0,0,0,0,0,0,80,0,0,0,30,50,15,270,0,0.400000005960465,vehicle.bmw.isetta,"[0, 0, 0]",4,,hero,True,70,119.900140564025,2681,11,100,100,1,176,133,134.200001999736,895.99168586731,none,MidRainSunset,80,30,50,0.4,270,15,0,0,0,0
438,222,RouteScenario_222,Completed,Town01,0,0,0,0,0,0,0,0,0,80,0,0,0,0,0,75,45,0,0.349999994039536,vehicle.bmw.isetta,"[0, 0, 0]",4,,hero,True,70,238.732405517393,2320,11,100,100,1,177,137,116.15000173077,821.516593456268,none,CloudyNoon,80,0,0,0.35,45,75,0,0,0,0
439,223,RouteScenario_223,Completed,Town01,0,0,0,0,0,0,0,0,0,80,0,0,0,30,50,75,0,0,0.400000005960465,vehicle.bmw.isetta,"[0, 0, 0]",4,,hero,True,70,151.871539752102,6610,11,100,100,1,177,133,330.650004927069,2261.42101573944,none,MidRainyNoon,80,30,50,0.4,0,75,0,0,0,0
440,224,RouteScenario_224,Completed,Town01,0,0,0,12.05,0,0,0,0,0,80,0,0,0,0,0,-80,45,0,0.349999994039536,vehicle.bmw.isetta,"[0, 0, 0]",4,,hero,True,70,247.738424902935,3127,11,100,87.9526948271883,0.879526948271883,177,135,156.500002332032,1047.64369344711,none,CloudyNight,80,0,0,0.35,45,-80,0,0,0,0
441,225,RouteScenario_225,Failed,Town01,0,0,0,0,1,0,0,0,0,15,0,0,0,0,0,-80,0,0,0.349999994039536,vehicle.bmw.isetta,"[0, 0, 0]",4,,hero,True,70,278.851717914067,90,11,0,0,0.7,177,134,4.6500000692904,39.9865505695343,red_light,ClearNight,15,0,0,0.35,0,-80,0,0,0,0
442,226,RouteScenario_226,Completed,Town01,0,0,0,0,0,0,0,0,0,20,0,0,0,0,50,-80,225,0,0.349999994039536,vehicle.bmw.isetta,"[0, 0, 0]",4,,hero,True,70,13.0665590923446,3060,11,100,100,1,177,142,153.150002282113,1195.18428087235,none,WetNight,20,0,50,0.35,225,-80,0,0,0,0
443,227,RouteScenario_227,Failed,Town01,0,1,0,0,0,0,0,0,0,20,0,0,0,0,50,-80,225,0,0.349999994039536,vehicle.bmw.isetta,"[0, 0, 0]",4,,hero,True,70,133.651681330554,339,11,3.66520642791351,1.83260321395676,0.5,177,135,17.1000002548099,106.125758886337,collisions_pedestrian,WetNight,20,0,50,0.35,225,-80,0,0,0,0
444,228,RouteScenario_228,Failed - Agent got blocked,Town01,0,0,0,0,0,0,0,0,1,90,0,0,0,15,50,15,270,0,0.349999994039536,vehicle.bmw.isetta,"[0, 0, 0]",4,,hero,True,70,115.965214032807,7091,11,98.9043225487494,98.9043225487494,1,177,134,354.700005285442,2739.3363699913,none,SoftRainSunset,90,15,50,0.35,270,15,0,0,0,0
445,229,RouteScenario_229,Failed,Town01,1,0,0,0,0,0,0,0,0,90,0,0,0,15,50,15,270,0,0.349999994039536,vehicle.bmw.isetta,"[0, 0, 0]",4,,hero,True,70,185.93342229435,825,11,40.808114536305,26.5252744485982,0.65,177,134,41.4000006169081,256.633919239044,collisions_layout,SoftRainSunset,90,15,50,0.35,270,15,0,0,0,0
446,23,RouteScenario_23,Completed,Town01,0,0,0,4.22,0,0,0,0,0,90,0,0,0,60,100,-80,225,0,1,vehicle.bmw.isetta,"[0, 0, 0]",4,,hero,True,70,167.384861200285,952,11,100,95.784158111928,0.95784158111928,176,130,47.7500007115305,325.767966985702,none,HardRainNight,90,60,100,1,225,-80,0,0,0,0
447,230,RouteScenario_230,Failed - Agent got blocked,Town01,0,0,0,0,0,0,0,0,1,20,0,0,0,0,50,-80,225,0,0.349999994039536,vehicle.bmw.isetta,"[0, 0, 0]",4,,hero,True,70,251.157314248783,16154,11,97.236140750401,97.236140750401,1,177,134,807.850012037903,5040.52979850769,none,WetNight,20,0,50,0.35,225,-80,0,0,0,0
448,231,RouteScenario_231,Failed - Agent got blocked,Town01,0,0,0,0,0,0,0,0,1,80,0,0,0,30,50,15,270,0,0.400000005960465,vehicle.bmw.isetta,"[0, 0, 0]",4,,hero,True,70,97.419582260214,7267,11,96.8795564721874,96.8795564721874,1,177,136,363.500005416572,2442.37033009529,none,MidRainSunset,80,30,50,0.4,270,15,0,0,0,0
449,232,RouteScenario_232,Failed,Town01,0,0,1,44.85,0,0,0,0,0,90,0,0,0,0,50,15,0,0,0.349999994039536,vehicle.bmw.isetta,"[0, 0, 0]",4,,hero,True,70,54.1076233142699,2807,11,56.8406597552293,18.8086409478664,0.330901172309775,177,132,140.500002093613,1046.50973749161,collisions_vehicle,WetCloudySunset,90,0,50,0.35,0,15,0,0,0,0
450,233,RouteScenario_233,Failed - Agent got blocked,Town01,0,0,0,0,0,0,0,0,1,80,0,0,0,0,0,15,270,0,0.349999994039536,vehicle.bmw.isetta,"[0, 0, 0]",4,,hero,True,70,121.65021018506,9627,11,97.0976012351531,97.0976012351531,1,176,136,481.500007174909,3657.68860578537,none,CloudySunset,80,0,0,0.35,270,15,0,0,0,0
451,234,RouteScenario_234,Failed - Agent got blocked,Town01,0,0,0,0,0,0,0,0,1,90,0,0,0,15,50,-80,270,0,0.349999994039536,vehicle.bmw.isetta,"[0, 0, 0]",4,,hero,True,70,218.046500423321,8513,11,98.5807189104059,98.5807189104059,1,176,132,425.800006344914,2559.19050598145,none,SoftRainNight,90,15,50,0.35,270,-80,0,0,0,0
452,235,RouteScenario_235,Failed - Agent got blocked,Town01,0,0,0,0,0,0,0,0,1,15,0,0,0,0,0,75,0,0,0.349999994039536,vehicle.bmw.isetta,"[0, 0, 0]",4,,hero,True,70,136.806291500404,4536,11,98.7855071437632,98.7855071437632,1,177,137,226.950003381819,1613.12865304947,none,ClearNoon,15,0,0,0.35,0,75,0,0,0,0
453,236,RouteScenario_236,Completed,Town01,0,0,0,10.08,0,0,0,0,0,80,0,0,0,0,0,-80,45,0,0.349999994039536,vehicle.bmw.isetta,"[0, 0, 0]",4,,hero,True,70,177.634386549981,1838,11,100,89.9167727196932,0.899167727196932,176,136,92.0500013716519,597.829988718033,none,CloudyNight,80,0,0,0.35,45,-80,0,0,0,0
454,237,RouteScenario_237,Failed,Town01,0,0,1,0,0,0,0,0,0,15,0,0,0,0,0,15,45,0,0.349999994039536,vehicle.bmw.isetta,"[0, 0, 0]",4,,hero,True,70,66.9038983238103,1984,11,65.8420549504621,39.5052329702773,0.6,177,133,99.3500014804304,639.536170244217,collisions_vehicle,ClearSunset,15,0,0,0.35,45,15,0,0,0,0
455,238,RouteScenario_238,Completed,Town01,0,0,0,0,0,0,0,0,0,90,0,0,0,15,50,15,270,0,0.349999994039536,vehicle.bmw.isetta,"[0, 0, 0]",4,,hero,True,70,273.340785625581,4033,11,100,100,1,177,130,201.800003007054,1391.22064423561,none,SoftRainSunset,90,15,50,0.35,270,15,0,0,0,0
456,239,RouteScenario_239,Completed,Town01,0,0,0,17.75,0,0,0,0,0,80,0,0,0,30,50,75,0,0,0.400000005960465,vehicle.bmw.isetta,"[0, 0, 0]",4,,hero,True,70,98.3758070779555,1164,11,100,82.2499197505772,0.822499197505772,177,132,58.3500008694828,357.330643177032,none,MidRainyNoon,80,30,50,0.4,0,75,0,0,0,0
457,24,RouteScenario_24,Completed,Town01,0,0,0,0,0,0,0,0,0,90,0,0,0,0,50,-80,225,0,0.349999994039536,vehicle.bmw.isetta,"[0, 0, 0]",4,,hero,True,70,75.509947236394,466,11,100,100,1,177,137,23.4500003494322,153.85762834549,none,WetCloudyNight,90,0,50,0.35,225,-80,0,0,0,0
458,240,RouteScenario_240,Failed,Town01,0,0,1,0,0,0,0,0,0,15,0,0,0,0,0,-80,0,0,0.349999994039536,vehicle.bmw.isetta,"[0, 0, 0]",4,,hero,True,70,215.692967777201,4032,11,63.0780170103391,37.8468102062034,0.6,177,133,201.750003006309,1424.05954575539,collisions_vehicle,ClearNight,15,0,0,0.35,0,-80,0,0,0,0
459,241,RouteScenario_241,Failed,Town01,0,0,1,0,0,0,0,0,0,80,0,0,0,0,0,-80,45,0,0.349999994039536,vehicle.bmw.isetta,"[0, 0, 0]",4,,hero,True,70,127.994891554042,4219,11,76.6946364904528,46.0167818942717,0.6,176,137,211.100003145635,1403.22041797638,collisions_vehicle,CloudyNight,80,0,0,0.35,45,-80,0,0,0,0
460,242,RouteScenario_242,Completed,Town01,0,0,0,0,0,0,0,0,0,90,0,0,0,60,100,75,90,0,1,vehicle.bmw.isetta,"[0, 0, 0]",4,,hero,True,70,113.542862585129,7213,11,100,100,1,177,138,360.800005376339,2266.77444410324,none,HardRainNoon,90,60,100,1,90,75,0,0,0,0
461,243,RouteScenario_243,Failed - Agent timed out,Town01,0,0,0,0,0,0,1,0,0,20,0,0,0,0,50,15,270,0,0.349999994039536,vehicle.bmw.isetta,"[0, 0, 0]",4,,hero,True,70,77.7067916710022,7698,11,96.8536658101505,96.8536658101505,1,176,130,385.050005737692,2253.10793852806,none,WetSunset,20,0,50,0.35,270,15,0,0,0,0
462,244,RouteScenario_244,Failed - Agent got blocked,Town01,0,0,0,0,0,0,0,0,1,90,0,0,0,60,100,75,90,0,1,vehicle.bmw.isetta,"[0, 0, 0]",4,,hero,True,70,128.000416354097,9485,11,98.9170808725399,98.9170808725399,1,177,134,474.400007069111,3373.258259058,none,HardRainNoon,90,60,100,1,90,75,0,0,0,0
463,245,RouteScenario_245,Failed - Agent got blocked,Town01,0,0,0,4.3,0,0,0,0,1,90,0,0,0,0,50,75,180,0,0.349999994039536,vehicle.bmw.isetta,"[0, 0, 0]",4,,hero,True,70,63.6139636647673,11812,11,98.2901596695402,94.0639417024267,0.957002634024378,177,140,590.750008802861,4381.03387832642,none,WetCloudyNoon,90,0,50,0.35,180,75,0,0,0,0
464,246,RouteScenario_246,Failed,Town01,0,0,0,0,1,0,0,0,0,15,0,0,0,0,0,15,45,0,0.349999994039536,vehicle.bmw.isetta,"[0, 0, 0]",4,,hero,True,70,210.357197744737,2216,11,21.3521254654234,14.9464878257964,0.7,177,136,110.950001653284,700.746578454971,red_light,ClearSunset,15,0,0,0.35,45,15,0,0,0,0
465,247,RouteScenario_247,Failed - Agent got blocked,Town01,0,0,0,0,0,0,0,0,1,80,0,0,0,0,0,-80,45,0,0.349999994039536,vehicle.bmw.isetta,"[0, 0, 0]",4,,hero,True,70,218.172794939596,13259,11,98.2931851734639,98.2931851734639,1,177,133,663.10000988096,4542.65083122253,none,CloudyNight,80,0,0,0.35,45,-80,0,0,0,0
466,248,RouteScenario_248,Failed,Town01,0,0,1,0,0,0,0,0,0,90,0,0,0,0,50,75,180,0,0.349999994039536,vehicle.bmw.isetta,"[0, 0, 0]",4,,hero,True,70,114.138309228257,5281,11,98.54763964319,59.128583785914,0.6,177,132,264.200003936887,1798.89858651161,collisions_vehicle,WetCloudyNoon,90,0,50,0.35,180,75,0,0,0,0
467,249,RouteScenario_249,Failed,Town01,0,0,0,0,1,0,0,0,0,15,0,0,0,0,0,75,0,0,0.349999994039536,vehicle.bmw.isetta,"[0, 0, 0]",4,,hero,True,70,91.5848828385856,656,11,3.72646791893514,2.6085275432546,0.7,177,137,32.9500004909933,196.675328731537,red_light,ClearNoon,15,0,0,0.35,0,75,0,0,0,0
468,25,RouteScenario_25,Failed - Agent timed out,Town01,0,0,0,0,0,0,1,0,0,80,0,0,0,30,50,15,270,0,0.400000005960465,vehicle.bmw.isetta,"[0, 0, 0]",4,,hero,True,70,127.5593661832,11418,11,96.6915116633451,96.6915116633451,1,177,136,571.050008509308,4112.18953251839,none,MidRainSunset,80,30,50,0.4,270,15,0,0,0,0
469,250,RouteScenario_250,Failed,Town01,1,0,0,0,0,0,0,0,0,80,0,0,0,30,50,75,0,0,0.400000005960465,vehicle.bmw.isetta,"[0, 0, 0]",4,,hero,True,70,153.806218665598,377,11,22.2556023511293,14.4661415282341,0.65,177,134,19.0000002831221,113.481806993485,collisions_layout,MidRainyNoon,80,30,50,0.4,0,75,0,0,0,0
470,251,RouteScenario_251,Failed,Town01,0,0,1,0,0,0,0,0,0,20,0,0,0,0,50,-80,225,0,0.349999994039536,vehicle.bmw.isetta,"[0, 0, 0]",4,,hero,True,70,230.507049287893,420,11,17.2566051769784,10.353963106187,0.6,177,135,21.1500003151596,176.396457433701,collisions_vehicle,WetNight,20,0,50,0.35,225,-80,0,0,0,0
471,252,RouteScenario_252,Failed,Town01,1,0,0,0,0,0,0,0,0,80,0,0,0,0,0,75,45,0,0.349999994039536,vehicle.bmw.isetta,"[0, 0, 0]",4,,hero,True,70,155.212712082353,2189,11,94.7047141990123,61.558064229358,0.65,177,138,109.600001633167,694.041012763977,collisions_layout,CloudyNoon,80,0,0,0.35,45,75,0,0,0,0
472,253,RouteScenario_253,Failed - Agent timed out,Town01,0,0,0,0,0,0,1,0,0,20,0,0,0,0,50,75,45,0,0.349999994039536,vehicle.bmw.isetta,"[0, 0, 0]",4,,hero,True,70,68.4523629625708,5558,11,96.4104481888696,96.4104481888696,1,177,132,278.050004143268,1768.84716320038,none,WetNoon,20,0,50,0.35,45,75,0,0,0,0
473,254,RouteScenario_254,Failed,Town01,0,0,0,0,1,0,0,0,0,20,0,0,0,0,50,15,270,0,0.349999994039536,vehicle.bmw.isetta,"[0, 0, 0]",4,,hero,True,70,289.718920322031,3177,11,89.6103705735038,62.7272594014527,0.7,177,141,159.000002369285,1066.51172852516,red_light,WetSunset,20,0,50,0.35,270,15,0,0,0,0
474,255,RouteScenario_255,Failed,Town01,1,0,0,57.03,0,0,0,0,0,90,0,0,0,0,50,75,180,0,0.349999994039536,vehicle.bmw.isetta,"[0, 0, 0]",4,,hero,True,70,255.723845925959,90,11,2.59672205217349,0.725277884054129,0.279305166083163,177,134,4.6500000692904,37.7588803768158,collisions_layout,WetCloudyNoon,90,0,50,0.35,180,75,0,0,0,0
475,256,RouteScenario_256,Failed - Agent timed out,Town01,0,0,0,0,0,0,1,0,0,90,0,0,0,0,50,15,0,0,0.349999994039536,vehicle.bmw.isetta,"[0, 0, 0]",4,,hero,True,70,62.4413475635412,5138,11,98.416596679504,98.416596679504,1,177,131,257.050003830343,1637.59590411186,none,WetCloudySunset,90,0,50,0.35,0,15,0,0,0,0
476,257,RouteScenario_257,Failed,Town01,0,0,0,0,1,0,0,0,0,80,0,0,0,0,0,-80,45,0,0.349999994039536,vehicle.bmw.isetta,"[0, 0, 0]",4,,hero,True,70,107.609148812024,2085,11,76.4777221034911,53.5344054724437,0.7,177,134,104.400001555681,688.811498880386,red_light,CloudyNight,80,0,0,0.35,45,-80,0,0,0,0
477,258,RouteScenario_258,Completed,Town01,0,0,0,0,0,0,0,0,0,80,0,0,0,60,100,15,0,0,1,vehicle.bmw.isetta,"[0, 0, 0]",4,,hero,True,70,160.695677274841,6076,11,100,100,1,176,139,303.950004529208,2122.49404096603,none,HardRainSunset,80,60,100,1,0,15,0,0,0,0
478,259,RouteScenario_259,Failed - Agent got blocked,Town01,0,0,0,0,0,0,0,0,1,15,0,0,0,0,0,15,45,0,0.349999994039536,vehicle.bmw.isetta,"[0, 0, 0]",4,,hero,True,70,84.0000079075495,4542,11,97.5937833179792,97.5937833179792,1,176,135,227.250003386289,1494.73840785027,none,ClearSunset,15,0,0,0.35,45,15,0,0,0,0
479,26,RouteScenario_26,Completed,Town01,0,0,0,0,0,0,0,0,0,90,0,0,0,60,100,75,90,0,1,vehicle.bmw.isetta,"[0, 0, 0]",4,,hero,True,70,135.980859649104,1619,11,100,100,1,177,135,81.1000012084842,587.293864965439,none,HardRainNoon,90,60,100,1,90,75,0,0,0,0
480,260,RouteScenario_260,Failed,Town01,0,0,1,7.31,0,0,0,0,0,15,0,0,0,0,0,-80,0,0,0.349999994039536,vehicle.bmw.isetta,"[0, 0, 0]",4,,hero,True,70,187.184008135511,1966,11,78.4343872769139,43.6219070219543,0.556157937053125,177,135,98.4500014670193,639.859148263931,collisions_vehicle,ClearNight,15,0,0,0.35,0,-80,0,0,0,0
481,261,RouteScenario_261,Completed,Town01,0,0,0,0,0,0,0,0,0,90,0,0,0,60,100,-80,225,0,1,vehicle.bmw.isetta,"[0, 0, 0]",4,,hero,True,70,198.150853457419,1686,11,100,100,1,177,130,84.4500012584031,621.892022132874,none,HardRainNight,90,60,100,1,225,-80,0,0,0,0
482,262,RouteScenario_262,Completed,Town01,0,0,0,0,0,0,0,0,0,80,0,0,0,0,0,15,270,0,0.349999994039536,vehicle.bmw.isetta,"[0, 0, 0]",4,,hero,True,70,149.370262879445,700,11,100,100,1,177,137,35.1500005237758,272.257529258728,none,CloudySunset,80,0,0,0.35,270,15,0,0,0,0
483,263,RouteScenario_263,Failed - Agent got blocked,Town01,0,0,0,0,0,0,0,0,1,80,0,0,0,30,50,15,270,0,0.400000005960465,vehicle.bmw.isetta,"[0, 0, 0]",4,,hero,True,70,78.1490988795936,6125,11,33.5541095522024,33.5541095522024,1,176,136,306.400004565716,1990.62526106834,none,MidRainSunset,80,30,50,0.4,270,15,0,0,0,0
484,264,RouteScenario_264,Failed,Town01,1,0,0,0,0,0,0,0,0,90,0,0,0,0,50,15,0,0,0.349999994039536,vehicle.bmw.isetta,"[0, 0, 0]",4,,hero,True,70,169.637952732392,81,11,1.71939862400678,1.11760910560441,0.65,177,135,4.20000006258488,29.6413338184357,collisions_layout,WetCloudySunset,90,0,50,0.35,0,15,0,0,0,0
485,265,RouteScenario_265,Failed,Town01,0,0,1,22.73,0,0,0,0,0,90,0,0,0,0,50,15,0,0,0.349999994039536,vehicle.bmw.isetta,"[0, 0, 0]",4,,hero,True,70,201.753019772116,2288,11,8.97670395789113,4.16194188669031,0.463638091020221,177,133,114.550001706928,940.709614038467,collisions_vehicle,WetCloudySunset,90,0,50,0.35,0,15,0,0,0,0
486,266,RouteScenario_266,Failed,Town01,1,0,0,0,0,0,0,0,0,80,0,0,0,0,0,75,45,0,0.349999994039536,vehicle.bmw.isetta,"[0, 0, 0]",4,,hero,True,70,84.7396502314858,189,11,14.487512063888,9.41688284152723,0.65,177,135,9.60000014305115,71.2559406757355,collisions_layout,CloudyNoon,80,0,0,0.35,45,75,0,0,0,0
487,267,RouteScenario_267,Failed - Agent got blocked,Town01,0,0,0,6.86,0,0,0,0,1,90,0,0,0,15,50,75,315,0,0.349999994039536,vehicle.bmw.isetta,"[0, 0, 0]",4,,hero,True,70,199.613936782837,12499,11,81.3625899563255,75.7839174922355,0.931434428684184,177,133,625.100009314716,4419.32993578911,none,SoftRainNoon,90,15,50,0.35,315,75,0,0,0,0
488,268,RouteScenario_268,Completed,Town01,0,0,0,0,0,0,0,0,0,90,0,0,0,0,50,15,0,0,0.349999994039536,vehicle.bmw.isetta,"[0, 0, 0]",4,,hero,True,70,231.035249317076,4264,11,100,100,1,177,134,213.350003179163,1427.90373063087,none,WetCloudySunset,90,0,50,0.35,0,15,0,0,0,0
489,269,RouteScenario_269,Failed,Town01,0,0,0,0,1,0,0,0,0,15,0,0,0,0,0,-80,0,0,0.349999994039536,vehicle.bmw.isetta,"[0, 0, 0]",4,,hero,True,70,224.450809374766,3409,11,26.2227869550023,18.3559508685016,0.7,177,139,170.600002542138,1135.76630854607,red_light,ClearNight,15,0,0,0.35,0,-80,0,0,0,0
490,27,RouteScenario_27,Completed,Town01,0,0,0,0,0,0,0,0,0,15,0,0,0,0,0,75,0,0,0.349999994039536,vehicle.bmw.isetta,"[0, 0, 0]",4,,hero,True,70,160.591741147415,4252,11,100,100,1,176,139,212.750003170222,1321.95513820648,none,ClearNoon,15,0,0,0.35,0,75,0,0,0,0
491,270,RouteScenario_270,Failed - Agent got blocked,Town01,0,0,0,0,0,0,0,0,1,90,0,0,0,60,100,75,90,0,1,vehicle.bmw.isetta,"[0, 0, 0]",4,,hero,True,70,175.090005990727,7329,11,98.8584998592847,98.8584998592847,1,177,132,366.600005462766,2501.70223522186,none,HardRainNoon,90,60,100,1,90,75,0,0,0,0
492,271,RouteScenario_271,Failed,Town01,0,0,1,15.51,0,0,0,0,0,80,0,0,0,0,0,-80,45,0,0.349999994039536,vehicle.bmw.isetta,"[0, 0, 0]",4,,hero,True,70,105.725927879123,362,11,15.8122006593694,8.01597561746503,0.50694876634488,177,132,18.2500002719462,168.238020420074,collisions_vehicle,CloudyNight,80,0,0,0.35,45,-80,0,0,0,0
493,272,RouteScenario_272,Completed,Town01,0,0,0,0,0,0,0,0,0,90,0,0,0,60,100,75,90,0,1,vehicle.bmw.isetta,"[0, 0, 0]",4,,hero,True,70,242.250000006001,3610,11,100,100,1,176,134,180.650002691895,1207.87571668625,none,HardRainNoon,90,60,100,1,90,75,0,0,0,0
494,273,RouteScenario_273,Failed - Agent got blocked,Town01,0,0,0,0,0,0,0,0,1,80,0,0,0,0,0,75,45,0,0.349999994039536,vehicle.bmw.isetta,"[0, 0, 0]",4,,hero,True,70,60.4171575517384,4385,11,94.8887125297087,94.8887125297087,1,177,134,219.400003269315,1454.74236679077,none,CloudyNoon,80,0,0,0.35,45,75,0,0,0,0
495,274,RouteScenario_274,Failed - Agent got blocked,Town01,0,0,0,0,0,0,0,0,1,20,0,0,0,0,50,15,270,0,0.349999994039536,vehicle.bmw.isetta,"[0, 0, 0]",4,,hero,True,70,124.267165644625,9361,11,96.5017525996772,96.5017525996772,1,177,135,468.200006976724,2790.74758720398,none,WetSunset,20,0,50,0.35,270,15,0,0,0,0
496,275,RouteScenario_275,Completed,Town01,0,0,0,0,0,0,0,0,0,80,0,0,0,30,50,75,0,0,0.400000005960465,vehicle.bmw.isetta,"[0, 0, 0]",4,,hero,True,70,246.33762466759,4979,11,100,100,1,177,136,249.100003711879,1681.30268621445,none,MidRainyNoon,80,30,50,0.4,0,75,0,0,0,0
497,276,RouteScenario_276,Failed - Agent got blocked,Town01,0,0,0,47.78,0,0,0,0,1,90,0,0,0,0,50,15,0,0,0.349999994039536,vehicle.bmw.isetta,"[0, 0, 0]",4,,hero,True,70,181.734017212836,5204,11,98.8066789498384,51.5965900299352,0.522197391697878,177,131,260.350003879517,1694.16132426262,none,WetCloudySunset,90,0,50,0.35,0,15,0,0,0,0
498,277,RouteScenario_277,Failed,Town01,1,0,0,0,0,0,0,0,0,80,0,0,0,0,0,-80,45,0,0.349999994039536,vehicle.bmw.isetta,"[0, 0, 0]",4,,hero,True,70,61.7544581174403,1944,11,46.2950458952005,30.0917798318803,0.65,176,135,97.350001450628,790.606284618378,collisions_layout,CloudyNight,80,0,0,0.35,45,-80,0,0,0,0
499,278,RouteScenario_278,Failed,Town01,0,0,0,0,1,0,0,0,0,80,0,0,0,30,50,-80,225,0,0.400000005960465,vehicle.bmw.isetta,"[0, 0, 0]",4,,hero,True,70,139.146889123051,2361,11,94.8709009007756,66.4096306305429,0.7,177,138,118.200001761317,855.857386350632,red_light,MidRainyNight,80,30,50,0.4,225,-80,0,0,0,0
500,279,RouteScenario_279,Failed - Agent timed out,Town01,0,0,0,0,0,0,1,0,0,80,0,0,0,30,50,75,0,0,0.400000005960465,vehicle.bmw.isetta,"[0, 0, 0]",4,,hero,True,70,92.6246589070026,7398,11,96.7190790564941,96.7190790564941,1,177,136,370.050005514175,2507.78973984718,none,MidRainyNoon,80,30,50,0.4,0,75,0,0,0,0
501,28,RouteScenario_28,Failed - Agent got blocked,Town01,0,0,0,0,0,0,0,0,1,15,0,0,0,0,0,-80,0,0,0.349999994039536,vehicle.bmw.isetta,"[0, 0, 0]",4,,hero,True,70,174.256976751145,6940,11,98.7502084088984,98.7502084088984,1,177,130,347.150005172938,2713.52416658401,none,ClearNight,15,0,0,0.35,0,-80,0,0,0,0
502,280,RouteScenario_280,Completed,Town01,0,0,0,37.79,0,0,0,0,0,80,0,0,0,0,0,-80,45,0,0.349999994039536,vehicle.bmw.isetta,"[0, 0, 0]",4,,hero,True,70,183.970323914514,1656,11,100,62.2066516942725,0.622066516942725,177,131,82.9500012360513,542.852651596069,none,CloudyNight,80,0,0,0.35,45,-80,0,0,0,0
503,281,RouteScenario_281,Failed,Town01,1,0,0,0,0,0,0,0,0,90,0,0,0,0,50,15,0,0,0.349999994039536,vehicle.bmw.isetta,"[0, 0, 0]",4,,hero,True,70,202.183084241185,2263,11,70.6219295795832,45.9042542267291,0.65,177,129,113.300001688302,729.16888666153,collisions_layout,WetCloudySunset,90,0,50,0.35,0,15,0,0,0,0
504,282,RouteScenario_282,Completed,Town01,0,0,0,0,0,0,0,0,0,20,0,0,0,0,50,-80,225,0,0.349999994039536,vehicle.bmw.isetta,"[0, 0, 0]",4,,hero,True,70,152.86000559795,2341,11,100,100,1,177,134,117.200001746416,861.94034075737,none,WetNight,20,0,50,0.35,225,-80,0,0,0,0
505,283,RouteScenario_283,Failed,Town01,0,0,1,0,0,0,0,0,0,90,0,0,0,0,50,-80,225,0,0.349999994039536,vehicle.bmw.isetta,"[0, 0, 0]",4,,hero,True,70,69.9640960845576,1345,11,98.5450924903981,59.1270554942388,0.6,177,136,67.4000010043383,450.340146303177,collisions_vehicle,WetCloudyNight,90,0,50,0.35,225,-80,0,0,0,0
506,284,RouteScenario_284,Failed,Town01,0,0,1,0,0,0,0,0,0,90,0,0,0,0,50,75,180,0,0.349999994039536,vehicle.bmw.isetta,"[0, 0, 0]",4,,hero,True,70,160.564964787865,2807,11,80.2390288308899,48.1434172985339,0.6,177,132,140.500002093613,878.668845891952,collisions_vehicle,WetCloudyNoon,90,0,50,0.35,180,75,0,0,0,0
507,285,RouteScenario_285,Failed,Town01,0,0,1,29.15,0,0,0,0,0,80,0,0,0,60,100,15,0,0,1,vehicle.bmw.isetta,"[0, 0, 0]",4,,hero,True,70,144.414208655793,6255,11,9.01840406394734,3.83384500236759,0.425113465218759,177,138,312.900004662573,2591.11833095551,collisions_vehicle,HardRainSunset,80,60,100,1,0,15,0,0,0,0
508,286,RouteScenario_286,Completed,Town01,0,0,0,17.28,0,0,0,0,0,80,0,0,0,30,50,75,0,0,0.400000005960465,vehicle.bmw.isetta,"[0, 0, 0]",4,,hero,True,70,141.259686307632,1197,11,100,82.7178547364046,0.827178547364046,177,133,60.0000008940697,377.577256679535,none,MidRainyNoon,80,30,50,0.4,0,75,0,0,0,0
509,287,RouteScenario_287,Failed,Town01,1,0,0,2.72,0,0,0,0,0,90,0,0,0,0,50,15,0,0,0.349999994039536,vehicle.bmw.isetta,"[0, 0, 0]",4,,hero,True,70,250.703348969534,2921,11,74.3493827428031,47.0114023342064,0.632303868571888,177,141,146.20000217855,941.854823350906,collisions_layout,WetCloudySunset,90,0,50,0.35,0,15,0,0,0,0
510,288,RouteScenario_288,Failed - Agent got blocked,Town01,0,0,0,0,0,0,0,0,1,90,0,0,0,15,50,-80,270,0,0.349999994039536,vehicle.bmw.isetta,"[0, 0, 0]",4,,hero,True,70,94.0007193802161,4503,11,95.6573639314332,95.6573639314332,1,177,135,225.300003357232,1397.9478802681,none,SoftRainNight,90,15,50,0.35,270,-80,0,0,0,0
511,289,RouteScenario_289,Failed,Town01,0,0,1,12.32,0,0,0,0,0,90,0,0,0,0,50,-80,225,0,0.349999994039536,vehicle.bmw.isetta,"[0, 0, 0]",4,,hero,True,70,78.5238491600036,509,11,21.7682775737063,11.4518361339566,0.526079111917847,177,136,25.6000003814697,159.529605865479,collisions_vehicle,WetCloudyNight,90,0,50,0.35,225,-80,0,0,0,0
512,29,RouteScenario_29,Failed - Agent got blocked,Town01,0,0,0,0,0,0,0,0,1,15,0,0,0,0,0,-80,0,0,0.349999994039536,vehicle.bmw.isetta,"[0, 0, 0]",4,,hero,True,70,103.998671411552,4489,11,98.0414817827177,98.0414817827177,1,177,133,224.600003346801,1448.59030842781,none,ClearNight,15,0,0,0.35,0,-80,0,0,0,0
513,290,RouteScenario_290,Failed - Agent got blocked,Town01,0,0,0,0,0,0,0,0,1,20,0,0,0,0,50,15,270,0,0.349999994039536,vehicle.bmw.isetta,"[0, 0, 0]",4,,hero,True,70,59.412759855584,3948,11,98.1399880414644,98.1399880414644,1,177,131,197.550002943724,1450.74284672737,none,WetSunset,20,0,50,0.35,270,15,0,0,0,0
514,291,RouteScenario_291,Failed - Agent got blocked,Town01,0,0,0,0,0,0,0,0,1,90,0,0,0,15,50,15,270,0,0.349999994039536,vehicle.bmw.isetta,"[0, 0, 0]",4,,hero,True,70,220.346054563856,8891,11,98.4889021335548,98.4889021335548,1,177,134,444.700006626546,2965.50441360474,none,SoftRainSunset,90,15,50,0.35,270,15,0,0,0,0
515,292,RouteScenario_292,Failed,Town01,0,0,1,0,0,0,0,0,0,20,0,0,0,0,50,15,270,0,0.349999994039536,vehicle.bmw.isetta,"[0, 0, 0]",4,,hero,True,70,91.1636744338956,2441,11,49.2889691040925,29.5733814624555,0.6,177,136,122.200001820922,821.697390079498,collisions_vehicle,WetSunset,20,0,50,0.35,270,15,0,0,0,0
516,293,RouteScenario_293,Failed - Agent got blocked,Town01,0,0,0,0,0,0,0,0,1,80,0,0,0,60,100,15,0,0,1,vehicle.bmw.isetta,"[0, 0, 0]",4,,hero,True,70,126.580024915554,7072,11,98.411412637525,98.411412637525,1,177,134,353.750005271286,2450.44713330269,none,HardRainSunset,80,60,100,1,0,15,0,0,0,0
517,294,RouteScenario_294,Failed - Agent timed out,Town01,0,0,0,0,0,0,1,0,0,80,0,0,0,60,100,15,0,0,1,vehicle.bmw.isetta,"[0, 0, 0]",4,,hero,True,70,115.7899800804,9218,11,97.3768890855391,97.3768890855391,1,177,139,461.05000687018,2814.25976872444,none,HardRainSunset,80,60,100,1,0,15,0,0,0,0
518,295,RouteScenario_295,Failed - Agent timed out,Town01,0,0,0,13.87,0,0,1,0,0,80,0,0,0,0,0,75,45,0,0.349999994039536,vehicle.bmw.isetta,"[0, 0, 0]",4,,hero,True,70,199.061184542531,19578,11,25.3920380159434,21.8698156131797,0.861286344934101,177,135,979.050014588982,6576.51768159866,none,CloudyNoon,80,0,0,0.35,45,75,0,0,0,0
519,296,RouteScenario_296,Failed,Town01,0,0,1,0,0,0,0,0,0,20,0,0,0,0,50,15,270,0,0.349999994039536,vehicle.bmw.isetta,"[0, 0, 0]",4,,hero,True,70,39.5129832784647,3640,11,67.1209529579487,40.2725717747692,0.6,177,135,182.150002714247,1425.60130739212,collisions_vehicle,WetSunset,20,0,50,0.35,270,15,0,0,0,0
520,297,RouteScenario_297,Failed - Agent got blocked,Town01,0,0,0,0,0,0,0,0,1,80,0,0,0,0,0,75,45,0,0.349999994039536,vehicle.bmw.isetta,"[0, 0, 0]",4,,hero,True,70,134.825166459177,9461,11,98.1571499192576,98.1571499192576,1,177,136,473.20000705123,2939.00932097435,none,CloudyNoon,80,0,0,0.35,45,75,0,0,0,0
521,298,RouteScenario_298,Failed - Agent got blocked,Town01,0,0,0,0,0,0,0,0,1,15,0,0,0,0,0,15,45,0,0.349999994039536,vehicle.bmw.isetta,"[0, 0, 0]",4,,hero,True,70,176.044735646727,11465,11,98.5102863731188,98.5102863731188,1,177,132,573.400008544326,4053.74592852593,none,ClearSunset,15,0,0,0.35,45,15,0,0,0,0
522,299,RouteScenario_299,Completed,Town01,0,0,0,12.85,0,0,0,0,0,90,0,0,0,0,50,75,180,0,0.349999994039536,vehicle.bmw.isetta,"[0, 0, 0]",4,,hero,True,70,97.4614643017662,1080,11,100,87.1455898991963,0.871455898991963,176,132,54.1500008068979,333.602111816406,none,WetCloudyNoon,90,0,50,0.35,180,75,0,0,0,0
523,3,RouteScenario_3,Failed - Agent got blocked,Town01,0,0,0,0,0,0,0,0,1,80,0,0,0,0,0,75,45,0,0.349999994039536,vehicle.bmw.isetta,"[0, 0, 0]",4,,hero,True,70,85.0112894410797,8862,11,97.504928053139,97.504928053139,1,177,130,443.25000660494,3087.66549062729,none,CloudyNoon,80,0,0,0.35,45,75,0,0,0,0
524,30,RouteScenario_30,Failed,Town01,0,0,0,0,1,0,0,0,0,80,0,0,0,30,50,75,0,0,0.400000005960465,vehicle.bmw.isetta,"[0, 0, 0]",4,,hero,True,70,84.2791168394927,65,11,0,0,0.7,177,134,3.40000005066395,21.4737377166748,red_light,MidRainyNoon,80,30,50,0.4,0,75,0,0,0,0
525,31,RouteScenario_31,Completed,Town01,0,0,0,0,0,0,0,0,0,90,0,0,0,60,100,75,90,0,1,vehicle.bmw.isetta,"[0, 0, 0]",4,,hero,True,70,67.5363625144511,3120,11,100,100,1,177,135,156.150002326816,1090.95217323303,none,HardRainNoon,90,60,100,1,90,75,0,0,0,0
526,32,RouteScenario_32,Failed - Agent got blocked,Town01,0,0,0,0,0,0,0,0,1,20,0,0,0,0,50,75,45,0,0.349999994039536,vehicle.bmw.isetta,"[0, 0, 0]",4,,hero,True,70,167.999962408096,5899,11,98.8032409034595,98.8032409034595,1,176,130,295.100004397333,1914.3645939827,none,WetNoon,20,0,50,0.35,45,75,0,0,0,0
527,33,RouteScenario_33,Failed - Agent got blocked,Town01,0,0,0,0,0,0,0,0,1,15,0,0,0,0,0,15,45,0,0.349999994039536,vehicle.bmw.isetta,"[0, 0, 0]",4,,hero,True,70,193.721850039984,10948,11,98.7513671988465,98.7513671988465,1,177,132,547.550008159131,3954.12086129188,none,ClearSunset,15,0,0,0.35,45,15,0,0,0,0
528,34,RouteScenario_34,Completed,Town01,0,0,0,0,0,0,0,0,0,90,0,0,0,0,50,75,180,0,0.349999994039536,vehicle.bmw.isetta,"[0, 0, 0]",4,,hero,True,70,141.125936103569,9499,11,100,100,1,177,135,475.100007079542,2952.90751338005,none,WetCloudyNoon,90,0,50,0.35,180,75,0,0,0,0
529,35,RouteScenario_35,Failed - Agent got blocked,Town01,0,0,0,0,0,0,0,0,1,80,0,0,0,30,50,15,270,0,0.400000005960465,vehicle.bmw.isetta,"[0, 0, 0]",4,,hero,True,70,109.397150321348,10564,11,98.9287325430647,98.9287325430647,1,177,132,528.350007873029,3653.94210243225,none,MidRainSunset,80,30,50,0.4,270,15,0,0,0,0
530,36,RouteScenario_36,Completed,Town01,0,0,0,1.02,0,0,0,0,0,90,0,0,0,0,50,15,0,0,0.349999994039536,vehicle.bmw.isetta,"[0, 0, 0]",4,,hero,True,70,148.92514730795,3860,11,100,98.9790739061466,0.989790739061466,177,133,193.150002878159,1338.45332956314,none,WetCloudySunset,90,0,50,0.35,0,15,0,0,0,0
531,37,RouteScenario_37,Failed - Agent got blocked,Town01,0,0,0,0,0,0,0,0,1,20,0,0,0,0,50,-80,225,0,0.349999994039536,vehicle.bmw.isetta,"[0, 0, 0]",4,,hero,True,70,158.688919302186,14759,11,98.7482207444271,98.7482207444271,1,177,136,738.100010998547,4682.49571418762,none,WetNight,20,0,50,0.35,225,-80,0,0,0,0
532,38,RouteScenario_38,Failed - Agent timed out,Town01,0,0,0,0,0,0,1,0,0,20,0,0,0,0,50,15,270,0,0.349999994039536,vehicle.bmw.isetta,"[0, 0, 0]",4,,hero,True,70,76.9063535155789,7138,11,98.8653215144457,98.8653215144457,1,177,133,357.05000532046,2544.98845791817,none,WetSunset,20,0,50,0.35,270,15,0,0,0,0
533,39,RouteScenario_39,Failed - Agent got blocked,Town01,0,0,0,0,0,0,0,0,1,80,0,0,0,0,0,-80,45,0,0.349999994039536,vehicle.bmw.isetta,"[0, 0, 0]",4,,hero,True,70,186.620425596569,6658,11,96.0159368955391,96.0159368955391,1,176,136,333.050004962832,2138.90429520607,none,CloudyNight,80,0,0,0.35,45,-80,0,0,0,0
534,4,RouteScenario_4,Failed,Town01,1,0,0,0,0,0,0,0,0,90,0,0,0,15,50,75,315,0,0.349999994039536,vehicle.bmw.isetta,"[0, 0, 0]",4,,hero,True,70,222.385490044924,1875,11,33.7519998774441,21.9387999203386,0.65,176,135,93.900001399219,709.554164886475,collisions_layout,SoftRainNoon,90,15,50,0.35,315,75,0,0,0,0
535,40,RouteScenario_40,Failed,Town01,1,0,0,83.83,0,0,0,0,0,80,0,0,0,30,50,75,0,0,0.400000005960465,vehicle.bmw.isetta,"[0, 0, 0]",4,,hero,True,70,178.235083864772,148,11,10.3903180475765,1.09186103091272,0.105084466703826,177,136,7.55000011250377,52.8413643836975,collisions_layout,MidRainyNoon,80,30,50,0.4,0,75,0,0,0,0
536,41,RouteScenario_41,Failed - Agent timed out,Town01,0,0,0,0,0,0,1,0,0,80,0,0,0,30,50,-80,225,0,0.400000005960465,vehicle.bmw.isetta,"[0, 0, 0]",4,,hero,True,70,78.0000161598569,6238,11,97.4055631460581,97.4055631460581,1,176,134,312.050004649907,2500.91049265861,none,MidRainyNight,80,30,50,0.4,225,-80,0,0,0,0
537,42,RouteScenario_42,Failed - Agent got blocked,Town01,0,0,0,0,0,0,0,0,1,20,0,0,0,0,50,-80,225,0,0.349999994039536,vehicle.bmw.isetta,"[0, 0, 0]",4,,hero,True,70,118.809884393332,11457,11,98.9931423289268,98.9931423289268,1,177,131,573.000008538365,3962.29369139671,none,WetNight,20,0,50,0.35,225,-80,0,0,0,0
538,43,RouteScenario_43,Failed,Town01,0,0,1,39.25,0,0,0,0,0,20,0,0,0,0,50,15,270,0,0.349999994039536,vehicle.bmw.isetta,"[0, 0, 0]",4,,hero,True,70,179.964561912339,6399,11,12.3817389153805,4.51312774296383,0.36449870036895,177,135,320.100004769862,2351.77973246574,collisions_vehicle,WetSunset,20,0,50,0.35,270,15,0,0,0,0
539,44,RouteScenario_44,Failed,Town01,0,0,1,0,0,0,0,0,0,80,0,0,0,30,50,-80,225,0,0.400000005960465,vehicle.bmw.isetta,"[0, 0, 0]",4,,hero,True,70,169.50130529376,2648,11,69.845280239838,41.9071681439028,0.6,177,136,132.550001975149,858.333072185516,collisions_vehicle,MidRainyNight,80,30,50,0.4,225,-80,0,0,0,0
540,45,RouteScenario_45,Failed - Agent got blocked,Town01,0,0,0,0,0,0,0,0,1,15,0,0,0,0,0,-80,0,0,0.349999994039536,vehicle.bmw.isetta,"[0, 0, 0]",4,,hero,True,70,132.537233931117,7793,11,98.370865686616,98.370865686616,1,177,134,389.800005808473,2435.76003718376,none,ClearNight,15,0,0,0.35,0,-80,0,0,0,0
541,46,RouteScenario_46,Failed - Agent got blocked,Town01,0,0,0,0,0,0,0,0,1,90,0,0,0,0,50,75,180,0,0.349999994039536,vehicle.bmw.isetta,"[0, 0, 0]",4,,hero,True,70,165.706907466809,8726,11,96.9645256245314,96.9645256245314,1,177,133,436.450006503612,2914.90062475204,none,WetCloudyNoon,90,0,50,0.35,180,75,0,0,0,0
542,47,RouteScenario_47,Failed - Agent timed out,Town01,0,0,0,0,0,0,1,0,0,20,0,0,0,0,50,75,45,0,0.349999994039536,vehicle.bmw.isetta,"[0, 0, 0]",4,,hero,True,70,242.20963742487,23458,11,97.1423631235279,97.1423631235279,1,177,139,1173.05001747981,7481.83309817314,none,WetNoon,20,0,50,0.35,45,75,0,0,0,0
543,48,RouteScenario_48,Failed,Town01,0,0,0,0,1,0,0,0,0,80,0,0,0,30,50,-80,225,0,0.400000005960465,vehicle.bmw.isetta,"[0, 0, 0]",4,,hero,True,70,243.720508976471,528,11,0,0,0.7,177,135,26.5500003956258,231.329638242722,red_light,MidRainyNight,80,30,50,0.4,225,-80,0,0,0,0
544,49,RouteScenario_49,Completed,Town01,0,0,0,0,0,0,0,0,0,90,0,0,0,60,100,75,90,0,1,vehicle.bmw.isetta,"[0, 0, 0]",4,,hero,True,70,172.47023603808,8459,11,100,100,1,177,132,423.100006304681,2595.46097207069,none,HardRainNoon,90,60,100,1,90,75,0,0,0,0
545,5,RouteScenario_5,Completed,Town01,0,0,0,0,0,0,0,0,0,90,0,0,0,0,50,-80,225,0,0.349999994039536,vehicle.bmw.isetta,"[0, 0, 0]",4,,hero,True,70,215.671334600397,4558,11,100,100,1,177,133,228.05000339821,1693.40517044067,none,WetCloudyNight,90,0,50,0.35,225,-80,0,0,0,0
546,50,RouteScenario_50,Failed,Town01,0,0,1,0,0,0,0,0,0,15,0,0,0,0,0,15,45,0,0.349999994039536,vehicle.bmw.isetta,"[0, 0, 0]",4,,hero,True,70,117.53109849302,1719,11,83.9406221927866,50.364373315672,0.6,177,136,86.10000128299,813.825698137283,collisions_vehicle,ClearSunset,15,0,0,0.35,45,15,0,0,0,0
547,51,RouteScenario_51,Failed,Town01,1,0,0,12.18,0,0,0,0,0,15,0,0,0,0,0,15,45,0,0.349999994039536,vehicle.bmw.isetta,"[0, 0, 0]",4,,hero,True,70,236.026618294285,518,11,16.8550282209306,9.62154384254654,0.570841158877354,177,134,26.0500003881752,156.120217084885,collisions_layout,ClearSunset,15,0,0,0.35,45,15,0,0,0,0
548,52,RouteScenario_52,Failed,Town01,1,0,0,0,0,0,0,0,0,80,0,0,0,0,0,15,270,0,0.349999994039536,vehicle.bmw.isetta,"[0, 0, 0]",4,,hero,True,70,91.7189155740634,808,11,36.0960425574298,23.4624276623294,0.65,177,134,40.5500006042421,245.046159029007,collisions_layout,CloudySunset,80,0,0,0.35,270,15,0,0,0,0
549,53,RouteScenario_53,Failed,Town01,0,0,1,1.11,0,0,0,0,0,80,0,0,0,30,50,75,0,0,0.400000005960465,vehicle.bmw.isetta,"[0, 0, 0]",4,,hero,True,70,98.3793188962888,2629,11,60.0600474356669,35.6355256450791,0.593331626706588,177,135,131.600001960993,919.003452062607,collisions_vehicle,MidRainyNoon,80,30,50,0.4,0,75,0,0,0,0
550,54,RouteScenario_54,Completed,Town01,0,0,0,0,0,0,0,0,0,90,0,0,0,60,100,-80,225,0,1,vehicle.bmw.isetta,"[0, 0, 0]",4,,hero,True,70,97.6117190877154,1086,11,100,100,1,177,134,54.4500008113682,424.427062511444,none,HardRainNight,90,60,100,1,225,-80,0,0,0,0
551,55,RouteScenario_55,Failed,Town01,1,0,0,4.89,0,0,0,0,0,80,0,0,0,0,0,15,270,0,0.349999994039536,vehicle.bmw.isetta,"[0, 0, 0]",4,,hero,True,70,170.680552557536,2939,11,72.2473373527199,44.6662776076532,0.618241159388162,177,134,147.100002191961,914.122547626495,collisions_layout,CloudySunset,80,0,0,0.35,270,15,0,0,0,0
552,56,RouteScenario_56,Failed,Town01,0,0,0,0,1,0,0,0,0,80,0,0,0,30,50,-80,225,0,0.400000005960465,vehicle.bmw.isetta,"[0, 0, 0]",4,,hero,True,70,88.803553562924,1535,11,31.7081700586292,22.1957190410405,0.7,177,138,76.9000011458993,475.174235105515,red_light,MidRainyNight,80,30,50,0.4,225,-80,0,0,0,0
553,57,RouteScenario_57,Completed,Town01,0,0,0,0,0,0,0,0,0,80,0,0,0,0,0,-80,45,0,0.349999994039536,vehicle.bmw.isetta,"[0, 0, 0]",4,,hero,True,70,85.4917344082826,4145,11,100,100,1,177,131,207.400003090501,1401.31019759178,none,CloudyNight,80,0,0,0.35,45,-80,0,0,0,0
554,58,RouteScenario_58,Failed,Town01,0,0,1,0,0,0,0,0,0,80,0,0,0,0,0,75,45,0,0.349999994039536,vehicle.bmw.isetta,"[0, 0, 0]",4,,hero,True,70,110.760657959706,706,11,16.6053316705792,9.96319900234751,0.6,176,136,35.4500005282462,234.884152889252,collisions_vehicle,CloudyNoon,80,0,0,0.35,45,75,0,0,0,0
555,59,RouteScenario_59,Failed - Agent got blocked,Town01,0,0,0,0,0,0,0,0,1,90,0,0,0,0,50,-80,225,0,0.349999994039536,vehicle.bmw.isetta,"[0, 0, 0]",4,,hero,True,70,177.857127968248,7591,11,98.8616830538816,98.8616830538816,1,177,139,379.700005657971,2392.88484454155,none,WetCloudyNight,90,0,50,0.35,225,-80,0,0,0,0
556,6,RouteScenario_6,Failed - Agent timed out,Town01,0,0,0,0,0,0,1,0,0,20,0,0,0,0,50,-80,225,0,0.349999994039536,vehicle.bmw.isetta,"[0, 0, 0]",4,,hero,True,70,81.9999806667819,6558,11,95.068912166575,95.068912166575,1,177,132,328.050004888326,2073.35830307007,none,WetNight,20,0,50,0.35,225,-80,0,0,0,0
557,60,RouteScenario_60,Failed - Agent got blocked,Town01,0,0,0,21.58,0,0,0,0,1,80,0,0,0,0,0,15,270,0,0.349999994039536,vehicle.bmw.isetta,"[0, 0, 0]",4,,hero,True,70,62.717139549735,4171,11,37.1423766930212,29.125335923606,0.784153802658472,177,133,208.700003109872,1599.773914814,none,CloudySunset,80,0,0,0.35,270,15,0,0,0,0
558,61,RouteScenario_61,Failed,Town01,0,0,1,5.95,0,0,0,0,0,80,0,0,0,30,50,15,270,0,0.400000005960465,vehicle.bmw.isetta,"[0, 0, 0]",4,,hero,True,70,181.206637504591,4668,11,69.6601378357861,39.3086850978538,0.56429238182845,177,138,233.550003480166,1421.86111783981,collisions_vehicle,MidRainSunset,80,30,50,0.4,270,15,0,0,0,0
559,62,RouteScenario_62,Failed,Town01,0,0,1,0.88,0,0,0,0,0,15,0,0,0,0,0,-80,0,0,0.349999994039536,vehicle.bmw.isetta,"[0, 0, 0]",4,,hero,True,70,192.122827172363,881,11,42.7124797324578,25.4011530538382,0.594700968263744,177,135,44.2000006586313,284.653458833694,collisions_vehicle,ClearNight,15,0,0,0.35,0,-80,0,0,0,0
560,63,RouteScenario_63,Failed,Town01,0,0,1,0,0,0,0,0,0,90,0,0,0,0,50,75,180,0,0.349999994039536,vehicle.bmw.isetta,"[0, 0, 0]",4,,hero,True,70,235.904038841879,3922,11,95.8282315009189,57.4969389005513,0.6,177,134,196.250002924353,1336.51393127441,collisions_vehicle,WetCloudyNoon,90,0,50,0.35,180,75,0,0,0,0
561,64,RouteScenario_64,Failed,Town01,0,0,1,0,0,0,0,0,0,90,0,0,0,15,50,-80,270,0,0.349999994039536,vehicle.bmw.isetta,"[0, 0, 0]",4,,hero,True,70,156.177054868815,548,11,18.1690295184841,10.9014177110905,0.6,176,131,27.550000410527,239.372693300247,collisions_vehicle,SoftRainNight,90,15,50,0.35,270,-80,0,0,0,0
562,65,RouteScenario_65,Completed,Town01,0,0,0,0,0,0,0,0,0,90,0,0,0,15,50,75,315,0,0.349999994039536,vehicle.bmw.isetta,"[0, 0, 0]",4,,hero,True,70,203.435859527397,6295,11,100,100,1,177,135,314.900004692376,2092.18971133232,none,SoftRainNoon,90,15,50,0.35,315,75,0,0,0,0
563,66,RouteScenario_66,Failed - Agent got blocked,Town01,0,0,0,0,0,0,0,0,1,80,0,0,0,0,0,15,270,0,0.349999994039536,vehicle.bmw.isetta,"[0, 0, 0]",4,,hero,True,70,111.219846834658,6573,11,96.8025829826533,96.8025829826533,1,177,140,328.800004899502,2079.12511873245,none,CloudySunset,80,0,0,0.35,270,15,0,0,0,0
564,67,RouteScenario_67,Failed,Town01,0,0,1,12.35,0,0,0,0,0,90,0,0,0,60,100,-80,225,0,1,vehicle.bmw.isetta,"[0, 0, 0]",4,,hero,True,70,234.621307071779,2517,11,21.7396529674745,11.432911921538,0.525901307561957,177,136,126.000001877546,732.918513059616,collisions_vehicle,HardRainNight,90,60,100,1,225,-80,0,0,0,0
565,68,RouteScenario_68,Failed,Town01,0,0,1,4.8,0,0,0,0,0,15,0,0,0,0,0,-80,0,0,0.349999994039536,vehicle.bmw.isetta,"[0, 0, 0]",4,,hero,True,70,123.180107520798,2474,11,56.4455903118937,32.2421469139954,0.571207542269279,177,133,123.850001845509,1058.11093664169,collisions_vehicle,ClearNight,15,0,0,0.35,0,-80,0,0,0,0
566,69,RouteScenario_69,Failed - Agent got blocked,Town01,0,0,0,0,0,0,0,0,1,90,0,0,0,60,100,-80,225,0,1,vehicle.bmw.isetta,"[0, 0, 0]",4,,hero,True,70,50.3572785555583,4782,11,96.9131066779982,96.9131066779982,1,177,137,239.250003565103,1951.87297892571,none,HardRainNight,90,60,100,1,225,-80,0,0,0,0
567,7,RouteScenario_7,Completed,Town01,0,0,0,0.93,0,0,0,0,0,80,0,0,0,0,0,75,45,0,0.349999994039536,vehicle.bmw.isetta,"[0, 0, 0]",4,,hero,True,70,89.6610007271915,5250,11,100,99.0708168717797,0.990708168717797,177,134,262.65000391379,1818.5436911583,none,CloudyNoon,80,0,0,0.35,45,75,0,0,0,0
568,70,RouteScenario_70,Completed,Town01,0,0,0,0,0,0,0,0,0,15,0,0,0,0,0,-80,0,0,0.349999994039536,vehicle.bmw.isetta,"[0, 0, 0]",4,,hero,True,70,138.308004784328,1937,11,100,100,1,177,132,97.0000014454126,796.970696210861,none,ClearNight,15,0,0,0.35,0,-80,0,0,0,0
569,71,RouteScenario_71,Failed,Town01,0,0,1,0,0,0,0,0,0,80,0,0,0,0,0,75,45,0,0.349999994039536,vehicle.bmw.isetta,"[0, 0, 0]",4,,hero,True,70,226.400898091725,2124,11,54.0879041567828,32.4527424940696,0.6,177,138,106.350001584738,769.239368677139,collisions_vehicle,CloudyNoon,80,0,0,0.35,45,75,0,0,0,0
570,72,RouteScenario_72,Failed - Agent got blocked,Town01,0,0,0,0,0,0,0,0,1,15,0,0,0,0,0,75,0,0,0.349999994039536,vehicle.bmw.isetta,"[0, 0, 0]",4,,hero,True,70,152.837140492969,9332,11,98.637013999648,98.637013999648,1,177,134,466.750006955117,3301.73963308334,none,ClearNoon,15,0,0,0.35,0,75,0,0,0,0
571,73,RouteScenario_73,Failed,Town01,0,0,1,1.66,0,0,0,0,0,80,0,0,0,0,0,-80,45,0,0.349999994039536,vehicle.bmw.isetta,"[0, 0, 0]",4,,hero,True,70,173.225622140864,4311,11,98.1709035408184,57.9230277039805,0.5900223550443,177,131,215.70000321418,1579.77743244171,collisions_vehicle,CloudyNight,80,0,0,0.35,45,-80,0,0,0,0
572,74,RouteScenario_74,Failed,Town01,0,0,1,16.98,0,0,0,0,0,90,0,0,0,60,100,-80,225,0,1,vehicle.bmw.isetta,"[0, 0, 0]",4,,hero,True,70,135.011337708198,523,11,59.9269485030912,29.8512009350975,0.498126497022582,177,132,26.3000003919005,182.536441802978,collisions_vehicle,HardRainNight,90,60,100,1,225,-80,0,0,0,0
573,75,RouteScenario_75,Completed,Town01,0,0,0,0,0,0,0,0,0,80,0,0,0,30,50,-80,225,0,0.400000005960465,vehicle.bmw.isetta,"[0, 0, 0]",4,,hero,True,70,188.146872702469,8124,11,100,100,1,177,137,406.350006055087,2625.70608687401,none,MidRainyNight,80,30,50,0.4,225,-80,0,0,0,0
574,76,RouteScenario_76,Failed,Town01,0,0,1,0,0,0,0,0,0,20,0,0,0,0,50,75,45,0,0.349999994039536,vehicle.bmw.isetta,"[0, 0, 0]",4,,hero,True,70,44.1814466518153,1930,11,43.9430704824069,26.3658422894442,0.6,177,134,96.6500014401973,612.547034025192,collisions_vehicle,WetNoon,20,0,50,0.35,45,75,0,0,0,0
575,77,RouteScenario_77,Failed - Agent got blocked,Town01,0,0,0,0,0,0,0,0,1,90,0,0,0,0,50,15,0,0,0.349999994039536,vehicle.bmw.isetta,"[0, 0, 0]",4,,hero,True,70,30.3161255909202,8139,11,42.5342550819554,42.5342550819554,1,177,133,407.100006066263,2631.76256656647,none,WetCloudySunset,90,0,50,0.35,0,15,0,0,0,0
576,78,RouteScenario_78,Failed - Agent timed out,Town01,0,0,0,45.85,0,0,1,0,0,20,0,0,0,0,50,75,45,0,0.349999994039536,vehicle.bmw.isetta,"[0, 0, 0]",4,,hero,True,70,82.5240339591636,7018,11,27.4496029854784,14.8640686334246,0.541503956952969,177,136,351.050005231053,2680.86114406586,none,WetNoon,20,0,50,0.35,45,75,0,0,0,0
577,79,RouteScenario_79,Failed,Town01,0,0,1,40.71,0,0,0,0,0,80,0,0,0,30,50,15,270,0,0.400000005960465,vehicle.bmw.isetta,"[0, 0, 0]",4,,hero,True,70,220.053316473108,4031,11,12.1879340152781,4.33609487767376,0.355769474320938,177,133,201.700003005564,1475.51713180542,collisions_vehicle,MidRainSunset,80,30,50,0.4,270,15,0,0,0,0
578,8,RouteScenario_8,Failed - Agent timed out,Town01,0,0,0,24.3,0,0,1,0,0,20,0,0,0,0,50,-80,225,0,0.349999994039536,vehicle.bmw.isetta,"[0, 0, 0]",4,,hero,True,70,84.2932734945379,9338,11,40.4414801724482,30.6123683183417,0.756954695718511,177,136,467.050006959587,2754.50219941139,none,WetNight,20,0,50,0.35,225,-80,0,0,0,0
579,80,RouteScenario_80,Failed - Agent got blocked,Town01,0,0,0,0,0,0,0,0,1,15,0,0,0,0,0,15,45,0,0.349999994039536,vehicle.bmw.isetta,"[0, 0, 0]",4,,hero,True,70,135.565363838543,13271,11,98.2588723142931,98.2588723142931,1,177,133,663.700009889901,4673.21550011635,none,ClearSunset,15,0,0,0.35,45,15,0,0,0,0
580,81,RouteScenario_81,Failed,Town01,0,0,0,0,1,0,0,0,0,90,0,0,0,60,100,-80,225,0,1,vehicle.bmw.isetta,"[0, 0, 0]",4,,hero,True,70,227.065844694355,4635,11,86.2783524494907,60.3948467146435,0.7,177,131,231.900003455579,1575.98677277565,red_light,HardRainNight,90,60,100,1,225,-80,0,0,0,0
581,82,RouteScenario_82,Failed - Agent timed out,Town01,0,0,0,0,0,0,1,0,0,90,0,0,0,15,50,-80,270,0,0.349999994039536,vehicle.bmw.isetta,"[0, 0, 0]",4,,hero,True,70,92.6699986967743,7418,11,96.7316000474775,96.7316000474775,1,177,131,371.050005529076,2391.15662527084,none,SoftRainNight,90,15,50,0.35,270,-80,0,0,0,0
582,83,RouteScenario_83,Failed - Agent got blocked,Town01,0,0,0,0,0,0,0,0,1,90,0,0,0,60,100,75,90,0,1,vehicle.bmw.isetta,"[0, 0, 0]",4,,hero,True,70,153.779977032695,11143,11,98.0300488504417,98.0300488504417,1,177,133,557.300008304417,3655.57657456398,none,HardRainNoon,90,60,100,1,90,75,0,0,0,0
583,84,RouteScenario_84,Completed,Town01,0,0,0,0,0,0,0,0,0,90,0,0,0,60,100,-80,225,0,1,vehicle.bmw.isetta,"[0, 0, 0]",4,,hero,True,70,136.683846129862,1861,11,100,100,1,177,131,93.2000013887882,666.580352544785,none,HardRainNight,90,60,100,1,225,-80,0,0,0,0
584,85,RouteScenario_85,Failed - Agent timed out,Town01,0,0,0,8.36,0,0,1,0,0,15,0,0,0,0,0,75,0,0,0.349999994039536,vehicle.bmw.isetta,"[0, 0, 0]",4,,hero,True,70,56.7774573305317,4378,11,27.5121410446282,25.2107919662068,0.916351509150511,177,137,219.050003264099,1560.31338739395,none,ClearNoon,15,0,0,0.35,0,75,0,0,0,0
585,86,RouteScenario_86,Completed,Town01,0,0,0,0,0,0,0,0,0,90,0,0,0,15,50,15,270,0,0.349999994039536,vehicle.bmw.isetta,"[0, 0, 0]",4,,hero,True,70,140.293209988105,6788,11,100,100,1,177,132,339.550005059689,2167.9570710659,none,SoftRainSunset,90,15,50,0.35,270,15,0,0,0,0
586,87,RouteScenario_87,Completed,Town01,0,0,0,0,0,0,0,0,0,90,0,0,0,0,50,15,0,0,0.349999994039536,vehicle.bmw.isetta,"[0, 0, 0]",4,,hero,True,70,130.610807613161,5548,11,100,100,1,177,134,277.550004135817,1980.37177371979,none,WetCloudySunset,90,0,50,0.35,0,15,0,0,0,0
587,88,RouteScenario_88,Failed,Town01,1,0,0,0,0,0,0,0,0,90,0,0,0,60,100,75,90,0,1,vehicle.bmw.isetta,"[0, 0, 0]",4,,hero,True,70,109.972054901903,2774,11,76.2188722670489,49.5422669735818,0.65,177,133,138.850002069026,967.333110809326,collisions_layout,HardRainNoon,90,60,100,1,90,75,0,0,0,0
588,89,RouteScenario_89,Failed,Town01,0,0,1,0,0,0,0,0,0,90,0,0,0,60,100,-80,225,0,1,vehicle.bmw.isetta,"[0, 0, 0]",4,,hero,True,70,190.574216852156,786,11,38.967879980838,23.3807279885028,0.6,177,136,39.4500005878508,302.778496265411,collisions_vehicle,HardRainNight,90,60,100,1,225,-80,0,0,0,0
589,9,RouteScenario_9,Failed,Town01,0,0,1,0,0,0,0,0,0,90,0,0,0,60,100,-80,225,0,1,vehicle.bmw.isetta,"[0, 0, 0]",4,,hero,True,70,161.240312550301,683,11,8.97464231165468,5.38478538699281,0.6,177,137,34.3000005111098,273.4908015728,collisions_vehicle,HardRainNight,90,60,100,1,225,-80,0,0,0,0
590,90,RouteScenario_90,Failed,Town01,0,0,1,0,0,0,0,0,0,90,0,0,0,15,50,15,270,0,0.349999994039536,vehicle.bmw.isetta,"[0, 0, 0]",4,,hero,True,70,212.051471379147,1324,11,32.9578521859003,19.7747113115402,0.6,176,133,66.350000988692,462.071184635162,collisions_vehicle,SoftRainSunset,90,15,50,0.35,270,15,0,0,0,0
591,91,RouteScenario_91,Failed,Town01,1,0,0,66.29,0,0,0,0,0,90,0,0,0,15,50,75,315,0,0.349999994039536,vehicle.bmw.isetta,"[0, 0, 0]",4,,hero,True,70,50.1306667090402,2485,11,33.207334374738,7.27535091133955,0.219088675689494,177,133,124.400001853704,769.229601144791,collisions_layout,SoftRainNoon,90,15,50,0.35,315,75,0,0,0,0
592,92,RouteScenario_92,Failed,Town01,0,0,1,23.35,0,0,0,0,0,90,0,0,0,60,100,75,90,0,1,vehicle.bmw.isetta,"[0, 0, 0]",4,,hero,True,70,9.9037431356277,541,11,16.7250255877639,7.69170090462729,0.459891727176465,177,134,27.2000004053116,225.892598152161,collisions_vehicle,HardRainNoon,90,60,100,1,90,75,0,0,0,0
593,93,RouteScenario_93,Failed - Agent got blocked,Town01,0,0,0,0,0,0,0,0,1,20,0,0,0,0,50,15,270,0,0.349999994039536,vehicle.bmw.isetta,"[0, 0, 0]",4,,hero,True,70,147.887772506435,9157,11,98.3832451200723,98.3832451200723,1,177,133,458.000006824732,3100.52359390259,none,WetSunset,20,0,50,0.35,270,15,0,0,0,0
594,94,RouteScenario_94,Failed,Town01,1,0,0,12.67,0,0,0,0,0,15,0,0,0,0,0,-80,0,0,0.349999994039536,vehicle.bmw.isetta,"[0, 0, 0]",4,,hero,True,70,132.450847509141,332,11,30.6525801007156,17.400670355831,0.567673921694597,177,134,16.7500002495945,100.216917037964,collisions_layout,ClearNight,15,0,0,0.35,0,-80,0,0,0,0
595,95,RouteScenario_95,Failed - Agent got blocked,Town01,0,0,0,0,0,0,0,0,1,15,0,0,0,0,0,75,0,0,0.349999994039536,vehicle.bmw.isetta,"[0, 0, 0]",4,,hero,True,70,175.462139150575,4980,11,98.3747655942404,98.3747655942404,1,177,133,249.150003712624,1615.75481176376,none,ClearNoon,15,0,0,0.35,0,75,0,0,0,0
596,96,RouteScenario_96,Failed - Agent got blocked,Town01,0,0,0,0,0,0,0,0,1,80,0,0,0,30,50,-80,225,0,0.400000005960465,vehicle.bmw.isetta,"[0, 0, 0]",4,,hero,True,70,146.502220519111,9065,11,98.6399850871442,98.6399850871442,1,177,136,453.400006756187,3026.39692926407,none,MidRainyNight,80,30,50,0.4,225,-80,0,0,0,0
597,97,RouteScenario_97,Failed - Agent got blocked,Town01,0,0,0,0,0,0,0,0,1,20,0,0,0,0,50,15,270,0,0.349999994039536,vehicle.bmw.isetta,"[0, 0, 0]",4,,hero,True,70,97.7891815367876,4169,11,97.9321518330773,97.9321518330773,1,177,135,208.600003108382,1483.53530669212,none,WetSunset,20,0,50,0.35,270,15,0,0,0,0
598,98,RouteScenario_98,Failed,Town01,0,0,1,3.64,0,0,0,0,0,15,0,0,0,0,0,75,0,0,0.349999994039536,vehicle.bmw.isetta,"[0, 0, 0]",4,,hero,True,70,84.7644301521923,1723,11,40.3049018846935,23.3036742209959,0.578184616046564,177,131,86.3000012859702,655.804518222809,collisions_vehicle,ClearNoon,15,0,0,0.35,0,75,0,0,0,0
599,99,RouteScenario_99,Failed - Agent got blocked,Town01,0,0,0,0,0,0,0,0,1,20,0,0,0,0,50,15,270,0,0.349999994039536,vehicle.bmw.isetta,"[0, 0, 0]",4,,hero,True,70,138.250854519956,7419,11,97.8160993874138,97.8160993874138,1,177,132,371.100005529821,2294.14651536942,none,WetSunset,20,0,50,0.35,270,15,0,0,0,0
600,0,RouteScenario_0,Completed,Town01,0,0,0,0,0,0,0,0,0,20,0,0,0,0,50,15,270,0,0.349999994039536,vehicle.lincoln.mkz2017,"[0, 0, 0]",4,,hero,True,70,207.019212970771,2199,10,100,100,1,177,137,110.100001640618,422.561215639114,none,WetSunset,20,0,50,0.35,270,15,0,0,0,0
601,1,RouteScenario_1,Failed,Town01,0,0,0,0,1,0,0,0,0,90,0,0,0,15,50,-80,270,0,0.349999994039536,vehicle.lincoln.mkz2017,"[0, 0, 0]",4,,hero,True,70,82.7731237397857,1091,10,0.417505008050685,0.29225350563548,0.7,177,140,54.7000008150935,171.640199899673,red_light,SoftRainNight,90,15,50,0.35,270,-80,0,0,0,0
602,10,RouteScenario_10,Failed - Agent got blocked,Town01,0,0,0,0,0,0,0,0,1,90,0,0,0,0,50,15,0,0,0.349999994039536,vehicle.lincoln.mkz2017,"[0, 0, 0]",4,,hero,True,70,178.939133037313,8741,10,98.8752490722728,98.8752490722728,1,177,143,437.200006514788,1845.59091496468,none,WetCloudySunset,90,0,50,0.35,0,15,0,0,0,0
603,100,RouteScenario_100,Completed,Town01,0,0,0,0,0,0,0,0,0,90,0,0,0,60,100,75,90,0,1,vehicle.lincoln.mkz2017,"[0, 0, 0]",4,,hero,True,70,238.109787563928,2799,10,100,100,1,177,149,140.100002087653,659.399381160736,none,HardRainNoon,90,60,100,1,90,75,0,0,0,0
604,101,RouteScenario_101,Failed - Agent got blocked,Town01,0,0,0,0,0,0,0,0,1,90,0,0,0,15,50,-80,270,0,0.349999994039536,vehicle.lincoln.mkz2017,"[0, 0, 0]",4,,hero,True,70,223.332902900877,12463,10,98.684286257134,98.684286257134,1,177,145,623.300009287894,2914.34153699875,none,SoftRainNight,90,15,50,0.35,270,-80,0,0,0,0
605,102,RouteScenario_102,Completed,Town01,0,0,0,0,0,0,0,0,0,15,0,0,0,0,0,15,45,0,0.349999994039536,vehicle.lincoln.mkz2017,"[0, 0, 0]",4,,hero,True,70,167.564870864939,1654,10,100,100,1,177,147,82.8500012345612,437.03989648819,none,ClearSunset,15,0,0,0.35,45,15,0,0,0,0
606,103,RouteScenario_103,Failed,Town01,0,0,0,0,1,0,0,0,0,80,0,0,0,0,0,75,45,0,0.349999994039536,vehicle.lincoln.mkz2017,"[0, 0, 0]",4,,hero,True,70,194.971879863744,8583,10,98.3423966505107,68.8396776553575,0.7,177,143,429.300006397069,1850.51447916031,red_light,CloudyNoon,80,0,0,0.35,45,75,0,0,0,0
607,104,RouteScenario_104,Completed,Town01,0,0,0,0,0,0,0,0,0,20,0,0,0,0,50,-80,225,0,0.349999994039536,vehicle.lincoln.mkz2017,"[0, 0, 0]",4,,hero,True,70,115.885909577756,770,10,100,100,1,177,149,38.6500005759299,175.213290929794,none,WetNight,20,0,50,0.35,225,-80,0,0,0,0
608,105,RouteScenario_105,Completed,Town01,0,0,0,0,0,0,0,0,0,90,0,0,0,60,100,75,90,0,1,vehicle.lincoln.mkz2017,"[0, 0, 0]",4,,hero,True,70,43.0960436440428,7862,10,100,100,1,177,146,393.250005859882,2174.50884342194,none,HardRainNoon,90,60,100,1,90,75,0,0,0,0
609,106,RouteScenario_106,Failed,Town01,0,0,0,0,1,0,0,0,0,90,0,0,0,15,50,-80,270,0,0.349999994039536,vehicle.lincoln.mkz2017,"[0, 0, 0]",4,,hero,True,70,58.6382713487703,0,10,0,0,0.7,177,0,0.050000000745058,0.149117231369018,red_light,SoftRainNight,90,15,50,0.35,270,-80,0,0,0,0
610,107,RouteScenario_107,Failed,Town01,0,0,1,0,0,0,0,0,0,20,0,0,0,0,50,-80,225,0,0.349999994039536,vehicle.lincoln.mkz2017,"[0, 0, 0]",4,,hero,True,70,77.2658992938477,2314,10,98.0971090935468,58.8582654561281,0.6,177,139,115.8500017263,471.78609752655,collisions_vehicle,WetNight,20,0,50,0.35,225,-80,0,0,0,0
611,108,RouteScenario_108,Completed,Town01,0,0,0,0,0,0,0,0,0,15,0,0,0,0,0,15,45,0,0.349999994039536,vehicle.lincoln.mkz2017,"[0, 0, 0]",4,,hero,True,70,162.785049296464,3188,10,100,100,1,177,144,159.55000237748,661.589736461639,none,ClearSunset,15,0,0,0.35,45,15,0,0,0,0
612,109,RouteScenario_109,Completed,Town01,0,0,0,0,0,0,0,0,0,90,0,0,0,0,50,-80,225,0,0.349999994039536,vehicle.lincoln.mkz2017,"[0, 0, 0]",4,,hero,True,70,198.331334951565,2638,10,100,100,1,177,143,132.050001967698,639.182459354401,none,WetCloudyNight,90,0,50,0.35,225,-80,0,0,0,0
613,11,RouteScenario_11,Failed,Town01,0,0,1,0,0,0,0,0,0,90,0,0,0,0,50,75,180,0,0.349999994039536,vehicle.lincoln.mkz2017,"[0, 0, 0]",4,,hero,True,70,101.612062127783,1643,10,78.6102870983999,47.1661722590399,0.6,177,142,82.3000012263656,340.233573436737,collisions_vehicle,WetCloudyNoon,90,0,50,0.35,180,75,0,0,0,0
614,110,RouteScenario_110,Failed,Town01,0,1,0,0,0,0,0,0,0,90,0,0,0,0,50,75,180,0,0.349999994039536,vehicle.lincoln.mkz2017,"[0, 0, 0]",4,,hero,True,70,114.149971162581,6744,10,32.3093799096058,16.1546899548029,0.5,177,145,337.350005026907,1410.04089283943,collisions_pedestrian,WetCloudyNoon,90,0,50,0.35,180,75,0,0,0,0
615,111,RouteScenario_111,Failed - Agent got blocked,Town01,0,0,0,0,0,0,0,0,1,90,0,0,0,60,100,75,90,0,1,vehicle.lincoln.mkz2017,"[0, 0, 0]",4,,hero,True,70,89.8581682581759,6938,10,96.9709620656132,96.9709620656132,1,177,142,347.050005171448,1719.73527979851,none,HardRainNoon,90,60,100,1,90,75,0,0,0,0
616,112,RouteScenario_112,Completed,Town01,0,0,0,0,0,0,0,0,0,80,0,0,0,0,0,75,45,0,0.349999994039536,vehicle.lincoln.mkz2017,"[0, 0, 0]",4,,hero,True,70,117.182011802066,2479,10,100,100,1,176,144,124.100001849234,523.588937520981,none,CloudyNoon,80,0,0,0.35,45,75,0,0,0,0
617,113,RouteScenario_113,Completed,Town01,0,0,0,0,0,0,0,0,0,20,0,0,0,0,50,-80,225,0,0.349999994039536,vehicle.lincoln.mkz2017,"[0, 0, 0]",4,,hero,True,70,124.710890054488,1042,10,100,100,1,177,149,52.2500007785857,203.349139213562,none,WetNight,20,0,50,0.35,225,-80,0,0,0,0
618,114,RouteScenario_114,Failed,Town01,0,0,0,0,1,0,0,0,0,80,0,0,0,0,0,-80,45,0,0.349999994039536,vehicle.lincoln.mkz2017,"[0, 0, 0]",4,,hero,True,70,97.8522698152996,1170,10,1.00247481696416,0.701732371874915,0.7,177,146,58.6500008739531,203.623970985413,red_light,CloudyNight,80,0,0,0.35,45,-80,0,0,0,0
619,115,RouteScenario_115,Completed,Town01,0,0,0,0,0,0,0,0,0,90,0,0,0,0,50,15,0,0,0.349999994039536,vehicle.lincoln.mkz2017,"[0, 0, 0]",4,,hero,True,70,152.482095803129,1492,10,100,100,1,177,142,74.7500011138618,347.644086122513,none,WetCloudySunset,90,0,50,0.35,0,15,0,0,0,0
620,116,RouteScenario_116,Failed,Town01,0,0,0,0,1,0,0,0,0,90,0,0,0,0,50,75,180,0,0.349999994039536,vehicle.lincoln.mkz2017,"[0, 0, 0]",4,,hero,True,70,273.331996132036,1111,10,1.02572442958814,0.718007100711699,0.7,177,143,55.7000008299947,230.486866474152,red_light,WetCloudyNoon,90,0,50,0.35,180,75,0,0,0,0
621,117,RouteScenario_117,Completed,Town01,0,0,0,0,0,0,0,0,0,80,0,0,0,0,0,75,45,0,0.349999994039536,vehicle.lincoln.mkz2017,"[0, 0, 0]",4,,hero,True,70,174.533229151483,4594,10,100,100,1,176,143,229.850003425032,1077.80706954002,none,CloudyNoon,80,0,0,0.35,45,75,0,0,0,0
622,118,RouteScenario_118,Completed,Town01,0,0,0,0,0,0,0,0,0,15,0,0,0,0,0,-80,0,0,0.349999994039536,vehicle.lincoln.mkz2017,"[0, 0, 0]",4,,hero,True,70,56.3013298853026,1395,10,100,100,1,177,142,69.9000010415912,313.87991976738,none,ClearNight,15,0,0,0.35,0,-80,0,0,0,0
623,119,RouteScenario_119,Failed,Town01,0,0,0,0,1,0,0,0,0,90,0,0,0,0,50,-80,225,0,0.349999994039536,vehicle.lincoln.mkz2017,"[0, 0, 0]",4,,hero,True,70,187.802880730796,4746,10,76.4505767618908,53.5154037333235,0.7,177,145,237.450003538281,999.61324262619,red_light,WetCloudyNight,90,0,50,0.35,225,-80,0,0,0,0
624,12,RouteScenario_12,Failed - Agent got blocked,Town01,0,0,0,0,0,0,0,0,1,90,0,0,0,60,100,75,90,0,1,vehicle.lincoln.mkz2017,"[0, 0, 0]",4,,hero,True,70,148.579952645267,6355,10,97.9549822124303,97.9549822124303,1,177,141,317.900004737079,1325.66402602196,none,HardRainNoon,90,60,100,1,90,75,0,0,0,0
625,120,RouteScenario_120,Failed - Agent timed out,Town01,0,0,0,0,0,0,1,0,0,90,0,0,0,15,50,-80,270,0,0.349999994039536,vehicle.lincoln.mkz2017,"[0, 0, 0]",4,,hero,True,70,67.6444874349446,7578,10,97.8667075132946,97.8667075132946,1,177,143,379.050005648285,1920.00666761398,none,SoftRainNight,90,15,50,0.35,270,-80,0,0,0,0
626,121,RouteScenario_121,Completed,Town01,0,0,0,0,0,0,0,0,0,80,0,0,0,0,0,-80,45,0,0.349999994039536,vehicle.lincoln.mkz2017,"[0, 0, 0]",4,,hero,True,70,247.344371976281,5528,10,100,100,1,177,145,276.550004120916,1261.44547843933,none,CloudyNight,80,0,0,0.35,45,-80,0,0,0,0
627,122,RouteScenario_122,Completed,Town01,0,0,0,0,0,0,0,0,0,80,0,0,0,30,50,15,270,0,0.400000005960465,vehicle.lincoln.mkz2017,"[0, 0, 0]",4,,hero,True,70,185.994639783653,1141,10,100,100,1,177,147,57.2000008523464,224.632404327392,none,MidRainSunset,80,30,50,0.4,270,15,0,0,0,0
628,123,RouteScenario_123,Completed,Town01,0,0,0,0,0,0,0,0,0,80,0,0,0,0,0,15,270,0,0.349999994039536,vehicle.lincoln.mkz2017,"[0, 0, 0]",4,,hero,True,70,50.9926642098561,825,10,100,100,1,177,144,41.4000006169081,174.354771137238,none,CloudySunset,80,0,0,0.35,270,15,0,0,0,0
629,124,RouteScenario_124,Failed,Town01,0,0,0,0,1,0,0,0,0,90,0,0,0,0,50,15,0,0,0.349999994039536,vehicle.lincoln.mkz2017,"[0, 0, 0]",4,,hero,True,70,80.7752049372926,5678,10,31.0093136945326,21.7065195861728,0.7,176,142,284.050004232675,1252.69333767891,red_light,WetCloudySunset,90,0,50,0.35,0,15,0,0,0,0
630,125,RouteScenario_125,Completed,Town01,0,0,0,0,0,0,0,0,0,90,0,0,0,0,50,75,180,0,0.349999994039536,vehicle.lincoln.mkz2017,"[0, 0, 0]",4,,hero,True,70,154.227736306685,1651,10,100,100,1,177,148,82.700001232326,439.381279706955,none,WetCloudyNoon,90,0,50,0.35,180,75,0,0,0,0
631,126,RouteScenario_126,Failed - Agent got blocked,Town01,0,0,0,0,0,0,0,0,1,80,0,0,0,60,100,15,0,0,1,vehicle.lincoln.mkz2017,"[0, 0, 0]",4,,hero,True,70,81.1833542852019,6054,10,96.8842473203997,96.8842473203997,1,177,142,302.850004512817,1517.84797430038,none,HardRainSunset,80,60,100,1,0,15,0,0,0,0
632,127,RouteScenario_127,Completed,Town01,0,0,0,0,0,0,0,0,0,90,0,0,0,15,50,-80,270,0,0.349999994039536,vehicle.lincoln.mkz2017,"[0, 0, 0]",4,,hero,True,70,126.519743536487,1062,10,100,100,1,177,139,53.2500007934868,210.907841920853,none,SoftRainNight,90,15,50,0.35,270,-80,0,0,0,0
633,128,RouteScenario_128,Completed,Town01,0,0,0,0,0,0,0,0,0,80,0,0,0,0,0,15,270,0,0.349999994039536,vehicle.lincoln.mkz2017,"[0, 0, 0]",4,,hero,True,70,275.50983420566,5060,10,100,100,1,177,141,253.150003772229,954.160255670548,none,CloudySunset,80,0,0,0.35,270,15,0,0,0,0
634,129,RouteScenario_129,Failed - Agent got blocked,Town01,0,0,0,0,0,0,0,0,1,90,0,0,0,0,50,75,180,0,0.349999994039536,vehicle.lincoln.mkz2017,"[0, 0, 0]",4,,hero,True,70,161.070550861444,7281,10,98.5170694602678,98.5170694602678,1,177,143,364.200005427003,1793.19856619835,none,WetCloudyNoon,90,0,50,0.35,180,75,0,0,0,0
635,13,RouteScenario_13,Failed,Town01,0,0,1,0,0,0,0,0,0,15,0,0,0,0,0,75,0,0,0.349999994039536,vehicle.lincoln.mkz2017,"[0, 0, 0]",4,,hero,True,70,212.219985135147,229,10,10.9269943798229,6.55619662789376,0.6,177,145,11.6000001728535,52.9042749404907,collisions_vehicle,ClearNoon,15,0,0,0.35,0,75,0,0,0,0
636,130,RouteScenario_130,Completed,Town01,0,0,0,0,0,0,0,0,0,80,0,0,0,60,100,15,0,0,1,vehicle.lincoln.mkz2017,"[0, 0, 0]",4,,hero,True,70,92.6720864187918,2882,10,100,100,1,177,147,144.250002149493,807.102312326431,none,HardRainSunset,80,60,100,1,0,15,0,0,0,0
637,131,RouteScenario_131,Failed - Agent got blocked,Town01,0,0,0,0,0,0,0,0,1,80,0,0,0,60,100,15,0,0,1,vehicle.lincoln.mkz2017,"[0, 0, 0]",4,,hero,True,70,155.64995003145,6532,10,98.0821679037725,98.0821679037725,1,177,146,326.750004868954,1204.89694190025,none,HardRainSunset,80,60,100,1,0,15,0,0,0,0
638,132,RouteScenario_132,Completed,Town01,0,0,0,0,0,0,0,0,0,90,0,0,0,0,50,75,180,0,0.349999994039536,vehicle.lincoln.mkz2017,"[0, 0, 0]",4,,hero,True,70,168.141501983467,2090,10,100,100,1,177,144,104.650001559407,589.863569021225,none,WetCloudyNoon,90,0,50,0.35,180,75,0,0,0,0
639,133,RouteScenario_133,Failed,Town01,0,0,0,0,1,0,0,0,0,80,0,0,0,0,0,15,270,0,0.349999994039536,vehicle.lincoln.mkz2017,"[0, 0, 0]",4,,hero,True,70,135.693103912075,6021,10,48.6435643925408,34.0504950747785,0.7,176,147,301.20000448823,1146.27501416206,red_light,CloudySunset,80,0,0,0.35,270,15,0,0,0,0
640,134,RouteScenario_134,Completed,Town01,0,0,0,0,0,0,0,0,0,80,0,0,0,30,50,-80,225,0,0.400000005960465,vehicle.lincoln.mkz2017,"[0, 0, 0]",4,,hero,True,70,121.971395824203,2250,10,100,100,1,177,142,112.650001678616,522.426300048828,none,MidRainyNight,80,30,50,0.4,225,-80,0,0,0,0
641,135,RouteScenario_135,Completed,Town01,0,0,0,0,0,0,0,0,0,15,0,0,0,0,0,75,0,0,0.349999994039536,vehicle.lincoln.mkz2017,"[0, 0, 0]",4,,hero,True,70,90.0830794673052,4675,10,100,100,1,177,145,233.900003485382,1041.09123802185,none,ClearNoon,15,0,0,0.35,0,75,0,0,0,0
642,136,RouteScenario_136,Completed,Town01,0,0,0,0,0,0,0,0,0,15,0,0,0,0,0,75,0,0,0.349999994039536,vehicle.lincoln.mkz2017,"[0, 0, 0]",4,,hero,True,70,71.692100036983,6040,10,100,100,1,176,144,302.150004502386,1489.18631887436,none,ClearNoon,15,0,0,0.35,0,75,0,0,0,0
643,137,RouteScenario_137,Completed,Town01,0,0,0,0,0,0,0,0,0,80,0,0,0,60,100,15,0,0,1,vehicle.lincoln.mkz2017,"[0, 0, 0]",4,,hero,True,70,195.338331642993,3382,10,100,100,1,177,144,169.250002522022,731.170574188232,none,HardRainSunset,80,60,100,1,0,15,0,0,0,0
644,138,RouteScenario_138,Completed,Town01,0,0,0,0,0,0,0,0,0,80,0,0,0,0,0,75,45,0,0.349999994039536,vehicle.lincoln.mkz2017,"[0, 0, 0]",4,,hero,True,70,96.4002246154936,2802,10,100,100,1,177,144,140.250002089888,793.557293891907,none,CloudyNoon,80,0,0,0.35,45,75,0,0,0,0
645,139,RouteScenario_139,Completed,Town01,0,0,0,0,0,0,0,0,0,80,0,0,0,30,50,15,270,0,0.400000005960465,vehicle.lincoln.mkz2017,"[0, 0, 0]",4,,hero,True,70,151.5509041962,2267,10,100,100,1,177,146,113.500001691282,463.390534639359,none,MidRainSunset,80,30,50,0.4,270,15,0,0,0,0
646,14,RouteScenario_14,Failed - Agent got blocked,Town01,0,0,0,0,0,0,0,0,1,15,0,0,0,0,0,15,45,0,0.349999994039536,vehicle.lincoln.mkz2017,"[0, 0, 0]",4,,hero,True,70,185.726159223418,10399,10,98.8900316924522,98.8900316924522,1,177,142,520.100007750094,2511.56830835342,none,ClearSunset,15,0,0,0.35,45,15,0,0,0,0
647,140,RouteScenario_140,Failed - Agent got blocked,Town01,0,0,0,0,0,0,0,0,1,90,0,0,0,15,50,-80,270,0,0.349999994039536,vehicle.lincoln.mkz2017,"[0, 0, 0]",4,,hero,True,70,141.904018858039,11178,10,98.9694242137698,98.9694242137698,1,176,144,559.050008330494,2044.85399889946,none,SoftRainNight,90,15,50,0.35,270,-80,0,0,0,0
648,141,RouteScenario_141,Failed - Agent got blocked,Town01,0,0,0,0,0,0,0,0,1,90,0,0,0,15,50,-80,270,0,0.349999994039536,vehicle.lincoln.mkz2017,"[0, 0, 0]",4,,hero,True,70,159.021803044014,4445,10,98.7186442745728,98.7186442745728,1,177,146,222.400003314018,924.750355958939,none,SoftRainNight,90,15,50,0.35,270,-80,0,0,0,0
649,142,RouteScenario_142,Completed,Town01,0,0,0,0,0,0,0,0,0,15,0,0,0,0,0,75,0,0,0.349999994039536,vehicle.lincoln.mkz2017,"[0, 0, 0]",4,,hero,True,70,69.9383987948123,1303,10,100,100,1,177,145,65.3000009730458,349.539620399475,none,ClearNoon,15,0,0,0.35,0,75,0,0,0,0
650,143,RouteScenario_143,Completed,Town01,0,0,0,0,0,0,0,0,0,90,0,0,0,60,100,75,90,0,1,vehicle.lincoln.mkz2017,"[0, 0, 0]",4,,hero,True,70,222.933809016488,5832,10,100,100,1,177,145,291.750004347414,1394.83049654961,none,HardRainNoon,90,60,100,1,90,75,0,0,0,0
651,144,RouteScenario_144,Completed,Town01,0,0,0,0,0,0,0,0,0,20,0,0,0,0,50,75,45,0,0.349999994039536,vehicle.lincoln.mkz2017,"[0, 0, 0]",4,,hero,True,70,237.946438945277,4057,10,100,100,1,177,143,203.000003024936,901.103325843811,none,WetNoon,20,0,50,0.35,45,75,0,0,0,0
652,145,RouteScenario_145,Completed,Town01,0,0,0,0,0,0,0,0,0,90,0,0,0,15,50,75,315,0,0.349999994039536,vehicle.lincoln.mkz2017,"[0, 0, 0]",4,,hero,True,70,200.109787391949,1935,10,100,100,1,177,143,96.9000014439225,487.920707702637,none,SoftRainNoon,90,15,50,0.35,315,75,0,0,0,0
653,146,RouteScenario_146,Failed,Town01,0,0,0,0,1,0,0,0,0,90,0,0,0,0,50,15,0,0,0.349999994039536,vehicle.lincoln.mkz2017,"[0, 0, 0]",4,,hero,True,70,139.822489759283,5375,10,97.7049833734998,68.3934883614498,0.7,176,143,268.900004006922,1196.82924079895,red_light,WetCloudySunset,90,0,50,0.35,0,15,0,0,0,0
654,147,RouteScenario_147,Failed - Agent got blocked,Town01,0,0,0,0,0,0,0,0,1,90,0,0,0,60,100,75,90,0,1,vehicle.lincoln.mkz2017,"[0, 0, 0]",4,,hero,True,70,129.749496859937,6096,10,98.8734028750708,98.8734028750708,1,177,144,304.950004544109,1734.09432220459,none,HardRainNoon,90,60,100,1,90,75,0,0,0,0
655,148,RouteScenario_148,Failed - Agent timed out,Town01,0,0,0,0,0,0,1,0,0,80,0,0,0,0,0,75,45,0,0.349999994039536,vehicle.lincoln.mkz2017,"[0, 0, 0]",4,,hero,True,70,59.9817139769069,4798,10,98.3079209536202,98.3079209536202,1,177,143,240.050003577024,1101.00539827347,none,CloudyNoon,80,0,0,0.35,45,75,0,0,0,0
656,149,RouteScenario_149,Completed,Town01,0,0,0,0,0,0,0,0,0,90,0,0,0,15,50,15,270,0,0.349999994039536,vehicle.lincoln.mkz2017,"[0, 0, 0]",4,,hero,True,70,164.30197183978,1361,10,100,100,1,176,148,68.2000010162592,268.797654390335,none,SoftRainSunset,90,15,50,0.35,270,15,0,0,0,0
657,15,RouteScenario_15,Failed,Town01,0,0,1,0,0,0,0,0,0,90,0,0,0,0,50,-80,225,0,0.349999994039536,vehicle.lincoln.mkz2017,"[0, 0, 0]",4,,hero,True,70,135.349716242063,1837,10,71.7392768239283,43.043566094357,0.6,176,142,92.0000013709069,350.365066051483,collisions_vehicle,WetCloudyNight,90,0,50,0.35,225,-80,0,0,0,0
658,150,RouteScenario_150,Completed,Town01,0,0,0,0,0,0,0,0,0,90,0,0,0,60,100,-80,225,0,1,vehicle.lincoln.mkz2017,"[0, 0, 0]",4,,hero,True,70,85.6688904605412,770,10,100,100,1,177,143,38.6500005759299,206.102653026581,none,HardRainNight,90,60,100,1,225,-80,0,0,0,0
659,151,RouteScenario_151,Completed,Town01,0,0,0,0,0,0,0,0,0,15,0,0,0,0,0,75,0,0,0.349999994039536,vehicle.lincoln.mkz2017,"[0, 0, 0]",4,,hero,True,70,62.5776968919883,1532,10,100,100,1,177,145,76.7500011436641,313.70686674118,none,ClearNoon,15,0,0,0.35,0,75,0,0,0,0
660,152,RouteScenario_152,Completed,Town01,0,0,0,0,0,0,0,0,0,90,0,0,0,0,50,-80,225,0,0.349999994039536,vehicle.lincoln.mkz2017,"[0, 0, 0]",4,,hero,True,70,209.050237995328,2182,10,100,100,1,177,144,109.250001627952,432.369688034058,none,WetCloudyNight,90,0,50,0.35,225,-80,0,0,0,0
661,153,RouteScenario_153,Completed,Town01,0,0,0,0,0,0,0,0,0,80,0,0,0,30,50,75,0,0,0.400000005960465,vehicle.lincoln.mkz2017,"[0, 0, 0]",4,,hero,True,70,109.916963408522,4151,10,100,100,1,177,145,207.700003094971,1012.09367632866,none,MidRainyNoon,80,30,50,0.4,0,75,0,0,0,0
662,154,RouteScenario_154,Completed,Town01,0,0,0,0,0,0,0,0,0,80,0,0,0,30,50,15,270,0,0.400000005960465,vehicle.lincoln.mkz2017,"[0, 0, 0]",4,,hero,True,70,112.256339525108,3018,10,100,100,1,177,139,151.05000225082,733.836400508881,none,MidRainSunset,80,30,50,0.4,270,15,0,0,0,0
663,155,RouteScenario_155,Completed,Town01,0,0,0,0,0,0,0,0,0,90,0,0,0,0,50,75,180,0,0.349999994039536,vehicle.lincoln.mkz2017,"[0, 0, 0]",4,,hero,True,70,113.501485408099,2266,10,100,100,1,177,142,113.450001690537,493.143686532974,none,WetCloudyNoon,90,0,50,0.35,180,75,0,0,0,0
664,156,RouteScenario_156,Failed - Agent got blocked,Town01,0,0,0,0,0,0,0,0,1,90,0,0,0,15,50,15,270,0,0.349999994039536,vehicle.lincoln.mkz2017,"[0, 0, 0]",4,,hero,True,70,245.147823115636,10639,10,98.0259279356202,98.0259279356202,1,176,142,532.100007928908,1931.33653521538,none,SoftRainSunset,90,15,50,0.35,270,15,0,0,0,0
665,157,RouteScenario_157,Completed,Town01,0,0,0,0,0,0,0,0,0,15,0,0,0,0,0,75,0,0,0.349999994039536,vehicle.lincoln.mkz2017,"[0, 0, 0]",4,,hero,True,70,250.122455088616,3827,10,100,100,1,177,146,191.500002853572,942.291213512421,none,ClearNoon,15,0,0,0.35,0,75,0,0,0,0
666,158,RouteScenario_158,Completed,Town01,0,0,0,0,0,0,0,0,0,15,0,0,0,0,0,75,0,0,0.349999994039536,vehicle.lincoln.mkz2017,"[0, 0, 0]",4,,hero,True,70,54.5061313527031,1320,10,100,100,1,177,144,66.1500009857118,326.158027172089,none,ClearNoon,15,0,0,0.35,0,75,0,0,0,0
667,159,RouteScenario_159,Completed,Town01,0,0,0,0,0,0,0,0,0,90,0,0,0,15,50,15,270,0,0.349999994039536,vehicle.lincoln.mkz2017,"[0, 0, 0]",4,,hero,True,70,132.291257700532,1616,10,100,100,1,177,149,80.950001206249,290.713937997818,none,SoftRainSunset,90,15,50,0.35,270,15,0,0,0,0
668,16,RouteScenario_16,Failed,Town01,0,0,0,0,1,0,0,0,0,80,0,0,0,0,0,-80,45,0,0.349999994039536,vehicle.lincoln.mkz2017,"[0, 0, 0]",4,,hero,True,70,84.7484900228585,4284,10,7.38411935530014,5.1688835487101,0.7,177,141,214.350003194064,822.559956550598,red_light,CloudyNight,80,0,0,0.35,45,-80,0,0,0,0
669,160,RouteScenario_160,Completed,Town01,0,0,0,0,0,0,0,0,0,80,0,0,0,0,0,-80,45,0,0.349999994039536,vehicle.lincoln.mkz2017,"[0, 0, 0]",4,,hero,True,70,152.372866032456,1155,10,100,100,1,177,148,57.9000008627772,300.481490373611,none,CloudyNight,80,0,0,0.35,45,-80,0,0,0,0
670,161,RouteScenario_161,Failed,Town01,0,0,1,0,0,0,0,0,0,15,0,0,0,0,0,15,45,0,0.349999994039536,vehicle.lincoln.mkz2017,"[0, 0, 0]",4,,hero,True,70,170.354341953363,1022,10,50.8831823519216,30.529909411153,0.6,177,147,51.2500007636845,199.661023855209,collisions_vehicle,ClearSunset,15,0,0,0.35,45,15,0,0,0,0
671,162,RouteScenario_162,Completed,Town01,0,0,0,0,0,0,0,0,0,80,0,0,0,30,50,75,0,0,0.400000005960465,vehicle.lincoln.mkz2017,"[0, 0, 0]",4,,hero,True,70,135.502610380285,2581,10,100,100,1,177,141,129.20000192523,700.941581964493,none,MidRainyNoon,80,30,50,0.4,0,75,0,0,0,0
672,163,RouteScenario_163,Failed,Town01,0,0,0,0,1,0,0,0,0,80,0,0,0,0,0,75,45,0,0.349999994039536,vehicle.lincoln.mkz2017,"[0, 0, 0]",4,,hero,True,70,184.082473044052,4167,10,98.3899609568466,68.8729726697927,0.7,176,147,208.500003106892,1109.57028055191,red_light,CloudyNoon,80,0,0,0.35,45,75,0,0,0,0
673,164,RouteScenario_164,Failed,Town01,0,0,0,0,1,0,0,0,0,20,0,0,0,0,50,-80,225,0,0.349999994039536,vehicle.lincoln.mkz2017,"[0, 0, 0]",4,,hero,True,70,185.402220123789,4614,10,71.7852758251691,50.2496930776184,0.7,177,147,230.850003439933,926.023275852203,red_light,WetNight,20,0,50,0.35,225,-80,0,0,0,0
674,165,RouteScenario_165,Failed - Agent got blocked,Town01,0,0,0,0,0,0,0,0,1,20,0,0,0,0,50,15,270,0,0.349999994039536,vehicle.lincoln.mkz2017,"[0, 0, 0]",4,,hero,True,70,262.739958049476,9350,10,98.4665985422064,98.4665985422064,1,177,142,467.650006968528,1748.62540173531,none,WetSunset,20,0,50,0.35,270,15,0,0,0,0
675,166,RouteScenario_166,Failed - Agent got blocked,Town01,0,0,0,0,0,0,0,0,1,90,0,0,0,0,50,15,0,0,0.349999994039536,vehicle.lincoln.mkz2017,"[0, 0, 0]",4,,hero,True,70,128.959131856457,8095,10,97.6427544733716,97.6427544733716,1,177,148,404.90000603348,1565.01219654083,none,WetCloudySunset,90,0,50,0.35,0,15,0,0,0,0
676,167,RouteScenario_167,Completed,Town01,0,0,0,0,0,0,0,0,0,80,0,0,0,60,100,15,0,0,1,vehicle.lincoln.mkz2017,"[0, 0, 0]",4,,hero,True,70,157.491294128904,1122,10,100,100,1,176,144,56.2500008381903,220.818253040314,none,HardRainSunset,80,60,100,1,0,15,0,0,0,0
677,168,RouteScenario_168,Failed - Agent got blocked,Town01,0,0,0,0,0,0,0,0,1,80,0,0,0,0,0,-80,45,0,0.349999994039536,vehicle.lincoln.mkz2017,"[0, 0, 0]",4,,hero,True,70,105.841175004267,5003,10,98.4745104990266,98.4745104990266,1,177,147,250.300003729761,1150.50213003159,none,CloudyNight,80,0,0,0.35,45,-80,0,0,0,0
678,169,RouteScenario_169,Completed,Town01,0,0,0,0,0,0,0,0,0,20,0,0,0,0,50,15,270,0,0.349999994039536,vehicle.lincoln.mkz2017,"[0, 0, 0]",4,,hero,True,70,106.085237015553,4502,10,100,100,1,177,145,225.250003356487,1200.95705533028,none,WetSunset,20,0,50,0.35,270,15,0,0,0,0
679,17,RouteScenario_17,Completed,Town01,0,0,0,0,0,0,0,0,0,80,0,0,0,30,50,75,0,0,0.400000005960465,vehicle.lincoln.mkz2017,"[0, 0, 0]",4,,hero,True,70,134.964935241645,4320,10,100,100,1,177,143,216.150003220886,996.457273244858,none,MidRainyNoon,80,30,50,0.4,0,75,0,0,0,0
680,170,RouteScenario_170,Completed,Town01,0,0,0,0,0,0,0,0,0,90,0,0,0,0,50,15,0,0,0.349999994039536,vehicle.lincoln.mkz2017,"[0, 0, 0]",4,,hero,True,70,133.999669219452,629,10,100,100,1,177,146,31.6000004708767,136.519782543182,none,WetCloudySunset,90,0,50,0.35,0,15,0,0,0,0
681,171,RouteScenario_171,Completed,Town01,0,0,0,0,0,0,0,0,0,90,0,0,0,0,50,75,180,0,0.349999994039536,vehicle.lincoln.mkz2017,"[0, 0, 0]",4,,hero,True,70,188.622170817274,3174,10,100,100,1,176,144,158.850002367049,708.371630191803,none,WetCloudyNoon,90,0,50,0.35,180,75,0,0,0,0
682,172,RouteScenario_172,Failed - Agent timed out,Town01,0,0,0,0,0,0,1,0,0,80,0,0,0,30,50,75,0,0,0.400000005960465,vehicle.lincoln.mkz2017,"[0, 0, 0]",4,,hero,True,70,56.728049238316,5998,10,98.64707204601,98.64707204601,1,177,142,300.050004471093,1653.95336294174,none,MidRainyNoon,80,30,50,0.4,0,75,0,0,0,0
683,173,RouteScenario_173,Completed,Town01,0,0,0,0,0,0,0,0,0,80,0,0,0,0,0,15,270,0,0.349999994039536,vehicle.lincoln.mkz2017,"[0, 0, 0]",4,,hero,True,70,55.9993321265714,284,10,100,100,1,177,142,14.3500002138317,66.9307363033295,none,CloudySunset,80,0,0,0.35,270,15,0,0,0,0
684,174,RouteScenario_174,Failed - Agent got blocked,Town01,0,0,0,0,0,0,0,0,1,80,0,0,0,0,0,-80,45,0,0.349999994039536,vehicle.lincoln.mkz2017,"[0, 0, 0]",4,,hero,True,70,77.744740124334,4925,10,96.5444098105995,96.5444098105995,1,177,144,246.400003671646,1594.59986543655,none,CloudyNight,80,0,0,0.35,45,-80,0,0,0,0
685,175,RouteScenario_175,Failed,Town01,0,0,0,0,1,0,0,0,0,20,0,0,0,0,50,15,270,0,0.349999994039536,vehicle.lincoln.mkz2017,"[0, 0, 0]",4,,hero,True,70,201.475223256883,0,10,0,0,0.7,177,0,0.050000000745058,0.0901734828948974,red_light,WetSunset,20,0,50,0.35,270,15,0,0,0,0
686,176,RouteScenario_176,Completed,Town01,0,0,0,0,0,0,0,0,0,80,0,0,0,30,50,75,0,0,0.400000005960465,vehicle.lincoln.mkz2017,"[0, 0, 0]",4,,hero,True,70,57.9158288337434,2945,10,100,100,1,177,148,147.400002196431,701.606701850891,none,MidRainyNoon,80,30,50,0.4,0,75,0,0,0,0
687,177,RouteScenario_177,Completed,Town01,0,0,0,0,0,0,0,0,0,90,0,0,0,60,100,-80,225,0,1,vehicle.lincoln.mkz2017,"[0, 0, 0]",4,,hero,True,70,233.505986398905,3612,10,100,100,1,176,145,180.750002693385,867.716389417648,none,HardRainNight,90,60,100,1,225,-80,0,0,0,0
688,178,RouteScenario_178,Completed,Town01,0,0,0,0,0,0,0,0,0,90,0,0,0,15,50,75,315,0,0.349999994039536,vehicle.lincoln.mkz2017,"[0, 0, 0]",4,,hero,True,70,136.380786402101,2487,10,100,100,1,176,146,124.500001855195,589.77504658699,none,SoftRainNoon,90,15,50,0.35,315,75,0,0,0,0
689,179,RouteScenario_179,Completed,Town01,0,0,0,0,0,0,0,0,0,80,0,0,0,0,0,-80,45,0,0.349999994039536,vehicle.lincoln.mkz2017,"[0, 0, 0]",4,,hero,True,70,64.8444328893938,4225,10,100,100,1,176,144,211.400003150105,975.069431781769,none,CloudyNight,80,0,0,0.35,45,-80,0,0,0,0
690,18,RouteScenario_18,Completed,Town01,0,0,0,0,0,0,0,0,0,90,0,0,0,0,50,15,0,0,0.349999994039536,vehicle.lincoln.mkz2017,"[0, 0, 0]",4,,hero,True,70,63.5163513223151,1823,10,100,100,1,176,146,91.300001360476,557.24293923378,none,WetCloudySunset,90,0,50,0.35,0,15,0,0,0,0
691,180,RouteScenario_180,Completed,Town01,0,0,0,0,0,0,0,0,0,80,0,0,0,30,50,75,0,0,0.400000005960465,vehicle.lincoln.mkz2017,"[0, 0, 0]",4,,hero,True,70,147.482001951711,3731,10,100,100,1,177,148,186.700002782047,1068.66858100891,none,MidRainyNoon,80,30,50,0.4,0,75,0,0,0,0
692,181,RouteScenario_181,Failed,Town01,0,0,0,0,1,0,0,0,0,90,0,0,0,15,50,-80,270,0,0.349999994039536,vehicle.lincoln.mkz2017,"[0, 0, 0]",4,,hero,True,70,217.518929470552,846,10,0.522894626184246,0.366026238328972,0.7,177,141,42.4500006325543,152.785134553909,red_light,SoftRainNight,90,15,50,0.35,270,-80,0,0,0,0
693,182,RouteScenario_182,Completed,Town01,0,0,0,0,0,0,0,0,0,80,0,0,0,0,0,75,45,0,0.349999994039536,vehicle.lincoln.mkz2017,"[0, 0, 0]",4,,hero,True,70,190.816406972756,3124,10,100,100,1,177,145,156.350002329797,770.886219978333,none,CloudyNoon,80,0,0,0.35,45,75,0,0,0,0
694,183,RouteScenario_183,Failed - Agent got blocked,Town01,0,0,0,0,0,0,0,0,1,90,0,0,0,0,50,75,180,0,0.349999994039536,vehicle.lincoln.mkz2017,"[0, 0, 0]",4,,hero,True,70,254.106071315946,10921,10,98.0472922143687,98.0472922143687,1,177,146,546.200008139014,2265.6113550663,none,WetCloudyNoon,90,0,50,0.35,180,75,0,0,0,0
695,184,RouteScenario_184,Completed,Town01,0,0,0,0,0,0,0,0,0,90,0,0,0,15,50,-80,270,0,0.349999994039536,vehicle.lincoln.mkz2017,"[0, 0, 0]",4,,hero,True,70,165.261797998712,2528,10,100,100,1,177,145,126.550001885742,529.406532526016,none,SoftRainNight,90,15,50,0.35,270,-80,0,0,0,0
696,185,RouteScenario_185,Completed,Town01,0,0,0,0,0,0,0,0,0,15,0,0,0,0,0,75,0,0,0.349999994039536,vehicle.lincoln.mkz2017,"[0, 0, 0]",4,,hero,True,70,149.996010641079,4609,10,100,100,1,177,142,230.600003436208,1088.43433737755,none,ClearNoon,15,0,0,0.35,0,75,0,0,0,0
697,186,RouteScenario_186,Failed - Agent got blocked,Town01,0,0,0,0,0,0,0,0,1,90,0,0,0,60,100,-80,225,0,1,vehicle.lincoln.mkz2017,"[0, 0, 0]",4,,hero,True,70,71.5099465282835,4263,10,95.6913884078739,95.6913884078739,1,177,146,213.300003178418,797.070271253586,none,HardRainNight,90,60,100,1,225,-80,0,0,0,0
698,187,RouteScenario_187,Completed,Town01,0,0,0,0,0,0,0,0,0,15,0,0,0,0,0,75,0,0,0.349999994039536,vehicle.lincoln.mkz2017,"[0, 0, 0]",4,,hero,True,70,135.461553818519,3367,10,100,100,1,177,139,168.500002510846,703.145961761475,none,ClearNoon,15,0,0,0.35,0,75,0,0,0,0
699,188,RouteScenario_188,Completed,Town01,0,0,0,0,0,0,0,0,0,90,0,0,0,15,50,-80,270,0,0.349999994039536,vehicle.lincoln.mkz2017,"[0, 0, 0]",4,,hero,True,70,156.796898251632,1494,10,100,100,1,177,143,74.8500011153519,362.591193437576,none,SoftRainNight,90,15,50,0.35,270,-80,0,0,0,0
700,189,RouteScenario_189,Failed - Agent got blocked,Town01,0,0,0,0,0,0,0,0,1,90,0,0,0,15,50,75,315,0,0.349999994039536,vehicle.lincoln.mkz2017,"[0, 0, 0]",4,,hero,True,70,83.1345032817826,4618,10,97.2557035376632,97.2557035376632,1,177,144,231.050003442913,932.968030452728,none,SoftRainNoon,90,15,50,0.35,315,75,0,0,0,0
701,19,RouteScenario_19,Completed,Town01,0,0,0,0,0,0,0,0,0,15,0,0,0,0,0,-80,0,0,0.349999994039536,vehicle.lincoln.mkz2017,"[0, 0, 0]",4,,hero,True,70,250.789999323848,4182,10,100,100,1,177,144,209.250003118068,897.328249454498,none,ClearNight,15,0,0,0.35,0,-80,0,0,0,0
702,190,RouteScenario_190,Completed,Town01,0,0,0,0,0,0,0,0,0,90,0,0,0,0,50,15,0,0,0.349999994039536,vehicle.lincoln.mkz2017,"[0, 0, 0]",4,,hero,True,70,114.626670969867,1294,10,100,100,1,177,146,64.8500009663403,291.161366701126,none,WetCloudySunset,90,0,50,0.35,0,15,0,0,0,0
703,191,RouteScenario_191,Failed,Town01,0,0,0,0,1,0,0,0,0,80,0,0,0,0,0,-80,45,0,0.349999994039536,vehicle.lincoln.mkz2017,"[0, 0, 0]",4,,hero,True,70,63.4342348938212,0,10,0,0,0.7,177,0,0.050000000745058,0.297755002975464,red_light,CloudyNight,80,0,0,0.35,45,-80,0,0,0,0
704,192,RouteScenario_192,Completed,Town01,0,0,0,0,0,0,0,0,0,90,0,0,0,60,100,75,90,0,1,vehicle.lincoln.mkz2017,"[0, 0, 0]",4,,hero,True,70,192.365690127461,2714,10,100,100,1,176,140,135.850002024323,714.997153997421,none,HardRainNoon,90,60,100,1,90,75,0,0,0,0
705,193,RouteScenario_193,Completed,Town01,0,0,0,0,0,0,0,0,0,90,0,0,0,0,50,-80,225,0,0.349999994039536,vehicle.lincoln.mkz2017,"[0, 0, 0]",4,,hero,True,70,209.09000542938,2684,10,100,100,1,177,142,134.350002001971,669.865120172501,none,WetCloudyNight,90,0,50,0.35,225,-80,0,0,0,0
706,194,RouteScenario_194,Failed - Agent got blocked,Town01,0,0,0,0,0,0,0,0,1,90,0,0,0,15,50,15,270,0,0.349999994039536,vehicle.lincoln.mkz2017,"[0, 0, 0]",4,,hero,True,70,70.4333455625408,9104,10,98.6141325181129,98.6141325181129,1,177,142,455.350006785244,1781.74107837677,none,SoftRainSunset,90,15,50,0.35,270,15,0,0,0,0
707,195,RouteScenario_195,Completed,Town01,0,0,0,0,0,0,0,0,0,80,0,0,0,60,100,15,0,0,1,vehicle.lincoln.mkz2017,"[0, 0, 0]",4,,hero,True,70,257.854312822787,3404,10,100,100,1,177,146,170.350002538413,894.038736820221,none,HardRainSunset,80,60,100,1,0,15,0,0,0,0
708,196,RouteScenario_196,Completed,Town01,0,0,0,0,0,0,0,0,0,90,0,0,0,15,50,15,270,0,0.349999994039536,vehicle.lincoln.mkz2017,"[0, 0, 0]",4,,hero,True,70,163.999940074627,1452,10,100,100,1,177,146,72.7500010840595,322.518262863159,none,SoftRainSunset,90,15,50,0.35,270,15,0,0,0,0
709,197,RouteScenario_197,Failed - Agent got blocked,Town01,0,0,0,0,0,0,0,0,1,20,0,0,0,0,50,15,270,0,0.349999994039536,vehicle.lincoln.mkz2017,"[0, 0, 0]",4,,hero,True,70,269.209166448607,10552,10,98.9629707169967,98.9629707169967,1,177,144,527.750007864088,2537.64154577255,none,WetSunset,20,0,50,0.35,270,15,0,0,0,0
710,198,RouteScenario_198,Failed,Town01,0,0,0,0,1,0,0,0,0,90,0,0,0,0,50,75,180,0,0.349999994039536,vehicle.lincoln.mkz2017,"[0, 0, 0]",4,,hero,True,70,171.195597514441,857,10,31.5604859801763,22.0923401861234,0.7,177,146,43.0000006407499,188.041249752045,red_light,WetCloudyNoon,90,0,50,0.35,180,75,0,0,0,0
711,199,RouteScenario_199,Failed - Agent got blocked,Town01,0,0,0,0,0,0,0,0,1,80,0,0,0,30,50,15,270,0,0.400000005960465,vehicle.lincoln.mkz2017,"[0, 0, 0]",4,,hero,True,70,98.0012884252301,4498,10,97.9192533707887,97.9192533707887,1,177,143,225.050003353506,948.331069231033,none,MidRainSunset,80,30,50,0.4,270,15,0,0,0,0
712,2,RouteScenario_2,Failed,Town01,0,0,1,0,0,0,0,0,0,80,0,0,0,60,100,15,0,0,1,vehicle.lincoln.mkz2017,"[0, 0, 0]",4,,hero,True,70,4.00000021027517,2794,10,48.408011856708,29.0448071140248,0.6,177,144,139.850002083927,715.719297170639,collisions_vehicle,HardRainSunset,80,60,100,1,0,15,0,0,0,0
713,20,RouteScenario_20,Completed,Town01,0,0,0,0,0,0,0,0,0,80,0,0,0,0,0,15,270,0,0.349999994039536,vehicle.lincoln.mkz2017,"[0, 0, 0]",4,,hero,True,70,251.335243859628,4674,10,100,100,1,177,144,233.850003484636,953.576475858688,none,CloudySunset,80,0,0,0.35,270,15,0,0,0,0
714,200,RouteScenario_200,Failed - Agent got blocked,Town01,0,0,0,0,0,0,0,0,1,80,0,0,0,0,0,-80,45,0,0.349999994039536,vehicle.lincoln.mkz2017,"[0, 0, 0]",4,,hero,True,70,271.347296579629,8360,10,98.940572453815,98.940572453815,1,177,146,418.150006230921,2291.91054272652,none,CloudyNight,80,0,0,0.35,45,-80,0,0,0,0
715,201,RouteScenario_201,Failed,Town01,0,0,0,0,1,0,0,0,0,80,0,0,0,0,0,-80,45,0,0.349999994039536,vehicle.lincoln.mkz2017,"[0, 0, 0]",4,,hero,True,70,126.890683201422,569,10,17.2760045567881,12.0932031897516,0.7,177,148,28.6000004261732,186.300072669983,red_light,CloudyNight,80,0,0,0.35,45,-80,0,0,0,0
716,202,RouteScenario_202,Completed,Town01,0,0,0,0,0,0,0,0,0,15,0,0,0,0,0,15,45,0,0.349999994039536,vehicle.lincoln.mkz2017,"[0, 0, 0]",4,,hero,True,70,65.1745313434621,2295,10,100,100,1,177,146,114.900001712143,535.875248908997,none,ClearSunset,15,0,0,0.35,45,15,0,0,0,0
717,203,RouteScenario_203,Completed,Town01,0,0,0,0,0,0,0,0,0,20,0,0,0,0,50,-80,225,0,0.349999994039536,vehicle.lincoln.mkz2017,"[0, 0, 0]",4,,hero,True,70,191.817178534735,2287,10,100,100,1,177,144,114.500001706183,523.707647562027,none,WetNight,20,0,50,0.35,225,-80,0,0,0,0
718,204,RouteScenario_204,Completed,Town01,0,0,0,0,0,0,0,0,0,80,0,0,0,0,0,-80,45,0,0.349999994039536,vehicle.lincoln.mkz2017,"[0, 0, 0]",4,,hero,True,70,135.530811414702,3597,10,100,100,1,176,149,180.000002682209,732.100729942322,none,CloudyNight,80,0,0,0.35,45,-80,0,0,0,0
719,205,RouteScenario_205,Failed,Town01,1,0,0,0,0,0,0,0,0,90,0,0,0,60,100,-80,225,0,1,vehicle.lincoln.mkz2017,"[0, 0, 0]",4,,hero,True,70,159.834050308432,3110,10,85.7257428391181,55.7217328454268,0.65,176,147,155.650002319366,579.909800052643,collisions_layout,HardRainNight,90,60,100,1,225,-80,0,0,0,0
720,206,RouteScenario_206,Completed,Town01,0,0,0,0,0,0,0,0,0,90,0,0,0,60,100,75,90,0,1,vehicle.lincoln.mkz2017,"[0, 0, 0]",4,,hero,True,70,120.044759609897,603,10,100,100,1,177,139,30.3000004515052,171.461478471756,none,HardRainNoon,90,60,100,1,90,75,0,0,0,0
721,207,RouteScenario_207,Failed,Town01,0,0,0,0,1,0,0,0,0,90,0,0,0,0,50,75,180,0,0.349999994039536,vehicle.lincoln.mkz2017,"[0, 0, 0]",4,,hero,True,70,83.4513369766379,3294,10,11.4256068006427,7.99792476044989,0.7,177,148,164.850002456456,707.680533885956,red_light,WetCloudyNoon,90,0,50,0.35,180,75,0,0,0,0
722,208,RouteScenario_208,Failed,Town01,0,0,0,0,1,0,0,0,0,90,0,0,0,15,50,-80,270,0,0.349999994039536,vehicle.lincoln.mkz2017,"[0, 0, 0]",4,,hero,True,70,147.976213660784,47,10,0,0,0.7,177,144,2.5000000372529,9.70882558822632,red_light,SoftRainNight,90,15,50,0.35,270,-80,0,0,0,0
723,209,RouteScenario_209,Completed,Town01,0,0,0,0,0,0,0,0,0,90,0,0,0,0,50,15,0,0,0.349999994039536,vehicle.lincoln.mkz2017,"[0, 0, 0]",4,,hero,True,70,149.184792087554,988,10,100,100,1,177,142,49.5500007383525,187.171591758728,none,WetCloudySunset,90,0,50,0.35,0,15,0,0,0,0
724,21,RouteScenario_21,Failed - Agent got blocked,Town01,0,0,0,0,0,0,0,0,1,20,0,0,0,0,50,15,270,0,0.349999994039536,vehicle.lincoln.mkz2017,"[0, 0, 0]",4,,hero,True,70,240.846590425082,6521,10,98.8155164551995,98.8155164551995,1,177,143,326.200004860759,1178.61130833626,none,WetSunset,20,0,50,0.35,270,15,0,0,0,0
725,210,RouteScenario_210,Failed - Agent got blocked,Town01,0,0,0,0,0,0,0,0,1,90,0,0,0,0,50,-80,225,0,0.349999994039536,vehicle.lincoln.mkz2017,"[0, 0, 0]",4,,hero,True,70,141.712025303643,5828,10,98.6200192981008,98.6200192981008,1,177,143,291.550004344434,1142.64855027199,none,WetCloudyNight,90,0,50,0.35,225,-80,0,0,0,0
726,211,RouteScenario_211,Completed,Town01,0,0,0,0,0,0,0,0,0,15,0,0,0,0,0,75,0,0,0.349999994039536,vehicle.lincoln.mkz2017,"[0, 0, 0]",4,,hero,True,70,134.685507956616,6693,10,100,100,1,177,142,334.800004988909,1941.11586141586,none,ClearNoon,15,0,0,0.35,0,75,0,0,0,0
727,212,RouteScenario_212,Failed,Town01,0,0,1,0,0,0,0,0,0,20,0,0,0,0,50,-80,225,0,0.349999994039536,vehicle.lincoln.mkz2017,"[0, 0, 0]",4,,hero,True,70,217.995000943054,3460,10,88.9238783215787,53.3543269929472,0.6,177,142,173.150002580136,814.728274345398,collisions_vehicle,WetNight,20,0,50,0.35,225,-80,0,0,0,0
728,213,RouteScenario_213,Failed - Agent got blocked,Town01,0,0,0,0,0,0,0,0,1,80,0,0,0,0,0,-80,45,0,0.349999994039536,vehicle.lincoln.mkz2017,"[0, 0, 0]",4,,hero,True,70,140.853977763728,6223,10,97.8287799905894,97.8287799905894,1,177,149,311.300004638731,1437.91836595535,none,CloudyNight,80,0,0,0.35,45,-80,0,0,0,0
729,214,RouteScenario_214,Completed,Town01,0,0,0,0,0,0,0,0,0,80,0,0,0,0,0,75,45,0,0.349999994039536,vehicle.lincoln.mkz2017,"[0, 0, 0]",4,,hero,True,70,141.172229195623,4185,10,100,100,1,176,146,209.400003120303,867.184238672257,none,CloudyNoon,80,0,0,0.35,45,75,0,0,0,0
730,215,RouteScenario_215,Failed - Agent timed out,Town01,0,0,0,0,0,0,1,0,0,15,0,0,0,0,0,75,0,0,0.349999994039536,vehicle.lincoln.mkz2017,"[0, 0, 0]",4,,hero,True,70,57.6900031074299,4598,10,92.9338658687905,92.9338658687905,1,177,145,230.050003428012,1062.6210963726,none,ClearNoon,15,0,0,0.35,0,75,0,0,0,0
731,216,RouteScenario_216,Completed,Town01,0,0,0,0,0,0,0,0,0,15,0,0,0,0,0,-80,0,0,0.349999994039536,vehicle.lincoln.mkz2017,"[0, 0, 0]",4,,hero,True,70,211.56213862927,2314,10,100,100,1,177,144,115.8500017263,482.930960655212,none,ClearNight,15,0,0,0.35,0,-80,0,0,0,0
732,217,RouteScenario_217,Completed,Town01,0,0,0,0,0,0,0,0,0,90,0,0,0,0,50,15,0,0,0.349999994039536,vehicle.lincoln.mkz2017,"[0, 0, 0]",4,,hero,True,70,130.30642004913,2767,10,100,100,1,177,148,138.500002063811,597.884248733521,none,WetCloudySunset,90,0,50,0.35,0,15,0,0,0,0
733,218,RouteScenario_218,Completed,Town01,0,0,0,0,0,0,0,0,0,90,0,0,0,0,50,-80,225,0,0.349999994039536,vehicle.lincoln.mkz2017,"[0, 0, 0]",4,,hero,True,70,216.370003106786,7038,10,100,100,1,176,141,352.050005245954,1478.61529326439,none,WetCloudyNight,90,0,50,0.35,225,-80,0,0,0,0
734,219,RouteScenario_219,Completed,Town01,0,0,0,0,0,0,0,0,0,15,0,0,0,0,0,-80,0,0,0.349999994039536,vehicle.lincoln.mkz2017,"[0, 0, 0]",4,,hero,True,70,97.7799995055068,965,10,100,100,1,176,142,48.3500007204711,271.693124771118,none,ClearNight,15,0,0,0.35,0,-80,0,0,0,0
735,22,RouteScenario_22,Failed - Agent got blocked,Town01,0,0,0,0,0,0,0,0,1,90,0,0,0,15,50,-80,270,0,0.349999994039536,vehicle.lincoln.mkz2017,"[0, 0, 0]",4,,hero,True,70,91.2165058038567,4809,10,98.1844426621988,98.1844426621988,1,176,142,240.600003585219,950.562184810639,none,SoftRainNight,90,15,50,0.35,270,-80,0,0,0,0
736,220,RouteScenario_220,Completed,Town01,0,0,0,0,0,0,0,0,0,80,0,0,0,0,0,15,270,0,0.349999994039536,vehicle.lincoln.mkz2017,"[0, 0, 0]",4,,hero,True,70,153.947210454538,2757,10,100,100,1,177,144,138.00000205636,679.023488759995,none,CloudySunset,80,0,0,0.35,270,15,0,0,0,0
737,221,RouteScenario_221,Completed,Town01,0,0,0,0,0,0,0,0,0,80,0,0,0,30,50,15,270,0,0.400000005960465,vehicle.lincoln.mkz2017,"[0, 0, 0]",4,,hero,True,70,119.900140564025,1600,10,100,100,1,176,143,80.1500011943281,353.75873875618,none,MidRainSunset,80,30,50,0.4,270,15,0,0,0,0
738,222,RouteScenario_222,Completed,Town01,0,0,0,0,0,0,0,0,0,80,0,0,0,0,0,75,45,0,0.349999994039536,vehicle.lincoln.mkz2017,"[0, 0, 0]",4,,hero,True,70,238.732405517393,2359,10,100,100,1,177,143,118.100001759827,609.518764019012,none,CloudyNoon,80,0,0,0.35,45,75,0,0,0,0
739,223,RouteScenario_223,Completed,Town01,0,0,0,0,0,0,0,0,0,80,0,0,0,30,50,75,0,0,0.400000005960465,vehicle.lincoln.mkz2017,"[0, 0, 0]",4,,hero,True,70,151.871539752102,10343,10,100,100,1,177,149,517.300007708371,2289.46209859848,none,MidRainyNoon,80,30,50,0.4,0,75,0,0,0,0
740,224,RouteScenario_224,Completed,Town01,0,0,0,0,0,0,0,0,0,80,0,0,0,0,0,-80,45,0,0.349999994039536,vehicle.lincoln.mkz2017,"[0, 0, 0]",4,,hero,True,70,247.738424902935,3917,10,100,100,1,177,142,196.000002920628,728.127233266831,none,CloudyNight,80,0,0,0.35,45,-80,0,0,0,0
741,225,RouteScenario_225,Failed - Agent got blocked,Town01,0,0,0,0,0,0,0,0,1,15,0,0,0,0,0,-80,0,0,0.349999994039536,vehicle.lincoln.mkz2017,"[0, 0, 0]",4,,hero,True,70,278.851717914067,8161,10,98.9207458963141,98.9207458963141,1,177,146,408.200006082654,1756.9542901516,none,ClearNight,15,0,0,0.35,0,-80,0,0,0,0
742,226,RouteScenario_226,Failed,Town01,0,0,1,0,0,0,0,0,0,20,0,0,0,0,50,-80,225,0,0.349999994039536,vehicle.lincoln.mkz2017,"[0, 0, 0]",4,,hero,True,70,13.0665590923446,569,10,29.3038651849258,17.5823191109555,0.6,177,143,28.6000004261732,113.440023183823,collisions_vehicle,WetNight,20,0,50,0.35,225,-80,0,0,0,0
743,227,RouteScenario_227,Completed,Town01,0,0,0,0,0,0,0,0,0,20,0,0,0,0,50,-80,225,0,0.349999994039536,vehicle.lincoln.mkz2017,"[0, 0, 0]",4,,hero,True,70,133.651681330554,1289,10,100,100,1,177,142,64.600000962615,264.112644672394,none,WetNight,20,0,50,0.35,225,-80,0,0,0,0
744,228,RouteScenario_228,Completed,Town01,0,0,0,0,0,0,0,0,0,90,0,0,0,15,50,15,270,0,0.349999994039536,vehicle.lincoln.mkz2017,"[0, 0, 0]",4,,hero,True,70,115.965214032807,3817,10,100,100,1,177,140,191.000002846122,842.578776359558,none,SoftRainSunset,90,15,50,0.35,270,15,0,0,0,0
745,229,RouteScenario_229,Completed,Town01,0,0,0,0,0,0,0,0,0,90,0,0,0,15,50,15,270,0,0.349999994039536,vehicle.lincoln.mkz2017,"[0, 0, 0]",4,,hero,True,70,185.93342229435,1827,10,100,100,1,177,144,91.5000013634562,347.419428825378,none,SoftRainSunset,90,15,50,0.35,270,15,0,0,0,0
746,23,RouteScenario_23,Completed,Town01,0,0,0,0,0,0,0,0,0,90,0,0,0,60,100,-80,225,0,1,vehicle.lincoln.mkz2017,"[0, 0, 0]",4,,hero,True,70,167.384861200285,969,10,100,100,1,176,145,48.6000007241964,223.339273929596,none,HardRainNight,90,60,100,1,225,-80,0,0,0,0
747,230,RouteScenario_230,Failed,Town01,0,0,0,0,1,0,0,0,0,20,0,0,0,0,50,-80,225,0,0.349999994039536,vehicle.lincoln.mkz2017,"[0, 0, 0]",4,,hero,True,70,251.157314248783,4501,10,74.9974170076484,52.4981919053538,0.7,177,145,225.200003355741,979.821255683899,red_light,WetNight,20,0,50,0.35,225,-80,0,0,0,0
748,231,RouteScenario_231,Failed - Agent got blocked,Town01,0,0,0,0,0,0,0,0,1,80,0,0,0,30,50,15,270,0,0.400000005960465,vehicle.lincoln.mkz2017,"[0, 0, 0]",4,,hero,True,70,97.419582260214,6336,10,96.8795564721874,96.8795564721874,1,177,146,316.950004722923,1397.20952248573,none,MidRainSunset,80,30,50,0.4,270,15,0,0,0,0
749,232,RouteScenario_232,Failed - Agent timed out,Town01,0,0,0,0,0,0,1,0,0,90,0,0,0,0,50,15,0,0,0.349999994039536,vehicle.lincoln.mkz2017,"[0, 0, 0]",4,,hero,True,70,54.1076233142699,5298,10,95.18135602811,95.18135602811,1,177,147,265.050003949553,1595.34113669395,none,WetCloudySunset,90,0,50,0.35,0,15,0,0,0,0
750,233,RouteScenario_233,Failed,Town01,0,0,0,0,1,0,0,0,0,80,0,0,0,0,0,15,270,0,0.349999994039536,vehicle.lincoln.mkz2017,"[0, 0, 0]",4,,hero,True,70,121.65021018506,1284,10,81.1851565795819,56.8296096057073,0.7,176,146,64.3500009588897,241.323315382004,red_light,CloudySunset,80,0,0,0.35,270,15,0,0,0,0
751,234,RouteScenario_234,Failed - Agent got blocked,Town01,0,0,0,0,0,0,0,0,1,90,0,0,0,15,50,-80,270,0,0.349999994039536,vehicle.lincoln.mkz2017,"[0, 0, 0]",4,,hero,True,70,218.046500423321,11712,10,98.9355391828044,98.9355391828044,1,176,145,585.750008728355,2118.81838083267,none,SoftRainNight,90,15,50,0.35,270,-80,0,0,0,0
752,235,RouteScenario_235,Completed,Town01,0,0,0,0,0,0,0,0,0,15,0,0,0,0,0,75,0,0,0.349999994039536,vehicle.lincoln.mkz2017,"[0, 0, 0]",4,,hero,True,70,136.806291500404,979,10,100,100,1,176,139,49.100000731647,265.880766630173,none,ClearNoon,15,0,0,0.35,0,75,0,0,0,0
753,236,RouteScenario_236,Completed,Town01,0,0,0,0,0,0,0,0,0,80,0,0,0,0,0,-80,45,0,0.349999994039536,vehicle.lincoln.mkz2017,"[0, 0, 0]",4,,hero,True,70,177.634386549981,1569,10,100,100,1,176,144,78.6000011712313,319.626078367233,none,CloudyNight,80,0,0,0.35,45,-80,0,0,0,0
754,237,RouteScenario_237,Completed,Town01,0,0,0,0,0,0,0,0,0,15,0,0,0,0,0,15,45,0,0.349999994039536,vehicle.lincoln.mkz2017,"[0, 0, 0]",4,,hero,True,70,66.9038983238103,1198,10,100,100,1,177,145,60.0500008948147,269.200808525085,none,ClearSunset,15,0,0,0.35,45,15,0,0,0,0
755,238,RouteScenario_238,Failed - Agent got blocked,Town01,0,0,0,0,0,0,0,0,1,90,0,0,0,15,50,15,270,0,0.349999994039536,vehicle.lincoln.mkz2017,"[0, 0, 0]",4,,hero,True,70,273.340785625581,10986,10,98.9668216315735,98.9668216315735,1,177,149,549.450008187443,2280.17538952827,none,SoftRainSunset,90,15,50,0.35,270,15,0,0,0,0
756,239,RouteScenario_239,Completed,Town01,0,0,0,0,0,0,0,0,0,80,0,0,0,30,50,75,0,0,0.400000005960465,vehicle.lincoln.mkz2017,"[0, 0, 0]",4,,hero,True,70,98.3758070779555,2035,10,100,100,1,177,143,101.900001518428,443.852373361588,none,MidRainyNoon,80,30,50,0.4,0,75,0,0,0,0
757,24,RouteScenario_24,Completed,Town01,0,0,0,0,0,0,0,0,0,90,0,0,0,0,50,-80,225,0,0.349999994039536,vehicle.lincoln.mkz2017,"[0, 0, 0]",4,,hero,True,70,75.509947236394,2933,10,100,100,1,177,143,146.80000218749,546.546297311783,none,WetCloudyNight,90,0,50,0.35,225,-80,0,0,0,0
758,240,RouteScenario_240,Completed,Town01,0,0,0,0,0,0,0,0,0,15,0,0,0,0,0,-80,0,0,0.349999994039536,vehicle.lincoln.mkz2017,"[0, 0, 0]",4,,hero,True,70,215.692967777201,3329,10,100,100,1,177,144,166.600002482533,729.516918897629,none,ClearNight,15,0,0,0.35,0,-80,0,0,0,0
759,241,RouteScenario_241,Completed,Town01,0,0,0,0,0,0,0,0,0,80,0,0,0,0,0,-80,45,0,0.349999994039536,vehicle.lincoln.mkz2017,"[0, 0, 0]",4,,hero,True,70,127.994891554042,3814,10,100,100,1,176,149,190.850002843887,804.76538681984,none,CloudyNight,80,0,0,0.35,45,-80,0,0,0,0
760,242,RouteScenario_242,Failed - Agent got blocked,Town01,0,0,0,0,0,0,0,0,1,90,0,0,0,60,100,75,90,0,1,vehicle.lincoln.mkz2017,"[0, 0, 0]",4,,hero,True,70,113.542862585129,5545,10,97.3271220277414,97.3271220277414,1,177,144,277.400004133582,1159.34159755707,none,HardRainNoon,90,60,100,1,90,75,0,0,0,0
761,243,RouteScenario_243,Failed - Agent got blocked,Town01,0,0,0,0,0,0,0,0,1,20,0,0,0,0,50,15,270,0,0.349999994039536,vehicle.lincoln.mkz2017,"[0, 0, 0]",4,,hero,True,70,77.7067916710022,5405,10,96.8536658101505,96.8536658101505,1,176,142,270.400004029274,860.730073928833,none,WetSunset,20,0,50,0.35,270,15,0,0,0,0
762,244,RouteScenario_244,Failed - Agent got blocked,Town01,0,0,0,0,0,0,0,0,1,90,0,0,0,60,100,75,90,0,1,vehicle.lincoln.mkz2017,"[0, 0, 0]",4,,hero,True,70,128.000416354097,8019,10,98.6463419797236,98.6463419797236,1,177,146,401.100005976856,2362.45204949379,none,HardRainNoon,90,60,100,1,90,75,0,0,0,0
763,245,RouteScenario_245,Failed,Town01,0,0,1,0,0,0,0,0,0,90,0,0,0,0,50,75,180,0,0.349999994039536,vehicle.lincoln.mkz2017,"[0, 0, 0]",4,,hero,True,70,63.6139636647673,3078,10,97.4120684232805,58.4472410539683,0.6,176,144,154.050002295524,804.706455945969,collisions_vehicle,WetCloudyNoon,90,0,50,0.35,180,75,0,0,0,0
764,246,RouteScenario_246,Completed,Town01,0,0,0,0,0,0,0,0,0,15,0,0,0,0,0,15,45,0,0.349999994039536,vehicle.lincoln.mkz2017,"[0, 0, 0]",4,,hero,True,70,210.357197744737,2233,10,100,100,1,177,141,111.80000166595,431.984330177307,none,ClearSunset,15,0,0,0.35,45,15,0,0,0,0
765,247,RouteScenario_247,Failed - Agent got blocked,Town01,0,0,0,0,0,0,0,0,1,80,0,0,0,0,0,-80,45,0,0.349999994039536,vehicle.lincoln.mkz2017,"[0, 0, 0]",4,,hero,True,70,218.172794939596,11617,10,98.6359204101926,98.6359204101926,1,177,144,581.000008657575,2752.32971286774,none,CloudyNight,80,0,0,0.35,45,-80,0,0,0,0
766,248,RouteScenario_248,Completed,Town01,0,0,0,0,0,0,0,0,0,90,0,0,0,0,50,75,180,0,0.349999994039536,vehicle.lincoln.mkz2017,"[0, 0, 0]",4,,hero,True,70,114.138309228257,2246,10,100,100,1,177,149,112.450001675636,579.126805067062,none,WetCloudyNoon,90,0,50,0.35,180,75,0,0,0,0
767,249,RouteScenario_249,Completed,Town01,0,0,0,0,0,0,0,0,0,15,0,0,0,0,0,75,0,0,0.349999994039536,vehicle.lincoln.mkz2017,"[0, 0, 0]",4,,hero,True,70,91.5848828385856,883,10,100,100,1,177,143,44.3000006601214,187.319222211838,none,ClearNoon,15,0,0,0.35,0,75,0,0,0,0
768,25,RouteScenario_25,Failed,Town01,0,0,0,0,1,0,0,0,0,80,0,0,0,30,50,15,270,0,0.400000005960465,vehicle.lincoln.mkz2017,"[0, 0, 0]",4,,hero,True,70,127.5593661832,2669,10,98.5891292126032,69.0123904488222,0.7,177,144,133.600001990795,633.325000286102,red_light,MidRainSunset,80,30,50,0.4,270,15,0,0,0,0
769,250,RouteScenario_250,Completed,Town01,0,0,0,0,0,0,0,0,0,80,0,0,0,30,50,75,0,0,0.400000005960465,vehicle.lincoln.mkz2017,"[0, 0, 0]",4,,hero,True,70,153.806218665598,3943,10,100,100,1,177,146,197.300002939999,1188.33966088295,none,MidRainyNoon,80,30,50,0.4,0,75,0,0,0,0
770,251,RouteScenario_251,Completed,Town01,0,0,0,0,0,0,0,0,0,20,0,0,0,0,50,-80,225,0,0.349999994039536,vehicle.lincoln.mkz2017,"[0, 0, 0]",4,,hero,True,70,230.507049287893,3139,10,100,100,1,177,148,157.100002340972,801.782717227936,none,WetNight,20,0,50,0.35,225,-80,0,0,0,0
771,252,RouteScenario_252,Failed - Agent got blocked,Town01,0,0,0,0,0,0,0,0,1,80,0,0,0,0,0,75,45,0,0.349999994039536,vehicle.lincoln.mkz2017,"[0, 0, 0]",4,,hero,True,70,155.212712082353,7024,10,98.4928564414693,98.4928564414693,1,177,146,351.350005235523,1718.58186101913,none,CloudyNoon,80,0,0,0.35,45,75,0,0,0,0
772,253,RouteScenario_253,Failed - Agent timed out,Town01,0,0,0,0,0,0,1,0,0,20,0,0,0,0,50,75,45,0,0.349999994039536,vehicle.lincoln.mkz2017,"[0, 0, 0]",4,,hero,True,70,68.4523629625708,5558,10,92.8208817315296,92.8208817315296,1,177,140,278.050004143268,1184.40147137642,none,WetNoon,20,0,50,0.35,45,75,0,0,0,0
773,254,RouteScenario_254,Completed,Town01,0,0,0,0,0,0,0,0,0,20,0,0,0,0,50,15,270,0,0.349999994039536,vehicle.lincoln.mkz2017,"[0, 0, 0]",4,,hero,True,70,289.718920322031,2875,10,100,100,1,177,144,143.900002144277,554.02112364769,none,WetSunset,20,0,50,0.35,270,15,0,0,0,0
774,255,RouteScenario_255,Failed - Agent got blocked,Town01,0,0,0,0,0,0,0,0,1,90,0,0,0,0,50,75,180,0,0.349999994039536,vehicle.lincoln.mkz2017,"[0, 0, 0]",4,,hero,True,70,255.723845925959,11588,10,98.4621354485116,98.4621354485116,1,177,141,579.550008635968,2628.69012212753,none,WetCloudyNoon,90,0,50,0.35,180,75,0,0,0,0
775,256,RouteScenario_256,Failed - Agent got blocked,Town01,0,0,0,0,0,0,0,0,1,90,0,0,0,0,50,15,0,0,0.349999994039536,vehicle.lincoln.mkz2017,"[0, 0, 0]",4,,hero,True,70,62.4413475635412,4789,10,96.8331933590079,96.8331933590079,1,177,148,239.600003570318,1010.32672762871,none,WetCloudySunset,90,0,50,0.35,0,15,0,0,0,0
776,257,RouteScenario_257,Failed,Town01,0,0,0,0,1,0,0,0,0,80,0,0,0,0,0,-80,45,0,0.349999994039536,vehicle.lincoln.mkz2017,"[0, 0, 0]",4,,hero,True,70,107.609148812024,1271,10,76.4777221034911,53.5344054724437,0.7,177,150,63.700000949204,251.230470180511,red_light,CloudyNight,80,0,0,0.35,45,-80,0,0,0,0
777,258,RouteScenario_258,Failed,Town01,0,1,0,0,0,0,0,0,0,80,0,0,0,60,100,15,0,0,1,vehicle.lincoln.mkz2017,"[0, 0, 0]",4,,hero,True,70,160.695677274841,415,10,14.3438592958904,7.1719296479452,0.5,176,146,20.9000003114343,73.8767561912537,collisions_pedestrian,HardRainSunset,80,60,100,1,0,15,0,0,0,0
778,259,RouteScenario_259,Failed - Agent got blocked,Town01,0,0,0,0,0,0,0,0,1,15,0,0,0,0,0,15,45,0,0.349999994039536,vehicle.lincoln.mkz2017,"[0, 0, 0]",4,,hero,True,70,84.0000079075495,4999,10,98.7968916589896,98.7968916589896,1,176,143,250.10000372678,1007.45233774185,none,ClearSunset,15,0,0,0.35,45,15,0,0,0,0
779,26,RouteScenario_26,Completed,Town01,0,0,0,0,0,0,0,0,0,90,0,0,0,60,100,75,90,0,1,vehicle.lincoln.mkz2017,"[0, 0, 0]",4,,hero,True,70,135.980859649104,944,10,100,100,1,177,143,47.35000070557,189.33434844017,none,HardRainNoon,90,60,100,1,90,75,0,0,0,0
780,260,RouteScenario_260,Failed - Agent got blocked,Town01,0,0,0,0,0,0,0,0,1,15,0,0,0,0,0,-80,0,0,0.349999994039536,vehicle.lincoln.mkz2017,"[0, 0, 0]",4,,hero,True,70,187.184008135511,5299,10,98.7046247703382,98.7046247703382,1,176,143,265.100003950298,1410.94761919975,none,ClearNight,15,0,0,0.35,0,-80,0,0,0,0
781,261,RouteScenario_261,Failed,Town01,0,0,0,0,1,0,0,0,0,90,0,0,0,60,100,-80,225,0,1,vehicle.lincoln.mkz2017,"[0, 0, 0]",4,,hero,True,70,198.150853457419,0,10,0,0,0.7,177,0,0.050000000745058,0.308690547943115,red_light,HardRainNight,90,60,100,1,225,-80,0,0,0,0
782,262,RouteScenario_262,Completed,Town01,0,0,0,0,0,0,0,0,0,80,0,0,0,0,0,15,270,0,0.349999994039536,vehicle.lincoln.mkz2017,"[0, 0, 0]",4,,hero,True,70,149.370262879445,1606,10,100,100,1,177,142,80.4500011987984,358.474219560623,none,CloudySunset,80,0,0,0.35,270,15,0,0,0,0
783,263,RouteScenario_263,Completed,Town01,0,0,0,0,0,0,0,0,0,80,0,0,0,30,50,15,270,0,0.400000005960465,vehicle.lincoln.mkz2017,"[0, 0, 0]",4,,hero,True,70,78.1490988795936,4591,10,100,100,1,176,145,229.700003422797,957.221974134445,none,MidRainSunset,80,30,50,0.4,270,15,0,0,0,0
784,264,RouteScenario_264,Failed - Agent got blocked,Town01,0,0,0,0,0,0,0,0,1,90,0,0,0,0,50,15,0,0,0.349999994039536,vehicle.lincoln.mkz2017,"[0, 0, 0]",4,,hero,True,70,169.637952732392,4461,10,98.852743854449,98.852743854449,1,177,145,223.200003325939,1004.47584271431,none,WetCloudySunset,90,0,50,0.35,0,15,0,0,0,0
785,265,RouteScenario_265,Completed,Town01,0,0,0,0,0,0,0,0,0,90,0,0,0,0,50,15,0,0,0.349999994039536,vehicle.lincoln.mkz2017,"[0, 0, 0]",4,,hero,True,70,201.753019772116,6109,10,100,100,1,177,148,305.600004553795,1496.58674120903,none,WetCloudySunset,90,0,50,0.35,0,15,0,0,0,0
786,266,RouteScenario_266,Failed - Agent got blocked,Town01,0,0,0,0,0,0,0,0,1,80,0,0,0,0,0,75,45,0,0.349999994039536,vehicle.lincoln.mkz2017,"[0, 0, 0]",4,,hero,True,70,84.7396502314858,5321,10,98.3296598602438,98.3296598602438,1,177,144,266.200003966689,1507.56925702095,none,CloudyNoon,80,0,0,0.35,45,75,0,0,0,0
787,267,RouteScenario_267,Failed - Agent got blocked,Town01,0,0,0,0,0,0,0,0,1,90,0,0,0,15,50,75,315,0,0.349999994039536,vehicle.lincoln.mkz2017,"[0, 0, 0]",4,,hero,True,70,199.613936782837,7375,10,98.9971241655478,98.9971241655478,1,177,148,368.900005497038,2163.03483557701,none,SoftRainNoon,90,15,50,0.35,315,75,0,0,0,0
788,268,RouteScenario_268,Completed,Town01,0,0,0,0,0,0,0,0,0,90,0,0,0,0,50,15,0,0,0.349999994039536,vehicle.lincoln.mkz2017,"[0, 0, 0]",4,,hero,True,70,231.035249317076,4404,10,100,100,1,177,147,220.350003283471,936.2976770401,none,WetCloudySunset,90,0,50,0.35,0,15,0,0,0,0
789,269,RouteScenario_269,Completed,Town01,0,0,0,0,0,0,0,0,0,15,0,0,0,0,0,-80,0,0,0.349999994039536,vehicle.lincoln.mkz2017,"[0, 0, 0]",4,,hero,True,70,224.450809374766,3854,10,100,100,1,176,147,192.850002873689,1034.36998438835,none,ClearNight,15,0,0,0.35,0,-80,0,0,0,0
790,27,RouteScenario_27,Completed,Town01,0,0,0,0,0,0,0,0,0,15,0,0,0,0,0,75,0,0,0.349999994039536,vehicle.lincoln.mkz2017,"[0, 0, 0]",4,,hero,True,70,160.591741147415,5026,10,100,100,1,176,146,251.450003746897,1050.95087146759,none,ClearNoon,15,0,0,0.35,0,75,0,0,0,0
791,270,RouteScenario_270,Completed,Town01,0,0,0,0,0,0,0,0,0,90,0,0,0,60,100,75,90,0,1,vehicle.lincoln.mkz2017,"[0, 0, 0]",4,,hero,True,70,175.090005990727,2687,10,100,100,1,177,146,134.500002004206,741.397307634354,none,HardRainNoon,90,60,100,1,90,75,0,0,0,0
792,271,RouteScenario_271,Failed - Agent timed out,Town01,0,0,0,0,0,0,1,0,0,80,0,0,0,0,0,-80,45,0,0.349999994039536,vehicle.lincoln.mkz2017,"[0, 0, 0]",4,,hero,True,70,105.725927879123,8638,10,98.1291596974665,98.1291596974665,1,177,149,432.050006438047,2353.02493071556,none,CloudyNight,80,0,0,0.35,45,-80,0,0,0,0
793,272,RouteScenario_272,Completed,Town01,0,0,0,0,0,0,0,0,0,90,0,0,0,60,100,75,90,0,1,vehicle.lincoln.mkz2017,"[0, 0, 0]",4,,hero,True,70,242.250000006001,2841,10,100,100,1,176,143,142.200002118945,613.695771217346,none,HardRainNoon,90,60,100,1,90,75,0,0,0,0
794,273,RouteScenario_273,Failed - Agent timed out,Town01,0,0,0,0,0,0,1,0,0,80,0,0,0,0,0,75,45,0,0.349999994039536,vehicle.lincoln.mkz2017,"[0, 0, 0]",4,,hero,True,70,60.4171575517384,6338,10,96.1665343972816,96.1665343972816,1,176,147,317.050004724413,1506.4843890667,none,CloudyNoon,80,0,0,0.35,45,75,0,0,0,0
795,274,RouteScenario_274,Failed - Agent timed out,Town01,0,0,0,0,0,0,1,0,0,20,0,0,0,0,50,15,270,0,0.349999994039536,vehicle.lincoln.mkz2017,"[0, 0, 0]",4,,hero,True,70,124.267165644625,9938,10,96.5017525996772,96.5017525996772,1,177,150,497.050007406622,1954.88437986374,none,WetSunset,20,0,50,0.35,270,15,0,0,0,0
796,275,RouteScenario_275,Failed,Town01,0,0,0,0,1,0,0,0,0,80,0,0,0,30,50,75,0,0,0.400000005960465,vehicle.lincoln.mkz2017,"[0, 0, 0]",4,,hero,True,70,246.33762466759,5452,10,86.3541054434037,60.4478738103826,0.7,177,146,272.750004064292,1286.21350550652,red_light,MidRainyNoon,80,30,50,0.4,0,75,0,0,0,0
797,276,RouteScenario_276,Completed,Town01,0,0,0,0,0,0,0,0,0,90,0,0,0,0,50,15,0,0,0.349999994039536,vehicle.lincoln.mkz2017,"[0, 0, 0]",4,,hero,True,70,181.734017212836,1632,10,100,100,1,176,143,81.7500012181699,301.181490421295,none,WetCloudySunset,90,0,50,0.35,0,15,0,0,0,0
798,277,RouteScenario_277,Completed,Town01,0,0,0,0,0,0,0,0,0,80,0,0,0,0,0,-80,45,0,0.349999994039536,vehicle.lincoln.mkz2017,"[0, 0, 0]",4,,hero,True,70,61.7544581174403,3210,10,100,100,1,176,143,160.650002393872,804.235973596573,none,CloudyNight,80,0,0,0.35,45,-80,0,0,0,0
799,278,RouteScenario_278,Failed,Town01,0,0,0,0,1,0,0,0,0,80,0,0,0,30,50,-80,225,0,0.400000005960465,vehicle.lincoln.mkz2017,"[0, 0, 0]",4,,hero,True,70,139.146889123051,3268,10,95.6314748047641,66.9420323633349,0.7,177,141,163.550002437085,670.352088451386,red_light,MidRainyNight,80,30,50,0.4,225,-80,0,0,0,0
800,279,RouteScenario_279,Failed - Agent got blocked,Town01,0,0,0,0,0,0,0,0,1,80,0,0,0,30,50,75,0,0,0.400000005960465,vehicle.lincoln.mkz2017,"[0, 0, 0]",4,,hero,True,70,92.6246589070026,4641,10,97.8127193709961,97.8127193709961,1,177,144,232.20000346005,1159.38234734535,none,MidRainyNoon,80,30,50,0.4,0,75,0,0,0,0
801,28,RouteScenario_28,Completed,Town01,0,0,0,0,0,0,0,0,0,15,0,0,0,0,0,-80,0,0,0.349999994039536,vehicle.lincoln.mkz2017,"[0, 0, 0]",4,,hero,True,70,174.256976751145,2483,10,100,100,1,177,143,124.300001852214,563.801637649536,none,ClearNight,15,0,0,0.35,0,-80,0,0,0,0
802,280,RouteScenario_280,Completed,Town01,0,0,0,0,0,0,0,0,0,80,0,0,0,0,0,-80,45,0,0.349999994039536,vehicle.lincoln.mkz2017,"[0, 0, 0]",4,,hero,True,70,183.970323914514,2418,10,100,100,1,177,147,121.050001803786,540.983731746674,none,CloudyNight,80,0,0,0.35,45,-80,0,0,0,0
803,281,RouteScenario_281,Completed,Town01,0,0,0,0,0,0,0,0,0,90,0,0,0,0,50,15,0,0,0.349999994039536,vehicle.lincoln.mkz2017,"[0, 0, 0]",4,,hero,True,70,202.183084241185,2738,10,100,100,1,177,145,137.050002042204,553.362406492233,none,WetCloudySunset,90,0,50,0.35,0,15,0,0,0,0
804,282,RouteScenario_282,Completed,Town01,0,0,0,0,0,0,0,0,0,20,0,0,0,0,50,-80,225,0,0.349999994039536,vehicle.lincoln.mkz2017,"[0, 0, 0]",4,,hero,True,70,152.86000559795,1971,10,100,100,1,177,147,98.7000014707446,440.729219675064,none,WetNight,20,0,50,0.35,225,-80,0,0,0,0
805,283,RouteScenario_283,Failed,Town01,0,0,1,0,0,0,0,0,0,90,0,0,0,0,50,-80,225,0,0.349999994039536,vehicle.lincoln.mkz2017,"[0, 0, 0]",4,,hero,True,70,69.9640960845576,4202,10,95.6352830212259,57.3811698127355,0.6,177,146,210.250003132969,832.935009241104,collisions_vehicle,WetCloudyNight,90,0,50,0.35,225,-80,0,0,0,0
806,284,RouteScenario_284,Failed - Agent got blocked,Town01,0,0,0,0,0,0,0,0,1,90,0,0,0,0,50,75,180,0,0.349999994039536,vehicle.lincoln.mkz2017,"[0, 0, 0]",4,,hero,True,70,160.564964787865,6752,10,98.6737176726089,98.6737176726089,1,177,146,337.750005032867,1785.95485687256,none,WetCloudyNoon,90,0,50,0.35,180,75,0,0,0,0
807,285,RouteScenario_285,Failed,Town01,0,0,0,0,1,0,0,0,0,80,0,0,0,60,100,15,0,0,1,vehicle.lincoln.mkz2017,"[0, 0, 0]",4,,hero,True,70,144.414208655793,0,10,0,0,0.7,177,0,0.050000000745058,0.116803884506226,red_light,HardRainSunset,80,60,100,1,0,15,0,0,0,0
808,286,RouteScenario_286,Completed,Town01,0,0,0,0,0,0,0,0,0,80,0,0,0,30,50,75,0,0,0.400000005960465,vehicle.lincoln.mkz2017,"[0, 0, 0]",4,,hero,True,70,141.259686307632,921,10,100,100,1,177,146,46.2000006884337,189.735457897186,none,MidRainyNoon,80,30,50,0.4,0,75,0,0,0,0
809,287,RouteScenario_287,Completed,Town01,0,0,0,0,0,0,0,0,0,90,0,0,0,0,50,15,0,0,0.349999994039536,vehicle.lincoln.mkz2017,"[0, 0, 0]",4,,hero,True,70,250.703348969534,3470,10,100,100,1,177,144,173.650002587587,710.44883441925,none,WetCloudySunset,90,0,50,0.35,0,15,0,0,0,0
810,288,RouteScenario_288,Failed - Agent got blocked,Town01,0,0,0,0,0,0,0,0,1,90,0,0,0,15,50,-80,270,0,0.349999994039536,vehicle.lincoln.mkz2017,"[0, 0, 0]",4,,hero,True,70,94.0007193802161,4308,10,96.7429235626224,96.7429235626224,1,177,143,215.550003211945,751.377783060074,none,SoftRainNight,90,15,50,0.35,270,-80,0,0,0,0
811,289,RouteScenario_289,Failed - Agent got blocked,Town01,0,0,0,0,0,0,0,0,1,90,0,0,0,0,50,-80,225,0,0.349999994039536,vehicle.lincoln.mkz2017,"[0, 0, 0]",4,,hero,True,70,78.5238491600036,4040,10,93.4806898042852,93.4806898042852,1,177,146,202.15000301227,710.798198223114,none,WetCloudyNight,90,0,50,0.35,225,-80,0,0,0,0
812,29,RouteScenario_29,Completed,Town01,0,0,0,0,0,0,0,0,0,15,0,0,0,0,0,-80,0,0,0.349999994039536,vehicle.lincoln.mkz2017,"[0, 0, 0]",4,,hero,True,70,103.998671411552,532,10,100,100,1,177,147,26.7500003986061,110.505311965942,none,ClearNight,15,0,0,0.35,0,-80,0,0,0,0
813,290,RouteScenario_290,Completed,Town01,0,0,0,0,0,0,0,0,0,20,0,0,0,0,50,15,270,0,0.349999994039536,vehicle.lincoln.mkz2017,"[0, 0, 0]",4,,hero,True,70,59.412759855584,338,10,100,100,1,177,140,17.0500002540648,84.3193030357361,none,WetSunset,20,0,50,0.35,270,15,0,0,0,0
814,291,RouteScenario_291,Failed - Agent got blocked,Town01,0,0,0,0,0,0,0,0,1,90,0,0,0,15,50,15,270,0,0.349999994039536,vehicle.lincoln.mkz2017,"[0, 0, 0]",4,,hero,True,70,220.346054563856,7993,10,98.4889021335548,98.4889021335548,1,177,146,399.800005957484,1664.80935740471,none,SoftRainSunset,90,15,50,0.35,270,15,0,0,0,0
815,292,RouteScenario_292,Completed,Town01,0,0,0,0,0,0,0,0,0,20,0,0,0,0,50,15,270,0,0.349999994039536,vehicle.lincoln.mkz2017,"[0, 0, 0]",4,,hero,True,70,91.1636744338956,5325,10,100,100,1,177,144,266.400003969669,1277.14342427254,none,WetSunset,20,0,50,0.35,270,15,0,0,0,0
816,293,RouteScenario_293,Failed,Town01,0,0,0,0,1,0,0,0,0,80,0,0,0,60,100,15,0,0,1,vehicle.lincoln.mkz2017,"[0, 0, 0]",4,,hero,True,70,126.580024915554,5387,10,96.0285315938125,67.2199721156688,0.7,177,143,269.500004015863,1149.32501244545,red_light,HardRainSunset,80,60,100,1,0,15,0,0,0,0
817,294,RouteScenario_294,Failed - Agent got blocked,Town01,0,0,0,0,0,0,0,0,1,80,0,0,0,60,100,15,0,0,1,vehicle.lincoln.mkz2017,"[0, 0, 0]",4,,hero,True,70,115.7899800804,5803,10,98.2512593903594,98.2512593903594,1,177,150,290.300004325807,1048.11582732201,none,HardRainSunset,80,60,100,1,0,15,0,0,0,0
818,295,RouteScenario_295,Failed - Agent got blocked,Town01,0,0,0,0,0,0,0,0,1,80,0,0,0,0,0,75,45,0,0.349999994039536,vehicle.lincoln.mkz2017,"[0, 0, 0]",4,,hero,True,70,199.061184542531,4098,10,19.4687516888821,19.4687516888821,1,177,143,205.050003055483,728.646711826324,none,CloudyNoon,80,0,0,0.35,45,75,0,0,0,0
819,296,RouteScenario_296,Completed,Town01,0,0,0,0,0,0,0,0,0,20,0,0,0,0,50,15,270,0,0.349999994039536,vehicle.lincoln.mkz2017,"[0, 0, 0]",4,,hero,True,70,39.5129832784647,4256,10,100,100,1,177,143,212.950003173202,1001.4397585392,none,WetSunset,20,0,50,0.35,270,15,0,0,0,0
820,297,RouteScenario_297,Failed,Town01,1,0,0,0,0,0,0,0,0,80,0,0,0,0,0,75,45,0,0.349999994039536,vehicle.lincoln.mkz2017,"[0, 0, 0]",4,,hero,True,70,134.825166459177,1382,10,80.5032010638148,52.3270806914796,0.65,177,146,69.2500010319054,297.378661394119,collisions_layout,CloudyNoon,80,0,0,0.35,45,75,0,0,0,0
821,298,RouteScenario_298,Completed,Town01,0,0,0,0,0,0,0,0,0,15,0,0,0,0,0,15,45,0,0.349999994039536,vehicle.lincoln.mkz2017,"[0, 0, 0]",4,,hero,True,70,176.044735646727,4231,10,100,100,1,177,145,211.700003154576,996.751532077789,none,ClearSunset,15,0,0,0.35,45,15,0,0,0,0
822,299,RouteScenario_299,Failed - Agent got blocked,Town01,0,0,0,0,0,0,0,0,1,90,0,0,0,0,50,75,180,0,0.349999994039536,vehicle.lincoln.mkz2017,"[0, 0, 0]",4,,hero,True,70,97.4614643017662,6887,10,98.7285171265668,98.7285171265668,1,176,142,344.50000513345,1748.4242413044,none,WetCloudyNoon,90,0,50,0.35,180,75,0,0,0,0
823,3,RouteScenario_3,Failed - Agent got blocked,Town01,0,0,0,0,0,0,0,0,1,80,0,0,0,0,0,75,45,0,0.349999994039536,vehicle.lincoln.mkz2017,"[0, 0, 0]",4,,hero,True,70,85.0112894410797,6115,10,98.3366187020927,98.3366187020927,1,177,147,305.900004558265,1499.35021448135,none,CloudyNoon,80,0,0,0.35,45,75,0,0,0,0
824,30,RouteScenario_30,Failed - Agent got blocked,Town01,0,0,0,0,0,0,0,0,1,80,0,0,0,30,50,75,0,0,0.400000005960465,vehicle.lincoln.mkz2017,"[0, 0, 0]",4,,hero,True,70,84.2791168394927,7669,10,98.8668427864688,98.8668427864688,1,177,141,383.600005716085,1751.49413704872,none,MidRainyNoon,80,30,50,0.4,0,75,0,0,0,0
825,31,RouteScenario_31,Completed,Town01,0,0,0,0,0,0,0,0,0,90,0,0,0,60,100,75,90,0,1,vehicle.lincoln.mkz2017,"[0, 0, 0]",4,,hero,True,70,67.5363625144511,3216,10,100,100,1,177,144,160.950002398342,803.857136487961,none,HardRainNoon,90,60,100,1,90,75,0,0,0,0
826,32,RouteScenario_32,Failed - Agent got blocked,Town01,0,0,0,0,0,0,0,0,1,20,0,0,0,0,50,75,45,0,0.349999994039536,vehicle.lincoln.mkz2017,"[0, 0, 0]",4,,hero,True,70,167.999962408096,6768,10,98.8032409034595,98.8032409034595,1,176,145,338.550005044788,1473.58142328262,none,WetNoon,20,0,50,0.35,45,75,0,0,0,0
827,33,RouteScenario_33,Completed,Town01,0,0,0,0,0,0,0,0,0,15,0,0,0,0,0,15,45,0,0.349999994039536,vehicle.lincoln.mkz2017,"[0, 0, 0]",4,,hero,True,70,193.721850039984,4554,10,100,100,1,177,146,227.85000339523,1044.01599645615,none,ClearSunset,15,0,0,0.35,45,15,0,0,0,0
828,34,RouteScenario_34,Completed,Town01,0,0,0,0,0,0,0,0,0,90,0,0,0,0,50,75,180,0,0.349999994039536,vehicle.lincoln.mkz2017,"[0, 0, 0]",4,,hero,True,70,141.125936103569,2483,10,100,100,1,177,143,124.300001852214,521.773093700409,none,WetCloudyNoon,90,0,50,0.35,180,75,0,0,0,0
829,35,RouteScenario_35,Failed,Town01,0,0,0,0,1,0,0,0,0,80,0,0,0,30,50,15,270,0,0.400000005960465,vehicle.lincoln.mkz2017,"[0, 0, 0]",4,,hero,True,70,109.397150321348,4280,10,52.5306851227024,36.7714795858917,0.7,177,146,214.150003191084,784.650349617004,red_light,MidRainSunset,80,30,50,0.4,270,15,0,0,0,0
830,36,RouteScenario_36,Completed,Town01,0,0,0,0,0,0,0,0,0,90,0,0,0,0,50,15,0,0,0.349999994039536,vehicle.lincoln.mkz2017,"[0, 0, 0]",4,,hero,True,70,148.92514730795,3707,10,100,100,1,177,144,185.500002764165,837.030269384384,none,WetCloudySunset,90,0,50,0.35,0,15,0,0,0,0
831,37,RouteScenario_37,Completed,Town01,0,0,0,0,0,0,0,0,0,20,0,0,0,0,50,-80,225,0,0.349999994039536,vehicle.lincoln.mkz2017,"[0, 0, 0]",4,,hero,True,70,158.688919302186,4934,10,100,100,1,177,145,246.850003678352,1068.31942248344,none,WetNight,20,0,50,0.35,225,-80,0,0,0,0
832,38,RouteScenario_38,Completed,Town01,0,0,0,0,0,0,0,0,0,20,0,0,0,0,50,15,270,0,0.349999994039536,vehicle.lincoln.mkz2017,"[0, 0, 0]",4,,hero,True,70,76.9063535155789,1357,10,100,100,1,177,145,68.000001013279,287.875737428665,none,WetSunset,20,0,50,0.35,270,15,0,0,0,0
833,39,RouteScenario_39,Failed - Agent got blocked,Town01,0,0,0,0,0,0,0,0,1,80,0,0,0,0,0,-80,45,0,0.349999994039536,vehicle.lincoln.mkz2017,"[0, 0, 0]",4,,hero,True,70,186.620425596569,7033,10,96.5549948153719,96.5549948153719,1,176,145,351.800005242228,1371.57030773163,none,CloudyNight,80,0,0,0.35,45,-80,0,0,0,0
834,4,RouteScenario_4,Completed,Town01,0,0,0,0,0,0,0,0,0,90,0,0,0,15,50,75,315,0,0.349999994039536,vehicle.lincoln.mkz2017,"[0, 0, 0]",4,,hero,True,70,222.385490044924,1927,10,100,100,1,176,146,96.5000014379621,496.267692089081,none,SoftRainNoon,90,15,50,0.35,315,75,0,0,0,0
835,40,RouteScenario_40,Completed,Town01,0,0,0,0,0,0,0,0,0,80,0,0,0,30,50,75,0,0,0.400000005960465,vehicle.lincoln.mkz2017,"[0, 0, 0]",4,,hero,True,70,178.235083864772,4300,10,100,100,1,177,147,215.150003205985,1223.60192513466,none,MidRainyNoon,80,30,50,0.4,0,75,0,0,0,0
836,41,RouteScenario_41,Failed - Agent got blocked,Town01,0,0,0,0,0,0,0,0,1,80,0,0,0,30,50,-80,225,0,0.400000005960465,vehicle.lincoln.mkz2017,"[0, 0, 0]",4,,hero,True,70,78.0000161598569,4672,10,98.702781573029,98.702781573029,1,176,148,233.750003483146,1239.49666047096,none,MidRainyNight,80,30,50,0.4,225,-80,0,0,0,0
837,42,RouteScenario_42,Failed - Agent got blocked,Town01,0,0,0,0,0,0,0,0,1,20,0,0,0,0,50,-80,225,0,0.349999994039536,vehicle.lincoln.mkz2017,"[0, 0, 0]",4,,hero,True,70,118.809884393332,10946,10,98.4897141237566,98.4897141237566,1,177,145,547.450008157641,2570.42582511902,none,WetNight,20,0,50,0.35,225,-80,0,0,0,0
838,43,RouteScenario_43,Failed - Agent got blocked,Town01,0,0,0,0,0,0,0,0,1,20,0,0,0,0,50,15,270,0,0.349999994039536,vehicle.lincoln.mkz2017,"[0, 0, 0]",4,,hero,True,70,179.964561912339,5869,10,94.0572026884107,94.0572026884107,1,177,144,293.600004374981,1097.00213623047,none,WetSunset,20,0,50,0.35,270,15,0,0,0,0
839,44,RouteScenario_44,Completed,Town01,0,0,0,0,0,0,0,0,0,80,0,0,0,30,50,-80,225,0,0.400000005960465,vehicle.lincoln.mkz2017,"[0, 0, 0]",4,,hero,True,70,169.50130529376,2974,10,100,100,1,177,141,148.850002218038,575.995907783508,none,MidRainyNight,80,30,50,0.4,225,-80,0,0,0,0
840,45,RouteScenario_45,Completed,Town01,0,0,0,0,0,0,0,0,0,15,0,0,0,0,0,-80,0,0,0.349999994039536,vehicle.lincoln.mkz2017,"[0, 0, 0]",4,,hero,True,70,132.537233931117,1582,10,100,100,1,177,143,79.250001180917,338.663264989853,none,ClearNight,15,0,0,0.35,0,-80,0,0,0,0
841,46,RouteScenario_46,Failed - Agent got blocked,Town01,0,0,0,0,0,0,0,0,1,90,0,0,0,0,50,75,180,0,0.349999994039536,vehicle.lincoln.mkz2017,"[0, 0, 0]",4,,hero,True,70,165.706907466809,6997,10,97.5716204996251,97.5716204996251,1,177,148,350.000005215406,1523.7804787159,none,WetCloudyNoon,90,0,50,0.35,180,75,0,0,0,0
842,47,RouteScenario_47,Failed - Agent got blocked,Town01,0,0,0,0,0,0,0,0,1,20,0,0,0,0,50,75,45,0,0.349999994039536,vehicle.lincoln.mkz2017,"[0, 0, 0]",4,,hero,True,70,242.20963742487,17954,10,98.5071878192123,98.5071878192123,1,177,144,897.850013379008,3938.47216391563,none,WetNoon,20,0,50,0.35,45,75,0,0,0,0
843,48,RouteScenario_48,Failed - Agent got blocked,Town01,0,0,0,0,0,0,0,0,1,80,0,0,0,30,50,-80,225,0,0.400000005960465,vehicle.lincoln.mkz2017,"[0, 0, 0]",4,,hero,True,70,243.720508976471,3598,10,0,0,1,177,145,180.050002682954,971.422370195389,none,MidRainyNight,80,30,50,0.4,225,-80,0,0,0,0
844,49,RouteScenario_49,Failed - Agent got blocked,Town01,0,0,0,0,0,0,0,0,1,90,0,0,0,60,100,75,90,0,1,vehicle.lincoln.mkz2017,"[0, 0, 0]",4,,hero,True,70,172.47023603808,8480,10,98.7183116845368,98.7183116845368,1,177,143,424.150006320328,1754.80190730095,none,HardRainNoon,90,60,100,1,90,75,0,0,0,0
845,5,RouteScenario_5,Failed,Town01,0,0,1,0,0,0,0,0,0,90,0,0,0,0,50,-80,225,0,0.349999994039536,vehicle.lincoln.mkz2017,"[0, 0, 0]",4,,hero,True,70,215.671334600397,2216,10,47.1647642961423,28.2988585776854,0.6,177,150,110.950001653284,430.477530241013,collisions_vehicle,WetCloudyNight,90,0,50,0.35,225,-80,0,0,0,0
846,50,RouteScenario_50,Completed,Town01,0,0,0,0,0,0,0,0,0,15,0,0,0,0,0,15,45,0,0.349999994039536,vehicle.lincoln.mkz2017,"[0, 0, 0]",4,,hero,True,70,117.53109849302,1358,10,100,100,1,177,141,68.050001014024,336.951125383377,none,ClearSunset,15,0,0,0.35,45,15,0,0,0,0
847,51,RouteScenario_51,Failed - Agent got blocked,Town01,0,0,0,0,0,0,0,0,1,15,0,0,0,0,0,15,45,0,0.349999994039536,vehicle.lincoln.mkz2017,"[0, 0, 0]",4,,hero,True,70,236.026618294285,6554,10,98.973673583072,98.973673583072,1,176,145,327.850004885346,1217.30549454689,none,ClearSunset,15,0,0,0.35,45,15,0,0,0,0
848,52,RouteScenario_52,Failed - Agent got blocked,Town01,0,0,0,0,0,0,0,0,1,80,0,0,0,0,0,15,270,0,0.349999994039536,vehicle.lincoln.mkz2017,"[0, 0, 0]",4,,hero,True,70,91.7189155740634,11471,10,98.6850556931311,98.6850556931311,1,177,147,573.700008548796,3098.16149759293,none,CloudySunset,80,0,0,0.35,270,15,0,0,0,0
849,53,RouteScenario_53,Completed,Town01,0,0,0,0,0,0,0,0,0,80,0,0,0,30,50,75,0,0,0.400000005960465,vehicle.lincoln.mkz2017,"[0, 0, 0]",4,,hero,True,70,98.3793188962888,2464,10,100,100,1,177,143,123.350001838058,594.502035617828,none,MidRainyNoon,80,30,50,0.4,0,75,0,0,0,0
850,54,RouteScenario_54,Failed - Agent timed out,Town01,0,0,0,0,0,0,1,0,0,90,0,0,0,60,100,-80,225,0,1,vehicle.lincoln.mkz2017,"[0, 0, 0]",4,,hero,True,70,97.6117190877154,7818,10,98.9661827976418,98.9661827976418,1,176,141,391.050005827099,1653.41922926903,none,HardRainNight,90,60,100,1,225,-80,0,0,0,0
851,55,RouteScenario_55,Failed,Town01,0,0,1,0,0,0,0,0,0,80,0,0,0,0,0,15,270,0,0.349999994039536,vehicle.lincoln.mkz2017,"[0, 0, 0]",4,,hero,True,70,170.680552557536,44,10,0,0,0.6,177,142,2.35000003501773,9.81947255134582,collisions_vehicle,CloudySunset,80,0,0,0.35,270,15,0,0,0,0
852,56,RouteScenario_56,Completed,Town01,0,0,0,0,0,0,0,0,0,80,0,0,0,30,50,-80,225,0,0.400000005960465,vehicle.lincoln.mkz2017,"[0, 0, 0]",4,,hero,True,70,88.803553562924,871,10,100,100,1,177,150,43.7000006511807,184.864594697952,none,MidRainyNight,80,30,50,0.4,225,-80,0,0,0,0
853,57,RouteScenario_57,Completed,Town01,0,0,0,0,0,0,0,0,0,80,0,0,0,0,0,-80,45,0,0.349999994039536,vehicle.lincoln.mkz2017,"[0, 0, 0]",4,,hero,True,70,85.4917344082826,2823,10,100,100,1,177,142,141.300002105534,604.547854185104,none,CloudyNight,80,0,0,0.35,45,-80,0,0,0,0
854,58,RouteScenario_58,Completed,Town01,0,0,0,0,0,0,0,0,0,80,0,0,0,0,0,75,45,0,0.349999994039536,vehicle.lincoln.mkz2017,"[0, 0, 0]",4,,hero,True,70,110.760657959706,1493,10,100,100,1,176,143,74.8000011146069,364.608895301819,none,CloudyNoon,80,0,0,0.35,45,75,0,0,0,0
855,59,RouteScenario_59,Failed,Town01,0,0,1,0,0,0,0,0,0,90,0,0,0,0,50,-80,225,0,0.349999994039536,vehicle.lincoln.mkz2017,"[0, 0, 0]",4,,hero,True,70,177.857127968248,1026,10,36.5331590638894,21.9198954383336,0.6,177,141,51.4500007666647,198.720553398132,collisions_vehicle,WetCloudyNight,90,0,50,0.35,225,-80,0,0,0,0
856,6,RouteScenario_6,Failed - Agent timed out,Town01,0,0,0,0,0,0,1,0,0,20,0,0,0,0,50,-80,225,0,0.349999994039536,vehicle.lincoln.mkz2017,"[0, 0, 0]",4,,hero,True,70,81.9999806667819,6558,10,98.7672280416438,98.7672280416438,1,176,146,328.050004888326,1212.55243182182,none,WetNight,20,0,50,0.35,225,-80,0,0,0,0
857,60,RouteScenario_60,Failed - Agent got blocked,Town01,0,0,0,0,0,0,0,0,1,80,0,0,0,0,0,15,270,0,0.349999994039536,vehicle.lincoln.mkz2017,"[0, 0, 0]",4,,hero,True,70,62.717139549735,10588,10,98.964883912269,98.964883912269,1,177,145,529.55000789091,2616.36560559273,none,CloudySunset,80,0,0,0.35,270,15,0,0,0,0
858,61,RouteScenario_61,Completed,Town01,0,0,0,0,0,0,0,0,0,80,0,0,0,30,50,15,270,0,0.400000005960465,vehicle.lincoln.mkz2017,"[0, 0, 0]",4,,hero,True,70,181.206637504591,1986,10,100,100,1,177,145,99.4500014819205,352.187411308289,none,MidRainSunset,80,30,50,0.4,270,15,0,0,0,0
859,62,RouteScenario_62,Completed,Town01,0,0,0,2.73,0,0,0,0,0,15,0,0,0,0,0,-80,0,0,0.349999994039536,vehicle.lincoln.mkz2017,"[0, 0, 0]",4,,hero,True,70,192.122827172363,4358,10,100,97.2727040795044,0.972727040795044,177,146,218.050003249198,918.368141174316,none,ClearNight,15,0,0,0.35,0,-80,0,0,0,0
860,63,RouteScenario_63,Completed,Town01,0,0,0,0,0,0,0,0,0,90,0,0,0,0,50,75,180,0,0.349999994039536,vehicle.lincoln.mkz2017,"[0, 0, 0]",4,,hero,True,70,235.904038841879,11645,10,100,100,1,177,143,582.400008678436,2924.64271903038,none,WetCloudyNoon,90,0,50,0.35,180,75,0,0,0,0
861,64,RouteScenario_64,Failed,Town01,0,0,1,0,0,0,0,0,0,90,0,0,0,15,50,-80,270,0,0.349999994039536,vehicle.lincoln.mkz2017,"[0, 0, 0]",4,,hero,True,70,156.177054868815,2310,10,66.3791088131752,39.8274652879051,0.6,176,145,115.650001723319,471.270386457443,collisions_vehicle,SoftRainNight,90,15,50,0.35,270,-80,0,0,0,0
862,65,RouteScenario_65,Completed,Town01,0,0,0,0,0,0,0,0,0,90,0,0,0,15,50,75,315,0,0.349999994039536,vehicle.lincoln.mkz2017,"[0, 0, 0]",4,,hero,True,70,203.435859527397,4034,10,100,100,1,177,146,201.850003007799,869.896656751633,none,SoftRainNoon,90,15,50,0.35,315,75,0,0,0,0
863,66,RouteScenario_66,Completed,Town01,0,0,0,0,0,0,0,0,0,80,0,0,0,0,0,15,270,0,0.349999994039536,vehicle.lincoln.mkz2017,"[0, 0, 0]",4,,hero,True,70,111.219846834658,956,10,100,100,1,177,142,47.9500007145107,197.661313295364,none,CloudySunset,80,0,0,0.35,270,15,0,0,0,0
864,67,RouteScenario_67,Completed,Town01,0,0,0,0,0,0,0,0,0,90,0,0,0,60,100,-80,225,0,1,vehicle.lincoln.mkz2017,"[0, 0, 0]",4,,hero,True,70,234.621307071779,1620,10,100,100,1,177,143,81.1500012092292,343.500298023224,none,HardRainNight,90,60,100,1,225,-80,0,0,0,0
865,68,RouteScenario_68,Failed,Town01,0,0,1,0,0,0,0,0,0,15,0,0,0,0,0,-80,0,0,0.349999994039536,vehicle.lincoln.mkz2017,"[0, 0, 0]",4,,hero,True,70,123.180107520798,1364,10,49.7771994241827,29.8663196545096,0.6,177,142,68.3500010184944,391.958814144135,collisions_vehicle,ClearNight,15,0,0,0.35,0,-80,0,0,0,0
866,69,RouteScenario_69,Failed - Agent got blocked,Town01,0,0,0,0,0,0,0,0,1,90,0,0,0,60,100,-80,225,0,1,vehicle.lincoln.mkz2017,"[0, 0, 0]",4,,hero,True,70,50.3572785555583,4749,10,98.4565533389991,98.4565533389991,1,177,144,237.600003540516,1320.86796689034,none,HardRainNight,90,60,100,1,225,-80,0,0,0,0
867,7,RouteScenario_7,Completed,Town01,0,0,0,0,0,0,0,0,0,80,0,0,0,0,0,75,45,0,0.349999994039536,vehicle.lincoln.mkz2017,"[0, 0, 0]",4,,hero,True,70,89.6610007271915,5202,10,100,100,1,177,142,260.250003878027,1234.96216511726,none,CloudyNoon,80,0,0,0.35,45,75,0,0,0,0
868,70,RouteScenario_70,Completed,Town01,0,0,0,0,0,0,0,0,0,15,0,0,0,0,0,-80,0,0,0.349999994039536,vehicle.lincoln.mkz2017,"[0, 0, 0]",4,,hero,True,70,138.308004784328,1949,10,100,100,1,177,145,97.6000014543533,542.137719154358,none,ClearNight,15,0,0,0.35,0,-80,0,0,0,0
869,71,RouteScenario_71,Completed,Town01,0,0,0,0,0,0,0,0,0,80,0,0,0,0,0,75,45,0,0.349999994039536,vehicle.lincoln.mkz2017,"[0, 0, 0]",4,,hero,True,70,226.400898091725,4487,10,100,100,1,177,145,224.500003345311,1067.561388731,none,CloudyNoon,80,0,0,0.35,45,75,0,0,0,0
870,72,RouteScenario_72,Completed,Town01,0,0,0,0,0,0,0,0,0,15,0,0,0,0,0,75,0,0,0.349999994039536,vehicle.lincoln.mkz2017,"[0, 0, 0]",4,,hero,True,70,152.837140492969,2005,10,100,100,1,177,146,100.400001496077,549.159098148346,none,ClearNoon,15,0,0,0.35,0,75,0,0,0,0
871,73,RouteScenario_73,Failed,Town01,0,0,0,0,1,0,0,0,0,80,0,0,0,0,0,-80,45,0,0.349999994039536,vehicle.lincoln.mkz2017,"[0, 0, 0]",4,,hero,True,70,173.225622140864,548,10,5.38315579527887,3.76820905669521,0.7,177,146,27.550000410527,96.688374042511,red_light,CloudyNight,80,0,0,0.35,45,-80,0,0,0,0
872,74,RouteScenario_74,Completed,Town01,0,0,0,0,0,0,0,0,0,90,0,0,0,60,100,-80,225,0,1,vehicle.lincoln.mkz2017,"[0, 0, 0]",4,,hero,True,70,135.011337708198,1822,10,100,100,1,177,141,91.250001359731,475.069523096085,none,HardRainNight,90,60,100,1,225,-80,0,0,0,0
873,75,RouteScenario_75,Failed - Agent got blocked,Town01,0,0,0,0,0,0,0,0,1,80,0,0,0,30,50,-80,225,0,0.400000005960465,vehicle.lincoln.mkz2017,"[0, 0, 0]",4,,hero,True,70,188.146872702469,8186,10,98.4513274622704,98.4513274622704,1,176,150,409.450006101281,1592.90664839745,none,MidRainyNight,80,30,50,0.4,225,-80,0,0,0,0
874,76,RouteScenario_76,Completed,Town01,0,0,0,0,0,0,0,0,0,20,0,0,0,0,50,75,45,0,0.349999994039536,vehicle.lincoln.mkz2017,"[0, 0, 0]",4,,hero,True,70,44.1814466518153,6936,10,100,100,1,177,146,346.950005169958,1909.66264629364,none,WetNoon,20,0,50,0.35,45,75,0,0,0,0
875,77,RouteScenario_77,Completed,Town01,0,0,0,0,0,0,0,0,0,90,0,0,0,0,50,15,0,0,0.349999994039536,vehicle.lincoln.mkz2017,"[0, 0, 0]",4,,hero,True,70,30.3161255909202,2297,10,100,100,1,177,147,115.000001713634,522.510863304138,none,WetCloudySunset,90,0,50,0.35,0,15,0,0,0,0
876,78,RouteScenario_78,Failed - Agent got blocked,Town01,0,0,0,0,0,0,0,0,1,20,0,0,0,0,50,75,45,0,0.349999994039536,vehicle.lincoln.mkz2017,"[0, 0, 0]",4,,hero,True,70,82.5240339591636,5156,10,97.69681272346,97.69681272346,1,177,144,257.950003843755,1389.36845493317,none,WetNoon,20,0,50,0.35,45,75,0,0,0,0
877,79,RouteScenario_79,Completed,Town01,0,0,0,0,0,0,0,0,0,80,0,0,0,30,50,15,270,0,0.400000005960465,vehicle.lincoln.mkz2017,"[0, 0, 0]",4,,hero,True,70,220.053316473108,1052,10,100,100,1,177,140,52.7500007860363,221.753355741501,none,MidRainSunset,80,30,50,0.4,270,15,0,0,0,0
878,8,RouteScenario_8,Completed,Town01,0,0,0,0,0,0,0,0,0,20,0,0,0,0,50,-80,225,0,0.349999994039536,vehicle.lincoln.mkz2017,"[0, 0, 0]",4,,hero,True,70,84.2932734945379,666,10,100,100,1,177,144,33.4500004984438,142.515761852264,none,WetNight,20,0,50,0.35,225,-80,0,0,0,0
879,80,RouteScenario_80,Completed,Town01,0,0,0,0,0,0,0,0,0,15,0,0,0,0,0,15,45,0,0.349999994039536,vehicle.lincoln.mkz2017,"[0, 0, 0]",4,,hero,True,70,135.565363838543,979,10,100,100,1,177,143,49.100000731647,224.890997409821,none,ClearSunset,15,0,0,0.35,45,15,0,0,0,0
880,81,RouteScenario_81,Failed,Town01,0,0,0,0,1,0,0,0,0,90,0,0,0,60,100,-80,225,0,1,vehicle.lincoln.mkz2017,"[0, 0, 0]",4,,hero,True,70,227.065844694355,3281,10,86.6855408549846,60.6798785984892,0.7,176,149,164.200002446771,727.079351186752,red_light,HardRainNight,90,60,100,1,225,-80,0,0,0,0
881,82,RouteScenario_82,Failed - Agent timed out,Town01,0,0,0,0,0,0,1,0,0,90,0,0,0,15,50,-80,270,0,0.349999994039536,vehicle.lincoln.mkz2017,"[0, 0, 0]",4,,hero,True,70,92.6699986967743,7418,10,97.8210666983183,97.8210666983183,1,177,148,371.050005529076,1406.8912050724,none,SoftRainNight,90,15,50,0.35,270,-80,0,0,0,0
882,83,RouteScenario_83,Completed,Town01,0,0,0,0,0,0,0,0,0,90,0,0,0,60,100,75,90,0,1,vehicle.lincoln.mkz2017,"[0, 0, 0]",4,,hero,True,70,153.779977032695,1341,10,100,100,1,177,145,67.200001001358,324.217622756958,none,HardRainNoon,90,60,100,1,90,75,0,0,0,0
883,84,RouteScenario_84,Completed,Town01,0,0,0,0,0,0,0,0,0,90,0,0,0,60,100,-80,225,0,1,vehicle.lincoln.mkz2017,"[0, 0, 0]",4,,hero,True,70,136.683846129862,1788,10,100,100,1,177,145,89.550001334399,359.742563486099,none,HardRainNight,90,60,100,1,225,-80,0,0,0,0
884,85,RouteScenario_85,Failed - Agent timed out,Town01,0,0,0,0,0,0,1,0,0,15,0,0,0,0,0,75,0,0,0.349999994039536,vehicle.lincoln.mkz2017,"[0, 0, 0]",4,,hero,True,70,56.7774573305317,4378,10,94.4240108495868,94.4240108495868,1,177,146,219.050003264099,984.977339267731,none,ClearNoon,15,0,0,0.35,0,75,0,0,0,0
885,86,RouteScenario_86,Failed - Agent got blocked,Town01,0,0,0,0,0,0,0,0,1,90,0,0,0,15,50,15,270,0,0.349999994039536,vehicle.lincoln.mkz2017,"[0, 0, 0]",4,,hero,True,70,140.293209988105,8610,10,97.7008693398301,97.7008693398301,1,177,139,430.650006417185,1857.36747431755,none,SoftRainSunset,90,15,50,0.35,270,15,0,0,0,0
886,87,RouteScenario_87,Completed,Town01,0,0,0,0,0,0,0,0,0,90,0,0,0,0,50,15,0,0,0.349999994039536,vehicle.lincoln.mkz2017,"[0, 0, 0]",4,,hero,True,70,130.610807613161,5150,10,100,100,1,177,141,257.650003839284,1187.4006280899,none,WetCloudySunset,90,0,50,0.35,0,15,0,0,0,0
887,88,RouteScenario_88,Failed,Town01,0,0,1,0,0,0,0,0,0,90,0,0,0,60,100,75,90,0,1,vehicle.lincoln.mkz2017,"[0, 0, 0]",4,,hero,True,70,109.972054901903,598,10,8.15673685529327,4.89404211317596,0.6,176,143,30.0500004477799,144.677163362503,collisions_vehicle,HardRainNoon,90,60,100,1,90,75,0,0,0,0
888,89,RouteScenario_89,Completed,Town01,0,0,0,0,0,0,0,0,0,90,0,0,0,60,100,-80,225,0,1,vehicle.lincoln.mkz2017,"[0, 0, 0]",4,,hero,True,70,190.574216852156,1448,10,100,100,1,177,147,72.5500010810792,335.986887216568,none,HardRainNight,90,60,100,1,225,-80,0,0,0,0
889,9,RouteScenario_9,Completed,Town01,0,0,0,0,0,0,0,0,0,90,0,0,0,60,100,-80,225,0,1,vehicle.lincoln.mkz2017,"[0, 0, 0]",4,,hero,True,70,161.240312550301,2226,10,100,100,1,177,148,111.450001660734,581.072709798813,none,HardRainNight,90,60,100,1,225,-80,0,0,0,0
890,90,RouteScenario_90,Failed,Town01,0,0,1,0,0,0,0,0,0,90,0,0,0,15,50,15,270,0,0.349999994039536,vehicle.lincoln.mkz2017,"[0, 0, 0]",4,,hero,True,70,212.051471379147,6743,10,98.5478032402937,59.1286819441762,0.6,176,145,337.300005026162,1273.87344574928,collisions_vehicle,SoftRainSunset,90,15,50,0.35,270,15,0,0,0,0
891,91,RouteScenario_91,Failed - Agent timed out,Town01,0,0,0,0,0,0,1,0,0,90,0,0,0,15,50,75,315,0,0.349999994039536,vehicle.lincoln.mkz2017,"[0, 0, 0]",4,,hero,True,70,50.1306667090402,5158,10,98.4275364683456,98.4275364683456,1,177,143,258.050003845245,1440.47864890099,none,SoftRainNoon,90,15,50,0.35,315,75,0,0,0,0
892,92,RouteScenario_92,Failed - Agent got blocked,Town01,0,0,0,0,0,0,0,0,1,90,0,0,0,60,100,75,90,0,1,vehicle.lincoln.mkz2017,"[0, 0, 0]",4,,hero,True,70,9.9037431356277,6201,10,98.4442162677959,98.4442162677959,1,177,146,310.20000462234,1753.17498612404,none,HardRainNoon,90,60,100,1,90,75,0,0,0,0
893,93,RouteScenario_93,Failed,Town01,0,0,1,0,0,0,0,0,0,20,0,0,0,0,50,15,270,0,0.349999994039536,vehicle.lincoln.mkz2017,"[0, 0, 0]",4,,hero,True,70,147.887772506435,2,10,0,0,0.6,177,0,0.150000002235174,1.15818285942078,collisions_vehicle,WetSunset,20,0,50,0.35,270,15,0,0,0,0
894,94,RouteScenario_94,Failed - Agent got blocked,Town01,0,0,0,0,0,0,0,0,1,15,0,0,0,0,0,-80,0,0,0.349999994039536,vehicle.lincoln.mkz2017,"[0, 0, 0]",4,,hero,True,70,132.450847509141,4579,10,98.8907664137104,98.8907664137104,1,177,149,229.100003413856,998.365890264511,none,ClearNight,15,0,0,0.35,0,-80,0,0,0,0
895,95,RouteScenario_95,Failed - Agent got blocked,Town01,0,0,0,0,0,0,0,0,1,15,0,0,0,0,0,75,0,0,0.349999994039536,vehicle.lincoln.mkz2017,"[0, 0, 0]",4,,hero,True,70,175.462139150575,5097,10,98.9165103961603,98.9165103961603,1,177,145,255.000003799796,1157.01535010338,none,ClearNoon,15,0,0,0.35,0,75,0,0,0,0
896,96,RouteScenario_96,Completed,Town01,0,0,0,0,0,0,0,0,0,80,0,0,0,30,50,-80,225,0,0.400000005960465,vehicle.lincoln.mkz2017,"[0, 0, 0]",4,,hero,True,70,146.502220519111,3730,10,100,100,1,177,145,186.650002781302,796.757808685303,none,MidRainyNight,80,30,50,0.4,225,-80,0,0,0,0
897,97,RouteScenario_97,Completed,Town01,0,0,0,0,0,0,0,0,0,20,0,0,0,0,50,15,270,0,0.349999994039536,vehicle.lincoln.mkz2017,"[0, 0, 0]",4,,hero,True,70,97.7891815367876,482,10,100,100,1,177,145,24.2500003613532,111.780750751495,none,WetSunset,20,0,50,0.35,270,15,0,0,0,0
898,98,RouteScenario_98,Completed,Town01,0,0,0,0,0,0,0,0,0,15,0,0,0,0,0,75,0,0,0.349999994039536,vehicle.lincoln.mkz2017,"[0, 0, 0]",4,,hero,True,70,84.7644301521923,3489,10,100,100,1,177,145,174.600002601743,897.213871479034,none,ClearNoon,15,0,0,0.35,0,75,0,0,0,0
899,99,RouteScenario_99,Failed - Agent got blocked,Town01,0,0,0,0,0,0,0,0,1,20,0,0,0,0,50,15,270,0,0.349999994039536,vehicle.lincoln.mkz2017,"[0, 0, 0]",4,,hero,True,70,138.250854519956,6568,10,98.5440662582758,98.5440662582758,1,177,145,328.550004895777,1191.33249568939,none,WetSunset,20,0,50,0.35,270,15,0,0,0,0
900,0,RouteScenario_0,Completed,Town01,0,0,0,0,0,0,0,0,0,20,0,0,0,0,50,15,270,0,0.349999994039536,vehicle.lincoln.mkz2017,"[0, 0, 0]",4,,hero,True,70,207.019212970771,2355,11,100,100,1,177,137,117.900001756847,784.031401634216,none,WetSunset,20,0,50,0.35,270,15,0,0,0,0
901,1,RouteScenario_1,Failed,Town01,0,0,0,0,1,0,0,0,0,90,0,0,0,15,50,-80,270,0,0.349999994039536,vehicle.lincoln.mkz2017,"[0, 0, 0]",4,,hero,True,70,82.7731237397857,694,11,0.417505008050685,0.29225350563548,0.7,177,133,34.8500005193055,205.55250620842,red_light,SoftRainNight,90,15,50,0.35,270,-80,0,0,0,0
902,10,RouteScenario_10,Failed - Agent got blocked,Town01,0,0,0,0,0,0,0,0,1,90,0,0,0,0,50,15,0,0,0.349999994039536,vehicle.lincoln.mkz2017,"[0, 0, 0]",4,,hero,True,70,178.939133037313,6038,11,98.3128736084092,98.3128736084092,1,177,134,302.050004500896,1963.45133304596,none,WetCloudySunset,90,0,50,0.35,0,15,0,0,0,0
903,100,RouteScenario_100,Completed,Town01,0,0,0,0,0,0,0,0,0,90,0,0,0,60,100,75,90,0,1,vehicle.lincoln.mkz2017,"[0, 0, 0]",4,,hero,True,70,238.109787563928,6341,11,100,100,1,177,132,317.200004726648,2102.04310774803,none,HardRainNoon,90,60,100,1,90,75,0,0,0,0
904,101,RouteScenario_101,Completed,Town01,0,0,0,0,0,0,0,0,0,90,0,0,0,15,50,-80,270,0,0.349999994039536,vehicle.lincoln.mkz2017,"[0, 0, 0]",4,,hero,True,70,223.332902900877,7655,11,100,100,1,177,135,382.900005705655,2692.26865267754,none,SoftRainNight,90,15,50,0.35,270,-80,0,0,0,0
905,102,RouteScenario_102,Completed,Town01,0,0,0,0,0,0,0,0,0,15,0,0,0,0,0,15,45,0,0.349999994039536,vehicle.lincoln.mkz2017,"[0, 0, 0]",4,,hero,True,70,167.564870864939,1700,11,100,100,1,177,135,85.1500012688339,668.765197038651,none,ClearSunset,15,0,0,0.35,45,15,0,0,0,0
906,103,RouteScenario_103,Failed,Town01,0,0,0,0,1,0,0,0,0,80,0,0,0,0,0,75,45,0,0.349999994039536,vehicle.lincoln.mkz2017,"[0, 0, 0]",4,,hero,True,70,194.971879863744,7668,11,98.3423966505107,68.8396776553575,0.7,177,134,383.55000571534,2547.1005396843,red_light,CloudyNoon,80,0,0,0.35,45,75,0,0,0,0
907,104,RouteScenario_104,Completed,Town01,0,0,0,0,0,0,0,0,0,20,0,0,0,0,50,-80,225,0,0.349999994039536,vehicle.lincoln.mkz2017,"[0, 0, 0]",4,,hero,True,70,115.885909577756,1455,11,100,100,1,177,128,72.9000010862947,534.552221536636,none,WetNight,20,0,50,0.35,225,-80,0,0,0,0
908,105,RouteScenario_105,Failed - Agent got blocked,Town01,0,0,0,0,0,0,0,0,1,90,0,0,0,60,100,75,90,0,1,vehicle.lincoln.mkz2017,"[0, 0, 0]",4,,hero,True,70,43.0960436440428,7067,11,98.6899787315706,98.6899787315706,1,177,134,353.50000526756,2644.07208275795,none,HardRainNoon,90,60,100,1,90,75,0,0,0,0
909,106,RouteScenario_106,Failed,Town01,0,0,0,0,1,0,0,0,0,90,0,0,0,15,50,-80,270,0,0.349999994039536,vehicle.lincoln.mkz2017,"[0, 0, 0]",4,,hero,True,70,58.6382713487703,0,11,0,0,0.7,177,0,0.050000000745058,0.0406489372253418,red_light,SoftRainNight,90,15,50,0.35,270,-80,0,0,0,0
910,107,RouteScenario_107,Failed,Town01,0,0,1,0,0,0,0,0,0,20,0,0,0,0,50,-80,225,0,0.349999994039536,vehicle.lincoln.mkz2017,"[0, 0, 0]",4,,hero,True,70,77.2658992938477,4116,11,98.0971090935468,58.8582654561281,0.6,177,132,205.950003068894,1453.80169248581,collisions_vehicle,WetNight,20,0,50,0.35,225,-80,0,0,0,0
911,108,RouteScenario_108,Failed - Agent got blocked,Town01,0,0,0,0,0,0,0,0,1,15,0,0,0,0,0,15,45,0,0.349999994039536,vehicle.lincoln.mkz2017,"[0, 0, 0]",4,,hero,True,70,162.785049296464,8872,11,62.6777199322491,62.6777199322491,1,177,134,443.75000661239,2855.70290327072,none,ClearSunset,15,0,0,0.35,45,15,0,0,0,0
912,109,RouteScenario_109,Completed,Town01,0,0,0,0,0,0,0,0,0,90,0,0,0,0,50,-80,225,0,0.349999994039536,vehicle.lincoln.mkz2017,"[0, 0, 0]",4,,hero,True,70,198.331334951565,3439,11,100,100,1,177,138,172.10000256449,1351.87978577614,none,WetCloudyNight,90,0,50,0.35,225,-80,0,0,0,0
913,11,RouteScenario_11,Failed - Agent got blocked,Town01,0,0,0,0,0,0,0,0,1,90,0,0,0,0,50,75,180,0,0.349999994039536,vehicle.lincoln.mkz2017,"[0, 0, 0]",4,,hero,True,70,101.612062127783,6491,11,98.5315498897885,98.5315498897885,1,177,135,324.700004838407,1985.23618006706,none,WetCloudyNoon,90,0,50,0.35,180,75,0,0,0,0
914,110,RouteScenario_110,Failed,Town01,0,0,0,0,1,0,0,0,0,90,0,0,0,0,50,75,180,0,0.349999994039536,vehicle.lincoln.mkz2017,"[0, 0, 0]",4,,hero,True,70,114.149971162581,2966,11,23.415281195294,16.3906968367058,0.7,177,132,148.450002212077,931.464001893997,red_light,WetCloudyNoon,90,0,50,0.35,180,75,0,0,0,0
915,111,RouteScenario_111,Failed - Agent got blocked,Town01,0,0,0,0,0,0,0,0,1,90,0,0,0,60,100,75,90,0,1,vehicle.lincoln.mkz2017,"[0, 0, 0]",4,,hero,True,70,89.8581682581759,6934,11,96.9709620656132,96.9709620656132,1,177,128,346.850005168468,2410.94781684875,none,HardRainNoon,90,60,100,1,90,75,0,0,0,0
916,112,RouteScenario_112,Completed,Town01,0,0,0,0,0,0,0,0,0,80,0,0,0,0,0,75,45,0,0.349999994039536,vehicle.lincoln.mkz2017,"[0, 0, 0]",4,,hero,True,70,117.182011802066,1555,11,100,100,1,176,134,77.9000011608005,493.258326768875,none,CloudyNoon,80,0,0,0.35,45,75,0,0,0,0
917,113,RouteScenario_113,Failed - Agent got blocked,Town01,0,0,0,0,0,0,0,0,1,20,0,0,0,0,50,-80,225,0,0.349999994039536,vehicle.lincoln.mkz2017,"[0, 0, 0]",4,,hero,True,70,124.710890054488,11103,11,98.6595644385384,98.6595644385384,1,177,134,555.300008274615,3630.984187603,none,WetNight,20,0,50,0.35,225,-80,0,0,0,0
918,114,RouteScenario_114,Failed,Town01,0,0,0,0,1,0,0,0,0,80,0,0,0,0,0,-80,45,0,0.349999994039536,vehicle.lincoln.mkz2017,"[0, 0, 0]",4,,hero,True,70,97.8522698152996,1572,11,1.00247481696416,0.701732371874915,0.7,177,139,78.7500011734664,494.590256929398,red_light,CloudyNight,80,0,0,0.35,45,-80,0,0,0,0
919,115,RouteScenario_115,Failed,Town01,0,0,0,0,1,0,0,0,0,90,0,0,0,0,50,15,0,0,0.349999994039536,vehicle.lincoln.mkz2017,"[0, 0, 0]",4,,hero,True,70,152.482095803129,2114,11,31.5533661818201,22.087356327274,0.7,177,133,105.850001577288,751.083307504654,red_light,WetCloudySunset,90,0,50,0.35,0,15,0,0,0,0
920,116,RouteScenario_116,Failed,Town01,0,0,0,0,1,0,0,0,0,90,0,0,0,0,50,75,180,0,0.349999994039536,vehicle.lincoln.mkz2017,"[0, 0, 0]",4,,hero,True,70,273.331996132036,3365,11,1.02572442958814,0.718007100711699,0.7,177,132,168.400002509356,1047.18694901466,red_light,WetCloudyNoon,90,0,50,0.35,180,75,0,0,0,0
921,117,RouteScenario_117,Completed,Town01,0,0,0,0,0,0,0,0,0,80,0,0,0,0,0,75,45,0,0.349999994039536,vehicle.lincoln.mkz2017,"[0, 0, 0]",4,,hero,True,70,174.533229151483,1870,11,100,100,1,176,134,93.6500013954938,659.28378033638,none,CloudyNoon,80,0,0,0.35,45,75,0,0,0,0
922,118,RouteScenario_118,Failed,Town01,0,0,1,0,0,0,0,0,0,15,0,0,0,0,0,-80,0,0,0.349999994039536,vehicle.lincoln.mkz2017,"[0, 0, 0]",4,,hero,True,70,56.3013298853026,1183,11,58.9263141024001,35.3557884614401,0.6,177,134,59.3000008836389,446.600578546524,collisions_vehicle,ClearNight,15,0,0,0.35,0,-80,0,0,0,0
923,119,RouteScenario_119,Failed - Agent got blocked,Town01,0,0,0,0,0,0,0,0,1,90,0,0,0,0,50,-80,225,0,0.349999994039536,vehicle.lincoln.mkz2017,"[0, 0, 0]",4,,hero,True,70,187.802880730796,7011,11,98.9196477771624,98.9196477771624,1,177,129,350.700005225837,2184.87775087357,none,WetCloudyNight,90,0,50,0.35,225,-80,0,0,0,0
924,12,RouteScenario_12,Failed - Agent got blocked,Town01,0,0,0,0,0,0,0,0,1,90,0,0,0,60,100,75,90,0,1,vehicle.lincoln.mkz2017,"[0, 0, 0]",4,,hero,True,70,148.579952645267,11235,11,97.9549822124303,97.9549822124303,1,177,137,561.900008372963,3362.37201547623,none,HardRainNoon,90,60,100,1,90,75,0,0,0,0
925,120,RouteScenario_120,Failed - Agent got blocked,Town01,0,0,0,0,0,0,0,0,1,90,0,0,0,15,50,-80,270,0,0.349999994039536,vehicle.lincoln.mkz2017,"[0, 0, 0]",4,,hero,True,70,67.6444874349446,4276,11,97.8667075132946,97.8667075132946,1,177,135,213.950003188103,1569.87151646614,none,SoftRainNight,90,15,50,0.35,270,-80,0,0,0,0
926,121,RouteScenario_121,Completed,Town01,0,0,0,0,0,0,0,0,0,80,0,0,0,0,0,-80,45,0,0.349999994039536,vehicle.lincoln.mkz2017,"[0, 0, 0]",4,,hero,True,70,247.344371976281,3525,11,100,100,1,177,136,176.400002628565,1305.24849128723,none,CloudyNight,80,0,0,0.35,45,-80,0,0,0,0
927,122,RouteScenario_122,Completed,Town01,0,0,0,0,0,0,0,0,0,80,0,0,0,30,50,15,270,0,0.400000005960465,vehicle.lincoln.mkz2017,"[0, 0, 0]",4,,hero,True,70,185.994639783653,1483,11,100,100,1,177,133,74.3000011071563,461.086556434631,none,MidRainSunset,80,30,50,0.4,270,15,0,0,0,0
928,123,RouteScenario_123,Failed - Agent timed out,Town01,0,0,0,0,0,0,1,0,0,80,0,0,0,0,0,15,270,0,0.349999994039536,vehicle.lincoln.mkz2017,"[0, 0, 0]",4,,hero,True,70,50.9926642098561,4738,11,97.6013115040941,97.6013115040941,1,176,133,237.05000353232,1804.71268606186,none,CloudySunset,80,0,0,0.35,270,15,0,0,0,0
929,124,RouteScenario_124,Failed,Town01,0,0,1,0,0,0,0,0,0,90,0,0,0,0,50,15,0,0,0.349999994039536,vehicle.lincoln.mkz2017,"[0, 0, 0]",4,,hero,True,70,80.7752049372926,3158,11,31.8426467280292,19.1055880368175,0.6,176,135,158.050002355129,1084.52408742905,collisions_vehicle,WetCloudySunset,90,0,50,0.35,0,15,0,0,0,0
930,125,RouteScenario_125,Completed,Town01,0,0,0,0,0,0,0,0,0,90,0,0,0,0,50,75,180,0,0.349999994039536,vehicle.lincoln.mkz2017,"[0, 0, 0]",4,,hero,True,70,154.227736306685,2025,11,100,100,1,176,132,101.400001510978,733.830626010895,none,WetCloudyNoon,90,0,50,0.35,180,75,0,0,0,0
931,126,RouteScenario_126,Failed - Agent timed out,Town01,0,0,0,0,0,0,1,0,0,80,0,0,0,60,100,15,0,0,1,vehicle.lincoln.mkz2017,"[0, 0, 0]",4,,hero,True,70,81.1833542852019,8478,11,96.8842473203997,96.8842473203997,1,177,135,424.050006318837,2959.10962677002,none,HardRainSunset,80,60,100,1,0,15,0,0,0,0
932,127,RouteScenario_127,Failed,Town01,0,0,0,0,1,0,0,0,0,90,0,0,0,15,50,-80,270,0,0.349999994039536,vehicle.lincoln.mkz2017,"[0, 0, 0]",4,,hero,True,70,126.519743536487,546,11,27.0281394268714,18.9196975988099,0.7,177,132,27.4500004090369,166.908452272415,red_light,SoftRainNight,90,15,50,0.35,270,-80,0,0,0,0
933,128,RouteScenario_128,Completed,Town01,0,0,0,0,0,0,0,0,0,80,0,0,0,0,0,15,270,0,0.349999994039536,vehicle.lincoln.mkz2017,"[0, 0, 0]",4,,hero,True,70,275.50983420566,3278,11,100,100,1,177,137,164.050002444535,1074.28674507141,none,CloudySunset,80,0,0,0.35,270,15,0,0,0,0
934,129,RouteScenario_129,Completed,Town01,0,0,0,0,0,0,0,0,0,90,0,0,0,0,50,75,180,0,0.349999994039536,vehicle.lincoln.mkz2017,"[0, 0, 0]",4,,hero,True,70,161.070550861444,1841,11,100,100,1,177,135,92.2000013738871,641.614350795746,none,WetCloudyNoon,90,0,50,0.35,180,75,0,0,0,0
935,13,RouteScenario_13,Failed,Town01,0,0,1,0,0,0,0,0,0,15,0,0,0,0,0,75,0,0,0.349999994039536,vehicle.lincoln.mkz2017,"[0, 0, 0]",4,,hero,True,70,212.219985135147,246,11,11.6184003988771,6.97104023932625,0.6,177,136,12.4500001855195,85.1670858860016,collisions_vehicle,ClearNoon,15,0,0,0.35,0,75,0,0,0,0
936,130,RouteScenario_130,Completed,Town01,0,0,0,0,0,0,0,0,0,80,0,0,0,60,100,15,0,0,1,vehicle.lincoln.mkz2017,"[0, 0, 0]",4,,hero,True,70,92.6720864187918,723,11,100,100,1,177,133,36.3000005409121,255.922121763229,none,HardRainSunset,80,60,100,1,0,15,0,0,0,0
937,131,RouteScenario_131,Failed - Agent got blocked,Town01,0,0,0,0,0,0,0,0,1,80,0,0,0,60,100,15,0,0,1,vehicle.lincoln.mkz2017,"[0, 0, 0]",4,,hero,True,70,155.64995003145,5730,11,98.0821679037725,98.0821679037725,1,177,134,286.650004271418,1752.90237569809,none,HardRainSunset,80,60,100,1,0,15,0,0,0,0
938,132,RouteScenario_132,Failed - Agent got blocked,Town01,0,0,0,0,0,0,0,0,1,90,0,0,0,0,50,75,180,0,0.349999994039536,vehicle.lincoln.mkz2017,"[0, 0, 0]",4,,hero,True,70,168.141501983467,8518,11,98.9965499460421,98.9965499460421,1,177,139,426.05000634864,2989.44104170799,none,WetCloudyNoon,90,0,50,0.35,180,75,0,0,0,0
939,133,RouteScenario_133,Completed,Town01,0,0,0,0,0,0,0,0,0,80,0,0,0,0,0,15,270,0,0.349999994039536,vehicle.lincoln.mkz2017,"[0, 0, 0]",4,,hero,True,70,135.693103912075,4012,11,100,100,1,176,135,200.750002991408,1313.73284316063,none,CloudySunset,80,0,0,0.35,270,15,0,0,0,0
940,134,RouteScenario_134,Completed,Town01,0,0,0,0,0,0,0,0,0,80,0,0,0,30,50,-80,225,0,0.400000005960465,vehicle.lincoln.mkz2017,"[0, 0, 0]",4,,hero,True,70,121.971395824203,1949,11,100,100,1,177,132,97.6000014543533,728.762404680252,none,MidRainyNight,80,30,50,0.4,225,-80,0,0,0,0
941,135,RouteScenario_135,Failed - Agent got blocked,Town01,0,0,0,0,0,0,0,0,1,15,0,0,0,0,0,75,0,0,0.349999994039536,vehicle.lincoln.mkz2017,"[0, 0, 0]",4,,hero,True,70,90.0830794673052,6536,11,98.8993683746214,98.8993683746214,1,177,136,326.950004871935,2046.76244807243,none,ClearNoon,15,0,0,0.35,0,75,0,0,0,0
942,136,RouteScenario_136,Completed,Town01,0,0,0,0,0,0,0,0,0,15,0,0,0,0,0,75,0,0,0.349999994039536,vehicle.lincoln.mkz2017,"[0, 0, 0]",4,,hero,True,70,71.692100036983,6116,11,100,100,1,176,136,305.95000455901,2079.82413053513,none,ClearNoon,15,0,0,0.35,0,75,0,0,0,0
943,137,RouteScenario_137,Completed,Town01,0,0,0,0,0,0,0,0,0,80,0,0,0,60,100,15,0,0,1,vehicle.lincoln.mkz2017,"[0, 0, 0]",4,,hero,True,70,195.338331642993,3470,11,100,100,1,177,135,173.650002587587,1215.78338932991,none,HardRainSunset,80,60,100,1,0,15,0,0,0,0
944,138,RouteScenario_138,Completed,Town01,0,0,0,0,0,0,0,0,0,80,0,0,0,0,0,75,45,0,0.349999994039536,vehicle.lincoln.mkz2017,"[0, 0, 0]",4,,hero,True,70,96.4002246154936,5555,11,100,100,1,177,132,277.900004141033,2198.03776168823,none,CloudyNoon,80,0,0,0.35,45,75,0,0,0,0
945,139,RouteScenario_139,Completed,Town01,0,0,0,0,0,0,0,0,0,80,0,0,0,30,50,15,270,0,0.400000005960465,vehicle.lincoln.mkz2017,"[0, 0, 0]",4,,hero,True,70,151.5509041962,2245,11,100,100,1,177,136,112.400001674891,753.322087287903,none,MidRainSunset,80,30,50,0.4,270,15,0,0,0,0
946,14,RouteScenario_14,Completed,Town01,0,0,0,0,0,0,0,0,0,15,0,0,0,0,0,15,45,0,0.349999994039536,vehicle.lincoln.mkz2017,"[0, 0, 0]",4,,hero,True,70,185.726159223418,5785,11,100,100,1,177,141,289.400004312396,1974.21672129631,none,ClearSunset,15,0,0,0.35,45,15,0,0,0,0
947,140,RouteScenario_140,Failed,Town01,0,0,0,0,1,0,0,0,0,90,0,0,0,15,50,-80,270,0,0.349999994039536,vehicle.lincoln.mkz2017,"[0, 0, 0]",4,,hero,True,70,141.904018858039,1773,11,49.1265431471735,34.3885802030215,0.7,176,135,88.8000013232231,576.427476882935,red_light,SoftRainNight,90,15,50,0.35,270,-80,0,0,0,0
948,141,RouteScenario_141,Failed - Agent got blocked,Town01,0,0,0,0,0,0,0,0,1,90,0,0,0,15,50,-80,270,0,0.349999994039536,vehicle.lincoln.mkz2017,"[0, 0, 0]",4,,hero,True,70,159.021803044014,4543,11,98.7186442745728,98.7186442745728,1,177,134,227.300003387034,1621.76924347877,none,SoftRainNight,90,15,50,0.35,270,-80,0,0,0,0
949,142,RouteScenario_142,Completed,Town01,0,0,0,0,0,0,0,0,0,15,0,0,0,0,0,75,0,0,0.349999994039536,vehicle.lincoln.mkz2017,"[0, 0, 0]",4,,hero,True,70,69.9383987948123,1326,11,100,100,1,177,136,66.4500009901822,495.369946241379,none,ClearNoon,15,0,0,0.35,0,75,0,0,0,0
950,143,RouteScenario_143,Completed,Town01,0,0,0,0,0,0,0,0,0,90,0,0,0,60,100,75,90,0,1,vehicle.lincoln.mkz2017,"[0, 0, 0]",4,,hero,True,70,222.933809016488,4924,11,100,100,1,177,137,246.350003670901,1706.24851632118,none,HardRainNoon,90,60,100,1,90,75,0,0,0,0
951,144,RouteScenario_144,Completed,Town01,0,0,0,0,0,0,0,0,0,20,0,0,0,0,50,75,45,0,0.349999994039536,vehicle.lincoln.mkz2017,"[0, 0, 0]",4,,hero,True,70,237.946438945277,4012,11,100,100,1,177,133,200.750002991408,1338.28548836708,none,WetNoon,20,0,50,0.35,45,75,0,0,0,0
952,145,RouteScenario_145,Completed,Town01,0,0,0,0,0,0,0,0,0,90,0,0,0,15,50,75,315,0,0.349999994039536,vehicle.lincoln.mkz2017,"[0, 0, 0]",4,,hero,True,70,200.109787391949,1571,11,100,100,1,177,138,78.7000011727214,588.75528550148,none,SoftRainNoon,90,15,50,0.35,315,75,0,0,0,0
953,146,RouteScenario_146,Failed,Town01,0,0,0,0,1,0,0,0,0,90,0,0,0,0,50,15,0,0,0.349999994039536,vehicle.lincoln.mkz2017,"[0, 0, 0]",4,,hero,True,70,139.822489759283,2462,11,21.2908981230939,14.9036286861658,0.7,176,134,123.250001836568,737.454428434372,red_light,WetCloudySunset,90,0,50,0.35,0,15,0,0,0,0
954,147,RouteScenario_147,Failed - Agent got blocked,Town01,0,0,0,0,0,0,0,0,1,90,0,0,0,60,100,75,90,0,1,vehicle.lincoln.mkz2017,"[0, 0, 0]",4,,hero,True,70,129.749496859937,6090,11,98.8734028750708,98.8734028750708,1,177,135,304.650004539639,2193.34989380836,none,HardRainNoon,90,60,100,1,90,75,0,0,0,0
955,148,RouteScenario_148,Completed,Town01,0,0,0,0,0,0,0,0,0,80,0,0,0,0,0,75,45,0,0.349999994039536,vehicle.lincoln.mkz2017,"[0, 0, 0]",4,,hero,True,70,59.9817139769069,440,11,100,100,1,177,129,22.1500003300607,154.577153921127,none,CloudyNoon,80,0,0,0.35,45,75,0,0,0,0
956,149,RouteScenario_149,Completed,Town01,0,0,0,0,0,0,0,0,0,90,0,0,0,15,50,15,270,0,0.349999994039536,vehicle.lincoln.mkz2017,"[0, 0, 0]",4,,hero,True,70,164.30197183978,1315,11,100,100,1,176,136,65.9000009819865,411.663819313049,none,SoftRainSunset,90,15,50,0.35,270,15,0,0,0,0
957,15,RouteScenario_15,Failed - Agent got blocked,Town01,0,0,0,0,0,0,0,0,1,90,0,0,0,0,50,-80,225,0,0.349999994039536,vehicle.lincoln.mkz2017,"[0, 0, 0]",4,,hero,True,70,135.349716242063,5751,11,98.4592512832233,98.4592512832233,1,176,134,287.700004287064,1725.23505544662,none,WetCloudyNight,90,0,50,0.35,225,-80,0,0,0,0
958,150,RouteScenario_150,Completed,Town01,0,0,0,0,0,0,0,0,0,90,0,0,0,60,100,-80,225,0,1,vehicle.lincoln.mkz2017,"[0, 0, 0]",4,,hero,True,70,85.6688904605412,826,11,100,100,1,177,134,41.4500006176531,325.563510656357,none,HardRainNight,90,60,100,1,225,-80,0,0,0,0
959,151,RouteScenario_151,Failed - Agent timed out,Town01,0,0,0,0,0,0,1,0,0,15,0,0,0,0,0,75,0,0,0.349999994039536,vehicle.lincoln.mkz2017,"[0, 0, 0]",4,,hero,True,70,62.5776968919883,14458,11,98.3301459175778,98.3301459175778,1,177,137,723.050010774285,4947.85097503662,none,ClearNoon,15,0,0,0.35,0,75,0,0,0,0
960,152,RouteScenario_152,Completed,Town01,0,0,0,0,0,0,0,0,0,90,0,0,0,0,50,-80,225,0,0.349999994039536,vehicle.lincoln.mkz2017,"[0, 0, 0]",4,,hero,True,70,209.050237995328,2211,11,100,100,1,177,133,110.700001649559,761.796456098557,none,WetCloudyNight,90,0,50,0.35,225,-80,0,0,0,0
961,153,RouteScenario_153,Completed,Town01,0,0,0,0,0,0,0,0,0,80,0,0,0,30,50,75,0,0,0.400000005960465,vehicle.lincoln.mkz2017,"[0, 0, 0]",4,,hero,True,70,109.916963408522,1571,11,100,100,1,177,134,78.7000011727214,580.366840839386,none,MidRainyNoon,80,30,50,0.4,0,75,0,0,0,0
962,154,RouteScenario_154,Completed,Town01,0,0,0,0,0,0,0,0,0,80,0,0,0,30,50,15,270,0,0.400000005960465,vehicle.lincoln.mkz2017,"[0, 0, 0]",4,,hero,True,70,112.256339525108,2925,11,100,100,1,177,135,146.40000218153,1003.5405125618,none,MidRainSunset,80,30,50,0.4,270,15,0,0,0,0
963,155,RouteScenario_155,Completed,Town01,0,0,0,0,0,0,0,0,0,90,0,0,0,0,50,75,180,0,0.349999994039536,vehicle.lincoln.mkz2017,"[0, 0, 0]",4,,hero,True,70,113.501485408099,1395,11,100,100,1,177,129,69.9000010415912,446.651516437531,none,WetCloudyNoon,90,0,50,0.35,180,75,0,0,0,0
964,156,RouteScenario_156,Failed - Agent got blocked,Town01,0,0,0,0,0,0,0,0,1,90,0,0,0,15,50,15,270,0,0.349999994039536,vehicle.lincoln.mkz2017,"[0, 0, 0]",4,,hero,True,70,245.147823115636,10026,11,98.0259279356202,98.0259279356202,1,176,137,501.450007472187,3233.27284622192,none,SoftRainSunset,90,15,50,0.35,270,15,0,0,0,0
965,157,RouteScenario_157,Completed,Town01,0,0,0,0,0,0,0,0,0,15,0,0,0,0,0,75,0,0,0.349999994039536,vehicle.lincoln.mkz2017,"[0, 0, 0]",4,,hero,True,70,250.122455088616,3717,11,100,100,1,177,133,186.000002771616,1238.28279876709,none,ClearNoon,15,0,0,0.35,0,75,0,0,0,0
966,158,RouteScenario_158,Failed - Agent got blocked,Town01,0,0,0,0,0,0,0,0,1,15,0,0,0,0,0,75,0,0,0.349999994039536,vehicle.lincoln.mkz2017,"[0, 0, 0]",4,,hero,True,70,54.5061313527031,5721,11,98.8057714242707,98.8057714242707,1,177,130,286.200004264712,1789.79759025574,none,ClearNoon,15,0,0,0.35,0,75,0,0,0,0
967,159,RouteScenario_159,Completed,Town01,0,0,0,0,0,0,0,0,0,90,0,0,0,15,50,15,270,0,0.349999994039536,vehicle.lincoln.mkz2017,"[0, 0, 0]",4,,hero,True,70,132.291257700532,3644,11,100,100,1,177,137,182.350002717227,1325.53795552254,none,SoftRainSunset,90,15,50,0.35,270,15,0,0,0,0
968,16,RouteScenario_16,Failed - Agent got blocked,Town01,0,0,0,0,0,0,0,0,1,80,0,0,0,0,0,-80,45,0,0.349999994039536,vehicle.lincoln.mkz2017,"[0, 0, 0]",4,,hero,True,70,84.7484900228585,3926,11,3.4022315144248,3.4022315144248,1,177,140,196.450002927333,1252.73427867889,none,CloudyNight,80,0,0,0.35,45,-80,0,0,0,0
969,160,RouteScenario_160,Completed,Town01,0,0,0,0,0,0,0,0,0,80,0,0,0,0,0,-80,45,0,0.349999994039536,vehicle.lincoln.mkz2017,"[0, 0, 0]",4,,hero,True,70,152.372866032456,1080,11,100,100,1,177,136,54.1500008068979,430.015702486038,none,CloudyNight,80,0,0,0.35,45,-80,0,0,0,0
970,161,RouteScenario_161,Completed,Town01,0,0,0,0,0,0,0,0,0,15,0,0,0,0,0,15,45,0,0.349999994039536,vehicle.lincoln.mkz2017,"[0, 0, 0]",4,,hero,True,70,170.354341953363,2395,11,100,100,1,177,139,119.900001786649,836.464678049088,none,ClearSunset,15,0,0,0.35,45,15,0,0,0,0
971,162,RouteScenario_162,Completed,Town01,0,0,0,0,0,0,0,0,0,80,0,0,0,30,50,75,0,0,0.400000005960465,vehicle.lincoln.mkz2017,"[0, 0, 0]",4,,hero,True,70,135.502610380285,4623,11,100,100,1,177,136,231.300003446639,1741.41086411476,none,MidRainyNoon,80,30,50,0.4,0,75,0,0,0,0
972,163,RouteScenario_163,Failed,Town01,0,0,1,0,0,0,0,0,0,80,0,0,0,0,0,75,45,0,0.349999994039536,vehicle.lincoln.mkz2017,"[0, 0, 0]",4,,hero,True,70,184.082473044052,2757,11,80.1029759878833,48.06178559273,0.6,177,139,138.00000205636,902.394483089447,collisions_vehicle,CloudyNoon,80,0,0,0.35,45,75,0,0,0,0
973,164,RouteScenario_164,Failed,Town01,0,0,0,0,1,0,0,0,0,20,0,0,0,0,50,-80,225,0,0.349999994039536,vehicle.lincoln.mkz2017,"[0, 0, 0]",4,,hero,True,70,185.402220123789,3759,11,71.7852758251691,50.2496930776184,0.7,177,136,188.100002802908,1230.84544110298,red_light,WetNight,20,0,50,0.35,225,-80,0,0,0,0
974,165,RouteScenario_165,Failed - Agent got blocked,Town01,0,0,0,0,0,0,0,0,1,20,0,0,0,0,50,15,270,0,0.349999994039536,vehicle.lincoln.mkz2017,"[0, 0, 0]",4,,hero,True,70,262.739958049476,7648,11,98.8499489066548,98.8499489066548,1,177,131,382.550005700439,2404.9335205555,none,WetSunset,20,0,50,0.35,270,15,0,0,0,0
975,166,RouteScenario_166,Failed - Agent got blocked,Town01,0,0,0,0,0,0,0,0,1,90,0,0,0,0,50,15,0,0,0.349999994039536,vehicle.lincoln.mkz2017,"[0, 0, 0]",4,,hero,True,70,128.959131856457,5710,11,97.6427544733716,97.6427544733716,1,177,130,285.650004256517,1705.66133975983,none,WetCloudySunset,90,0,50,0.35,0,15,0,0,0,0
976,167,RouteScenario_167,Completed,Town01,0,0,0,0,0,0,0,0,0,80,0,0,0,60,100,15,0,0,1,vehicle.lincoln.mkz2017,"[0, 0, 0]",4,,hero,True,70,157.491294128904,1010,11,100,100,1,176,135,50.6500007547438,327.011894464493,none,HardRainSunset,80,60,100,1,0,15,0,0,0,0
977,168,RouteScenario_168,Completed,Town01,0,0,0,0,0,0,0,0,0,80,0,0,0,0,0,-80,45,0,0.349999994039536,vehicle.lincoln.mkz2017,"[0, 0, 0]",4,,hero,True,70,105.841175004267,1266,11,100,100,1,177,132,63.4500009454787,466.490785360336,none,CloudyNight,80,0,0,0.35,45,-80,0,0,0,0
978,169,RouteScenario_169,Completed,Town01,0,0,0,0,0,0,0,0,0,20,0,0,0,0,50,15,270,0,0.349999994039536,vehicle.lincoln.mkz2017,"[0, 0, 0]",4,,hero,True,70,106.085237015553,4554,11,100,100,1,177,133,227.85000339523,1700.26906943321,none,WetSunset,20,0,50,0.35,270,15,0,0,0,0
979,17,RouteScenario_17,Completed,Town01,0,0,0,0,0,0,0,0,0,80,0,0,0,30,50,75,0,0,0.400000005960465,vehicle.lincoln.mkz2017,"[0, 0, 0]",4,,hero,True,70,134.964935241645,3504,11,100,100,1,177,134,175.350002612919,1158.57517075539,none,MidRainyNoon,80,30,50,0.4,0,75,0,0,0,0
980,170,RouteScenario_170,Completed,Town01,0,0,0,0,0,0,0,0,0,90,0,0,0,0,50,15,0,0,0.349999994039536,vehicle.lincoln.mkz2017,"[0, 0, 0]",4,,hero,True,70,133.999669219452,562,11,100,100,1,177,133,28.2500004209578,195.618076324463,none,WetCloudySunset,90,0,50,0.35,0,15,0,0,0,0
981,171,RouteScenario_171,Completed,Town01,0,0,0,0,0,0,0,0,0,90,0,0,0,0,50,75,180,0,0.349999994039536,vehicle.lincoln.mkz2017,"[0, 0, 0]",4,,hero,True,70,188.622170817274,2939,11,100,100,1,176,133,147.100002191961,957.430668354034,none,WetCloudyNoon,90,0,50,0.35,180,75,0,0,0,0
982,172,RouteScenario_172,Completed,Town01,0,0,0,0,0,0,0,0,0,80,0,0,0,30,50,75,0,0,0.400000005960465,vehicle.lincoln.mkz2017,"[0, 0, 0]",4,,hero,True,70,56.728049238316,5532,11,100,100,1,177,132,276.750004123896,1976.90317773819,none,MidRainyNoon,80,30,50,0.4,0,75,0,0,0,0
983,173,RouteScenario_173,Completed,Town01,0,0,0,0,0,0,0,0,0,80,0,0,0,0,0,15,270,0,0.349999994039536,vehicle.lincoln.mkz2017,"[0, 0, 0]",4,,hero,True,70,55.9993321265714,269,11,100,100,1,177,134,13.6000002026558,98.5298135280609,none,CloudySunset,80,0,0,0.35,270,15,0,0,0,0
984,174,RouteScenario_174,Failed - Agent got blocked,Town01,0,0,0,0,0,0,0,0,1,80,0,0,0,0,0,-80,45,0,0.349999994039536,vehicle.lincoln.mkz2017,"[0, 0, 0]",4,,hero,True,70,77.744740124334,4743,11,97.9058799579694,97.9058799579694,1,177,140,237.300003536046,2151.08337688446,none,CloudyNight,80,0,0,0.35,45,-80,0,0,0,0
985,175,RouteScenario_175,Failed,Town01,0,0,0,0,1,0,0,0,0,20,0,0,0,0,50,15,270,0,0.349999994039536,vehicle.lincoln.mkz2017,"[0, 0, 0]",4,,hero,True,70,201.475223256883,0,11,0,0,0.7,177,0,0.050000000745058,0.0376882553100585,red_light,WetSunset,20,0,50,0.35,270,15,0,0,0,0
986,176,RouteScenario_176,Completed,Town01,0,0,0,0,0,0,0,0,0,80,0,0,0,30,50,75,0,0,0.400000005960465,vehicle.lincoln.mkz2017,"[0, 0, 0]",4,,hero,True,70,57.9158288337434,2048,11,100,100,1,177,134,102.550001528114,674.338114738464,none,MidRainyNoon,80,30,50,0.4,0,75,0,0,0,0
987,177,RouteScenario_177,Completed,Town01,0,0,0,0,0,0,0,0,0,90,0,0,0,60,100,-80,225,0,1,vehicle.lincoln.mkz2017,"[0, 0, 0]",4,,hero,True,70,233.505986398905,3236,11,100,100,1,176,140,161.950002413243,1267.39052820206,none,HardRainNight,90,60,100,1,225,-80,0,0,0,0
988,178,RouteScenario_178,Failed - Agent got blocked,Town01,0,0,0,0,0,0,0,0,1,90,0,0,0,15,50,75,315,0,0.349999994039536,vehicle.lincoln.mkz2017,"[0, 0, 0]",4,,hero,True,70,136.380786402101,8412,11,98.5947908519309,98.5947908519309,1,176,135,420.750006269664,2816.40905785561,none,SoftRainNoon,90,15,50,0.35,315,75,0,0,0,0
989,179,RouteScenario_179,Completed,Town01,0,0,0,0,0,0,0,0,0,80,0,0,0,0,0,-80,45,0,0.349999994039536,vehicle.lincoln.mkz2017,"[0, 0, 0]",4,,hero,True,70,64.8444328893938,3576,11,100,100,1,176,136,178.950002666563,1368.56485748291,none,CloudyNight,80,0,0,0.35,45,-80,0,0,0,0
990,18,RouteScenario_18,Completed,Town01,0,0,0,0,0,0,0,0,0,90,0,0,0,0,50,15,0,0,0.349999994039536,vehicle.lincoln.mkz2017,"[0, 0, 0]",4,,hero,True,70,63.5163513223151,721,11,100,100,1,176,137,36.200000539422,278.694335460663,none,WetCloudySunset,90,0,50,0.35,0,15,0,0,0,0
991,180,RouteScenario_180,Failed,Town01,0,0,0,0,1,0,0,0,0,80,0,0,0,30,50,75,0,0,0.400000005960465,vehicle.lincoln.mkz2017,"[0, 0, 0]",4,,hero,True,70,147.482001951711,2525,11,36.0242751024074,25.2169925716852,0.7,177,134,126.400001883507,826.081742048264,red_light,MidRainyNoon,80,30,50,0.4,0,75,0,0,0,0
992,181,RouteScenario_181,Failed - Agent got blocked,Town01,0,0,0,0,0,0,0,0,1,90,0,0,0,15,50,-80,270,0,0.349999994039536,vehicle.lincoln.mkz2017,"[0, 0, 0]",4,,hero,True,70,217.518929470552,3598,11,0.174298194876106,0.174298194876106,1,177,138,180.050002682954,1123.36396050453,none,SoftRainNight,90,15,50,0.35,270,-80,0,0,0,0
993,182,RouteScenario_182,Completed,Town01,0,0,0,0,0,0,0,0,0,80,0,0,0,0,0,75,45,0,0.349999994039536,vehicle.lincoln.mkz2017,"[0, 0, 0]",4,,hero,True,70,190.816406972756,2374,11,100,100,1,177,130,118.850001771003,808.714058399201,none,CloudyNoon,80,0,0,0.35,45,75,0,0,0,0
994,183,RouteScenario_183,Failed - Agent got blocked,Town01,0,0,0,0,0,0,0,0,1,90,0,0,0,0,50,75,180,0,0.349999994039536,vehicle.lincoln.mkz2017,"[0, 0, 0]",4,,hero,True,70,254.106071315946,6553,11,98.0472922143687,98.0472922143687,1,177,130,327.800004884601,2095.97324347496,none,WetCloudyNoon,90,0,50,0.35,180,75,0,0,0,0
995,184,RouteScenario_184,Failed - Agent got blocked,Town01,0,0,0,0,0,0,0,0,1,90,0,0,0,15,50,-80,270,0,0.349999994039536,vehicle.lincoln.mkz2017,"[0, 0, 0]",4,,hero,True,70,165.261797998712,9527,11,98.7995864403767,98.7995864403767,1,177,135,476.500007100403,3144.66110992432,none,SoftRainNight,90,15,50,0.35,270,-80,0,0,0,0
996,185,RouteScenario_185,Completed,Town01,0,0,0,0,0,0,0,0,0,15,0,0,0,0,0,75,0,0,0.349999994039536,vehicle.lincoln.mkz2017,"[0, 0, 0]",4,,hero,True,70,149.996010641079,3723,11,100,100,1,176,135,186.300002776086,1244.70879769325,none,ClearNoon,15,0,0,0.35,0,75,0,0,0,0
997,186,RouteScenario_186,Failed - Agent timed out,Town01,0,0,0,0,0,0,1,0,0,90,0,0,0,60,100,-80,225,0,1,vehicle.lincoln.mkz2017,"[0, 0, 0]",4,,hero,True,70,71.5099465282835,5658,11,97.1275922719159,97.1275922719159,1,177,133,283.050004217774,1751.05836749077,none,HardRainNight,90,60,100,1,225,-80,0,0,0,0
998,187,RouteScenario_187,Completed,Town01,0,0,0,0,0,0,0,0,0,15,0,0,0,0,0,75,0,0,0.349999994039536,vehicle.lincoln.mkz2017,"[0, 0, 0]",4,,hero,True,70,135.461553818519,3784,11,100,100,1,177,139,189.350002821535,1215.65852117538,none,ClearNoon,15,0,0,0.35,0,75,0,0,0,0
999,188,RouteScenario_188,Completed,Town01,0,0,0,0,0,0,0,0,0,90,0,0,0,15,50,-80,270,0,0.349999994039536,vehicle.lincoln.mkz2017,"[0, 0, 0]",4,,hero,True,70,156.796898251632,1750,11,100,100,1,177,136,87.6500013060868,674.043177843094,none,SoftRainNight,90,15,50,0.35,270,-80,0,0,0,0
1000,189,RouteScenario_189,Completed,Town01,0,0,0,0,0,0,0,0,0,90,0,0,0,15,50,75,315,0,0.349999994039536,vehicle.lincoln.mkz2017,"[0, 0, 0]",4,,hero,True,70,83.1345032817826,603,11,100,100,1,177,135,30.3000004515052,187.410328626633,none,SoftRainNoon,90,15,50,0.35,315,75,0,0,0,0
1001,19,RouteScenario_19,Completed,Town01,0,0,0,0,0,0,0,0,0,15,0,0,0,0,0,-80,0,0,0.349999994039536,vehicle.lincoln.mkz2017,"[0, 0, 0]",4,,hero,True,70,250.789999323848,8766,11,100,100,1,177,134,438.450006533414,2890.90323638916,none,ClearNight,15,0,0,0.35,0,-80,0,0,0,0
1002,190,RouteScenario_190,Failed - Agent got blocked,Town01,0,0,0,0,0,0,0,0,1,90,0,0,0,0,50,15,0,0,0.349999994039536,vehicle.lincoln.mkz2017,"[0, 0, 0]",4,,hero,True,70,114.626670969867,8254,11,98.7132475295235,98.7132475295235,1,177,136,412.850006151944,3146.15734267235,none,WetCloudySunset,90,0,50,0.35,0,15,0,0,0,0
1003,191,RouteScenario_191,Failed,Town01,0,0,0,0,1,0,0,0,0,80,0,0,0,0,0,-80,45,0,0.349999994039536,vehicle.lincoln.mkz2017,"[0, 0, 0]",4,,hero,True,70,63.4342348938212,0,11,0,0,0.7,177,0,0.050000000745058,0.0507545471191406,red_light,CloudyNight,80,0,0,0.35,45,-80,0,0,0,0
1004,192,RouteScenario_192,Completed,Town01,0,0,0,0,0,0,0,0,0,90,0,0,0,60,100,75,90,0,1,vehicle.lincoln.mkz2017,"[0, 0, 0]",4,,hero,True,70,192.365690127461,3754,11,100,100,1,176,135,187.850002799183,1346.69000768662,none,HardRainNoon,90,60,100,1,90,75,0,0,0,0
1005,193,RouteScenario_193,Failed,Town01,0,1,0,0,0,0,0,0,0,90,0,0,0,0,50,-80,225,0,0.349999994039536,vehicle.lincoln.mkz2017,"[0, 0, 0]",4,,hero,True,70,209.09000542938,3394,11,84.1504677376964,42.0752338688482,0.5,177,134,169.850002530962,1291.41230511665,collisions_pedestrian,WetCloudyNight,90,0,50,0.35,225,-80,0,0,0,0
1006,194,RouteScenario_194,Failed - Agent got blocked,Town01,0,0,0,0,0,0,0,0,1,90,0,0,0,15,50,15,270,0,0.349999994039536,vehicle.lincoln.mkz2017,"[0, 0, 0]",4,,hero,True,70,70.4333455625408,4620,11,28.067211813673,28.067211813673,1,177,138,231.150003444403,1633.79655170441,none,SoftRainSunset,90,15,50,0.35,270,15,0,0,0,0
1007,195,RouteScenario_195,Completed,Town01,0,0,0,0,0,0,0,0,0,80,0,0,0,60,100,15,0,0,1,vehicle.lincoln.mkz2017,"[0, 0, 0]",4,,hero,True,70,257.854312822787,4560,11,100,100,1,177,134,228.1500033997,1567.06256079674,none,HardRainSunset,80,60,100,1,0,15,0,0,0,0
1008,196,RouteScenario_196,Completed,Town01,0,0,0,0,0,0,0,0,0,90,0,0,0,15,50,15,270,0,0.349999994039536,vehicle.lincoln.mkz2017,"[0, 0, 0]",4,,hero,True,70,163.999940074627,1454,11,100,100,1,177,129,72.8500010855496,520.549512863159,none,SoftRainSunset,90,15,50,0.35,270,15,0,0,0,0
1009,197,RouteScenario_197,Completed,Town01,0,0,0,0,0,0,0,0,0,20,0,0,0,0,50,15,270,0,0.349999994039536,vehicle.lincoln.mkz2017,"[0, 0, 0]",4,,hero,True,70,269.209166448607,4326,11,100,100,1,177,135,216.450003225356,1605.7700855732,none,WetSunset,20,0,50,0.35,270,15,0,0,0,0
1010,198,RouteScenario_198,Failed - Agent got blocked,Town01,0,0,0,0,0,0,0,0,1,90,0,0,0,0,50,75,180,0,0.349999994039536,vehicle.lincoln.mkz2017,"[0, 0, 0]",4,,hero,True,70,171.195597514441,9430,11,98.822545866465,98.822545866465,1,177,129,471.650007028133,2926.94173026085,none,WetCloudyNoon,90,0,50,0.35,180,75,0,0,0,0
1011,199,RouteScenario_199,Failed - Agent got blocked,Town01,0,0,0,0,0,0,0,0,1,80,0,0,0,30,50,15,270,0,0.400000005960465,vehicle.lincoln.mkz2017,"[0, 0, 0]",4,,hero,True,70,98.0012884252301,4240,11,97.9192533707887,97.9192533707887,1,177,133,212.150003161281,1424.41122102737,none,MidRainSunset,80,30,50,0.4,270,15,0,0,0,0
1012,2,RouteScenario_2,Completed,Town01,0,0,0,0,0,0,0,0,0,80,0,0,0,60,100,15,0,0,1,vehicle.lincoln.mkz2017,"[0, 0, 0]",4,,hero,True,70,4.00000021027517,4483,11,100,100,1,177,135,224.30000334233,1534.11645269394,none,HardRainSunset,80,60,100,1,0,15,0,0,0,0
1013,20,RouteScenario_20,Completed,Town01,0,0,0,0,0,0,0,0,0,80,0,0,0,0,0,15,270,0,0.349999994039536,vehicle.lincoln.mkz2017,"[0, 0, 0]",4,,hero,True,70,251.335243859628,3706,11,100,100,1,177,134,185.45000276342,1204.36594891548,none,CloudySunset,80,0,0,0.35,270,15,0,0,0,0
1014,200,RouteScenario_200,Completed,Town01,0,0,0,0,0,0,0,0,0,80,0,0,0,0,0,-80,45,0,0.349999994039536,vehicle.lincoln.mkz2017,"[0, 0, 0]",4,,hero,True,70,271.347296579629,4666,11,100,100,1,177,137,233.450003478676,1822.83478450775,none,CloudyNight,80,0,0,0.35,45,-80,0,0,0,0
1015,201,RouteScenario_201,Completed,Town01,0,0,0,0,0,0,0,0,0,80,0,0,0,0,0,-80,45,0,0.349999994039536,vehicle.lincoln.mkz2017,"[0, 0, 0]",4,,hero,True,70,126.890683201422,2249,11,100,100,1,177,137,112.600001677871,921.430994033814,none,CloudyNight,80,0,0,0.35,45,-80,0,0,0,0
1016,202,RouteScenario_202,Failed - Agent got blocked,Town01,0,0,0,0,0,0,0,0,1,15,0,0,0,0,0,15,45,0,0.349999994039536,vehicle.lincoln.mkz2017,"[0, 0, 0]",4,,hero,True,70,65.1745313434621,5781,11,98.8836408190596,98.8836408190596,1,176,133,289.200004309416,1992.05607128143,none,ClearSunset,15,0,0,0.35,45,15,0,0,0,0
1017,203,RouteScenario_203,Completed,Town01,0,0,0,0,0,0,0,0,0,20,0,0,0,0,50,-80,225,0,0.349999994039536,vehicle.lincoln.mkz2017,"[0, 0, 0]",4,,hero,True,70,191.817178534735,1461,11,100,100,1,177,135,73.200001090765,594.070478200912,none,WetNight,20,0,50,0.35,225,-80,0,0,0,0
1018,204,RouteScenario_204,Completed,Town01,0,0,0,0,0,0,0,0,0,80,0,0,0,0,0,-80,45,0,0.349999994039536,vehicle.lincoln.mkz2017,"[0, 0, 0]",4,,hero,True,70,135.530811414702,4733,11,100,100,1,176,132,236.800003528595,1640.55254507065,none,CloudyNight,80,0,0,0.35,45,-80,0,0,0,0
1019,205,RouteScenario_205,Completed,Town01,0,0,0,0,0,0,0,0,0,90,0,0,0,60,100,-80,225,0,1,vehicle.lincoln.mkz2017,"[0, 0, 0]",4,,hero,True,70,159.834050308432,3221,11,100,100,1,177,135,161.200002402067,1053.22710800171,none,HardRainNight,90,60,100,1,225,-80,0,0,0,0
1020,206,RouteScenario_206,Completed,Town01,0,0,0,0,0,0,0,0,0,90,0,0,0,60,100,75,90,0,1,vehicle.lincoln.mkz2017,"[0, 0, 0]",4,,hero,True,70,120.044759609897,639,11,100,100,1,177,131,32.1000004783273,255.327602624893,none,HardRainNoon,90,60,100,1,90,75,0,0,0,0
1021,207,RouteScenario_207,Failed,Town01,0,0,0,0,1,0,0,0,0,90,0,0,0,0,50,75,180,0,0.349999994039536,vehicle.lincoln.mkz2017,"[0, 0, 0]",4,,hero,True,70,83.4513369766379,2618,11,11.4256068006427,7.99792476044989,0.7,177,133,131.050001952797,821.753023862839,red_light,WetCloudyNoon,90,0,50,0.35,180,75,0,0,0,0
1022,208,RouteScenario_208,Failed,Town01,0,0,0,0,1,0,0,0,0,90,0,0,0,15,50,-80,270,0,0.349999994039536,vehicle.lincoln.mkz2017,"[0, 0, 0]",4,,hero,True,70,147.976213660784,45,11,0,0,0.7,177,134,2.40000003576279,16.4903981685638,red_light,SoftRainNight,90,15,50,0.35,270,-80,0,0,0,0
1023,209,RouteScenario_209,Completed,Town01,0,0,0,0,0,0,0,0,0,90,0,0,0,0,50,15,0,0,0.349999994039536,vehicle.lincoln.mkz2017,"[0, 0, 0]",4,,hero,True,70,149.184792087554,1444,11,100,100,1,177,137,72.350001078099,490.111940145493,none,WetCloudySunset,90,0,50,0.35,0,15,0,0,0,0
1024,21,RouteScenario_21,Failed - Agent got blocked,Town01,0,0,0,0,0,0,0,0,1,20,0,0,0,0,50,15,270,0,0.349999994039536,vehicle.lincoln.mkz2017,"[0, 0, 0]",4,,hero,True,70,240.846590425082,14357,11,98.8155164551995,98.8155164551995,1,177,136,718.000010699034,4698.30001616478,none,WetSunset,20,0,50,0.35,270,15,0,0,0,0
1025,210,RouteScenario_210,Completed,Town01,0,0,0,0,0,0,0,0,0,90,0,0,0,0,50,-80,225,0,0.349999994039536,vehicle.lincoln.mkz2017,"[0, 0, 0]",4,,hero,True,70,141.712025303643,1467,11,100,100,1,177,142,73.5000010952354,575.929207086563,none,WetCloudyNight,90,0,50,0.35,225,-80,0,0,0,0
1026,211,RouteScenario_211,Failed - Agent got blocked,Town01,0,0,0,0,0,0,0,0,1,15,0,0,0,0,0,75,0,0,0.349999994039536,vehicle.lincoln.mkz2017,"[0, 0, 0]",4,,hero,True,70,134.685507956616,5595,11,65.6581533462064,65.6581533462064,1,177,137,279.900004170835,2245.92319393158,none,ClearNoon,15,0,0,0.35,0,75,0,0,0,0
1027,212,RouteScenario_212,Completed,Town01,0,0,0,0,0,0,0,0,0,20,0,0,0,0,50,-80,225,0,0.349999994039536,vehicle.lincoln.mkz2017,"[0, 0, 0]",4,,hero,True,70,217.995000943054,2692,11,100,100,1,177,136,134.750002007931,1098.41408801079,none,WetNight,20,0,50,0.35,225,-80,0,0,0,0
1028,213,RouteScenario_213,Failed - Agent got blocked,Town01,0,0,0,0,0,0,0,0,1,80,0,0,0,0,0,-80,45,0,0.349999994039536,vehicle.lincoln.mkz2017,"[0, 0, 0]",4,,hero,True,70,140.853977763728,5822,11,97.2878697771624,97.2878697771624,1,177,131,291.250004339963,2188.20922541618,none,CloudyNight,80,0,0,0.35,45,-80,0,0,0,0
1029,214,RouteScenario_214,Completed,Town01,0,0,0,0,0,0,0,0,0,80,0,0,0,0,0,75,45,0,0.349999994039536,vehicle.lincoln.mkz2017,"[0, 0, 0]",4,,hero,True,70,141.172229195623,3150,11,100,100,1,176,131,157.650002349168,1010.10983657837,none,CloudyNoon,80,0,0,0.35,45,75,0,0,0,0
1030,215,RouteScenario_215,Failed - Agent timed out,Town01,0,0,0,0,0,0,1,0,0,15,0,0,0,0,0,75,0,0,0.349999994039536,vehicle.lincoln.mkz2017,"[0, 0, 0]",4,,hero,True,70,57.6900031074299,4598,11,92.9338658687905,92.9338658687905,1,176,134,230.050003428012,1527.12175011635,none,ClearNoon,15,0,0,0.35,0,75,0,0,0,0
1031,216,RouteScenario_216,Completed,Town01,0,0,0,0,0,0,0,0,0,15,0,0,0,0,0,-80,0,0,0.349999994039536,vehicle.lincoln.mkz2017,"[0, 0, 0]",4,,hero,True,70,211.56213862927,1744,11,100,100,1,177,140,87.3500013016164,596.626566648483,none,ClearNight,15,0,0,0.35,0,-80,0,0,0,0
1032,217,RouteScenario_217,Failed - Agent got blocked,Town01,0,0,0,0,0,0,0,0,1,90,0,0,0,0,50,15,0,0,0.349999994039536,vehicle.lincoln.mkz2017,"[0, 0, 0]",4,,hero,True,70,130.30642004913,10559,11,98.3499498751982,98.3499498751982,1,177,135,528.100007869303,4153.35958099365,none,WetCloudySunset,90,0,50,0.35,0,15,0,0,0,0
1033,218,RouteScenario_218,Completed,Town01,0,0,0,0,0,0,0,0,0,90,0,0,0,0,50,-80,225,0,0.349999994039536,vehicle.lincoln.mkz2017,"[0, 0, 0]",4,,hero,True,70,216.370003106786,4023,11,100,100,1,176,134,201.300002999604,1483.78477692604,none,WetCloudyNight,90,0,50,0.35,225,-80,0,0,0,0
1034,219,RouteScenario_219,Completed,Town01,0,0,0,0,0,0,0,0,0,15,0,0,0,0,0,-80,0,0,0.349999994039536,vehicle.lincoln.mkz2017,"[0, 0, 0]",4,,hero,True,70,97.7799995055068,1010,11,100,100,1,177,133,50.6500007547438,423.821441173554,none,ClearNight,15,0,0,0.35,0,-80,0,0,0,0
1035,22,RouteScenario_22,Completed,Town01,0,0,0,0,0,0,0,0,0,90,0,0,0,15,50,-80,270,0,0.349999994039536,vehicle.lincoln.mkz2017,"[0, 0, 0]",4,,hero,True,70,91.2165058038567,1916,11,100,100,1,176,136,95.9500014297664,676.310288906097,none,SoftRainNight,90,15,50,0.35,270,-80,0,0,0,0
1036,220,RouteScenario_220,Completed,Town01,0,0,0,0,0,0,0,0,0,80,0,0,0,0,0,15,270,0,0.349999994039536,vehicle.lincoln.mkz2017,"[0, 0, 0]",4,,hero,True,70,153.947210454538,1953,11,100,100,1,177,135,97.8000014573336,686.697889566422,none,CloudySunset,80,0,0,0.35,270,15,0,0,0,0
1037,221,RouteScenario_221,Completed,Town01,0,0,0,0,0,0,0,0,0,80,0,0,0,30,50,15,270,0,0.400000005960465,vehicle.lincoln.mkz2017,"[0, 0, 0]",4,,hero,True,70,119.900140564025,2360,11,100,100,1,176,131,118.150001760572,778.308330774307,none,MidRainSunset,80,30,50,0.4,270,15,0,0,0,0
1038,222,RouteScenario_222,Completed,Town01,0,0,0,0,0,0,0,0,0,80,0,0,0,0,0,75,45,0,0.349999994039536,vehicle.lincoln.mkz2017,"[0, 0, 0]",4,,hero,True,70,238.732405517393,2609,11,100,100,1,177,138,130.600001946092,929.260093212128,none,CloudyNoon,80,0,0,0.35,45,75,0,0,0,0
1039,223,RouteScenario_223,Completed,Town01,0,0,0,0,0,0,0,0,0,80,0,0,0,30,50,75,0,0,0.400000005960465,vehicle.lincoln.mkz2017,"[0, 0, 0]",4,,hero,True,70,151.871539752102,4951,11,100,100,1,177,138,247.700003691018,1678.4859817028,none,MidRainyNoon,80,30,50,0.4,0,75,0,0,0,0
1040,224,RouteScenario_224,Completed,Town01,0,0,0,0,0,0,0,0,0,80,0,0,0,0,0,-80,45,0,0.349999994039536,vehicle.lincoln.mkz2017,"[0, 0, 0]",4,,hero,True,70,247.738424902935,3127,11,100,100,1,177,133,156.500002332032,1008.42665290833,none,CloudyNight,80,0,0,0.35,45,-80,0,0,0,0
1041,225,RouteScenario_225,Failed,Town01,0,0,0,0,1,0,0,0,0,15,0,0,0,0,0,-80,0,0,0.349999994039536,vehicle.lincoln.mkz2017,"[0, 0, 0]",4,,hero,True,70,278.851717914067,545,11,0.402214305597324,0.281550013918127,0.7,177,137,27.4000004082918,237.137348890305,red_light,ClearNight,15,0,0,0.35,0,-80,0,0,0,0
1042,226,RouteScenario_226,Completed,Town01,0,0,0,0,0,0,0,0,0,20,0,0,0,0,50,-80,225,0,0.349999994039536,vehicle.lincoln.mkz2017,"[0, 0, 0]",4,,hero,True,70,13.0665590923446,3050,11,100,100,1,177,134,152.650002274662,1182.45716500282,none,WetNight,20,0,50,0.35,225,-80,0,0,0,0
1043,227,RouteScenario_227,Completed,Town01,0,0,0,0,0,0,0,0,0,20,0,0,0,0,50,-80,225,0,0.349999994039536,vehicle.lincoln.mkz2017,"[0, 0, 0]",4,,hero,True,70,133.651681330554,1272,11,100,100,1,177,134,63.750000949949,420.111744165421,none,WetNight,20,0,50,0.35,225,-80,0,0,0,0
1044,228,RouteScenario_228,Completed,Town01,0,0,0,0,0,0,0,0,0,90,0,0,0,15,50,15,270,0,0.349999994039536,vehicle.lincoln.mkz2017,"[0, 0, 0]",4,,hero,True,70,115.965214032807,2893,11,100,100,1,177,132,144.800002157688,1026.97879958153,none,SoftRainSunset,90,15,50,0.35,270,15,0,0,0,0
1045,229,RouteScenario_229,Completed,Town01,0,0,0,0,0,0,0,0,0,90,0,0,0,15,50,15,270,0,0.349999994039536,vehicle.lincoln.mkz2017,"[0, 0, 0]",4,,hero,True,70,185.93342229435,1377,11,100,100,1,177,133,69.0000010281801,453.010718584061,none,SoftRainSunset,90,15,50,0.35,270,15,0,0,0,0
1046,23,RouteScenario_23,Completed,Town01,0,0,0,0,0,0,0,0,0,90,0,0,0,60,100,-80,225,0,1,vehicle.lincoln.mkz2017,"[0, 0, 0]",4,,hero,True,70,167.384861200285,872,11,100,100,1,176,135,43.7500006519258,302.844078779221,none,HardRainNight,90,60,100,1,225,-80,0,0,0,0
1047,230,RouteScenario_230,Failed,Town01,0,0,1,0,0,0,0,0,0,20,0,0,0,0,50,-80,225,0,0.349999994039536,vehicle.lincoln.mkz2017,"[0, 0, 0]",4,,hero,True,70,251.157314248783,1600,11,23.3576731667595,14.0146039000557,0.6,177,135,80.1500011943281,624.134499311447,collisions_vehicle,WetNight,20,0,50,0.35,225,-80,0,0,0,0
1048,231,RouteScenario_231,Failed - Agent timed out,Town01,0,0,0,0,0,0,1,0,0,80,0,0,0,30,50,15,270,0,0.400000005960465,vehicle.lincoln.mkz2017,"[0, 0, 0]",4,,hero,True,70,97.419582260214,7758,11,97.9197043147916,97.9197043147916,1,177,136,388.050005782396,2618.58514142036,none,MidRainSunset,80,30,50,0.4,270,15,0,0,0,0
1049,232,RouteScenario_232,Failed - Agent got blocked,Town01,0,0,0,0,0,0,0,0,1,90,0,0,0,0,50,15,0,0,0.349999994039536,vehicle.lincoln.mkz2017,"[0, 0, 0]",4,,hero,True,70,54.1076233142699,5000,11,95.18135602811,95.18135602811,1,177,130,250.150003727525,2051.97220993042,none,WetCloudySunset,90,0,50,0.35,0,15,0,0,0,0
1050,233,RouteScenario_233,Completed,Town01,0,0,0,0,0,0,0,0,0,80,0,0,0,0,0,15,270,0,0.349999994039536,vehicle.lincoln.mkz2017,"[0, 0, 0]",4,,hero,True,70,121.65021018506,1964,11,100,100,1,176,132,98.3500014655292,644.117538690567,none,CloudySunset,80,0,0,0.35,270,15,0,0,0,0
1051,234,RouteScenario_234,Failed - Agent got blocked,Town01,0,0,0,0,0,0,0,0,1,90,0,0,0,15,50,-80,270,0,0.349999994039536,vehicle.lincoln.mkz2017,"[0, 0, 0]",4,,hero,True,70,218.046500423321,9422,11,98.9355391828044,98.9355391828044,1,176,130,471.250007022172,2842.59642648697,none,SoftRainNight,90,15,50,0.35,270,-80,0,0,0,0
1052,235,RouteScenario_235,Completed,Town01,0,0,0,0,0,0,0,0,0,15,0,0,0,0,0,75,0,0,0.349999994039536,vehicle.lincoln.mkz2017,"[0, 0, 0]",4,,hero,True,70,136.806291500404,1076,11,100,100,1,177,132,53.9500008039177,394.006160259247,none,ClearNoon,15,0,0,0.35,0,75,0,0,0,0
1053,236,RouteScenario_236,Completed,Town01,0,0,0,0,0,0,0,0,0,80,0,0,0,0,0,-80,45,0,0.349999994039536,vehicle.lincoln.mkz2017,"[0, 0, 0]",4,,hero,True,70,177.634386549981,1342,11,100,100,1,176,137,67.2500010021031,454.963487863541,none,CloudyNight,80,0,0,0.35,45,-80,0,0,0,0
1054,237,RouteScenario_237,Completed,Town01,0,0,0,0,0,0,0,0,0,15,0,0,0,0,0,15,45,0,0.349999994039536,vehicle.lincoln.mkz2017,"[0, 0, 0]",4,,hero,True,70,66.9038983238103,1222,11,100,100,1,177,136,61.2500009126961,413.029641151428,none,ClearSunset,15,0,0,0.35,45,15,0,0,0,0
1055,238,RouteScenario_238,Failed,Town01,0,0,0,0,1,0,0,0,0,90,0,0,0,15,50,15,270,0,0.349999994039536,vehicle.lincoln.mkz2017,"[0, 0, 0]",4,,hero,True,70,273.340785625581,2960,11,70.0040457677406,49.0028320374185,0.7,177,134,148.150002207607,1059.72537994385,red_light,SoftRainSunset,90,15,50,0.35,270,15,0,0,0,0
1056,239,RouteScenario_239,Completed,Town01,0,0,0,0,0,0,0,0,0,80,0,0,0,30,50,75,0,0,0.400000005960465,vehicle.lincoln.mkz2017,"[0, 0, 0]",4,,hero,True,70,98.3758070779555,1082,11,100,100,1,177,131,54.250000808388,334.776821374893,none,MidRainyNoon,80,30,50,0.4,0,75,0,0,0,0
1057,24,RouteScenario_24,Failed - Agent got blocked,Town01,0,0,0,0,0,0,0,0,1,90,0,0,0,0,50,-80,225,0,0.349999994039536,vehicle.lincoln.mkz2017,"[0, 0, 0]",4,,hero,True,70,75.509947236394,4076,11,98.6418210123622,98.6418210123622,1,177,134,203.950003039092,1277.65438890457,none,WetCloudyNight,90,0,50,0.35,225,-80,0,0,0,0
1058,240,RouteScenario_240,Completed,Town01,0,0,0,0,0,0,0,0,0,15,0,0,0,0,0,-80,0,0,0.349999994039536,vehicle.lincoln.mkz2017,"[0, 0, 0]",4,,hero,True,70,215.692967777201,5496,11,100,100,1,177,133,274.950004097074,1869.4670021534,none,ClearNight,15,0,0,0.35,0,-80,0,0,0,0
1059,241,RouteScenario_241,Completed,Town01,0,0,0,0,0,0,0,0,0,80,0,0,0,0,0,-80,45,0,0.349999994039536,vehicle.lincoln.mkz2017,"[0, 0, 0]",4,,hero,True,70,127.994891554042,3721,11,100,100,1,176,135,186.200002774596,1280.46066856384,none,CloudyNight,80,0,0,0.35,45,-80,0,0,0,0
1060,242,RouteScenario_242,Completed,Town01,0,0,0,0,0,0,0,0,0,90,0,0,0,60,100,75,90,0,1,vehicle.lincoln.mkz2017,"[0, 0, 0]",4,,hero,True,70,113.542862585129,634,11,100,100,1,177,135,31.850000474602,213.938258886337,none,HardRainNoon,90,60,100,1,90,75,0,0,0,0
1061,243,RouteScenario_243,Failed - Agent got blocked,Town01,0,0,0,0,0,0,0,0,1,20,0,0,0,0,50,15,270,0,0.349999994039536,vehicle.lincoln.mkz2017,"[0, 0, 0]",4,,hero,True,70,77.7067916710022,5609,11,97.9024438734337,97.9024438734337,1,176,132,280.600004181266,1638.5094499588,none,WetSunset,20,0,50,0.35,270,15,0,0,0,0
1062,244,RouteScenario_244,Failed - Agent got blocked,Town01,0,0,0,0,0,0,0,0,1,90,0,0,0,60,100,75,90,0,1,vehicle.lincoln.mkz2017,"[0, 0, 0]",4,,hero,True,70,128.000416354097,7939,11,98.6463419797236,98.6463419797236,1,177,133,397.100005917251,2879.3863120079,none,HardRainNoon,90,60,100,1,90,75,0,0,0,0
1063,245,RouteScenario_245,Failed - Agent got blocked,Town01,0,0,0,0,0,0,0,0,1,90,0,0,0,0,50,75,180,0,0.349999994039536,vehicle.lincoln.mkz2017,"[0, 0, 0]",4,,hero,True,70,63.6139636647673,10008,11,97.8511167589828,97.8511167589828,1,177,133,500.550007458776,3700.65910768509,none,WetCloudyNoon,90,0,50,0.35,180,75,0,0,0,0
1064,246,RouteScenario_246,Failed,Town01,0,0,0,0,1,0,0,0,0,15,0,0,0,0,0,15,45,0,0.349999994039536,vehicle.lincoln.mkz2017,"[0, 0, 0]",4,,hero,True,70,210.357197744737,1615,11,22.0384995054978,15.4269496538485,0.7,177,129,80.9000012055039,508.682393550873,red_light,ClearSunset,15,0,0,0.35,45,15,0,0,0,0
1065,247,RouteScenario_247,Failed - Agent got blocked,Town01,0,0,0,0,0,0,0,0,1,80,0,0,0,0,0,-80,45,0,0.349999994039536,vehicle.lincoln.mkz2017,"[0, 0, 0]",4,,hero,True,70,218.172794939596,6985,11,98.6359204101926,98.6359204101926,1,177,137,349.400005206466,2477.5343310833,none,CloudyNight,80,0,0,0.35,45,-80,0,0,0,0
1066,248,RouteScenario_248,Completed,Town01,0,0,0,0,0,0,0,0,0,90,0,0,0,0,50,75,180,0,0.349999994039536,vehicle.lincoln.mkz2017,"[0, 0, 0]",4,,hero,True,70,114.138309228257,1993,11,100,100,1,177,138,99.8000014871359,661.379617452621,none,WetCloudyNoon,90,0,50,0.35,180,75,0,0,0,0
1067,249,RouteScenario_249,Completed,Town01,0,0,0,0,0,0,0,0,0,15,0,0,0,0,0,75,0,0,0.349999994039536,vehicle.lincoln.mkz2017,"[0, 0, 0]",4,,hero,True,70,91.5848828385856,979,11,100,100,1,177,139,49.100000731647,304.088279485702,none,ClearNoon,15,0,0,0.35,0,75,0,0,0,0
1068,25,RouteScenario_25,Completed,Town01,0,0,0,0,0,0,0,0,0,80,0,0,0,30,50,15,270,0,0.400000005960465,vehicle.lincoln.mkz2017,"[0, 0, 0]",4,,hero,True,70,127.5593661832,2475,11,100,100,1,177,133,123.900001846254,895.934531450272,none,MidRainSunset,80,30,50,0.4,270,15,0,0,0,0
1069,250,RouteScenario_250,Completed,Town01,0,0,0,0,0,0,0,0,0,80,0,0,0,30,50,75,0,0,0.400000005960465,vehicle.lincoln.mkz2017,"[0, 0, 0]",4,,hero,True,70,153.806218665598,3760,11,100,100,1,177,132,188.150002803653,1374.72669696808,none,MidRainyNoon,80,30,50,0.4,0,75,0,0,0,0
1070,251,RouteScenario_251,Completed,Town01,0,0,0,0,0,0,0,0,0,20,0,0,0,0,50,-80,225,0,0.349999994039536,vehicle.lincoln.mkz2017,"[0, 0, 0]",4,,hero,True,70,230.507049287893,3178,11,100,100,1,177,131,159.05000237003,1213.13279151917,none,WetNight,20,0,50,0.35,225,-80,0,0,0,0
1071,252,RouteScenario_252,Completed,Town01,0,0,0,0,0,0,0,0,0,80,0,0,0,0,0,75,45,0,0.349999994039536,vehicle.lincoln.mkz2017,"[0, 0, 0]",4,,hero,True,70,155.212712082353,1309,11,100,100,1,177,135,65.6000009775162,405.143542766571,none,CloudyNoon,80,0,0,0.35,45,75,0,0,0,0
1072,253,RouteScenario_253,Failed - Agent timed out,Town01,0,0,0,0,0,0,1,0,0,20,0,0,0,0,50,75,45,0,0.349999994039536,vehicle.lincoln.mkz2017,"[0, 0, 0]",4,,hero,True,70,68.4523629625708,5558,11,92.8208817315296,92.8208817315296,1,177,134,278.050004143268,1740.09332060814,none,WetNoon,20,0,50,0.35,45,75,0,0,0,0
1073,254,RouteScenario_254,Completed,Town01,0,0,0,0,0,0,0,0,0,20,0,0,0,0,50,15,270,0,0.349999994039536,vehicle.lincoln.mkz2017,"[0, 0, 0]",4,,hero,True,70,289.718920322031,2963,11,100,100,1,177,132,148.300002209842,987.431076526642,none,WetSunset,20,0,50,0.35,270,15,0,0,0,0
1074,255,RouteScenario_255,Failed - Agent got blocked,Town01,0,0,0,0,0,0,0,0,1,90,0,0,0,0,50,75,180,0,0.349999994039536,vehicle.lincoln.mkz2017,"[0, 0, 0]",4,,hero,True,70,255.723845925959,11506,11,98.4621354485116,98.4621354485116,1,177,136,575.450008574873,3642.13717699051,none,WetCloudyNoon,90,0,50,0.35,180,75,0,0,0,0
1075,256,RouteScenario_256,Failed - Agent got blocked,Town01,0,0,0,0,0,0,0,0,1,90,0,0,0,0,50,15,0,0,0.349999994039536,vehicle.lincoln.mkz2017,"[0, 0, 0]",4,,hero,True,70,62.4413475635412,4800,11,96.8331933590079,96.8331933590079,1,177,137,240.150003578514,1548.56680178642,none,WetCloudySunset,90,0,50,0.35,0,15,0,0,0,0
1076,257,RouteScenario_257,Failed,Town01,0,0,0,0,1,0,0,0,0,80,0,0,0,0,0,-80,45,0,0.349999994039536,vehicle.lincoln.mkz2017,"[0, 0, 0]",4,,hero,True,70,107.609148812024,1322,11,77.4193666958611,54.1935566871028,0.7,177,135,66.2500009872019,438.550997495651,red_light,CloudyNight,80,0,0,0.35,45,-80,0,0,0,0
1077,258,RouteScenario_258,Completed,Town01,0,0,0,0,0,0,0,0,0,80,0,0,0,60,100,15,0,0,1,vehicle.lincoln.mkz2017,"[0, 0, 0]",4,,hero,True,70,160.695677274841,3748,11,100,100,1,176,135,187.550002794713,1354.04666280746,none,HardRainSunset,80,60,100,1,0,15,0,0,0,0
1078,259,RouteScenario_259,Failed - Agent got blocked,Town01,0,0,0,0,0,0,0,0,1,15,0,0,0,0,0,15,45,0,0.349999994039536,vehicle.lincoln.mkz2017,"[0, 0, 0]",4,,hero,True,70,84.0000079075495,4877,11,98.7968916589896,98.7968916589896,1,176,137,244.000003635883,1578.77261137962,none,ClearSunset,15,0,0,0.35,45,15,0,0,0,0
1079,26,RouteScenario_26,Completed,Town01,0,0,0,0,0,0,0,0,0,90,0,0,0,60,100,75,90,0,1,vehicle.lincoln.mkz2017,"[0, 0, 0]",4,,hero,True,70,135.980859649104,642,11,100,100,1,177,133,32.2500004805624,215.436245203018,none,HardRainNoon,90,60,100,1,90,75,0,0,0,0
1080,260,RouteScenario_260,Completed,Town01,0,0,0,0,0,0,0,0,0,15,0,0,0,0,0,-80,0,0,0.349999994039536,vehicle.lincoln.mkz2017,"[0, 0, 0]",4,,hero,True,70,187.184008135511,1581,11,100,100,1,176,133,79.200001180172,536.010881900787,none,ClearNight,15,0,0,0.35,0,-80,0,0,0,0
1081,261,RouteScenario_261,Failed,Town01,0,0,0,0,1,0,0,0,0,90,0,0,0,60,100,-80,225,0,1,vehicle.lincoln.mkz2017,"[0, 0, 0]",4,,hero,True,70,198.150853457419,0,11,0,0,0.7,177,0,0.050000000745058,0.0516266822814941,red_light,HardRainNight,90,60,100,1,225,-80,0,0,0,0
1082,262,RouteScenario_262,Completed,Town01,0,0,0,0,0,0,0,0,0,80,0,0,0,0,0,15,270,0,0.349999994039536,vehicle.lincoln.mkz2017,"[0, 0, 0]",4,,hero,True,70,149.370262879445,706,11,100,100,1,177,141,35.4500005282462,272.130549907684,none,CloudySunset,80,0,0,0.35,270,15,0,0,0,0
1083,263,RouteScenario_263,Completed,Town01,0,0,0,0,0,0,0,0,0,80,0,0,0,30,50,15,270,0,0.400000005960465,vehicle.lincoln.mkz2017,"[0, 0, 0]",4,,hero,True,70,78.1490988795936,4616,11,100,100,1,176,133,230.950003441423,1534.74682188034,none,MidRainSunset,80,30,50,0.4,270,15,0,0,0,0
1084,264,RouteScenario_264,Completed,Town01,0,0,0,0,0,0,0,0,0,90,0,0,0,0,50,15,0,0,0.349999994039536,vehicle.lincoln.mkz2017,"[0, 0, 0]",4,,hero,True,70,169.637952732392,1262,11,100,100,1,177,139,63.2500009424984,485.576043128967,none,WetCloudySunset,90,0,50,0.35,0,15,0,0,0,0
1085,265,RouteScenario_265,Completed,Town01,0,0,0,0,0,0,0,0,0,90,0,0,0,0,50,15,0,0,0.349999994039536,vehicle.lincoln.mkz2017,"[0, 0, 0]",4,,hero,True,70,201.753019772116,5073,11,100,100,1,177,138,253.800003781915,1892.34802389145,none,WetCloudySunset,90,0,50,0.35,0,15,0,0,0,0
1086,266,RouteScenario_266,Failed - Agent got blocked,Town01,0,0,0,0,0,0,0,0,1,80,0,0,0,0,0,75,45,0,0.349999994039536,vehicle.lincoln.mkz2017,"[0, 0, 0]",4,,hero,True,70,84.7396502314858,4834,11,98.3296598602438,98.3296598602438,1,177,138,241.850003603846,1855.29631209373,none,CloudyNoon,80,0,0,0.35,45,75,0,0,0,0
1087,267,RouteScenario_267,Failed - Agent got blocked,Town01,0,0,0,0,0,0,0,0,1,90,0,0,0,15,50,75,315,0,0.349999994039536,vehicle.lincoln.mkz2017,"[0, 0, 0]",4,,hero,True,70,199.613936782837,9072,11,98.9971241655478,98.9971241655478,1,177,137,453.750006761402,3462.91055130959,none,SoftRainNoon,90,15,50,0.35,315,75,0,0,0,0
1088,268,RouteScenario_268,Completed,Town01,0,0,0,0,0,0,0,0,0,90,0,0,0,0,50,15,0,0,0.349999994039536,vehicle.lincoln.mkz2017,"[0, 0, 0]",4,,hero,True,70,231.035249317076,4282,11,100,100,1,177,138,214.250003192574,1404.3682756424,none,WetCloudySunset,90,0,50,0.35,0,15,0,0,0,0
1089,269,RouteScenario_269,Completed,Town01,0,0,0,0,0,0,0,0,0,15,0,0,0,0,0,-80,0,0,0.349999994039536,vehicle.lincoln.mkz2017,"[0, 0, 0]",4,,hero,True,70,224.450809374766,3909,11,100,100,1,176,131,195.600002914667,1531.61553812027,none,ClearNight,15,0,0,0.35,0,-80,0,0,0,0
1090,27,RouteScenario_27,Completed,Town01,0,0,0,0,0,0,0,0,0,15,0,0,0,0,0,75,0,0,0.349999994039536,vehicle.lincoln.mkz2017,"[0, 0, 0]",4,,hero,True,70,160.591741147415,5162,11,100,100,1,176,135,258.250003848225,1592.00993657112,none,ClearNoon,15,0,0,0.35,0,75,0,0,0,0
1091,270,RouteScenario_270,Failed - Agent got blocked,Town01,0,0,0,0,0,0,0,0,1,90,0,0,0,60,100,75,90,0,1,vehicle.lincoln.mkz2017,"[0, 0, 0]",4,,hero,True,70,175.090005990727,8141,11,98.8584998592847,98.8584998592847,1,177,130,407.200006067753,2727.73246836662,none,HardRainNoon,90,60,100,1,90,75,0,0,0,0
1092,271,RouteScenario_271,Failed - Agent timed out,Town01,0,0,0,0,0,0,1,0,0,80,0,0,0,0,0,-80,45,0,0.349999994039536,vehicle.lincoln.mkz2017,"[0, 0, 0]",4,,hero,True,70,105.725927879123,8638,11,98.1291596974665,98.1291596974665,1,177,132,432.050006438047,3570.05911278725,none,CloudyNight,80,0,0,0.35,45,-80,0,0,0,0
1093,272,RouteScenario_272,Completed,Town01,0,0,0,0,0,0,0,0,0,90,0,0,0,60,100,75,90,0,1,vehicle.lincoln.mkz2017,"[0, 0, 0]",4,,hero,True,70,242.250000006001,2701,11,100,100,1,176,142,135.200002014637,916.59666967392,none,HardRainNoon,90,60,100,1,90,75,0,0,0,0
1094,273,RouteScenario_273,Failed - Agent timed out,Town01,0,0,0,0,0,0,1,0,0,80,0,0,0,0,0,75,45,0,0.349999994039536,vehicle.lincoln.mkz2017,"[0, 0, 0]",4,,hero,True,70,60.4171575517384,6338,11,96.1665343972816,96.1665343972816,1,176,133,317.050004724413,2108.24166464806,none,CloudyNoon,80,0,0,0.35,45,75,0,0,0,0
1095,274,RouteScenario_274,Failed - Agent timed out,Town01,0,0,0,0,0,0,1,0,0,20,0,0,0,0,50,15,270,0,0.349999994039536,vehicle.lincoln.mkz2017,"[0, 0, 0]",4,,hero,True,70,124.267165644625,9938,11,96.5017525996772,96.5017525996772,1,177,137,497.050007406622,2992.90433216095,none,WetSunset,20,0,50,0.35,270,15,0,0,0,0
1096,275,RouteScenario_275,Failed,Town01,0,0,0,0,1,0,0,0,0,80,0,0,0,30,50,75,0,0,0.400000005960465,vehicle.lincoln.mkz2017,"[0, 0, 0]",4,,hero,True,70,246.33762466759,5643,11,86.3541054434037,60.4478738103826,0.7,177,132,282.300004206598,1905.08857679367,red_light,MidRainyNoon,80,30,50,0.4,0,75,0,0,0,0
1097,276,RouteScenario_276,Completed,Town01,0,0,0,0,0,0,0,0,0,90,0,0,0,0,50,15,0,0,0.349999994039536,vehicle.lincoln.mkz2017,"[0, 0, 0]",4,,hero,True,70,181.734017212836,1701,11,100,100,1,176,134,85.2000012695789,573.940121650696,none,WetCloudySunset,90,0,50,0.35,0,15,0,0,0,0
1098,277,RouteScenario_277,Completed,Town01,0,0,0,0,0,0,0,0,0,80,0,0,0,0,0,-80,45,0,0.349999994039536,vehicle.lincoln.mkz2017,"[0, 0, 0]",4,,hero,True,70,61.7544581174403,4004,11,100,100,1,176,134,200.350002985448,1546.94017004967,none,CloudyNight,80,0,0,0.35,45,-80,0,0,0,0
1099,278,RouteScenario_278,Failed,Town01,0,0,0,0,1,0,0,0,0,80,0,0,0,30,50,-80,225,0,0.400000005960465,vehicle.lincoln.mkz2017,"[0, 0, 0]",4,,hero,True,70,139.146889123051,2376,11,94.8709009007756,66.4096306305429,0.7,177,135,118.950001772493,855.612924337387,red_light,MidRainyNight,80,30,50,0.4,225,-80,0,0,0,0
1100,279,RouteScenario_279,Failed - Agent timed out,Town01,0,0,0,0,0,0,1,0,0,80,0,0,0,30,50,75,0,0,0.400000005960465,vehicle.lincoln.mkz2017,"[0, 0, 0]",4,,hero,True,70,92.6246589070026,7398,11,97.8127193709961,97.8127193709961,1,177,136,370.050005514175,2515.65739607811,none,MidRainyNoon,80,30,50,0.4,0,75,0,0,0,0
1101,28,RouteScenario_28,Completed,Town01,0,0,0,0,0,0,0,0,0,15,0,0,0,0,0,-80,0,0,0.349999994039536,vehicle.lincoln.mkz2017,"[0, 0, 0]",4,,hero,True,70,174.256976751145,2419,11,100,100,1,177,137,121.100001804531,908.15357375145,none,ClearNight,15,0,0,0.35,0,-80,0,0,0,0
1102,280,RouteScenario_280,Completed,Town01,0,0,0,0,0,0,0,0,0,80,0,0,0,0,0,-80,45,0,0.349999994039536,vehicle.lincoln.mkz2017,"[0, 0, 0]",4,,hero,True,70,183.970323914514,1557,11,100,100,1,177,135,78.0000011622906,522.034309864044,none,CloudyNight,80,0,0,0.35,45,-80,0,0,0,0
1103,281,RouteScenario_281,Completed,Town01,0,0,0,0,0,0,0,0,0,90,0,0,0,0,50,15,0,0,0.349999994039536,vehicle.lincoln.mkz2017,"[0, 0, 0]",4,,hero,True,70,202.183084241185,2008,11,100,100,1,177,134,100.550001498312,658.373672962189,none,WetCloudySunset,90,0,50,0.35,0,15,0,0,0,0
1104,282,RouteScenario_282,Completed,Town01,0,0,0,0,0,0,0,0,0,20,0,0,0,0,50,-80,225,0,0.349999994039536,vehicle.lincoln.mkz2017,"[0, 0, 0]",4,,hero,True,70,152.86000559795,2068,11,100,100,1,177,133,103.550001543015,759.525506734848,none,WetNight,20,0,50,0.35,225,-80,0,0,0,0
1105,283,RouteScenario_283,Failed,Town01,0,0,1,0,0,0,0,0,0,90,0,0,0,0,50,-80,225,0,0.349999994039536,vehicle.lincoln.mkz2017,"[0, 0, 0]",4,,hero,True,70,69.9640960845576,1401,11,97.0901849807961,58.2541109884777,0.6,177,133,70.2000010460615,464.274230957031,collisions_vehicle,WetCloudyNight,90,0,50,0.35,225,-80,0,0,0,0
1106,284,RouteScenario_284,Completed,Town01,0,0,0,0,0,0,0,0,0,90,0,0,0,0,50,75,180,0,0.349999994039536,vehicle.lincoln.mkz2017,"[0, 0, 0]",4,,hero,True,70,160.564964787865,2656,11,100,100,1,177,131,132.950001981109,832.82910990715,none,WetCloudyNoon,90,0,50,0.35,180,75,0,0,0,0
1107,285,RouteScenario_285,Failed,Town01,0,0,0,0,1,0,0,0,0,80,0,0,0,60,100,15,0,0,1,vehicle.lincoln.mkz2017,"[0, 0, 0]",4,,hero,True,70,144.414208655793,0,11,0,0,0.7,177,0,0.050000000745058,0.0440492630004882,red_light,HardRainSunset,80,60,100,1,0,15,0,0,0,0
1108,286,RouteScenario_286,Completed,Town01,0,0,0,0,0,0,0,0,0,80,0,0,0,30,50,75,0,0,0.400000005960465,vehicle.lincoln.mkz2017,"[0, 0, 0]",4,,hero,True,70,141.259686307632,746,11,100,100,1,177,138,37.4500005580485,239.556692123413,none,MidRainyNoon,80,30,50,0.4,0,75,0,0,0,0
1109,287,RouteScenario_287,Completed,Town01,0,0,0,0,0,0,0,0,0,90,0,0,0,0,50,15,0,0,0.349999994039536,vehicle.lincoln.mkz2017,"[0, 0, 0]",4,,hero,True,70,250.703348969534,4262,11,100,100,1,177,129,213.250003177673,1372.34146165848,none,WetCloudySunset,90,0,50,0.35,0,15,0,0,0,0
1110,288,RouteScenario_288,Failed - Agent got blocked,Town01,0,0,0,0,0,0,0,0,1,90,0,0,0,15,50,-80,270,0,0.349999994039536,vehicle.lincoln.mkz2017,"[0, 0, 0]",4,,hero,True,70,94.0007193802161,7374,11,97.8284831938115,97.8284831938115,1,177,131,368.850005496293,2256.43265128136,none,SoftRainNight,90,15,50,0.35,270,-80,0,0,0,0
1111,289,RouteScenario_289,Failed - Agent got blocked,Town01,0,0,0,0,0,0,0,0,1,90,0,0,0,0,50,-80,225,0,0.349999994039536,vehicle.lincoln.mkz2017,"[0, 0, 0]",4,,hero,True,70,78.5238491600036,4027,11,98.6961379608571,98.6961379608571,1,177,139,201.500003002584,1198.92526721954,none,WetCloudyNight,90,0,50,0.35,225,-80,0,0,0,0
1112,29,RouteScenario_29,Completed,Town01,0,0,0,0,0,0,0,0,0,15,0,0,0,0,0,-80,0,0,0.349999994039536,vehicle.lincoln.mkz2017,"[0, 0, 0]",4,,hero,True,70,103.998671411552,720,11,100,100,1,177,132,36.150000538677,253.721650123596,none,ClearNight,15,0,0,0.35,0,-80,0,0,0,0
1113,290,RouteScenario_290,Completed,Town01,0,0,0,0,0,0,0,0,0,20,0,0,0,0,50,15,270,0,0.349999994039536,vehicle.lincoln.mkz2017,"[0, 0, 0]",4,,hero,True,70,59.412759855584,354,11,100,100,1,177,137,17.8500002659857,137.820006370544,none,WetSunset,20,0,50,0.35,270,15,0,0,0,0
1114,291,RouteScenario_291,Failed,Town01,0,0,1,0,0,0,0,0,0,90,0,0,0,15,50,15,270,0,0.349999994039536,vehicle.lincoln.mkz2017,"[0, 0, 0]",4,,hero,True,70,220.346054563856,3187,11,77.7265545634038,46.6359327380423,0.6,177,139,159.500002376735,1098.00228285789,collisions_vehicle,SoftRainSunset,90,15,50,0.35,270,15,0,0,0,0
1115,292,RouteScenario_292,Completed,Town01,0,0,0,0,0,0,0,0,0,20,0,0,0,0,50,15,270,0,0.349999994039536,vehicle.lincoln.mkz2017,"[0, 0, 0]",4,,hero,True,70,91.1636744338956,3529,11,100,100,1,177,137,176.600002631545,1234.54483509064,none,WetSunset,20,0,50,0.35,270,15,0,0,0,0
1116,293,RouteScenario_293,Failed,Town01,0,0,0,0,1,0,0,0,0,80,0,0,0,60,100,15,0,0,1,vehicle.lincoln.mkz2017,"[0, 0, 0]",4,,hero,True,70,126.580024915554,5386,11,96.0285315938125,67.2199721156688,0.7,177,139,269.450004015118,1905.75505185127,red_light,HardRainSunset,80,60,100,1,0,15,0,0,0,0
1117,294,RouteScenario_294,Failed - Agent got blocked,Town01,0,0,0,0,0,0,0,0,1,80,0,0,0,60,100,15,0,0,1,vehicle.lincoln.mkz2017,"[0, 0, 0]",4,,hero,True,70,115.7899800804,8431,11,98.2512593903594,98.2512593903594,1,177,133,421.70000628382,2549.33998298645,none,HardRainSunset,80,60,100,1,0,15,0,0,0,0
1118,295,RouteScenario_295,Completed,Town01,0,0,0,0,0,0,0,0,0,80,0,0,0,0,0,75,45,0,0.349999994039536,vehicle.lincoln.mkz2017,"[0, 0, 0]",4,,hero,True,70,199.061184542531,1412,11,100,100,1,177,132,70.7500010542572,462.848101854324,none,CloudyNoon,80,0,0,0.35,45,75,0,0,0,0
1119,296,RouteScenario_296,Failed - Agent got blocked,Town01,0,0,0,0,0,0,0,0,1,20,0,0,0,0,50,15,270,0,0.349999994039536,vehicle.lincoln.mkz2017,"[0, 0, 0]",4,,hero,True,70,39.5129832784647,7511,11,98.8128362068459,98.8128362068459,1,177,134,375.700005598366,2566.14836072922,none,WetSunset,20,0,50,0.35,270,15,0,0,0,0
1120,297,RouteScenario_297,Completed,Town01,0,0,0,0,0,0,0,0,0,80,0,0,0,0,0,75,45,0,0.349999994039536,vehicle.lincoln.mkz2017,"[0, 0, 0]",4,,hero,True,70,134.825166459177,2884,11,100,100,1,177,135,144.350002150983,907.146250009537,none,CloudyNoon,80,0,0,0.35,45,75,0,0,0,0
1121,298,RouteScenario_298,Completed,Town01,0,0,0,0,0,0,0,0,0,15,0,0,0,0,0,15,45,0,0.349999994039536,vehicle.lincoln.mkz2017,"[0, 0, 0]",4,,hero,True,70,176.044735646727,4231,11,100,100,1,177,132,211.700003154576,1589.87449669838,none,ClearSunset,15,0,0,0.35,45,15,0,0,0,0
1122,299,RouteScenario_299,Completed,Town01,0,0,0,0,0,0,0,0,0,90,0,0,0,0,50,75,180,0,0.349999994039536,vehicle.lincoln.mkz2017,"[0, 0, 0]",4,,hero,True,70,97.4614643017662,930,11,100,100,1,176,133,46.6500006951392,286.489522457123,none,WetCloudyNoon,90,0,50,0.35,180,75,0,0,0,0
1123,3,RouteScenario_3,Failed - Agent got blocked,Town01,0,0,0,0,0,0,0,0,1,80,0,0,0,0,0,75,45,0,0.349999994039536,vehicle.lincoln.mkz2017,"[0, 0, 0]",4,,hero,True,70,85.0112894410797,7954,11,97.504928053139,97.504928053139,1,177,129,397.850005928427,2864.96654462814,none,CloudyNoon,80,0,0,0.35,45,75,0,0,0,0
1124,30,RouteScenario_30,Failed,Town01,0,0,0,0,1,0,0,0,0,80,0,0,0,30,50,75,0,0,0.400000005960465,vehicle.lincoln.mkz2017,"[0, 0, 0]",4,,hero,True,70,84.2791168394927,1998,11,0.422303582921443,0.29561250804501,0.7,177,135,100.050001490861,653.10674238205,red_light,MidRainyNoon,80,30,50,0.4,0,75,0,0,0,0
1125,31,RouteScenario_31,Completed,Town01,0,0,0,0,0,0,0,0,0,90,0,0,0,60,100,75,90,0,1,vehicle.lincoln.mkz2017,"[0, 0, 0]",4,,hero,True,70,67.5363625144511,3201,11,100,100,1,176,131,160.200002387166,1165.08664464951,none,HardRainNoon,90,60,100,1,90,75,0,0,0,0
1126,32,RouteScenario_32,Failed - Agent got blocked,Town01,0,0,0,0,0,0,0,0,1,20,0,0,0,0,50,75,45,0,0.349999994039536,vehicle.lincoln.mkz2017,"[0, 0, 0]",4,,hero,True,70,167.999962408096,5902,11,98.8032409034595,98.8032409034595,1,176,137,295.250004399568,1914.94721031189,none,WetNoon,20,0,50,0.35,45,75,0,0,0,0
1127,33,RouteScenario_33,Completed,Town01,0,0,0,0,0,0,0,0,0,15,0,0,0,0,0,15,45,0,0.349999994039536,vehicle.lincoln.mkz2017,"[0, 0, 0]",4,,hero,True,70,193.721850039984,4568,11,100,100,1,177,134,228.55000340566,1671.36539053917,none,ClearSunset,15,0,0,0.35,45,15,0,0,0,0
1128,34,RouteScenario_34,Failed - Agent got blocked,Town01,0,0,0,0,0,0,0,0,1,90,0,0,0,0,50,75,180,0,0.349999994039536,vehicle.lincoln.mkz2017,"[0, 0, 0]",4,,hero,True,70,141.125936103569,6459,11,98.8357302248049,98.8357302248049,1,177,138,323.100004814565,2011.28299975395,none,WetCloudyNoon,90,0,50,0.35,180,75,0,0,0,0
1129,35,RouteScenario_35,Failed,Town01,0,0,0,0,1,0,0,0,0,80,0,0,0,30,50,15,270,0,0.400000005960465,vehicle.lincoln.mkz2017,"[0, 0, 0]",4,,hero,True,70,109.397150321348,2363,11,52.5306851227024,36.7714795858917,0.7,177,133,118.300001762807,746.437464475632,red_light,MidRainSunset,80,30,50,0.4,270,15,0,0,0,0
1130,36,RouteScenario_36,Failed,Town01,0,0,0,0,1,0,0,0,0,90,0,0,0,0,50,15,0,0,0.349999994039536,vehicle.lincoln.mkz2017,"[0, 0, 0]",4,,hero,True,70,148.92514730795,1753,11,53.9117344091095,37.7382140863767,0.7,177,134,87.800001308322,592.381143093109,red_light,WetCloudySunset,90,0,50,0.35,0,15,0,0,0,0
1131,37,RouteScenario_37,Completed,Town01,0,0,0,0,0,0,0,0,0,20,0,0,0,0,50,-80,225,0,0.349999994039536,vehicle.lincoln.mkz2017,"[0, 0, 0]",4,,hero,True,70,158.688919302186,3062,11,100,100,1,177,138,153.250002283603,1135.36081981659,none,WetNight,20,0,50,0.35,225,-80,0,0,0,0
1132,38,RouteScenario_38,Completed,Town01,0,0,0,0,0,0,0,0,0,20,0,0,0,0,50,15,270,0,0.349999994039536,vehicle.lincoln.mkz2017,"[0, 0, 0]",4,,hero,True,70,76.9063535155789,1369,11,100,100,1,177,134,68.6000010222197,446.948221206665,none,WetSunset,20,0,50,0.35,270,15,0,0,0,0
1133,39,RouteScenario_39,Failed - Agent got blocked,Town01,0,0,0,0,0,0,0,0,1,80,0,0,0,0,0,-80,45,0,0.349999994039536,vehicle.lincoln.mkz2017,"[0, 0, 0]",4,,hero,True,70,186.620425596569,9785,11,96.5549948153719,96.5549948153719,1,176,135,489.400007292628,3111.38582611084,none,CloudyNight,80,0,0,0.35,45,-80,0,0,0,0
1134,4,RouteScenario_4,Failed,Town01,0,0,0,0,1,0,0,0,0,90,0,0,0,15,50,75,315,0,0.349999994039536,vehicle.lincoln.mkz2017,"[0, 0, 0]",4,,hero,True,70,222.385490044924,1183,11,32.0693024458143,22.44851171207,0.7,176,135,59.3000008836389,457.493144750595,red_light,SoftRainNoon,90,15,50,0.35,315,75,0,0,0,0
1135,40,RouteScenario_40,Completed,Town01,0,0,0,0,0,0,0,0,0,80,0,0,0,30,50,75,0,0,0.400000005960465,vehicle.lincoln.mkz2017,"[0, 0, 0]",4,,hero,True,70,178.235083864772,3550,11,100,100,1,177,135,177.650002647191,1343.13297319412,none,MidRainyNoon,80,30,50,0.4,0,75,0,0,0,0
1136,41,RouteScenario_41,Completed,Town01,0,0,0,0,0,0,0,0,0,80,0,0,0,30,50,-80,225,0,0.400000005960465,vehicle.lincoln.mkz2017,"[0, 0, 0]",4,,hero,True,70,78.0000161598569,1066,11,100,100,1,176,133,53.4500007964671,446.139220952988,none,MidRainyNight,80,30,50,0.4,225,-80,0,0,0,0
1137,42,RouteScenario_42,Failed - Agent got blocked,Town01,0,0,0,0,0,0,0,0,1,20,0,0,0,0,50,-80,225,0,0.349999994039536,vehicle.lincoln.mkz2017,"[0, 0, 0]",4,,hero,True,70,118.809884393332,5473,11,48.6239345370482,48.6239345370482,1,177,135,273.800004079938,2011.31873464584,none,WetNight,20,0,50,0.35,225,-80,0,0,0,0
1138,43,RouteScenario_43,Failed,Town01,0,0,0,0,1,0,0,0,0,20,0,0,0,0,50,15,270,0,0.349999994039536,vehicle.lincoln.mkz2017,"[0, 0, 0]",4,,hero,True,70,179.964561912339,4661,11,97.4081463463366,68.1857024424356,0.7,177,132,233.200003474951,1469.62949323654,red_light,WetSunset,20,0,50,0.35,270,15,0,0,0,0
1139,44,RouteScenario_44,Completed,Town01,0,0,0,0,0,0,0,0,0,80,0,0,0,30,50,-80,225,0,0.400000005960465,vehicle.lincoln.mkz2017,"[0, 0, 0]",4,,hero,True,70,169.50130529376,2839,11,100,100,1,177,132,142.100002117455,925.169521093368,none,MidRainyNight,80,30,50,0.4,225,-80,0,0,0,0
1140,45,RouteScenario_45,Failed - Agent got blocked,Town01,0,0,0,0,0,0,0,0,1,15,0,0,0,0,0,-80,0,0,0.349999994039536,vehicle.lincoln.mkz2017,"[0, 0, 0]",4,,hero,True,70,132.537233931117,11034,11,98.913910457744,98.913910457744,1,177,137,551.850008223206,3401.82492446899,none,ClearNight,15,0,0,0.35,0,-80,0,0,0,0
1141,46,RouteScenario_46,Failed - Agent got blocked,Town01,0,0,0,0,0,0,0,0,1,90,0,0,0,0,50,75,180,0,0.349999994039536,vehicle.lincoln.mkz2017,"[0, 0, 0]",4,,hero,True,70,165.706907466809,8752,11,97.5716204996251,97.5716204996251,1,177,135,437.750006522983,2929.1467063427,none,WetCloudyNoon,90,0,50,0.35,180,75,0,0,0,0
1142,47,RouteScenario_47,Failed - Agent got blocked,Town01,0,0,0,0,0,0,0,0,1,20,0,0,0,0,50,75,45,0,0.349999994039536,vehicle.lincoln.mkz2017,"[0, 0, 0]",4,,hero,True,70,242.20963742487,4219,11,17.2464937944991,17.2464937944991,1,177,136,211.100003145635,1751.28332042694,none,WetNoon,20,0,50,0.35,45,75,0,0,0,0
1143,48,RouteScenario_48,Failed - Agent got blocked,Town01,0,0,0,0,0,0,0,0,1,80,0,0,0,30,50,-80,225,0,0.400000005960465,vehicle.lincoln.mkz2017,"[0, 0, 0]",4,,hero,True,70,243.720508976471,6016,11,0,0,1,177,134,300.950004484504,2524.29810142517,none,MidRainyNight,80,30,50,0.4,225,-80,0,0,0,0
1144,49,RouteScenario_49,Completed,Town01,0,0,0,0,0,0,0,0,0,90,0,0,0,60,100,75,90,0,1,vehicle.lincoln.mkz2017,"[0, 0, 0]",4,,hero,True,70,172.47023603808,4427,11,100,100,1,177,139,221.500003300607,1408.35633158684,none,HardRainNoon,90,60,100,1,90,75,0,0,0,0
1145,5,RouteScenario_5,Completed,Town01,0,0,0,0,0,0,0,0,0,90,0,0,0,0,50,-80,225,0,0.349999994039536,vehicle.lincoln.mkz2017,"[0, 0, 0]",4,,hero,True,70,215.671334600397,2800,11,100,100,1,177,138,140.150002088398,1010.18526482582,none,WetCloudyNight,90,0,50,0.35,225,-80,0,0,0,0
1146,50,RouteScenario_50,Completed,Town01,0,0,0,0,0,0,0,0,0,15,0,0,0,0,0,15,45,0,0.349999994039536,vehicle.lincoln.mkz2017,"[0, 0, 0]",4,,hero,True,70,117.53109849302,1493,11,100,100,1,177,132,74.8000011146069,705.064101219177,none,ClearSunset,15,0,0,0.35,45,15,0,0,0,0
1147,51,RouteScenario_51,Failed,Town01,0,0,1,0,0,0,0,0,0,15,0,0,0,0,0,15,45,0,0.349999994039536,vehicle.lincoln.mkz2017,"[0, 0, 0]",4,,hero,True,70,236.026618294285,1007,11,86.6577618001018,51.9946570800611,0.6,177,138,50.5000007525086,326.03250169754,collisions_vehicle,ClearSunset,15,0,0,0.35,45,15,0,0,0,0
1148,52,RouteScenario_52,Failed - Agent got blocked,Town01,0,0,0,0,0,0,0,0,1,80,0,0,0,0,0,15,270,0,0.349999994039536,vehicle.lincoln.mkz2017,"[0, 0, 0]",4,,hero,True,70,91.7189155740634,6107,11,98.6850556931311,98.6850556931311,1,177,133,305.500004552305,2371.77577114105,none,CloudySunset,80,0,0,0.35,270,15,0,0,0,0
1149,53,RouteScenario_53,Failed,Town01,0,0,0,0,1,0,0,0,0,80,0,0,0,30,50,75,0,0,0.400000005960465,vehicle.lincoln.mkz2017,"[0, 0, 0]",4,,hero,True,70,98.3793188962888,587,11,20.5838319502523,14.4086823651766,0.7,177,134,29.5000004395842,196.592494726181,red_light,MidRainyNoon,80,30,50,0.4,0,75,0,0,0,0
1150,54,RouteScenario_54,Completed,Town01,0,0,0,0,0,0,0,0,0,90,0,0,0,60,100,-80,225,0,1,vehicle.lincoln.mkz2017,"[0, 0, 0]",4,,hero,True,70,97.6117190877154,1090,11,100,100,1,176,137,54.6500008143485,428.841126203537,none,HardRainNight,90,60,100,1,225,-80,0,0,0,0
1151,55,RouteScenario_55,Failed - Agent got blocked,Town01,0,0,0,0,0,0,0,0,1,80,0,0,0,0,0,15,270,0,0.349999994039536,vehicle.lincoln.mkz2017,"[0, 0, 0]",4,,hero,True,70,170.680552557536,9470,11,98.9914335547942,98.9914335547942,1,177,134,473.650007057935,3194.3065905571,none,CloudySunset,80,0,0,0.35,270,15,0,0,0,0
1152,56,RouteScenario_56,Completed,Town01,0,0,0,0,0,0,0,0,0,80,0,0,0,30,50,-80,225,0,0.400000005960465,vehicle.lincoln.mkz2017,"[0, 0, 0]",4,,hero,True,70,88.803553562924,1647,11,100,100,1,177,130,82.5000012293458,526.640604972839,none,MidRainyNight,80,30,50,0.4,225,-80,0,0,0,0
1153,57,RouteScenario_57,Completed,Town01,0,0,0,0,0,0,0,0,0,80,0,0,0,0,0,-80,45,0,0.349999994039536,vehicle.lincoln.mkz2017,"[0, 0, 0]",4,,hero,True,70,85.4917344082826,3374,11,100,100,1,177,132,168.850002516061,1159.5237622261,none,CloudyNight,80,0,0,0.35,45,-80,0,0,0,0
1154,58,RouteScenario_58,Completed,Town01,0,0,0,0,0,0,0,0,0,80,0,0,0,0,0,75,45,0,0.349999994039536,vehicle.lincoln.mkz2017,"[0, 0, 0]",4,,hero,True,70,110.760657959706,2534,11,100,100,1,176,131,126.850001890212,889.872949361801,none,CloudyNoon,80,0,0,0.35,45,75,0,0,0,0
1155,59,RouteScenario_59,Failed - Agent got blocked,Town01,0,0,0,0,0,0,0,0,1,90,0,0,0,0,50,-80,225,0,0.349999994039536,vehicle.lincoln.mkz2017,"[0, 0, 0]",4,,hero,True,70,177.857127968248,9448,11,98.8616830538816,98.8616830538816,1,177,137,472.550007041544,2960.27368664742,none,WetCloudyNight,90,0,50,0.35,225,-80,0,0,0,0
1156,6,RouteScenario_6,Completed,Town01,0,0,0,0,0,0,0,0,0,20,0,0,0,0,50,-80,225,0,0.349999994039536,vehicle.lincoln.mkz2017,"[0, 0, 0]",4,,hero,True,70,81.9999806667819,624,11,100,100,1,176,134,31.3500004671514,210.325445413589,none,WetNight,20,0,50,0.35,225,-80,0,0,0,0
1157,60,RouteScenario_60,Completed,Town01,0,0,0,0,0,0,0,0,0,80,0,0,0,0,0,15,270,0,0.349999994039536,vehicle.lincoln.mkz2017,"[0, 0, 0]",4,,hero,True,70,62.717139549735,2883,11,100,100,1,177,131,144.300002150238,1103.68994092941,none,CloudySunset,80,0,0,0.35,270,15,0,0,0,0
1158,61,RouteScenario_61,Completed,Town01,0,0,0,0,0,0,0,0,0,80,0,0,0,30,50,15,270,0,0.400000005960465,vehicle.lincoln.mkz2017,"[0, 0, 0]",4,,hero,True,70,181.206637504591,1210,11,100,100,1,177,131,60.6500009037554,384.364364147186,none,MidRainSunset,80,30,50,0.4,270,15,0,0,0,0
1159,62,RouteScenario_62,Completed,Town01,0,0,0,0,0,0,0,0,0,15,0,0,0,0,0,-80,0,0,0.349999994039536,vehicle.lincoln.mkz2017,"[0, 0, 0]",4,,hero,True,70,192.122827172363,1482,11,100,100,1,177,133,74.2500011064112,501.529601335526,none,ClearNight,15,0,0,0.35,0,-80,0,0,0,0
1160,63,RouteScenario_63,Completed,Town01,0,0,0,0,0,0,0,0,0,90,0,0,0,0,50,75,180,0,0.349999994039536,vehicle.lincoln.mkz2017,"[0, 0, 0]",4,,hero,True,70,235.904038841879,3673,11,100,100,1,177,136,183.800002738833,1250.04560279846,none,WetCloudyNoon,90,0,50,0.35,180,75,0,0,0,0
1161,64,RouteScenario_64,Completed,Town01,0,0,0,0,0,0,0,0,0,90,0,0,0,15,50,-80,270,0,0.349999994039536,vehicle.lincoln.mkz2017,"[0, 0, 0]",4,,hero,True,70,156.177054868815,2677,11,100,100,1,176,134,134.000001996756,893.041024923325,none,SoftRainNight,90,15,50,0.35,270,-80,0,0,0,0
1162,65,RouteScenario_65,Completed,Town01,0,0,0,0,0,0,0,0,0,90,0,0,0,15,50,75,315,0,0.349999994039536,vehicle.lincoln.mkz2017,"[0, 0, 0]",4,,hero,True,70,203.435859527397,4025,11,100,100,1,177,134,201.400003001094,1314.01658916473,none,SoftRainNoon,90,15,50,0.35,315,75,0,0,0,0
1163,66,RouteScenario_66,Completed,Town01,0,0,0,0,0,0,0,0,0,80,0,0,0,0,0,15,270,0,0.349999994039536,vehicle.lincoln.mkz2017,"[0, 0, 0]",4,,hero,True,70,111.219846834658,1149,11,100,100,1,177,134,57.6000008583069,366.218956708908,none,CloudySunset,80,0,0,0.35,270,15,0,0,0,0
1164,67,RouteScenario_67,Completed,Town01,0,0,0,0,0,0,0,0,0,90,0,0,0,60,100,-80,225,0,1,vehicle.lincoln.mkz2017,"[0, 0, 0]",4,,hero,True,70,234.621307071779,2486,11,100,100,1,177,132,124.45000185445,804.644998550415,none,HardRainNight,90,60,100,1,225,-80,0,0,0,0
1165,68,RouteScenario_68,Failed - Agent got blocked,Town01,0,0,0,0,0,0,0,0,1,15,0,0,0,0,0,-80,0,0,0.349999994039536,vehicle.lincoln.mkz2017,"[0, 0, 0]",4,,hero,True,70,123.180107520798,6781,11,98.1378186291695,98.1378186291695,1,177,129,339.200005054474,2374.245626688,none,ClearNight,15,0,0,0.35,0,-80,0,0,0,0
1166,69,RouteScenario_69,Completed,Town01,0,0,0,0,0,0,0,0,0,90,0,0,0,60,100,-80,225,0,1,vehicle.lincoln.mkz2017,"[0, 0, 0]",4,,hero,True,70,50.3572785555583,1098,11,100,100,1,177,135,55.0500008203089,388.788788557053,none,HardRainNight,90,60,100,1,225,-80,0,0,0,0
1167,7,RouteScenario_7,Completed,Town01,0,0,0,0,0,0,0,0,0,80,0,0,0,0,0,75,45,0,0.349999994039536,vehicle.lincoln.mkz2017,"[0, 0, 0]",4,,hero,True,70,89.6610007271915,2339,11,100,100,1,177,130,117.100001744926,839.347853660584,none,CloudyNoon,80,0,0,0.35,45,75,0,0,0,0
1168,70,RouteScenario_70,Failed - Agent got blocked,Town01,0,0,0,0,0,0,0,0,1,15,0,0,0,0,0,-80,0,0,0.349999994039536,vehicle.lincoln.mkz2017,"[0, 0, 0]",4,,hero,True,70,138.308004784328,6083,11,98.5386251808971,98.5386251808971,1,177,133,304.300004534423,2418.42020344734,none,ClearNight,15,0,0,0.35,0,-80,0,0,0,0
1169,71,RouteScenario_71,Failed - Agent got blocked,Town01,0,0,0,0,0,0,0,0,1,80,0,0,0,0,0,75,45,0,0.349999994039536,vehicle.lincoln.mkz2017,"[0, 0, 0]",4,,hero,True,70,226.400898091725,7126,11,98.9508366869018,98.9508366869018,1,177,134,356.450005311519,2731.43348550796,none,CloudyNoon,80,0,0,0.35,45,75,0,0,0,0
1170,72,RouteScenario_72,Completed,Town01,0,0,0,0,0,0,0,0,0,15,0,0,0,0,0,75,0,0,0.349999994039536,vehicle.lincoln.mkz2017,"[0, 0, 0]",4,,hero,True,70,152.837140492969,2371,11,100,100,1,177,139,118.700001768768,902.903751850128,none,ClearNoon,15,0,0,0.35,0,75,0,0,0,0
1171,73,RouteScenario_73,Completed,Town01,0,0,0,0,0,0,0,0,0,80,0,0,0,0,0,-80,45,0,0.349999994039536,vehicle.lincoln.mkz2017,"[0, 0, 0]",4,,hero,True,70,173.225622140864,4045,11,100,100,1,177,144,202.400003015995,1502.81300520897,none,CloudyNight,80,0,0,0.35,45,-80,0,0,0,0
1172,74,RouteScenario_74,Completed,Town01,0,0,0,0,0,0,0,0,0,90,0,0,0,60,100,-80,225,0,1,vehicle.lincoln.mkz2017,"[0, 0, 0]",4,,hero,True,70,135.011337708198,1742,11,100,100,1,177,132,87.2500013001263,663.899938344956,none,HardRainNight,90,60,100,1,225,-80,0,0,0,0
1173,75,RouteScenario_75,Failed,Town01,0,0,0,0,1,0,0,0,0,80,0,0,0,30,50,-80,225,0,0.400000005960465,vehicle.lincoln.mkz2017,"[0, 0, 0]",4,,hero,True,70,188.146872702469,1489,11,40.0092002064244,28.0064401444971,0.7,176,132,74.6000011116266,487.158771276474,red_light,MidRainyNight,80,30,50,0.4,225,-80,0,0,0,0
1174,76,RouteScenario_76,Completed,Town01,0,0,0,0,0,0,0,0,0,20,0,0,0,0,50,75,45,0,0.349999994039536,vehicle.lincoln.mkz2017,"[0, 0, 0]",4,,hero,True,70,44.1814466518153,4219,11,100,100,1,177,138,211.100003145635,1496.64390897751,none,WetNoon,20,0,50,0.35,45,75,0,0,0,0
1175,77,RouteScenario_77,Failed,Town01,0,0,1,0,0,0,0,0,0,90,0,0,0,0,50,15,0,0,0.349999994039536,vehicle.lincoln.mkz2017,"[0, 0, 0]",4,,hero,True,70,30.3161255909202,1015,11,40.1851651300168,24.1110990780101,0.6,177,133,50.9000007584691,358.38930439949,collisions_vehicle,WetCloudySunset,90,0,50,0.35,0,15,0,0,0,0
1176,78,RouteScenario_78,Failed - Agent got blocked,Town01,0,0,0,0,0,0,0,0,1,20,0,0,0,0,50,75,45,0,0.349999994039536,vehicle.lincoln.mkz2017,"[0, 0, 0]",4,,hero,True,70,82.5240339591636,6084,11,95.3936254469199,95.3936254469199,1,177,129,304.350004535168,2262.51533126831,none,WetNoon,20,0,50,0.35,45,75,0,0,0,0
1177,79,RouteScenario_79,Completed,Town01,0,0,0,0,0,0,0,0,0,80,0,0,0,30,50,15,270,0,0.400000005960465,vehicle.lincoln.mkz2017,"[0, 0, 0]",4,,hero,True,70,220.053316473108,2558,11,100,100,1,177,130,128.050001908094,832.675911664963,none,MidRainSunset,80,30,50,0.4,270,15,0,0,0,0
1178,8,RouteScenario_8,Completed,Town01,0,0,0,0,0,0,0,0,0,20,0,0,0,0,50,-80,225,0,0.349999994039536,vehicle.lincoln.mkz2017,"[0, 0, 0]",4,,hero,True,70,84.2932734945379,778,11,100,100,1,177,132,39.0500005818903,278.467156410217,none,WetNight,20,0,50,0.35,225,-80,0,0,0,0
1179,80,RouteScenario_80,Failed - Agent got blocked,Town01,0,0,0,0,0,0,0,0,1,15,0,0,0,0,0,15,45,0,0.349999994039536,vehicle.lincoln.mkz2017,"[0, 0, 0]",4,,hero,True,70,135.565363838543,5566,11,98.2588723142931,98.2588723142931,1,177,133,278.450004149228,1959.63101458549,none,ClearSunset,15,0,0,0.35,45,15,0,0,0,0
1180,81,RouteScenario_81,Failed,Town01,0,0,0,0,1,0,0,0,0,90,0,0,0,60,100,-80,225,0,1,vehicle.lincoln.mkz2017,"[0, 0, 0]",4,,hero,True,70,227.065844694355,3702,11,86.6855408549846,60.6798785984892,0.7,176,135,185.25000276044,1273.37003707886,red_light,HardRainNight,90,60,100,1,225,-80,0,0,0,0
1181,82,RouteScenario_82,Failed - Agent got blocked,Town01,0,0,0,0,0,0,0,0,1,90,0,0,0,15,50,-80,270,0,0.349999994039536,vehicle.lincoln.mkz2017,"[0, 0, 0]",4,,hero,True,70,92.6699986967743,5226,11,98.9105333491592,98.9105333491592,1,177,133,261.450003895909,1727.06024265289,none,SoftRainNight,90,15,50,0.35,270,-80,0,0,0,0
1182,83,RouteScenario_83,Failed - Agent got blocked,Town01,0,0,0,0,0,0,0,0,1,90,0,0,0,60,100,75,90,0,1,vehicle.lincoln.mkz2017,"[0, 0, 0]",4,,hero,True,70,153.779977032695,5708,11,98.6866992336278,98.6866992336278,1,177,130,285.550004255027,1876.06638932228,none,HardRainNoon,90,60,100,1,90,75,0,0,0,0
1183,84,RouteScenario_84,Completed,Town01,0,0,0,0,0,0,0,0,0,90,0,0,0,60,100,-80,225,0,1,vehicle.lincoln.mkz2017,"[0, 0, 0]",4,,hero,True,70,136.683846129862,1668,11,100,100,1,177,135,83.550001244992,605.134692192078,none,HardRainNight,90,60,100,1,225,-80,0,0,0,0
1184,85,RouteScenario_85,Failed - Agent timed out,Town01,0,0,0,0,0,0,1,0,0,15,0,0,0,0,0,75,0,0,0.349999994039536,vehicle.lincoln.mkz2017,"[0, 0, 0]",4,,hero,True,70,56.7774573305317,4378,11,96.2826738997245,96.2826738997245,1,177,131,219.050003264099,1457.53885102272,none,ClearNoon,15,0,0,0.35,0,75,0,0,0,0
1185,86,RouteScenario_86,Completed,Town01,0,0,0,0,0,0,0,0,0,90,0,0,0,15,50,15,270,0,0.349999994039536,vehicle.lincoln.mkz2017,"[0, 0, 0]",4,,hero,True,70,140.293209988105,6747,11,100,100,1,177,133,337.500005029142,2152.29004073143,none,SoftRainSunset,90,15,50,0.35,270,15,0,0,0,0
1186,87,RouteScenario_87,Completed,Town01,0,0,0,0,0,0,0,0,0,90,0,0,0,0,50,15,0,0,0.349999994039536,vehicle.lincoln.mkz2017,"[0, 0, 0]",4,,hero,True,70,130.610807613161,5135,11,100,100,1,177,136,256.900003828108,1862.77565145493,none,WetCloudySunset,90,0,50,0.35,0,15,0,0,0,0
1187,88,RouteScenario_88,Failed,Town01,0,0,1,0,0,0,0,0,0,90,0,0,0,60,100,75,90,0,1,vehicle.lincoln.mkz2017,"[0, 0, 0]",4,,hero,True,70,109.972054901903,166,11,8.51752607170879,5.11051564302527,0.6,176,136,8.45000012591481,58.3053743839264,collisions_vehicle,HardRainNoon,90,60,100,1,90,75,0,0,0,0
1188,89,RouteScenario_89,Completed,Town01,0,0,0,0,0,0,0,0,0,90,0,0,0,60,100,-80,225,0,1,vehicle.lincoln.mkz2017,"[0, 0, 0]",4,,hero,True,70,190.574216852156,1239,11,100,100,1,177,131,62.1000009253621,473.642210006714,none,HardRainNight,90,60,100,1,225,-80,0,0,0,0
1189,9,RouteScenario_9,Completed,Town01,0,0,0,0,0,0,0,0,0,90,0,0,0,60,100,-80,225,0,1,vehicle.lincoln.mkz2017,"[0, 0, 0]",4,,hero,True,70,161.240312550301,3078,11,100,100,1,177,135,154.050002295524,1256.41750049591,none,HardRainNight,90,60,100,1,225,-80,0,0,0,0
1190,90,RouteScenario_90,Failed - Agent got blocked,Town01,0,0,0,0,0,0,0,0,1,90,0,0,0,15,50,15,270,0,0.349999994039536,vehicle.lincoln.mkz2017,"[0, 0, 0]",4,,hero,True,70,212.051471379147,9953,11,98.5478032402937,98.5478032402937,1,176,135,497.800007417798,3163.75047206879,none,SoftRainSunset,90,15,50,0.35,270,15,0,0,0,0
1191,91,RouteScenario_91,Completed,Town01,0,0,0,0,0,0,0,0,0,90,0,0,0,15,50,75,315,0,0.349999994039536,vehicle.lincoln.mkz2017,"[0, 0, 0]",4,,hero,True,70,50.1306667090402,287,11,100,100,1,177,131,14.5000002160668,95.0688014030456,none,SoftRainNoon,90,15,50,0.35,315,75,0,0,0,0
1192,92,RouteScenario_92,Failed - Agent got blocked,Town01,0,0,0,0,0,0,0,0,1,90,0,0,0,60,100,75,90,0,1,vehicle.lincoln.mkz2017,"[0, 0, 0]",4,,hero,True,70,9.9037431356277,5871,11,98.4442162677959,98.4442162677959,1,177,138,293.700004376471,2159.71646785736,none,HardRainNoon,90,60,100,1,90,75,0,0,0,0
1193,93,RouteScenario_93,Completed,Town01,0,0,0,0,0,0,0,0,0,20,0,0,0,0,50,15,270,0,0.349999994039536,vehicle.lincoln.mkz2017,"[0, 0, 0]",4,,hero,True,70,147.887772506435,2300,11,100,100,1,177,135,115.150001715869,890.442630290985,none,WetSunset,20,0,50,0.35,270,15,0,0,0,0
1194,94,RouteScenario_94,Failed - Agent got blocked,Town01,0,0,0,0,0,0,0,0,1,15,0,0,0,0,0,-80,0,0,0.349999994039536,vehicle.lincoln.mkz2017,"[0, 0, 0]",4,,hero,True,70,132.450847509141,5237,11,98.8907664137104,98.8907664137104,1,177,130,262.000003904104,1779.51384854317,none,ClearNight,15,0,0,0.35,0,-80,0,0,0,0
1195,95,RouteScenario_95,Failed - Agent got blocked,Town01,0,0,0,0,0,0,0,0,1,15,0,0,0,0,0,75,0,0,0.349999994039536,vehicle.lincoln.mkz2017,"[0, 0, 0]",4,,hero,True,70,175.462139150575,5075,11,98.9165103961603,98.9165103961603,1,177,135,253.900003783405,1655.29988479614,none,ClearNoon,15,0,0,0.35,0,75,0,0,0,0
1196,96,RouteScenario_96,Completed,Town01,0,0,0,0,0,0,0,0,0,80,0,0,0,30,50,-80,225,0,0.400000005960465,vehicle.lincoln.mkz2017,"[0, 0, 0]",4,,hero,True,70,146.502220519111,3653,11,100,100,1,177,131,182.800002723932,1298.81468224525,none,MidRainyNight,80,30,50,0.4,225,-80,0,0,0,0
1197,97,RouteScenario_97,Completed,Town01,0,0,0,0,0,0,0,0,0,20,0,0,0,0,50,15,270,0,0.349999994039536,vehicle.lincoln.mkz2017,"[0, 0, 0]",4,,hero,True,70,97.7891815367876,506,11,100,100,1,177,135,25.4500003792346,200.651021718979,none,WetSunset,20,0,50,0.35,270,15,0,0,0,0
1198,98,RouteScenario_98,Completed,Town01,0,0,0,0,0,0,0,0,0,15,0,0,0,0,0,75,0,0,0.349999994039536,vehicle.lincoln.mkz2017,"[0, 0, 0]",4,,hero,True,70,84.7644301521923,4371,11,100,100,1,177,139,218.700003258884,1656.8106546402,none,ClearNoon,15,0,0,0.35,0,75,0,0,0,0
1199,99,RouteScenario_99,Failed - Agent got blocked,Town01,0,0,0,0,0,0,0,0,1,20,0,0,0,0,50,15,270,0,0.349999994039536,vehicle.lincoln.mkz2017,"[0, 0, 0]",4,,hero,True,70,138.250854519956,7473,11,98.5440662582758,98.5440662582758,1,177,138,373.800005570054,2305.79404640198,none,WetSunset,20,0,50,0.35,270,15,0,0,0,0
0,0,RouteScenario_0,Completed,Town01,0,0,0,0,0,0,0,0,0,20,0,0,0,0,50,15,270,0,0.349999994039536,vehicle.bmw.isetta,"[0, 0, 0]",4,,hero,True,70,207.019212970771,2285,10,100,100,1,177,141,114.400001704693,428.075359344482,none,WetSunset,20,0,50,0.35,270,15,0,0,0,0
1,1,RouteScenario_1,Completed,Town01,0,0,0,0,0,0,0,0,0,90,0,0,0,15,50,-80,270,0,0.349999994039536,vehicle.bmw.isetta,"[0, 0, 0]",4,,hero,True,70,82.7731237397857,2944,10,100,100,1,177,145,147.350002195686,675.24621129036,none,SoftRainNight,90,15,50,0.35,270,-80,0,0,0,0
2,10,RouteScenario_10,Completed,Town01,0,0,0,0,0,0,0,0,0,90,0,0,0,0,50,15,0,0,0.349999994039536,vehicle.bmw.isetta,"[0, 0, 0]",4,,hero,True,70,178.939133037313,1651,10,100,100,1,177,144,82.700001232326,342.872653007507,none,WetCloudySunset,90,0,50,0.35,0,15,0,0,0,0
3,100,RouteScenario_100,Completed,Town01,0,0,0,0,0,0,0,0,0,90,0,0,0,60,100,75,90,0,1,vehicle.bmw.isetta,"[0, 0, 0]",4,,hero,True,70,238.109787563928,2016,10,100,100,1,177,144,100.950001504272,430.044704914093,none,HardRainNoon,90,60,100,1,90,75,0,0,0,0
4,101,RouteScenario_101,Completed,Town01,0,0,0,0,0,0,0,0,0,90,0,0,0,15,50,-80,270,0,0.349999994039536,vehicle.bmw.isetta,"[0, 0, 0]",4,,hero,True,70,223.332902900877,3879,10,100,100,1,177,143,194.100002892315,899.217367649078,none,SoftRainNight,90,15,50,0.35,270,-80,0,0,0,0
5,102,RouteScenario_102,Completed,Town01,0,0,0,0,0,0,0,0,0,15,0,0,0,0,0,15,45,0,0.349999994039536,vehicle.bmw.isetta,"[0, 0, 0]",4,,hero,True,70,167.564870864939,1692,10,100,100,1,177,145,84.7500012628734,370.271343708038,none,ClearSunset,15,0,0,0.35,45,15,0,0,0,0
6,103,RouteScenario_103,Failed - Agent got blocked,Town01,0,0,0,0,0,0,0,0,1,80,0,0,0,0,0,75,45,0,0.349999994039536,vehicle.bmw.isetta,"[0, 0, 0]",4,,hero,True,70,194.971879863744,8247,10,98.7442561934532,98.7442561934532,1,177,145,412.500006146729,1638.59521555901,none,CloudyNoon,80,0,0,0.35,45,75,0,0,0,0
7,104,RouteScenario_104,Completed,Town01,0,0,0,0,0,0,0,0,0,20,0,0,0,0,50,-80,225,0,0.349999994039536,vehicle.bmw.isetta,"[0, 0, 0]",4,,hero,True,70,115.885909577756,732,10,100,100,1,177,142,36.7500005476177,153.078847646713,none,WetNight,20,0,50,0.35,225,-80,0,0,0,0
8,105,RouteScenario_105,Completed,Town01,0,0,0,0,0,0,0,0,0,90,0,0,0,60,100,75,90,0,1,vehicle.bmw.isetta,"[0, 0, 0]",4,,hero,True,70,43.0960436440428,4092,10,100,100,1,177,140,204.750003051013,924.937845230102,none,HardRainNoon,90,60,100,1,90,75,0,0,0,0
9,106,RouteScenario_106,Failed,Town01,0,0,0,0,1,0,0,0,0,90,0,0,0,15,50,-80,270,0,0.349999994039536,vehicle.bmw.isetta,"[0, 0, 0]",4,,hero,True,70,58.6382713487703,0,10,0,0,0.7,177,0,0.050000000745058,0.409644842147827,red_light,SoftRainNight,90,15,50,0.35,270,-80,0,0,0,0
10,107,RouteScenario_107,Failed,Town01,0,0,0,0,1,0,0,0,0,20,0,0,0,0,50,-80,225,0,0.349999994039536,vehicle.bmw.isetta,"[0, 0, 0]",4,,hero,True,70,77.2658992938477,2056,10,94.2913272806405,66.0039290964483,0.7,177,143,102.950001534075,412.540924310684,red_light,WetNight,20,0,50,0.35,225,-80,0,0,0,0
11,108,RouteScenario_108,Completed,Town01,0,0,0,0,0,0,0,0,0,15,0,0,0,0,0,15,45,0,0.349999994039536,vehicle.bmw.isetta,"[0, 0, 0]",4,,hero,True,70,162.785049296464,3294,10,100,100,1,177,147,164.850002456456,612.239414453507,none,ClearSunset,15,0,0,0.35,45,15,0,0,0,0
12,109,RouteScenario_109,Completed,Town01,0,0,0,0,0,0,0,0,0,90,0,0,0,0,50,-80,225,0,0.349999994039536,vehicle.bmw.isetta,"[0, 0, 0]",4,,hero,True,70,198.331334951565,2667,10,100,100,1,177,140,133.500001989305,589.272152423859,none,WetCloudyNight,90,0,50,0.35,225,-80,0,0,0,0
13,11,RouteScenario_11,Completed,Town01,0,0,0,0,0,0,0,0,0,90,0,0,0,0,50,75,180,0,0.349999994039536,vehicle.bmw.isetta,"[0, 0, 0]",4,,hero,True,70,101.612062127783,1562,10,100,100,1,177,146,78.2500011660159,284.896240472794,none,WetCloudyNoon,90,0,50,0.35,180,75,0,0,0,0
14,110,RouteScenario_110,Completed,Town01,0,0,0,0,0,0,0,0,0,90,0,0,0,0,50,75,180,0,0.349999994039536,vehicle.bmw.isetta,"[0, 0, 0]",4,,hero,True,70,114.149971162581,2970,10,100,100,1,177,144,148.650002215058,546.045538187027,none,WetCloudyNoon,90,0,50,0.35,180,75,0,0,0,0
15,111,RouteScenario_111,Failed - Agent got blocked,Town01,0,0,0,0,0,0,0,0,1,90,0,0,0,60,100,75,90,0,1,vehicle.bmw.isetta,"[0, 0, 0]",4,,hero,True,70,89.8581682581759,5271,10,95.3292047793825,95.3292047793825,1,177,146,263.700003929436,1082.6326854229,none,HardRainNoon,90,60,100,1,90,75,0,0,0,0
16,112,RouteScenario_112,Completed,Town01,0,0,0,0,0,0,0,0,0,80,0,0,0,0,0,75,45,0,0.349999994039536,vehicle.bmw.isetta,"[0, 0, 0]",4,,hero,True,70,117.182011802066,2504,10,100,100,1,176,145,125.350001867861,439.584501028061,none,CloudyNoon,80,0,0,0.35,45,75,0,0,0,0
17,113,RouteScenario_113,Completed,Town01,0,0,0,0,0,0,0,0,0,20,0,0,0,0,50,-80,225,0,0.349999994039536,vehicle.bmw.isetta,"[0, 0, 0]",4,,hero,True,70,124.710890054488,2011,10,100,100,1,177,146,100.700001500547,340.240574121475,none,WetNight,20,0,50,0.35,225,-80,0,0,0,0
18,114,RouteScenario_114,Completed,Town01,0,0,0,0,0,0,0,0,0,80,0,0,0,0,0,-80,45,0,0.349999994039536,vehicle.bmw.isetta,"[0, 0, 0]",4,,hero,True,70,97.8522698152996,4297,10,100,100,1,177,141,215.00000320375,1117.18597650528,none,CloudyNight,80,0,0,0.35,45,-80,0,0,0,0
19,115,RouteScenario_115,Completed,Town01,0,0,0,0,0,0,0,0,0,90,0,0,0,0,50,15,0,0,0.349999994039536,vehicle.bmw.isetta,"[0, 0, 0]",4,,hero,True,70,152.482095803129,1491,10,100,100,1,177,142,74.7000011131167,295.22293305397,none,WetCloudySunset,90,0,50,0.35,0,15,0,0,0,0
20,116,RouteScenario_116,Completed,Town01,0,0,0,0,0,0,0,0,0,90,0,0,0,0,50,75,180,0,0.349999994039536,vehicle.bmw.isetta,"[0, 0, 0]",4,,hero,True,70,273.331996132036,5846,10,100,100,1,177,146,292.450004357845,1127.26200246811,none,WetCloudyNoon,90,0,50,0.35,180,75,0,0,0,0
21,117,RouteScenario_117,Completed,Town01,0,0,0,0,0,0,0,0,0,80,0,0,0,0,0,75,45,0,0.349999994039536,vehicle.bmw.isetta,"[0, 0, 0]",4,,hero,True,70,174.533229151483,2526,10,100,100,1,176,147,126.450001884252,501.942730903625,none,CloudyNoon,80,0,0,0.35,45,75,0,0,0,0
22,118,RouteScenario_118,Completed,Town01,0,0,0,0,0,0,0,0,0,15,0,0,0,0,0,-80,0,0,0.349999994039536,vehicle.bmw.isetta,"[0, 0, 0]",4,,hero,True,70,56.3013298853026,1575,10,100,100,1,177,141,78.9000011757016,310.469577789307,none,ClearNight,15,0,0,0.35,0,-80,0,0,0,0
23,119,RouteScenario_119,Failed - Agent got blocked,Town01,0,0,0,0,0,0,0,0,1,90,0,0,0,0,50,-80,225,0,0.349999994039536,vehicle.bmw.isetta,"[0, 0, 0]",4,,hero,True,70,187.802880730796,8219,10,97.2765270664967,97.2765270664967,1,177,148,411.100006125867,1348.57388544083,none,WetCloudyNight,90,0,50,0.35,225,-80,0,0,0,0
24,12,RouteScenario_12,Completed,Town01,0,0,0,0,0,0,0,0,0,90,0,0,0,60,100,75,90,0,1,vehicle.bmw.isetta,"[0, 0, 0]",4,,hero,True,70,148.579952645267,1538,10,100,100,1,177,144,77.0500011481345,287.363099336624,none,HardRainNoon,90,60,100,1,90,75,0,0,0,0
25,120,RouteScenario_120,Completed,Town01,0,0,0,0,0,0,0,0,0,90,0,0,0,15,50,-80,270,0,0.349999994039536,vehicle.bmw.isetta,"[0, 0, 0]",4,,hero,True,70,67.6444874349446,472,10,100,100,1,177,142,23.7500003539026,83.9977297782898,none,SoftRainNight,90,15,50,0.35,270,-80,0,0,0,0
26,121,RouteScenario_121,Completed,Town01,0,0,0,0,0,0,0,0,0,80,0,0,0,0,0,-80,45,0,0.349999994039536,vehicle.bmw.isetta,"[0, 0, 0]",4,,hero,True,70,247.344371976281,4519,10,100,100,1,177,146,226.100003369152,862.4031457901,none,CloudyNight,80,0,0,0.35,45,-80,0,0,0,0
27,122,RouteScenario_122,Completed,Town01,0,0,0,0,0,0,0,0,0,80,0,0,0,30,50,15,270,0,0.400000005960465,vehicle.bmw.isetta,"[0, 0, 0]",4,,hero,True,70,185.994639783653,1003,10,100,100,1,177,143,50.3000007495284,181.065252780914,none,MidRainSunset,80,30,50,0.4,270,15,0,0,0,0
28,123,RouteScenario_123,Completed,Town01,0,0,0,0,0,0,0,0,0,80,0,0,0,0,0,15,270,0,0.349999994039536,vehicle.bmw.isetta,"[0, 0, 0]",4,,hero,True,70,50.9926642098561,841,10,100,100,1,177,146,42.200000628829,147.767767906189,none,CloudySunset,80,0,0,0.35,270,15,0,0,0,0
29,124,RouteScenario_124,Completed,Town01,0,0,0,0,0,0,0,0,0,90,0,0,0,0,50,15,0,0,0.349999994039536,vehicle.bmw.isetta,"[0, 0, 0]",4,,hero,True,70,80.7752049372926,8209,10,100,100,1,177,141,410.600006118417,1627.06839895248,none,WetCloudySunset,90,0,50,0.35,0,15,0,0,0,0
30,125,RouteScenario_125,Completed,Town01,0,0,0,0,0,0,0,0,0,90,0,0,0,0,50,75,180,0,0.349999994039536,vehicle.bmw.isetta,"[0, 0, 0]",4,,hero,True,70,154.227736306685,2331,10,100,100,1,177,145,116.700001738966,499.533680200577,none,WetCloudyNoon,90,0,50,0.35,180,75,0,0,0,0
31,126,RouteScenario_126,Failed - Agent got blocked,Town01,0,0,0,0,0,0,0,0,1,80,0,0,0,60,100,15,0,0,1,vehicle.bmw.isetta,"[0, 0, 0]",4,,hero,True,70,81.1833542852019,7307,10,96.8842473203997,96.8842473203997,1,177,141,365.500005446374,1603.91989564896,none,HardRainSunset,80,60,100,1,0,15,0,0,0,0
32,127,RouteScenario_127,Completed,Town01,0,0,0,0,0,0,0,0,0,90,0,0,0,15,50,-80,270,0,0.349999994039536,vehicle.bmw.isetta,"[0, 0, 0]",4,,hero,True,70,126.519743536487,2272,10,100,100,1,177,147,113.750001695007,392.358900547028,none,SoftRainNight,90,15,50,0.35,270,-80,0,0,0,0
33,128,RouteScenario_128,Failed,Town01,0,0,0,0,1,0,0,0,0,80,0,0,0,0,0,15,270,0,0.349999994039536,vehicle.bmw.isetta,"[0, 0, 0]",4,,hero,True,70,275.50983420566,4175,10,94.8692183860271,66.408452870219,0.7,177,145,208.900003112853,734.904705762863,red_light,CloudySunset,80,0,0,0.35,270,15,0,0,0,0
34,129,RouteScenario_129,Completed,Town01,0,0,0,0,0,0,0,0,0,90,0,0,0,0,50,75,180,0,0.349999994039536,vehicle.bmw.isetta,"[0, 0, 0]",4,,hero,True,70,161.070550861444,1163,10,100,100,1,177,145,58.3000008687377,268.614171028137,none,WetCloudyNoon,90,0,50,0.35,180,75,0,0,0,0
35,13,RouteScenario_13,Failed,Town01,0,0,1,0,0,0,0,0,0,15,0,0,0,0,0,75,0,0,0.349999994039536,vehicle.bmw.isetta,"[0, 0, 0]",4,,hero,True,70,212.219985135147,230,10,11.6184003988771,6.97104023932625,0.6,177,143,11.6500001735985,47.6422922611237,collisions_vehicle,ClearNoon,15,0,0,0.35,0,75,0,0,0,0
36,130,RouteScenario_130,Completed,Town01,0,0,0,0,0,0,0,0,0,80,0,0,0,60,100,15,0,0,1,vehicle.bmw.isetta,"[0, 0, 0]",4,,hero,True,70,92.6720864187918,868,10,100,100,1,177,141,43.5500006489456,186.012339830399,none,HardRainSunset,80,60,100,1,0,15,0,0,0,0
37,131,RouteScenario_131,Completed,Town01,0,0,0,0,0,0,0,0,0,80,0,0,0,60,100,15,0,0,1,vehicle.bmw.isetta,"[0, 0, 0]",4,,hero,True,70,155.64995003145,1744,10,100,100,1,177,146,87.3500013016164,311.031584501266,none,HardRainSunset,80,60,100,1,0,15,0,0,0,0
38,132,RouteScenario_132,Completed,Town01,0,0,0,0,0,0,0,0,0,90,0,0,0,0,50,75,180,0,0.349999994039536,vehicle.bmw.isetta,"[0, 0, 0]",4,,hero,True,70,168.141501983467,2889,10,100,100,1,177,139,144.600002154708,677.302460193634,none,WetCloudyNoon,90,0,50,0.35,180,75,0,0,0,0
39,133,RouteScenario_133,Completed,Town01,0,0,0,0,0,0,0,0,0,80,0,0,0,0,0,15,270,0,0.349999994039536,vehicle.bmw.isetta,"[0, 0, 0]",4,,hero,True,70,135.693103912075,4158,10,100,100,1,176,145,208.050003100187,822.628732919693,none,CloudySunset,80,0,0,0.35,270,15,0,0,0,0
40,134,RouteScenario_134,Completed,Town01,0,0,0,0,0,0,0,0,0,80,0,0,0,30,50,-80,225,0,0.400000005960465,vehicle.bmw.isetta,"[0, 0, 0]",4,,hero,True,70,121.971395824203,2799,10,100,100,1,177,145,140.100002087653,552.149171113968,none,MidRainyNight,80,30,50,0.4,225,-80,0,0,0,0
41,135,RouteScenario_135,Completed,Town01,0,0,0,0,0,0,0,0,0,15,0,0,0,0,0,75,0,0,0.349999994039536,vehicle.bmw.isetta,"[0, 0, 0]",4,,hero,True,70,90.0830794673052,2719,10,100,100,1,177,141,136.100002028048,498.079539060593,none,ClearNoon,15,0,0,0.35,0,75,0,0,0,0
42,136,RouteScenario_136,Completed,Town01,0,0,0,0,0,0,0,0,0,15,0,0,0,0,0,75,0,0,0.349999994039536,vehicle.bmw.isetta,"[0, 0, 0]",4,,hero,True,70,71.692100036983,4350,10,100,100,1,176,148,217.650003243238,938.818426132202,none,ClearNoon,15,0,0,0.35,0,75,0,0,0,0
43,137,RouteScenario_137,Failed - Agent got blocked,Town01,0,0,0,0,0,0,0,0,1,80,0,0,0,60,100,15,0,0,1,vehicle.bmw.isetta,"[0, 0, 0]",4,,hero,True,70,195.338331642993,6947,10,97.7264736248181,97.7264736248181,1,177,146,347.500005178154,1210.78468585014,none,HardRainSunset,80,60,100,1,0,15,0,0,0,0
44,138,RouteScenario_138,Completed,Town01,0,0,0,0,0,0,0,0,0,80,0,0,0,0,0,75,45,0,0.349999994039536,vehicle.bmw.isetta,"[0, 0, 0]",4,,hero,True,70,96.4002246154936,2757,10,100,100,1,177,144,138.00000205636,648.278513431549,none,CloudyNoon,80,0,0,0.35,45,75,0,0,0,0
45,139,RouteScenario_139,Completed,Town01,0,0,0,0,0,0,0,0,0,80,0,0,0,30,50,15,270,0,0.400000005960465,vehicle.bmw.isetta,"[0, 0, 0]",4,,hero,True,70,151.5509041962,2238,10,100,100,1,177,144,112.050001669675,412.833274841309,none,MidRainSunset,80,30,50,0.4,270,15,0,0,0,0
46,14,RouteScenario_14,Completed,Town01,0,0,0,0,0,0,0,0,0,15,0,0,0,0,0,15,45,0,0.349999994039536,vehicle.bmw.isetta,"[0, 0, 0]",4,,hero,True,70,185.726159223418,5352,10,100,100,1,177,153,267.750003989786,1038.09848880768,none,ClearSunset,15,0,0,0.35,45,15,0,0,0,0
47,140,RouteScenario_140,Completed,Town01,0,0,0,0,0,0,0,0,0,90,0,0,0,15,50,-80,270,0,0.349999994039536,vehicle.bmw.isetta,"[0, 0, 0]",4,,hero,True,70,141.904018858039,3577,10,100,100,1,176,139,179.000002667308,576.917602300644,none,SoftRainNight,90,15,50,0.35,270,-80,0,0,0,0
48,141,RouteScenario_141,Completed,Town01,0,0,0,0,0,0,0,0,0,90,0,0,0,15,50,-80,270,0,0.349999994039536,vehicle.bmw.isetta,"[0, 0, 0]",4,,hero,True,70,159.021803044014,811,10,100,100,1,177,149,40.7000006064773,187.115281820297,none,SoftRainNight,90,15,50,0.35,270,-80,0,0,0,0
49,142,RouteScenario_142,Completed,Town01,0,0,0,0,0,0,0,0,0,15,0,0,0,0,0,75,0,0,0.349999994039536,vehicle.bmw.isetta,"[0, 0, 0]",4,,hero,True,70,69.9383987948123,1329,10,100,100,1,177,142,66.6000009924173,290.400077819824,none,ClearNoon,15,0,0,0.35,0,75,0,0,0,0
50,143,RouteScenario_143,Completed,Town01,0,0,0,0,0,0,0,0,0,90,0,0,0,60,100,75,90,0,1,vehicle.bmw.isetta,"[0, 0, 0]",4,,hero,True,70,222.933809016488,5818,10,100,100,1,177,146,291.050004336983,1147.1765191555,none,HardRainNoon,90,60,100,1,90,75,0,0,0,0
51,144,RouteScenario_144,Completed,Town01,0,0,0,0,0,0,0,0,0,20,0,0,0,0,50,75,45,0,0.349999994039536,vehicle.bmw.isetta,"[0, 0, 0]",4,,hero,True,70,237.946438945277,5105,10,100,100,1,177,144,255.400003805757,948.373692512512,none,WetNoon,20,0,50,0.35,45,75,0,0,0,0
52,145,RouteScenario_145,Completed,Town01,0,0,0,0,0,0,0,0,0,90,0,0,0,15,50,75,315,0,0.349999994039536,vehicle.bmw.isetta,"[0, 0, 0]",4,,hero,True,70,200.109787391949,1840,10,100,100,1,177,145,92.150001373142,403.795829772949,none,SoftRainNoon,90,15,50,0.35,315,75,0,0,0,0
53,146,RouteScenario_146,Failed - Agent got blocked,Town01,0,0,0,0,0,0,0,0,1,90,0,0,0,0,50,15,0,0,0.349999994039536,vehicle.bmw.isetta,"[0, 0, 0]",4,,hero,True,70,139.822489759283,10931,10,97.1312292168747,97.1312292168747,1,176,143,546.700008146465,2015.62132811546,none,WetCloudySunset,90,0,50,0.35,0,15,0,0,0,0
54,147,RouteScenario_147,Completed,Town01,0,0,0,0,0,0,0,0,0,90,0,0,0,60,100,75,90,0,1,vehicle.bmw.isetta,"[0, 0, 0]",4,,hero,True,70,129.749496859937,2545,10,100,100,1,177,144,127.400001898408,638.084769248962,none,HardRainNoon,90,60,100,1,90,75,0,0,0,0
55,148,RouteScenario_148,Completed,Town01,0,0,0,0,0,0,0,0,0,80,0,0,0,0,0,75,45,0,0.349999994039536,vehicle.bmw.isetta,"[0, 0, 0]",4,,hero,True,70,59.9817139769069,404,10,100,100,1,177,145,20.3500003032386,87.5006875991821,none,CloudyNoon,80,0,0,0.35,45,75,0,0,0,0
56,149,RouteScenario_149,Completed,Town01,0,0,0,0,0,0,0,0,0,90,0,0,0,15,50,15,270,0,0.349999994039536,vehicle.bmw.isetta,"[0, 0, 0]",4,,hero,True,70,164.30197183978,1333,10,100,100,1,176,144,66.8000009953976,248.188606977463,none,SoftRainSunset,90,15,50,0.35,270,15,0,0,0,0
57,15,RouteScenario_15,Failed - Agent got blocked,Town01,0,0,0,0,0,0,0,0,1,90,0,0,0,0,50,-80,225,0,0.349999994039536,vehicle.bmw.isetta,"[0, 0, 0]",4,,hero,True,70,135.349716242063,8447,10,96.7017439506635,96.7017439506635,1,177,145,422.500006295741,1318.93761515617,none,WetCloudyNight,90,0,50,0.35,225,-80,0,0,0,0
58,150,RouteScenario_150,Completed,Town01,0,0,0,0,0,0,0,0,0,90,0,0,0,60,100,-80,225,0,1,vehicle.bmw.isetta,"[0, 0, 0]",4,,hero,True,70,85.6688904605412,847,10,100,100,1,177,142,42.5000006332994,214.372288942337,none,HardRainNight,90,60,100,1,225,-80,0,0,0,0
59,151,RouteScenario_151,Completed,Town01,0,0,0,0,0,0,0,0,0,15,0,0,0,0,0,75,0,0,0.349999994039536,vehicle.bmw.isetta,"[0, 0, 0]",4,,hero,True,70,62.5776968919883,1475,10,100,100,1,177,144,73.9000011011958,276.561457395554,none,ClearNoon,15,0,0,0.35,0,75,0,0,0,0
60,152,RouteScenario_152,Completed,Town01,0,0,0,0,0,0,0,0,0,90,0,0,0,0,50,-80,225,0,0.349999994039536,vehicle.bmw.isetta,"[0, 0, 0]",4,,hero,True,70,209.050237995328,3209,10,100,100,1,177,143,160.600002393126,556.482918977737,none,WetCloudyNight,90,0,50,0.35,225,-80,0,0,0,0
61,153,RouteScenario_153,Completed,Town01,0,0,0,0,0,0,0,0,0,80,0,0,0,30,50,75,0,0,0.400000005960465,vehicle.bmw.isetta,"[0, 0, 0]",4,,hero,True,70,109.916963408522,2623,10,100,100,1,177,147,131.300001956522,533.236517429352,none,MidRainyNoon,80,30,50,0.4,0,75,0,0,0,0
62,154,RouteScenario_154,Completed,Town01,0,0,0,0,0,0,0,0,0,80,0,0,0,30,50,15,270,0,0.400000005960465,vehicle.bmw.isetta,"[0, 0, 0]",4,,hero,True,70,112.256339525108,2942,10,100,100,1,177,142,147.250002194196,582.369256019592,none,MidRainSunset,80,30,50,0.4,270,15,0,0,0,0
63,155,RouteScenario_155,Completed,Town01,0,0,0,0,0,0,0,0,0,90,0,0,0,0,50,75,180,0,0.349999994039536,vehicle.bmw.isetta,"[0, 0, 0]",4,,hero,True,70,113.501485408099,2464,10,100,100,1,177,141,123.350001838058,468.601147651672,none,WetCloudyNoon,90,0,50,0.35,180,75,0,0,0,0
64,156,RouteScenario_156,Failed,Town01,0,0,1,0,0,0,0,0,0,90,0,0,0,15,50,15,270,0,0.349999994039536,vehicle.bmw.isetta,"[0, 0, 0]",4,,hero,True,70,245.147823115636,1266,10,13.1808991079044,7.90853946474261,0.6,176,143,63.4500009454787,261.3183157444,collisions_vehicle,SoftRainSunset,90,15,50,0.35,270,15,0,0,0,0
65,157,RouteScenario_157,Completed,Town01,0,0,0,0,0,0,0,0,0,15,0,0,0,0,0,75,0,0,0.349999994039536,vehicle.bmw.isetta,"[0, 0, 0]",4,,hero,True,70,250.122455088616,3693,10,100,100,1,177,145,184.800002753735,727.699252128601,none,ClearNoon,15,0,0,0.35,0,75,0,0,0,0
66,158,RouteScenario_158,Failed - Agent timed out,Town01,0,0,0,0,0,0,1,0,0,15,0,0,0,0,0,75,0,0,0.349999994039536,vehicle.bmw.isetta,"[0, 0, 0]",4,,hero,True,70,54.5061313527031,12878,10,96.9300189885062,96.9300189885062,1,177,144,644.050009597093,2519.48105359077,none,ClearNoon,15,0,0,0.35,0,75,0,0,0,0
67,159,RouteScenario_159,Completed,Town01,0,0,0,0,0,0,0,0,0,90,0,0,0,15,50,15,270,0,0.349999994039536,vehicle.bmw.isetta,"[0, 0, 0]",4,,hero,True,70,132.291257700532,1348,10,100,100,1,177,145,67.5500010065734,235.130287647247,none,SoftRainSunset,90,15,50,0.35,270,15,0,0,0,0
68,16,RouteScenario_16,Completed,Town01,0,0,0,0,0,0,0,0,0,80,0,0,0,0,0,-80,45,0,0.349999994039536,vehicle.bmw.isetta,"[0, 0, 0]",4,,hero,True,70,84.7484900228585,2336,10,100,100,1,177,141,116.950001742691,540.760478019714,none,CloudyNight,80,0,0,0.35,45,-80,0,0,0,0
69,160,RouteScenario_160,Completed,Town01,0,0,0,0,0,0,0,0,0,80,0,0,0,0,0,-80,45,0,0.349999994039536,vehicle.bmw.isetta,"[0, 0, 0]",4,,hero,True,70,152.372866032456,1217,10,100,100,1,177,145,61.0000009089708,306.252851486206,none,CloudyNight,80,0,0,0.35,45,-80,0,0,0,0
70,161,RouteScenario_161,Completed,Town01,0,0,0,0,0,0,0,0,0,15,0,0,0,0,0,15,45,0,0.349999994039536,vehicle.bmw.isetta,"[0, 0, 0]",4,,hero,True,70,170.354341953363,1890,10,100,100,1,177,142,94.6500014103949,365.898089408874,none,ClearSunset,15,0,0,0.35,45,15,0,0,0,0
71,162,RouteScenario_162,Completed,Town01,0,0,0,0,0,0,0,0,0,80,0,0,0,30,50,75,0,0,0.400000005960465,vehicle.bmw.isetta,"[0, 0, 0]",4,,hero,True,70,135.502610380285,3122,10,100,100,1,177,145,156.250002328306,814.59766793251,none,MidRainyNoon,80,30,50,0.4,0,75,0,0,0,0
72,163,RouteScenario_163,Failed,Town01,0,0,0,0,1,0,0,0,0,80,0,0,0,0,0,75,45,0,0.349999994039536,vehicle.bmw.isetta,"[0, 0, 0]",4,,hero,True,70,184.082473044052,3261,10,98.3899609568466,68.8729726697927,0.7,177,141,163.20000243187,828.332229137421,red_light,CloudyNoon,80,0,0,0.35,45,75,0,0,0,0
73,164,RouteScenario_164,Completed,Town01,0,0,0,0,0,0,0,0,0,20,0,0,0,0,50,-80,225,0,0.349999994039536,vehicle.bmw.isetta,"[0, 0, 0]",4,,hero,True,70,185.402220123789,4008,10,100,100,1,177,144,200.550002988428,690.043261528015,none,WetNight,20,0,50,0.35,225,-80,0,0,0,0
74,165,RouteScenario_165,Completed,Town01,0,0,0,0,0,0,0,0,0,20,0,0,0,0,50,15,270,0,0.349999994039536,vehicle.bmw.isetta,"[0, 0, 0]",4,,hero,True,70,262.739958049476,3931,10,100,100,1,177,147,196.700002931058,666.516362905502,none,WetSunset,20,0,50,0.35,270,15,0,0,0,0
75,166,RouteScenario_166,Completed,Town01,0,0,0,0,0,0,0,0,0,90,0,0,0,0,50,15,0,0,0.349999994039536,vehicle.bmw.isetta,"[0, 0, 0]",4,,hero,True,70,128.959131856457,2076,10,100,100,1,177,147,103.950001548976,353.308487653732,none,WetCloudySunset,90,0,50,0.35,0,15,0,0,0,0
76,167,RouteScenario_167,Completed,Town01,0,0,0,0,0,0,0,0,0,80,0,0,0,60,100,15,0,0,1,vehicle.bmw.isetta,"[0, 0, 0]",4,,hero,True,70,157.491294128904,1013,10,100,100,1,176,145,50.800000756979,193.952431678772,none,HardRainSunset,80,60,100,1,0,15,0,0,0,0
77,168,RouteScenario_168,Failed - Agent got blocked,Town01,0,0,0,0,0,0,0,0,1,80,0,0,0,0,0,-80,45,0,0.349999994039536,vehicle.bmw.isetta,"[0, 0, 0]",4,,hero,True,70,105.841175004267,6652,10,95.14760542348,95.14760542348,1,177,145,332.750004958361,1352.0361199379,none,CloudyNight,80,0,0,0.35,45,-80,0,0,0,0
78,169,RouteScenario_169,Completed,Town01,0,0,0,0,0,0,0,0,0,20,0,0,0,0,50,15,270,0,0.349999994039536,vehicle.bmw.isetta,"[0, 0, 0]",4,,hero,True,70,106.085237015553,1982,10,100,100,1,177,144,99.2500014789402,374.947110176086,none,WetSunset,20,0,50,0.35,270,15,0,0,0,0
79,17,RouteScenario_17,Completed,Town01,0,0,0,0,0,0,0,0,0,80,0,0,0,30,50,75,0,0,0.400000005960465,vehicle.bmw.isetta,"[0, 0, 0]",4,,hero,True,70,134.964935241645,7969,10,100,100,1,177,142,398.600005939603,1487.51401782036,none,MidRainyNoon,80,30,50,0.4,0,75,0,0,0,0
80,170,RouteScenario_170,Completed,Town01,0,0,0,0,0,0,0,0,0,90,0,0,0,0,50,15,0,0,0.349999994039536,vehicle.bmw.isetta,"[0, 0, 0]",4,,hero,True,70,133.999669219452,638,10,100,100,1,177,144,32.0500004775822,116.848502397537,none,WetCloudySunset,90,0,50,0.35,0,15,0,0,0,0
81,171,RouteScenario_171,Completed,Town01,0,0,0,0,0,0,0,0,0,90,0,0,0,0,50,75,180,0,0.349999994039536,vehicle.bmw.isetta,"[0, 0, 0]",4,,hero,True,70,188.622170817274,2866,10,100,100,1,176,142,143.450002137572,495.251968622208,none,WetCloudyNoon,90,0,50,0.35,180,75,0,0,0,0
82,172,RouteScenario_172,Completed,Town01,0,0,0,0,0,0,0,0,0,80,0,0,0,30,50,75,0,0,0.400000005960465,vehicle.bmw.isetta,"[0, 0, 0]",4,,hero,True,70,56.728049238316,1062,10,100,100,1,177,146,53.2500007934868,218.504297733307,none,MidRainyNoon,80,30,50,0.4,0,75,0,0,0,0
83,173,RouteScenario_173,Completed,Town01,0,0,0,0,0,0,0,0,0,80,0,0,0,0,0,15,270,0,0.349999994039536,vehicle.bmw.isetta,"[0, 0, 0]",4,,hero,True,70,55.9993321265714,275,10,100,100,1,177,145,13.9000002071261,56.2788217067719,none,CloudySunset,80,0,0,0.35,270,15,0,0,0,0
84,174,RouteScenario_174,Completed,Town01,0,0,0,0,0,0,0,0,0,80,0,0,0,0,0,-80,45,0,0.349999994039536,vehicle.bmw.isetta,"[0, 0, 0]",4,,hero,True,70,77.744740124334,1459,10,100,100,1,177,142,73.1000010892749,367.393358707428,none,CloudyNight,80,0,0,0.35,45,-80,0,0,0,0
85,175,RouteScenario_175,Completed,Town01,0,0,0,0,0,0,0,0,0,20,0,0,0,0,50,15,270,0,0.349999994039536,vehicle.bmw.isetta,"[0, 0, 0]",4,,hero,True,70,201.475223256883,3145,10,100,100,1,177,144,157.400002345443,758.1129322052,none,WetSunset,20,0,50,0.35,270,15,0,0,0,0
86,176,RouteScenario_176,Completed,Town01,0,0,0,0,0,0,0,0,0,80,0,0,0,30,50,75,0,0,0.400000005960465,vehicle.bmw.isetta,"[0, 0, 0]",4,,hero,True,70,57.9158288337434,2806,10,100,100,1,177,143,140.450002092868,538.279844999313,none,MidRainyNoon,80,30,50,0.4,0,75,0,0,0,0
87,177,RouteScenario_177,Completed,Town01,0,0,0,0,0,0,0,0,0,90,0,0,0,60,100,-80,225,0,1,vehicle.bmw.isetta,"[0, 0, 0]",4,,hero,True,70,233.505986398905,3709,10,100,100,1,176,147,185.600002765656,799.356083393097,none,HardRainNight,90,60,100,1,225,-80,0,0,0,0
88,178,RouteScenario_178,Failed - Agent got blocked,Town01,0,0,0,0,0,0,0,0,1,90,0,0,0,15,50,75,315,0,0.349999994039536,vehicle.bmw.isetta,"[0, 0, 0]",4,,hero,True,70,136.380786402101,12373,10,96.9017715169212,96.9017715169212,1,176,141,618.800009220839,2251.45307636261,none,SoftRainNoon,90,15,50,0.35,315,75,0,0,0,0
89,179,RouteScenario_179,Completed,Town01,0,0,0,0,0,0,0,0,0,80,0,0,0,0,0,-80,45,0,0.349999994039536,vehicle.bmw.isetta,"[0, 0, 0]",4,,hero,True,70,64.8444328893938,4362,10,100,100,1,176,148,218.250003252178,895.62101650238,none,CloudyNight,80,0,0,0.35,45,-80,0,0,0,0
90,18,RouteScenario_18,Failed - Agent got blocked,Town01,0,0,0,0,0,0,0,0,1,90,0,0,0,0,50,15,0,0,0.349999994039536,vehicle.bmw.isetta,"[0, 0, 0]",4,,hero,True,70,63.5163513223151,5469,10,96.9779659349654,96.9779659349654,1,176,142,273.600004076958,1727.00858712196,none,WetCloudySunset,90,0,50,0.35,0,15,0,0,0,0
91,180,RouteScenario_180,Completed,Town01,0,0,0,0,0,0,0,0,0,80,0,0,0,30,50,75,0,0,0.400000005960465,vehicle.bmw.isetta,"[0, 0, 0]",4,,hero,True,70,147.482001951711,3154,10,100,100,1,177,142,157.850002352148,669.620848655701,none,MidRainyNoon,80,30,50,0.4,0,75,0,0,0,0
92,181,RouteScenario_181,Completed,Town01,0,0,0,0,0,0,0,0,0,90,0,0,0,15,50,-80,270,0,0.349999994039536,vehicle.bmw.isetta,"[0, 0, 0]",4,,hero,True,70,217.518929470552,1560,10,100,100,1,177,148,78.1500011645258,295.060637235641,none,SoftRainNight,90,15,50,0.35,270,-80,0,0,0,0
93,182,RouteScenario_182,Completed,Town01,0,0,0,0,0,0,0,0,0,80,0,0,0,0,0,75,45,0,0.349999994039536,vehicle.bmw.isetta,"[0, 0, 0]",4,,hero,True,70,190.816406972756,2809,10,100,100,1,177,142,140.600002095103,553.18873167038,none,CloudyNoon,80,0,0,0.35,45,75,0,0,0,0
94,183,RouteScenario_183,Failed - Agent got blocked,Town01,0,0,0,0,0,0,0,0,1,90,0,0,0,0,50,75,180,0,0.349999994039536,vehicle.bmw.isetta,"[0, 0, 0]",4,,hero,True,70,254.106071315946,8974,10,98.538944035775,98.538944035775,1,177,142,448.850006688386,1489.36760091782,none,WetCloudyNoon,90,0,50,0.35,180,75,0,0,0,0
95,184,RouteScenario_184,Completed,Town01,0,0,0,0,0,0,0,0,0,90,0,0,0,15,50,-80,270,0,0.349999994039536,vehicle.bmw.isetta,"[0, 0, 0]",4,,hero,True,70,165.261797998712,2606,10,100,100,1,177,138,130.450001943856,459.800018310547,none,SoftRainNight,90,15,50,0.35,270,-80,0,0,0,0
96,185,RouteScenario_185,Completed,Town01,0,0,0,0,0,0,0,0,0,15,0,0,0,0,0,75,0,0,0.349999994039536,vehicle.bmw.isetta,"[0, 0, 0]",4,,hero,True,70,149.996010641079,4655,10,100,100,1,177,146,232.90000347048,874.260277748108,none,ClearNoon,15,0,0,0.35,0,75,0,0,0,0
97,186,RouteScenario_186,Completed,Town01,0,0,0,0,0,0,0,0,0,90,0,0,0,60,100,-80,225,0,1,vehicle.bmw.isetta,"[0, 0, 0]",4,,hero,True,70,71.5099465282835,388,10,100,100,1,177,142,19.5500002913177,72.5176117420197,none,HardRainNight,90,60,100,1,225,-80,0,0,0,0
98,187,RouteScenario_187,Completed,Town01,0,0,0,0,0,0,0,0,0,15,0,0,0,0,0,75,0,0,0.349999994039536,vehicle.bmw.isetta,"[0, 0, 0]",4,,hero,True,70,135.461553818519,5298,10,100,100,1,177,143,265.050003949553,894.090073823929,none,ClearNoon,15,0,0,0.35,0,75,0,0,0,0
99,188,RouteScenario_188,Completed,Town01,0,0,0,0,0,0,0,0,0,90,0,0,0,15,50,-80,270,0,0.349999994039536,vehicle.bmw.isetta,"[0, 0, 0]",4,,hero,True,70,156.796898251632,1555,10,100,100,1,177,143,77.9000011608005,360.020270347595,none,SoftRainNight,90,15,50,0.35,270,-80,0,0,0,0
100,189,RouteScenario_189,Completed,Town01,0,0,0,0,0,0,0,0,0,90,0,0,0,15,50,75,315,0,0.349999994039536,vehicle.bmw.isetta,"[0, 0, 0]",4,,hero,True,70,83.1345032817826,611,10,100,100,1,177,148,30.7000004574656,107.772360801697,none,SoftRainNoon,90,15,50,0.35,315,75,0,0,0,0
101,19,RouteScenario_19,Completed,Town01,0,0,0,0,0,0,0,0,0,15,0,0,0,0,0,-80,0,0,0.349999994039536,vehicle.bmw.isetta,"[0, 0, 0]",4,,hero,True,70,250.789999323848,4571,10,100,100,1,177,144,228.700003407896,856.112621545792,none,ClearNight,15,0,0,0.35,0,-80,0,0,0,0
102,190,RouteScenario_190,Completed,Town01,0,0,0,0,0,0,0,0,0,90,0,0,0,0,50,15,0,0,0.349999994039536,vehicle.bmw.isetta,"[0, 0, 0]",4,,hero,True,70,114.626670969867,1325,10,100,100,1,177,148,66.4000009894371,263.650855779648,none,WetCloudySunset,90,0,50,0.35,0,15,0,0,0,0
103,191,RouteScenario_191,Completed,Town01,0,0,0,0,0,0,0,0,0,80,0,0,0,0,0,-80,45,0,0.349999994039536,vehicle.bmw.isetta,"[0, 0, 0]",4,,hero,True,70,63.4342348938212,2485,10,100,100,1,177,149,124.400001853704,577.486515760422,none,CloudyNight,80,0,0,0.35,45,-80,0,0,0,0
104,192,RouteScenario_192,Completed,Town01,0,0,0,0,0,0,0,0,0,90,0,0,0,60,100,75,90,0,1,vehicle.bmw.isetta,"[0, 0, 0]",4,,hero,True,70,192.365690127461,3318,10,100,100,1,176,144,166.050002474338,697.749195575714,none,HardRainNoon,90,60,100,1,90,75,0,0,0,0
105,193,RouteScenario_193,Completed,Town01,0,0,0,0,0,0,0,0,0,90,0,0,0,0,50,-80,225,0,0.349999994039536,vehicle.bmw.isetta,"[0, 0, 0]",4,,hero,True,70,209.09000542938,3677,10,100,100,1,177,144,184.000002741814,818.921204328537,none,WetCloudyNight,90,0,50,0.35,225,-80,0,0,0,0
106,194,RouteScenario_194,Completed,Town01,0,0,0,0,0,0,0,0,0,90,0,0,0,15,50,15,270,0,0.349999994039536,vehicle.bmw.isetta,"[0, 0, 0]",4,,hero,True,70,70.4333455625408,2930,10,100,100,1,177,145,146.650002185255,554.785004615784,none,SoftRainSunset,90,15,50,0.35,270,15,0,0,0,0
107,195,RouteScenario_195,Completed,Town01,0,0,0,0,0,0,0,0,0,80,0,0,0,60,100,15,0,0,1,vehicle.bmw.isetta,"[0, 0, 0]",4,,hero,True,70,257.854312822787,2568,10,100,100,1,177,145,128.550001915544,606.624579906464,none,HardRainSunset,80,60,100,1,0,15,0,0,0,0
108,196,RouteScenario_196,Completed,Town01,0,0,0,0,0,0,0,0,0,90,0,0,0,15,50,15,270,0,0.349999994039536,vehicle.bmw.isetta,"[0, 0, 0]",4,,hero,True,70,163.999940074627,1438,10,100,100,1,177,147,72.0500010736287,270.676510095596,none,SoftRainSunset,90,15,50,0.35,270,15,0,0,0,0
109,197,RouteScenario_197,Completed,Town01,0,0,0,0,0,0,0,0,0,20,0,0,0,0,50,15,270,0,0.349999994039536,vehicle.bmw.isetta,"[0, 0, 0]",4,,hero,True,70,269.209166448607,4750,10,100,100,1,177,142,237.650003541261,969.80965089798,none,WetSunset,20,0,50,0.35,270,15,0,0,0,0
110,198,RouteScenario_198,Completed,Town01,0,0,0,0,0,0,0,0,0,90,0,0,0,0,50,75,180,0,0.349999994039536,vehicle.bmw.isetta,"[0, 0, 0]",4,,hero,True,70,171.195597514441,3975,10,100,100,1,177,146,198.900002963841,741.240813970566,none,WetCloudyNoon,90,0,50,0.35,180,75,0,0,0,0
111,199,RouteScenario_199,Completed,Town01,0,0,0,0,0,0,0,0,0,80,0,0,0,30,50,15,270,0,0.400000005960465,vehicle.bmw.isetta,"[0, 0, 0]",4,,hero,True,70,98.0012884252301,416,10,100,100,1,177,147,20.9500003121793,81.607241153717,none,MidRainSunset,80,30,50,0.4,270,15,0,0,0,0
112,2,RouteScenario_2,Failed,Town01,0,0,1,0,0,0,0,0,0,80,0,0,0,60,100,15,0,0,1,vehicle.bmw.isetta,"[0, 0, 0]",4,,hero,True,70,4.00000021027517,851,10,23.4165800442027,14.0499480265216,0.6,177,146,42.7000006362796,190.243799209595,collisions_vehicle,HardRainSunset,80,60,100,1,0,15,0,0,0,0
113,20,RouteScenario_20,Completed,Town01,0,0,0,0,0,0,0,0,0,80,0,0,0,0,0,15,270,0,0.349999994039536,vehicle.bmw.isetta,"[0, 0, 0]",4,,hero,True,70,251.335243859628,3696,10,100,100,1,177,141,184.95000275597,639.800967693329,none,CloudySunset,80,0,0,0.35,270,15,0,0,0,0
114,200,RouteScenario_200,Completed,Town01,0,0,0,0,0,0,0,0,0,80,0,0,0,0,0,-80,45,0,0.349999994039536,vehicle.bmw.isetta,"[0, 0, 0]",4,,hero,True,70,271.347296579629,4299,10,100,100,1,177,143,215.10000320524,936.471174240112,none,CloudyNight,80,0,0,0.35,45,-80,0,0,0,0
115,201,RouteScenario_201,Completed,Town01,0,0,0,0,0,0,0,0,0,80,0,0,0,0,0,-80,45,0,0.349999994039536,vehicle.bmw.isetta,"[0, 0, 0]",4,,hero,True,70,126.890683201422,2175,10,100,100,1,177,141,108.900001622736,513.921339035034,none,CloudyNight,80,0,0,0.35,45,-80,0,0,0,0
116,202,RouteScenario_202,Completed,Town01,0,0,0,0,0,0,0,0,0,15,0,0,0,0,0,15,45,0,0.349999994039536,vehicle.bmw.isetta,"[0, 0, 0]",4,,hero,True,70,65.1745313434621,2682,10,100,100,1,177,144,134.250002000481,657.85959649086,none,ClearSunset,15,0,0,0.35,45,15,0,0,0,0
117,203,RouteScenario_203,Completed,Town01,0,0,0,0,0,0,0,0,0,20,0,0,0,0,50,-80,225,0,0.349999994039536,vehicle.bmw.isetta,"[0, 0, 0]",4,,hero,True,70,191.817178534735,2256,10,100,100,1,177,144,112.950001683086,440.262560129166,none,WetNight,20,0,50,0.35,225,-80,0,0,0,0
118,204,RouteScenario_204,Completed,Town01,0,0,0,0,0,0,0,0,0,80,0,0,0,0,0,-80,45,0,0.349999994039536,vehicle.bmw.isetta,"[0, 0, 0]",4,,hero,True,70,135.530811414702,5222,10,100,100,1,176,143,261.250003892928,922.109293460846,none,CloudyNight,80,0,0,0.35,45,-80,0,0,0,0
119,205,RouteScenario_205,Completed,Town01,0,0,0,0,0,0,0,0,0,90,0,0,0,60,100,-80,225,0,1,vehicle.bmw.isetta,"[0, 0, 0]",4,,hero,True,70,159.834050308432,4585,10,100,100,1,177,150,229.400003418326,787.299330711365,none,HardRainNight,90,60,100,1,225,-80,0,0,0,0
120,206,RouteScenario_206,Completed,Town01,0,0,0,0,0,0,0,0,0,90,0,0,0,60,100,75,90,0,1,vehicle.bmw.isetta,"[0, 0, 0]",4,,hero,True,70,120.044759609897,630,10,100,100,1,177,144,31.6500004716217,139.205726623535,none,HardRainNoon,90,60,100,1,90,75,0,0,0,0
121,207,RouteScenario_207,Completed,Town01,0,0,0,0,0,0,0,0,0,90,0,0,0,0,50,75,180,0,0.349999994039536,vehicle.bmw.isetta,"[0, 0, 0]",4,,hero,True,70,83.4513369766379,1921,10,100,100,1,177,149,96.2000014334917,448.576132059097,none,WetCloudyNoon,90,0,50,0.35,180,75,0,0,0,0
122,208,RouteScenario_208,Failed,Town01,0,0,0,0,1,0,0,0,0,90,0,0,0,15,50,-80,270,0,0.349999994039536,vehicle.bmw.isetta,"[0, 0, 0]",4,,hero,True,70,147.976213660784,0,10,0,0,0.7,177,0,0.050000000745058,0.571769952774048,red_light,SoftRainNight,90,15,50,0.35,270,-80,0,0,0,0
123,209,RouteScenario_209,Completed,Town01,0,0,0,0,0,0,0,0,0,90,0,0,0,0,50,15,0,0,0.349999994039536,vehicle.bmw.isetta,"[0, 0, 0]",4,,hero,True,70,149.184792087554,1009,10,100,100,1,177,148,50.6000007539988,180.859798669815,none,WetCloudySunset,90,0,50,0.35,0,15,0,0,0,0
124,21,RouteScenario_21,Failed - Agent got blocked,Town01,0,0,0,0,0,0,0,0,1,20,0,0,0,0,50,15,270,0,0.349999994039536,vehicle.bmw.isetta,"[0, 0, 0]",4,,hero,True,70,240.846590425082,7903,10,98.086610348999,98.086610348999,1,177,146,395.300005890429,1330.75698018074,none,WetSunset,20,0,50,0.35,270,15,0,0,0,0
125,210,RouteScenario_210,Completed,Town01,0,0,0,0,0,0,0,0,0,90,0,0,0,0,50,-80,225,0,0.349999994039536,vehicle.bmw.isetta,"[0, 0, 0]",4,,hero,True,70,141.712025303643,2424,10,100,100,1,177,143,121.350001808256,439.341215610504,none,WetCloudyNight,90,0,50,0.35,225,-80,0,0,0,0
126,211,RouteScenario_211,Completed,Town01,0,0,0,0,0,0,0,0,0,15,0,0,0,0,0,75,0,0,0.349999994039536,vehicle.bmw.isetta,"[0, 0, 0]",4,,hero,True,70,134.685507956616,2533,10,100,100,1,177,142,126.800001889467,617.612964630127,none,ClearNoon,15,0,0,0.35,0,75,0,0,0,0
127,212,RouteScenario_212,Completed,Town01,0,0,0,0,0,0,0,0,0,20,0,0,0,0,50,-80,225,0,0.349999994039536,vehicle.bmw.isetta,"[0, 0, 0]",4,,hero,True,70,217.995000943054,3536,10,100,100,1,177,143,176.95000263676,737.887678384781,none,WetNight,20,0,50,0.35,225,-80,0,0,0,0
128,213,RouteScenario_213,Completed,Town01,0,0,0,0,0,0,0,0,0,80,0,0,0,0,0,-80,45,0,0.349999994039536,vehicle.bmw.isetta,"[0, 0, 0]",4,,hero,True,70,140.853977763728,2017,10,100,100,1,177,146,101.000001505017,401.986158370972,none,CloudyNight,80,0,0,0.35,45,-80,0,0,0,0
129,214,RouteScenario_214,Completed,Town01,0,0,0,0,0,0,0,0,0,80,0,0,0,0,0,75,45,0,0.349999994039536,vehicle.bmw.isetta,"[0, 0, 0]",4,,hero,True,70,141.172229195623,4052,10,100,100,1,176,143,202.75000302121,717.554031133652,none,CloudyNoon,80,0,0,0.35,45,75,0,0,0,0
130,215,RouteScenario_215,Completed,Town01,0,0,0,0,0,0,0,0,0,15,0,0,0,0,0,75,0,0,0.349999994039536,vehicle.bmw.isetta,"[0, 0, 0]",4,,hero,True,70,57.6900031074299,1135,10,100,100,1,177,148,56.9000008478761,243.595554828644,none,ClearNoon,15,0,0,0.35,0,75,0,0,0,0
131,216,RouteScenario_216,Completed,Town01,0,0,0,0,0,0,0,0,0,15,0,0,0,0,0,-80,0,0,0.349999994039536,vehicle.bmw.isetta,"[0, 0, 0]",4,,hero,True,70,211.56213862927,2597,10,100,100,1,177,142,130.000001937151,491.264503002167,none,ClearNight,15,0,0,0.35,0,-80,0,0,0,0
132,217,RouteScenario_217,Completed,Town01,0,0,0,0,0,0,0,0,0,90,0,0,0,0,50,15,0,0,0.349999994039536,vehicle.bmw.isetta,"[0, 0, 0]",4,,hero,True,70,130.30642004913,2579,10,100,100,1,177,144,129.10000192374,492.897908449173,none,WetCloudySunset,90,0,50,0.35,0,15,0,0,0,0
133,218,RouteScenario_218,Completed,Town01,0,0,0,0,0,0,0,0,0,90,0,0,0,0,50,-80,225,0,0.349999994039536,vehicle.bmw.isetta,"[0, 0, 0]",4,,hero,True,70,216.370003106786,3013,10,100,100,1,176,146,150.800002247095,589.624615907669,none,WetCloudyNight,90,0,50,0.35,225,-80,0,0,0,0
134,219,RouteScenario_219,Completed,Town01,0,0,0,0,0,0,0,0,0,15,0,0,0,0,0,-80,0,0,0.349999994039536,vehicle.bmw.isetta,"[0, 0, 0]",4,,hero,True,70,97.7799995055068,1829,10,100,100,1,177,145,91.6000013649464,418.744152545929,none,ClearNight,15,0,0,0.35,0,-80,0,0,0,0
135,22,RouteScenario_22,Failed,Town01,0,0,0,0,1,0,0,0,0,90,0,0,0,15,50,-80,270,0,0.349999994039536,vehicle.bmw.isetta,"[0, 0, 0]",4,,hero,True,70,91.2165058038567,1456,10,71.1136126541408,49.7795288578985,0.7,177,144,72.9500010870397,270.200333595276,red_light,SoftRainNight,90,15,50,0.35,270,-80,0,0,0,0
136,220,RouteScenario_220,Completed,Town01,0,0,0,0,0,0,0,0,0,80,0,0,0,0,0,15,270,0,0.349999994039536,vehicle.bmw.isetta,"[0, 0, 0]",4,,hero,True,70,153.947210454538,3662,10,100,100,1,177,145,183.250002730638,768.543867349625,none,CloudySunset,80,0,0,0.35,270,15,0,0,0,0
137,221,RouteScenario_221,Completed,Town01,0,0,0,0,0,0,0,0,0,80,0,0,0,30,50,15,270,0,0.400000005960465,vehicle.bmw.isetta,"[0, 0, 0]",4,,hero,True,70,119.900140564025,2520,10,100,100,1,176,141,126.150001879782,439.73579287529,none,MidRainSunset,80,30,50,0.4,270,15,0,0,0,0
138,222,RouteScenario_222,Completed,Town01,0,0,0,0,0,0,0,0,0,80,0,0,0,0,0,75,45,0,0.349999994039536,vehicle.bmw.isetta,"[0, 0, 0]",4,,hero,True,70,238.732405517393,2345,10,100,100,1,177,144,117.400001749396,468.707650184631,none,CloudyNoon,80,0,0,0.35,45,75,0,0,0,0
139,223,RouteScenario_223,Completed,Town01,0,0,0,0,0,0,0,0,0,80,0,0,0,30,50,75,0,0,0.400000005960465,vehicle.bmw.isetta,"[0, 0, 0]",4,,hero,True,70,151.871539752102,5626,10,100,100,1,177,144,281.450004193932,1147.32180070877,none,MidRainyNoon,80,30,50,0.4,0,75,0,0,0,0
140,224,RouteScenario_224,Completed,Town01,0,0,0,0,0,0,0,0,0,80,0,0,0,0,0,-80,45,0,0.349999994039536,vehicle.bmw.isetta,"[0, 0, 0]",4,,hero,True,70,247.738424902935,3865,10,100,100,1,177,139,193.400002881884,626.311389684677,none,CloudyNight,80,0,0,0.35,45,-80,0,0,0,0
141,225,RouteScenario_225,Completed,Town01,0,0,0,0,0,0,0,0,0,15,0,0,0,0,0,-80,0,0,0.349999994039536,vehicle.bmw.isetta,"[0, 0, 0]",4,,hero,True,70,278.851717914067,3624,10,100,100,1,177,146,181.350002702326,733.741390228272,none,ClearNight,15,0,0,0.35,0,-80,0,0,0,0
142,226,RouteScenario_226,Failed - Agent got blocked,Town01,0,0,0,0,0,0,0,0,1,20,0,0,0,0,50,-80,225,0,0.349999994039536,vehicle.bmw.isetta,"[0, 0, 0]",4,,hero,True,70,13.0665590923446,9353,10,97.8131664043697,97.8131664043697,1,177,143,467.800006970763,1826.43503522873,none,WetNight,20,0,50,0.35,225,-80,0,0,0,0
143,227,RouteScenario_227,Completed,Town01,0,0,0,0,0,0,0,0,0,20,0,0,0,0,50,-80,225,0,0.349999994039536,vehicle.bmw.isetta,"[0, 0, 0]",4,,hero,True,70,133.651681330554,2047,10,100,100,1,177,144,102.500001527369,353.246205568314,none,WetNight,20,0,50,0.35,225,-80,0,0,0,0
144,228,RouteScenario_228,Completed,Town01,0,0,0,0,0,0,0,0,0,90,0,0,0,15,50,15,270,0,0.349999994039536,vehicle.bmw.isetta,"[0, 0, 0]",4,,hero,True,70,115.965214032807,3158,10,100,100,1,177,145,158.050002355129,607.089188814163,none,SoftRainSunset,90,15,50,0.35,270,15,0,0,0,0
145,229,RouteScenario_229,Completed,Town01,0,0,0,0,0,0,0,0,0,90,0,0,0,15,50,15,270,0,0.349999994039536,vehicle.bmw.isetta,"[0, 0, 0]",4,,hero,True,70,185.93342229435,1580,10,100,100,1,177,141,79.1500011794269,290.183914422989,none,SoftRainSunset,90,15,50,0.35,270,15,0,0,0,0
146,23,RouteScenario_23,Completed,Town01,0,0,0,0,0,0,0,0,0,90,0,0,0,60,100,-80,225,0,1,vehicle.bmw.isetta,"[0, 0, 0]",4,,hero,True,70,167.384861200285,821,10,100,100,1,176,143,41.2000006139278,166.362837314606,none,HardRainNight,90,60,100,1,225,-80,0,0,0,0
147,230,RouteScenario_230,Failed - Agent got blocked,Town01,0,0,0,0,0,0,0,0,1,20,0,0,0,0,50,-80,225,0,0.349999994039536,vehicle.bmw.isetta,"[0, 0, 0]",4,,hero,True,70,251.157314248783,11221,10,97.8879863180266,97.8879863180266,1,177,141,561.200008362532,1890.63694691658,none,WetNight,20,0,50,0.35,225,-80,0,0,0,0
148,231,RouteScenario_231,Completed,Town01,0,0,0,0,0,0,0,0,0,80,0,0,0,30,50,15,270,0,0.400000005960465,vehicle.bmw.isetta,"[0, 0, 0]",4,,hero,True,70,97.419582260214,1255,10,100,100,1,177,143,62.900000937283,256.372845172882,none,MidRainSunset,80,30,50,0.4,270,15,0,0,0,0
149,232,RouteScenario_232,Failed - Agent timed out,Town01,0,0,0,0,0,0,1,0,0,90,0,0,0,0,50,15,0,0,0.349999994039536,vehicle.bmw.isetta,"[0, 0, 0]",4,,hero,True,70,54.1076233142699,5298,10,95.18135602811,95.18135602811,1,177,145,265.050003949553,1482.24484634399,none,WetCloudySunset,90,0,50,0.35,0,15,0,0,0,0
150,233,RouteScenario_233,Completed,Town01,0,0,0,0,0,0,0,0,0,80,0,0,0,0,0,15,270,0,0.349999994039536,vehicle.bmw.isetta,"[0, 0, 0]",4,,hero,True,70,121.65021018506,2126,10,100,100,1,176,148,106.450001586229,374.699048519135,none,CloudySunset,80,0,0,0.35,270,15,0,0,0,0
151,234,RouteScenario_234,Completed,Town01,0,0,0,0,0,0,0,0,0,90,0,0,0,15,50,-80,270,0,0.349999994039536,vehicle.bmw.isetta,"[0, 0, 0]",4,,hero,True,70,218.046500423321,4099,10,100,100,1,176,146,205.100003056228,700.714855194092,none,SoftRainNight,90,15,50,0.35,270,-80,0,0,0,0
152,235,RouteScenario_235,Completed,Town01,0,0,0,0,0,0,0,0,0,15,0,0,0,0,0,75,0,0,0.349999994039536,vehicle.bmw.isetta,"[0, 0, 0]",4,,hero,True,70,136.806291500404,1065,10,100,100,1,177,148,53.400000795722,238.704981327057,none,ClearNoon,15,0,0,0.35,0,75,0,0,0,0
153,236,RouteScenario_236,Completed,Town01,0,0,0,0,0,0,0,0,0,80,0,0,0,0,0,-80,45,0,0.349999994039536,vehicle.bmw.isetta,"[0, 0, 0]",4,,hero,True,70,177.634386549981,1377,10,100,100,1,177,145,69.0000010281801,268.282951116562,none,CloudyNight,80,0,0,0.35,45,-80,0,0,0,0
154,237,RouteScenario_237,Completed,Town01,0,0,0,0,0,0,0,0,0,15,0,0,0,0,0,15,45,0,0.349999994039536,vehicle.bmw.isetta,"[0, 0, 0]",4,,hero,True,70,66.9038983238103,1330,10,100,100,1,177,145,66.6500009931624,281.054600954056,none,ClearSunset,15,0,0,0.35,45,15,0,0,0,0
155,238,RouteScenario_238,Completed,Town01,0,0,0,0,0,0,0,0,0,90,0,0,0,15,50,15,270,0,0.349999994039536,vehicle.bmw.isetta,"[0, 0, 0]",4,,hero,True,70,273.340785625581,4084,10,100,100,1,177,139,204.350003045052,798.531463623047,none,SoftRainSunset,90,15,50,0.35,270,15,0,0,0,0
156,239,RouteScenario_239,Completed,Town01,0,0,0,0,0,0,0,0,0,80,0,0,0,30,50,75,0,0,0.400000005960465,vehicle.bmw.isetta,"[0, 0, 0]",4,,hero,True,70,98.3758070779555,2067,10,100,100,1,177,147,103.50000154227,368.664331436157,none,MidRainyNoon,80,30,50,0.4,0,75,0,0,0,0
157,24,RouteScenario_24,Completed,Town01,0,0,0,0,0,0,0,0,0,90,0,0,0,0,50,-80,225,0,0.349999994039536,vehicle.bmw.isetta,"[0, 0, 0]",4,,hero,True,70,75.509947236394,525,10,100,100,1,177,147,26.4000003933907,94.7336120605469,none,WetCloudyNight,90,0,50,0.35,225,-80,0,0,0,0
158,240,RouteScenario_240,Completed,Town01,0,0,0,0,0,0,0,0,0,15,0,0,0,0,0,-80,0,0,0.349999994039536,vehicle.bmw.isetta,"[0, 0, 0]",4,,hero,True,70,215.692967777201,3202,10,100,100,1,177,145,160.250002387911,607.139618873596,none,ClearNight,15,0,0,0.35,0,-80,0,0,0,0
159,241,RouteScenario_241,Completed,Town01,0,0,0,0,0,0,0,0,0,80,0,0,0,0,0,-80,45,0,0.349999994039536,vehicle.bmw.isetta,"[0, 0, 0]",4,,hero,True,70,127.994891554042,3748,10,100,100,1,176,146,187.550002794713,723.145883798599,none,CloudyNight,80,0,0,0.35,45,-80,0,0,0,0
160,242,RouteScenario_242,Completed,Town01,0,0,0,0,0,0,0,0,0,90,0,0,0,60,100,75,90,0,1,vehicle.bmw.isetta,"[0, 0, 0]",4,,hero,True,70,113.542862585129,654,10,100,100,1,177,143,32.8500004895031,120.838366985321,none,HardRainNoon,90,60,100,1,90,75,0,0,0,0
161,243,RouteScenario_243,Completed,Town01,0,0,0,0,0,0,0,0,0,20,0,0,0,0,50,15,270,0,0.349999994039536,vehicle.bmw.isetta,"[0, 0, 0]",4,,hero,True,70,77.7067916710022,731,10,100,100,1,176,146,36.7000005468726,115.414496898651,none,WetSunset,20,0,50,0.35,270,15,0,0,0,0
162,244,RouteScenario_244,Completed,Town01,0,0,0,0,0,0,0,0,0,90,0,0,0,60,100,75,90,0,1,vehicle.bmw.isetta,"[0, 0, 0]",4,,hero,True,70,128.000416354097,4191,10,100,100,1,177,143,209.700003124773,845.75853896141,none,HardRainNoon,90,60,100,1,90,75,0,0,0,0
163,245,RouteScenario_245,Failed - Agent got blocked,Town01,0,0,0,0,0,0,0,0,1,90,0,0,0,0,50,75,180,0,0.349999994039536,vehicle.bmw.isetta,"[0, 0, 0]",4,,hero,True,70,63.6139636647673,6785,10,98.7291970727536,98.7291970727536,1,177,143,339.400005057454,1664.45053601265,none,WetCloudyNoon,90,0,50,0.35,180,75,0,0,0,0
164,246,RouteScenario_246,Completed,Town01,0,0,0,0,0,0,0,0,0,15,0,0,0,0,0,15,45,0,0.349999994039536,vehicle.bmw.isetta,"[0, 0, 0]",4,,hero,True,70,210.357197744737,2202,10,100,100,1,177,141,110.250001642853,383.023962020874,none,ClearSunset,15,0,0,0.35,45,15,0,0,0,0
165,247,RouteScenario_247,Failed - Agent got blocked,Town01,0,0,0,0,0,0,0,0,1,80,0,0,0,0,0,-80,45,0,0.349999994039536,vehicle.bmw.isetta,"[0, 0, 0]",4,,hero,True,70,218.172794939596,13394,10,98.6359204101926,98.6359204101926,1,177,145,669.850009981543,2623.33520102501,none,CloudyNight,80,0,0,0.35,45,-80,0,0,0,0
166,248,RouteScenario_248,Completed,Town01,0,0,0,0,0,0,0,0,0,90,0,0,0,0,50,75,180,0,0.349999994039536,vehicle.bmw.isetta,"[0, 0, 0]",4,,hero,True,70,114.138309228257,2153,10,100,100,1,177,141,107.800001606345,418.208522319794,none,WetCloudyNoon,90,0,50,0.35,180,75,0,0,0,0
167,249,RouteScenario_249,Completed,Town01,0,0,0,0,0,0,0,0,0,15,0,0,0,0,0,75,0,0,0.349999994039536,vehicle.bmw.isetta,"[0, 0, 0]",4,,hero,True,70,91.5848828385856,911,10,100,100,1,177,147,45.7000006809831,169.077035903931,none,ClearNoon,15,0,0,0.35,0,75,0,0,0,0
168,25,RouteScenario_25,Failed - Agent timed out,Town01,0,0,0,0,0,0,1,0,0,80,0,0,0,30,50,15,270,0,0.400000005960465,vehicle.bmw.isetta,"[0, 0, 0]",4,,hero,True,70,127.5593661832,11418,10,95.9860762696467,95.9860762696467,1,177,142,571.050008509308,2370.5278775692,none,MidRainSunset,80,30,50,0.4,270,15,0,0,0,0
169,250,RouteScenario_250,Completed,Town01,0,0,0,0,0,0,0,0,0,80,0,0,0,30,50,75,0,0,0.400000005960465,vehicle.bmw.isetta,"[0, 0, 0]",4,,hero,True,70,153.806218665598,4529,10,100,100,1,177,143,226.600003376603,1281.38775134087,none,MidRainyNoon,80,30,50,0.4,0,75,0,0,0,0
170,251,RouteScenario_251,Completed,Town01,0,0,0,0,0,0,0,0,0,20,0,0,0,0,50,-80,225,0,0.349999994039536,vehicle.bmw.isetta,"[0, 0, 0]",4,,hero,True,70,230.507049287893,4128,10,100,100,1,177,142,206.550003077835,949.713797807694,none,WetNight,20,0,50,0.35,225,-80,0,0,0,0
171,252,RouteScenario_252,Completed,Town01,0,0,0,0,0,0,0,0,0,80,0,0,0,0,0,75,45,0,0.349999994039536,vehicle.bmw.isetta,"[0, 0, 0]",4,,hero,True,70,155.212712082353,3445,10,100,100,1,177,143,172.40000256896,632.207626342774,none,CloudyNoon,80,0,0,0.35,45,75,0,0,0,0
172,253,RouteScenario_253,Completed,Town01,0,0,0,0,0,0,0,0,0,20,0,0,0,0,50,75,45,0,0.349999994039536,vehicle.bmw.isetta,"[0, 0, 0]",4,,hero,True,70,68.4523629625708,1327,10,100,100,1,177,145,66.5000009909272,243.585818767548,none,WetNoon,20,0,50,0.35,45,75,0,0,0,0
173,254,RouteScenario_254,Completed,Town01,0,0,0,0,0,0,0,0,0,20,0,0,0,0,50,15,270,0,0.349999994039536,vehicle.bmw.isetta,"[0, 0, 0]",4,,hero,True,70,289.718920322031,2908,10,100,100,1,177,148,145.550002168864,489.554880619049,none,WetSunset,20,0,50,0.35,270,15,0,0,0,0
174,255,RouteScenario_255,Completed,Town01,0,0,0,0,0,0,0,0,0,90,0,0,0,0,50,75,180,0,0.349999994039536,vehicle.bmw.isetta,"[0, 0, 0]",4,,hero,True,70,255.723845925959,4344,10,100,100,1,177,146,217.350003238767,924.482804059982,none,WetCloudyNoon,90,0,50,0.35,180,75,0,0,0,0
175,256,RouteScenario_256,Completed,Town01,0,0,0,0,0,0,0,0,0,90,0,0,0,0,50,15,0,0,0.349999994039536,vehicle.bmw.isetta,"[0, 0, 0]",4,,hero,True,70,62.4413475635412,1017,10,100,100,1,177,145,51.0000007599592,196.998664617538,none,WetCloudySunset,90,0,50,0.35,0,15,0,0,0,0
176,257,RouteScenario_257,Completed,Town01,0,0,0,0,0,0,0,0,0,80,0,0,0,0,0,-80,45,0,0.349999994039536,vehicle.bmw.isetta,"[0, 0, 0]",4,,hero,True,70,107.609148812024,1192,10,100,100,1,177,147,59.7500008903444,204.04151892662,none,CloudyNight,80,0,0,0.35,45,-80,0,0,0,0
177,258,RouteScenario_258,Completed,Town01,0,0,0,0,0,0,0,0,0,80,0,0,0,60,100,15,0,0,1,vehicle.bmw.isetta,"[0, 0, 0]",4,,hero,True,70,160.695677274841,4279,10,100,100,1,176,144,214.100003190339,870.581516981125,none,HardRainSunset,80,60,100,1,0,15,0,0,0,0
178,259,RouteScenario_259,Completed,Town01,0,0,0,0,0,0,0,0,0,15,0,0,0,0,0,15,45,0,0.349999994039536,vehicle.bmw.isetta,"[0, 0, 0]",4,,hero,True,70,84.0000079075495,1567,10,100,100,1,176,144,78.5000011697412,283.495700597763,none,ClearSunset,15,0,0,0.35,45,15,0,0,0,0
179,26,RouteScenario_26,Completed,Town01,0,0,0,0,0,0,0,0,0,90,0,0,0,60,100,75,90,0,1,vehicle.bmw.isetta,"[0, 0, 0]",4,,hero,True,70,135.980859649104,1007,10,100,100,1,177,145,50.5000007525086,194.503302574158,none,HardRainNoon,90,60,100,1,90,75,0,0,0,0
180,260,RouteScenario_260,Completed,Town01,0,0,0,0,0,0,0,0,0,15,0,0,0,0,0,-80,0,0,0.349999994039536,vehicle.bmw.isetta,"[0, 0, 0]",4,,hero,True,70,187.184008135511,1598,10,100,100,1,177,147,80.050001192838,316.344896316528,none,ClearNight,15,0,0,0.35,0,-80,0,0,0,0
181,261,RouteScenario_261,Completed,Town01,0,0,0,0,0,0,0,0,0,90,0,0,0,60,100,-80,225,0,1,vehicle.bmw.isetta,"[0, 0, 0]",4,,hero,True,70,198.150853457419,1708,10,100,100,1,177,148,85.5500012747944,334.394097805023,none,HardRainNight,90,60,100,1,225,-80,0,0,0,0
182,262,RouteScenario_262,Completed,Town01,0,0,0,0,0,0,0,0,0,80,0,0,0,0,0,15,270,0,0.349999994039536,vehicle.bmw.isetta,"[0, 0, 0]",4,,hero,True,70,149.370262879445,900,10,100,100,1,177,146,45.1500006727874,185.37868475914,none,CloudySunset,80,0,0,0.35,270,15,0,0,0,0
183,263,RouteScenario_263,Completed,Town01,0,0,0,0,0,0,0,0,0,80,0,0,0,30,50,15,270,0,0.400000005960465,vehicle.bmw.isetta,"[0, 0, 0]",4,,hero,True,70,78.1490988795936,3292,10,100,100,1,176,144,164.750002454966,638.240194559097,none,MidRainSunset,80,30,50,0.4,270,15,0,0,0,0
184,264,RouteScenario_264,Completed,Town01,0,0,0,0,0,0,0,0,0,90,0,0,0,0,50,15,0,0,0.349999994039536,vehicle.bmw.isetta,"[0, 0, 0]",4,,hero,True,70,169.637952732392,926,10,100,100,1,177,141,46.4500006921589,190.467660903931,none,WetCloudySunset,90,0,50,0.35,0,15,0,0,0,0
185,265,RouteScenario_265,Completed,Town01,0,0,0,0,0,0,0,0,0,90,0,0,0,0,50,15,0,0,0.349999994039536,vehicle.bmw.isetta,"[0, 0, 0]",4,,hero,True,70,201.753019772116,3865,10,100,100,1,177,146,193.400002881884,738.867893695831,none,WetCloudySunset,90,0,50,0.35,0,15,0,0,0,0
186,266,RouteScenario_266,Completed,Town01,0,0,0,0,0,0,0,0,0,80,0,0,0,0,0,75,45,0,0.349999994039536,vehicle.bmw.isetta,"[0, 0, 0]",4,,hero,True,70,84.7396502314858,1367,10,100,100,1,177,148,68.5000010207295,355.398573875427,none,CloudyNoon,80,0,0,0.35,45,75,0,0,0,0
187,267,RouteScenario_267,Completed,Town01,0,0,0,0,0,0,0,0,0,90,0,0,0,15,50,75,315,0,0.349999994039536,vehicle.bmw.isetta,"[0, 0, 0]",4,,hero,True,70,199.613936782837,1474,10,100,100,1,177,145,73.8500011004508,297.677593231201,none,SoftRainNoon,90,15,50,0.35,315,75,0,0,0,0
188,268,RouteScenario_268,Failed - Agent got blocked,Town01,0,0,0,0,0,0,0,0,1,90,0,0,0,0,50,15,0,0,0.349999994039536,vehicle.bmw.isetta,"[0, 0, 0]",4,,hero,True,70,231.035249317076,9657,10,98.3834092739907,98.3834092739907,1,177,142,483.000007197261,1633.41999769211,none,WetCloudySunset,90,0,50,0.35,0,15,0,0,0,0
189,269,RouteScenario_269,Completed,Town01,0,0,0,0,0,0,0,0,0,15,0,0,0,0,0,-80,0,0,0.349999994039536,vehicle.bmw.isetta,"[0, 0, 0]",4,,hero,True,70,224.450809374766,2953,10,100,100,1,176,145,147.800002202392,641.883790493012,none,ClearNight,15,0,0,0.35,0,-80,0,0,0,0
190,27,RouteScenario_27,Completed,Town01,0,0,0,0,0,0,0,0,0,15,0,0,0,0,0,75,0,0,0.349999994039536,vehicle.bmw.isetta,"[0, 0, 0]",4,,hero,True,70,160.591741147415,5007,10,100,100,1,176,141,250.500003732741,871.559512615204,none,ClearNoon,15,0,0,0.35,0,75,0,0,0,0
191,270,RouteScenario_270,Completed,Town01,0,0,0,0,0,0,0,0,0,90,0,0,0,60,100,75,90,0,1,vehicle.bmw.isetta,"[0, 0, 0]",4,,hero,True,70,175.090005990727,2655,10,100,100,1,177,150,132.900001980364,567.420943498611,none,HardRainNoon,90,60,100,1,90,75,0,0,0,0
192,271,RouteScenario_271,Completed,Town01,0,0,0,0,0,0,0,0,0,80,0,0,0,0,0,-80,45,0,0.349999994039536,vehicle.bmw.isetta,"[0, 0, 0]",4,,hero,True,70,105.725927879123,1115,10,100,100,1,177,144,55.9000008329749,268.367075920105,none,CloudyNight,80,0,0,0.35,45,-80,0,0,0,0
193,272,RouteScenario_272,Completed,Town01,0,0,0,0,0,0,0,0,0,90,0,0,0,60,100,75,90,0,1,vehicle.bmw.isetta,"[0, 0, 0]",4,,hero,True,70,242.250000006001,3616,10,100,100,1,176,141,180.950002696365,642.603647708893,none,HardRainNoon,90,60,100,1,90,75,0,0,0,0
194,273,RouteScenario_273,Completed,Town01,0,0,0,0,0,0,0,0,0,80,0,0,0,0,0,75,45,0,0.349999994039536,vehicle.bmw.isetta,"[0, 0, 0]",4,,hero,True,70,60.4171575517384,1544,10,100,100,1,177,147,77.3500011526048,272.978648424149,none,CloudyNoon,80,0,0,0.35,45,75,0,0,0,0
195,274,RouteScenario_274,Failed,Town01,0,0,0,0,1,0,0,0,0,20,0,0,0,0,50,15,270,0,0.349999994039536,vehicle.bmw.isetta,"[0, 0, 0]",4,,hero,True,70,124.267165644625,852,10,50.0828325342679,35.0579827739875,0.7,177,148,42.7500006370246,157.858702659607,red_light,WetSunset,20,0,50,0.35,270,15,0,0,0,0
196,275,RouteScenario_275,Completed,Town01,0,0,0,0,0,0,0,0,0,80,0,0,0,30,50,75,0,0,0.400000005960465,vehicle.bmw.isetta,"[0, 0, 0]",4,,hero,True,70,246.33762466759,4856,10,100,100,1,177,140,242.950003620237,931.222044229508,none,MidRainyNoon,80,30,50,0.4,0,75,0,0,0,0
197,276,RouteScenario_276,Completed,Town01,0,0,0,0,0,0,0,0,0,90,0,0,0,0,50,15,0,0,0.349999994039536,vehicle.bmw.isetta,"[0, 0, 0]",4,,hero,True,70,181.734017212836,1512,10,100,100,1,176,145,75.750001128763,268.059594869614,none,WetCloudySunset,90,0,50,0.35,0,15,0,0,0,0
198,277,RouteScenario_277,Completed,Town01,0,0,0,0,0,0,0,0,0,80,0,0,0,0,0,-80,45,0,0.349999994039536,vehicle.bmw.isetta,"[0, 0, 0]",4,,hero,True,70,61.7544581174403,4911,10,100,100,1,176,139,245.700003661215,1011.91045165062,none,CloudyNight,80,0,0,0.35,45,-80,0,0,0,0
199,278,RouteScenario_278,Failed,Town01,0,0,1,0,0,0,0,0,0,80,0,0,0,30,50,-80,225,0,0.400000005960465,vehicle.bmw.isetta,"[0, 0, 0]",4,,hero,True,70,139.146889123051,4473,10,98.2525952594941,58.9515571556965,0.6,177,144,223.80000333488,812.371388673782,collisions_vehicle,MidRainyNight,80,30,50,0.4,225,-80,0,0,0,0
200,279,RouteScenario_279,Completed,Town01,0,0,0,0,0,0,0,0,0,80,0,0,0,30,50,75,0,0,0.400000005960465,vehicle.bmw.isetta,"[0, 0, 0]",4,,hero,True,70,92.6246589070026,399,10,100,100,1,177,148,20.1000002995133,85.4408185482025,none,MidRainyNoon,80,30,50,0.4,0,75,0,0,0,0
201,28,RouteScenario_28,Completed,Town01,0,0,0,0,0,0,0,0,0,15,0,0,0,0,0,-80,0,0,0.349999994039536,vehicle.bmw.isetta,"[0, 0, 0]",4,,hero,True,70,174.256976751145,2415,10,100,100,1,177,146,120.90000180155,499.852340459824,none,ClearNight,15,0,0,0.35,0,-80,0,0,0,0
202,280,RouteScenario_280,Completed,Town01,0,0,0,0,0,0,0,0,0,80,0,0,0,0,0,-80,45,0,0.349999994039536,vehicle.bmw.isetta,"[0, 0, 0]",4,,hero,True,70,183.970323914514,1585,10,100,100,1,177,150,79.4000011831522,280.747770309448,none,CloudyNight,80,0,0,0.35,45,-80,0,0,0,0
203,281,RouteScenario_281,Completed,Town01,0,0,0,0,0,0,0,0,0,90,0,0,0,0,50,15,0,0,0.349999994039536,vehicle.bmw.isetta,"[0, 0, 0]",4,,hero,True,70,202.183084241185,2861,10,100,100,1,177,145,143.200002133846,500.033431768417,none,WetCloudySunset,90,0,50,0.35,0,15,0,0,0,0
204,282,RouteScenario_282,Completed,Town01,0,0,0,0,0,0,0,0,0,20,0,0,0,0,50,-80,225,0,0.349999994039536,vehicle.bmw.isetta,"[0, 0, 0]",4,,hero,True,70,152.86000559795,1998,10,100,100,1,177,140,100.050001490861,409.916687250137,none,WetNight,20,0,50,0.35,225,-80,0,0,0,0
205,283,RouteScenario_283,Completed,Town01,0,0,0,0,0,0,0,0,0,90,0,0,0,0,50,-80,225,0,0.349999994039536,vehicle.bmw.isetta,"[0, 0, 0]",4,,hero,True,70,69.9640960845576,2450,10,100,100,1,177,149,122.650001827627,495.553079605103,none,WetCloudyNight,90,0,50,0.35,225,-80,0,0,0,0
206,284,RouteScenario_284,Completed,Town01,0,0,0,0,0,0,0,0,0,90,0,0,0,0,50,75,180,0,0.349999994039536,vehicle.bmw.isetta,"[0, 0, 0]",4,,hero,True,70,160.564964787865,2635,10,100,100,1,177,145,131.900001965463,496.589290380478,none,WetCloudyNoon,90,0,50,0.35,180,75,0,0,0,0
207,285,RouteScenario_285,Completed,Town01,0,0,0,0,0,0,0,0,0,80,0,0,0,60,100,15,0,0,1,vehicle.bmw.isetta,"[0, 0, 0]",4,,hero,True,70,144.414208655793,3687,10,100,100,1,177,147,184.500002749264,797.92583489418,none,HardRainSunset,80,60,100,1,0,15,0,0,0,0
208,286,RouteScenario_286,Completed,Town01,0,0,0,0,0,0,0,0,0,80,0,0,0,30,50,75,0,0,0.400000005960465,vehicle.bmw.isetta,"[0, 0, 0]",4,,hero,True,70,141.259686307632,872,10,100,100,1,177,143,43.7500006519258,159.553620100021,none,MidRainyNoon,80,30,50,0.4,0,75,0,0,0,0
209,287,RouteScenario_287,Completed,Town01,0,0,0,0,0,0,0,0,0,90,0,0,0,0,50,15,0,0,0.349999994039536,vehicle.bmw.isetta,"[0, 0, 0]",4,,hero,True,70,250.703348969534,4051,10,100,100,1,177,146,202.700003020465,751.073859214783,none,WetCloudySunset,90,0,50,0.35,0,15,0,0,0,0
210,288,RouteScenario_288,Completed,Town01,0,0,0,0,0,0,0,0,0,90,0,0,0,15,50,-80,270,0,0.349999994039536,vehicle.bmw.isetta,"[0, 0, 0]",4,,hero,True,70,94.0007193802161,559,10,100,100,1,177,148,28.1000004187226,94.9926946163178,none,SoftRainNight,90,15,50,0.35,270,-80,0,0,0,0
211,289,RouteScenario_289,Completed,Town01,0,0,0,0,0,0,0,0,0,90,0,0,0,0,50,-80,225,0,0.349999994039536,vehicle.bmw.isetta,"[0, 0, 0]",4,,hero,True,70,78.5238491600036,1867,10,100,100,1,177,139,93.5000013932586,279.343566894531,none,WetCloudyNight,90,0,50,0.35,225,-80,0,0,0,0
212,29,RouteScenario_29,Completed,Town01,0,0,0,0,0,0,0,0,0,15,0,0,0,0,0,-80,0,0,0.349999994039536,vehicle.bmw.isetta,"[0, 0, 0]",4,,hero,True,70,103.998671411552,586,10,100,100,1,177,148,29.4500004388392,107.758281469345,none,ClearNight,15,0,0,0.35,0,-80,0,0,0,0
213,290,RouteScenario_290,Completed,Town01,0,0,0,0,0,0,0,0,0,20,0,0,0,0,50,15,270,0,0.349999994039536,vehicle.bmw.isetta,"[0, 0, 0]",4,,hero,True,70,59.412759855584,372,10,100,100,1,177,142,18.7500002793968,80.3928465843201,none,WetSunset,20,0,50,0.35,270,15,0,0,0,0
214,291,RouteScenario_291,Failed - Agent got blocked,Town01,0,0,0,0,0,0,0,0,1,90,0,0,0,15,50,15,270,0,0.349999994039536,vehicle.bmw.isetta,"[0, 0, 0]",4,,hero,True,70,220.346054563856,9685,10,98.4889021335548,98.4889021335548,1,177,142,484.400007218123,1717.14164400101,none,SoftRainSunset,90,15,50,0.35,270,15,0,0,0,0
215,292,RouteScenario_292,Completed,Town01,0,0,0,0,0,0,0,0,0,20,0,0,0,0,50,15,270,0,0.349999994039536,vehicle.bmw.isetta,"[0, 0, 0]",4,,hero,True,70,91.1636744338956,4313,10,100,100,1,177,146,215.800003215671,892.316583395004,none,WetSunset,20,0,50,0.35,270,15,0,0,0,0
216,293,RouteScenario_293,Completed,Town01,0,0,0,0,0,0,0,0,0,80,0,0,0,60,100,15,0,0,1,vehicle.bmw.isetta,"[0, 0, 0]",4,,hero,True,70,126.580024915554,2599,10,100,100,1,177,149,130.100001938641,496.156639099121,none,HardRainSunset,80,60,100,1,0,15,0,0,0,0
217,294,RouteScenario_294,Completed,Town01,0,0,0,0,0,0,0,0,0,80,0,0,0,60,100,15,0,0,1,vehicle.bmw.isetta,"[0, 0, 0]",4,,hero,True,70,115.7899800804,899,10,100,100,1,177,146,45.1000006720424,156.70279955864,none,HardRainSunset,80,60,100,1,0,15,0,0,0,0
218,295,RouteScenario_295,Completed,Town01,0,0,0,0,0,0,0,0,0,80,0,0,0,0,0,75,45,0,0.349999994039536,vehicle.bmw.isetta,"[0, 0, 0]",4,,hero,True,70,199.061184542531,1135,10,100,100,1,177,144,56.9000008478761,223.86986207962,none,CloudyNoon,80,0,0,0.35,45,75,0,0,0,0
219,296,RouteScenario_296,Completed,Town01,0,0,0,0,0,0,0,0,0,20,0,0,0,0,50,15,270,0,0.349999994039536,vehicle.bmw.isetta,"[0, 0, 0]",4,,hero,True,70,39.5129832784647,4349,10,100,100,1,177,147,217.600003242493,871.628512620926,none,WetSunset,20,0,50,0.35,270,15,0,0,0,0
220,297,RouteScenario_297,Completed,Town01,0,0,0,0,0,0,0,0,0,80,0,0,0,0,0,75,45,0,0.349999994039536,vehicle.bmw.isetta,"[0, 0, 0]",4,,hero,True,70,134.825166459177,2553,10,100,100,1,177,147,127.800001904368,467.168603181839,none,CloudyNoon,80,0,0,0.35,45,75,0,0,0,0
221,298,RouteScenario_298,Completed,Town01,0,0,0,0,0,0,0,0,0,15,0,0,0,0,0,15,45,0,0.349999994039536,vehicle.bmw.isetta,"[0, 0, 0]",4,,hero,True,70,176.044735646727,3372,10,100,100,1,177,146,168.750002514571,696.59775185585,none,ClearSunset,15,0,0,0.35,45,15,0,0,0,0
222,299,RouteScenario_299,Completed,Town01,0,0,0,0,0,0,0,0,0,90,0,0,0,0,50,75,180,0,0.349999994039536,vehicle.bmw.isetta,"[0, 0, 0]",4,,hero,True,70,97.4614643017662,1734,10,100,100,1,176,146,86.8500012941658,313.754573822021,none,WetCloudyNoon,90,0,50,0.35,180,75,0,0,0,0
223,3,RouteScenario_3,Completed,Town01,0,0,0,0,0,0,0,0,0,80,0,0,0,0,0,75,45,0,0.349999994039536,vehicle.bmw.isetta,"[0, 0, 0]",4,,hero,True,70,85.0112894410797,2447,10,100,100,1,177,145,122.500001825392,548.390236377716,none,CloudyNoon,80,0,0,0.35,45,75,0,0,0,0
224,30,RouteScenario_30,Failed,Town01,0,0,0,0,1,0,0,0,0,80,0,0,0,30,50,75,0,0,0.400000005960465,vehicle.bmw.isetta,"[0, 0, 0]",4,,hero,True,70,84.2791168394927,62,10,0,0,0.7,177,143,3.25000004842877,12.8235578536987,red_light,MidRainyNoon,80,30,50,0.4,0,75,0,0,0,0
225,31,RouteScenario_31,Completed,Town01,0,0,0,0,0,0,0,0,0,90,0,0,0,60,100,75,90,0,1,vehicle.bmw.isetta,"[0, 0, 0]",4,,hero,True,70,67.5363625144511,4056,10,100,100,1,177,146,202.950003024191,836.311061382294,none,HardRainNoon,90,60,100,1,90,75,0,0,0,0
226,32,RouteScenario_32,Completed,Town01,0,0,0,0,0,0,0,0,0,20,0,0,0,0,50,75,45,0,0.349999994039536,vehicle.bmw.isetta,"[0, 0, 0]",4,,hero,True,70,167.999962408096,3186,10,100,100,1,176,145,159.45000237599,594.396755456924,none,WetNoon,20,0,50,0.35,45,75,0,0,0,0
227,33,RouteScenario_33,Completed,Town01,0,0,0,0,0,0,0,0,0,15,0,0,0,0,0,15,45,0,0.349999994039536,vehicle.bmw.isetta,"[0, 0, 0]",4,,hero,True,70,193.721850039984,4835,10,100,100,1,177,139,241.900003604591,982.284915924072,none,ClearSunset,15,0,0,0.35,45,15,0,0,0,0
228,34,RouteScenario_34,Completed,Town01,0,0,0,0,0,0,0,0,0,90,0,0,0,0,50,75,180,0,0.349999994039536,vehicle.bmw.isetta,"[0, 0, 0]",4,,hero,True,70,141.125936103569,2344,10,100,100,1,177,147,117.350001748651,421.940840959549,none,WetCloudyNoon,90,0,50,0.35,180,75,0,0,0,0
229,35,RouteScenario_35,Completed,Town01,0,0,0,0,0,0,0,0,0,80,0,0,0,30,50,15,270,0,0.400000005960465,vehicle.bmw.isetta,"[0, 0, 0]",4,,hero,True,70,109.397150321348,4510,10,100,100,1,177,143,225.650003362447,781.169115781784,none,MidRainSunset,80,30,50,0.4,270,15,0,0,0,0
230,36,RouteScenario_36,Completed,Town01,0,0,0,0,0,0,0,0,0,90,0,0,0,0,50,15,0,0,0.349999994039536,vehicle.bmw.isetta,"[0, 0, 0]",4,,hero,True,70,148.92514730795,3561,10,100,100,1,177,142,178.200002655387,686.904118061066,none,WetCloudySunset,90,0,50,0.35,0,15,0,0,0,0
231,37,RouteScenario_37,Completed,Town01,0,0,0,0,0,0,0,0,0,20,0,0,0,0,50,-80,225,0,0.349999994039536,vehicle.bmw.isetta,"[0, 0, 0]",4,,hero,True,70,158.688919302186,2478,10,100,100,1,177,147,124.050001848489,521.71533870697,none,WetNight,20,0,50,0.35,225,-80,0,0,0,0
232,38,RouteScenario_38,Completed,Town01,0,0,0,0,0,0,0,0,0,20,0,0,0,0,50,15,270,0,0.349999994039536,vehicle.bmw.isetta,"[0, 0, 0]",4,,hero,True,70,76.9063535155789,1362,10,100,100,1,177,143,68.2500010170043,248.779695987701,none,WetSunset,20,0,50,0.35,270,15,0,0,0,0
233,39,RouteScenario_39,Failed - Agent got blocked,Town01,0,0,0,0,0,0,0,0,1,80,0,0,0,0,0,-80,45,0,0.349999994039536,vehicle.bmw.isetta,"[0, 0, 0]",4,,hero,True,70,186.620425596569,6640,10,97.0940527352047,97.0940527352047,1,176,141,332.150004949421,1101.66225266457,none,CloudyNight,80,0,0,0.35,45,-80,0,0,0,0
234,4,RouteScenario_4,Completed,Town01,0,0,0,0,0,0,0,0,0,90,0,0,0,15,50,75,315,0,0.349999994039536,vehicle.bmw.isetta,"[0, 0, 0]",4,,hero,True,70,222.385490044924,2117,10,100,100,1,176,145,106.000001579523,440.659015655518,none,SoftRainNoon,90,15,50,0.35,315,75,0,0,0,0
235,40,RouteScenario_40,Completed,Town01,0,0,0,0,0,0,0,0,0,80,0,0,0,30,50,75,0,0,0.400000005960465,vehicle.bmw.isetta,"[0, 0, 0]",4,,hero,True,70,178.235083864772,2891,10,100,100,1,177,144,144.700002156198,722.617512941361,none,MidRainyNoon,80,30,50,0.4,0,75,0,0,0,0
236,41,RouteScenario_41,Completed,Town01,0,0,0,0,0,0,0,0,0,80,0,0,0,30,50,-80,225,0,0.400000005960465,vehicle.bmw.isetta,"[0, 0, 0]",4,,hero,True,70,78.0000161598569,1897,10,100,100,1,177,147,95.0000014156103,438.59431219101,none,MidRainyNight,80,30,50,0.4,225,-80,0,0,0,0
237,42,RouteScenario_42,Completed,Town01,0,0,0,0,0,0,0,0,0,20,0,0,0,0,50,-80,225,0,0.349999994039536,vehicle.bmw.isetta,"[0, 0, 0]",4,,hero,True,70,118.809884393332,3459,10,100,100,1,177,145,173.100002579391,709.145198583603,none,WetNight,20,0,50,0.35,225,-80,0,0,0,0
238,43,RouteScenario_43,Failed,Town01,0,0,0,0,1,0,0,0,0,20,0,0,0,0,50,15,270,0,0.349999994039536,vehicle.bmw.isetta,"[0, 0, 0]",4,,hero,True,70,179.964561912339,2362,10,97.4081463463366,68.1857024424356,0.7,177,144,118.250001762062,408.430612802506,red_light,WetSunset,20,0,50,0.35,270,15,0,0,0,0
239,44,RouteScenario_44,Completed,Town01,0,0,0,0,0,0,0,0,0,80,0,0,0,30,50,-80,225,0,0.400000005960465,vehicle.bmw.isetta,"[0, 0, 0]",4,,hero,True,70,169.50130529376,2923,10,100,100,1,177,144,146.30000218004,511.136901378632,none,MidRainyNight,80,30,50,0.4,225,-80,0,0,0,0
240,45,RouteScenario_45,Completed,Town01,0,0,0,0,0,0,0,0,0,15,0,0,0,0,0,-80,0,0,0.349999994039536,vehicle.bmw.isetta,"[0, 0, 0]",4,,hero,True,70,132.537233931117,2681,10,100,100,1,177,141,134.200001999736,477.574422597885,none,ClearNight,15,0,0,0.35,0,-80,0,0,0,0
241,46,RouteScenario_46,Completed,Town01,0,0,0,0,0,0,0,0,0,90,0,0,0,0,50,75,180,0,0.349999994039536,vehicle.bmw.isetta,"[0, 0, 0]",4,,hero,True,70,165.706907466809,4270,10,100,100,1,177,147,213.650003183633,853.865052461624,none,WetCloudyNoon,90,0,50,0.35,180,75,0,0,0,0
242,47,RouteScenario_47,Completed,Town01,0,0,0,0,0,0,0,0,0,20,0,0,0,0,50,75,45,0,0.349999994039536,vehicle.bmw.isetta,"[0, 0, 0]",4,,hero,True,70,242.20963742487,3860,10,100,100,1,177,144,193.150002878159,821.450924158096,none,WetNoon,20,0,50,0.35,45,75,0,0,0,0
243,48,RouteScenario_48,Completed,Town01,0,0,0,0,0,0,0,0,0,80,0,0,0,30,50,-80,225,0,0.400000005960465,vehicle.bmw.isetta,"[0, 0, 0]",4,,hero,True,70,243.720508976471,4094,10,100,100,1,177,146,204.850003052503,915.803906917572,none,MidRainyNight,80,30,50,0.4,225,-80,0,0,0,0
244,49,RouteScenario_49,Completed,Town01,0,0,0,0,0,0,0,0,0,90,0,0,0,60,100,75,90,0,1,vehicle.bmw.isetta,"[0, 0, 0]",4,,hero,True,70,172.47023603808,4405,10,100,100,1,177,146,220.400003284216,770.167511940003,none,HardRainNoon,90,60,100,1,90,75,0,0,0,0
245,5,RouteScenario_5,Completed,Town01,0,0,0,0,0,0,0,0,0,90,0,0,0,0,50,-80,225,0,0.349999994039536,vehicle.bmw.isetta,"[0, 0, 0]",4,,hero,True,70,215.671334600397,3649,10,100,100,1,177,143,182.600002720952,684.366176128387,none,WetCloudyNight,90,0,50,0.35,225,-80,0,0,0,0
246,50,RouteScenario_50,Completed,Town01,0,0,0,0,0,0,0,0,0,15,0,0,0,0,0,15,45,0,0.349999994039536,vehicle.bmw.isetta,"[0, 0, 0]",4,,hero,True,70,117.53109849302,1440,10,100,100,1,177,147,72.1500010751188,315.959072113037,none,ClearSunset,15,0,0,0.35,45,15,0,0,0,0
247,51,RouteScenario_51,Completed,Town01,0,0,0,0,0,0,0,0,0,15,0,0,0,0,0,15,45,0,0.349999994039536,vehicle.bmw.isetta,"[0, 0, 0]",4,,hero,True,70,236.026618294285,1513,10,100,100,1,176,146,75.800001129508,281.869490623474,none,ClearSunset,15,0,0,0.35,45,15,0,0,0,0
248,52,RouteScenario_52,Completed,Town01,0,0,0,0,0,0,0,0,0,80,0,0,0,0,0,15,270,0,0.349999994039536,vehicle.bmw.isetta,"[0, 0, 0]",4,,hero,True,70,91.7189155740634,1637,10,100,100,1,177,145,82.0000012218952,373.997567653656,none,CloudySunset,80,0,0,0.35,270,15,0,0,0,0
249,53,RouteScenario_53,Completed,Town01,0,0,0,0,0,0,0,0,0,80,0,0,0,30,50,75,0,0,0.400000005960465,vehicle.bmw.isetta,"[0, 0, 0]",4,,hero,True,70,98.3793188962888,2317,10,100,100,1,177,150,116.000001728535,482.586089134216,none,MidRainyNoon,80,30,50,0.4,0,75,0,0,0,0
250,54,RouteScenario_54,Completed,Town01,0,0,0,0,0,0,0,0,0,90,0,0,0,60,100,-80,225,0,1,vehicle.bmw.isetta,"[0, 0, 0]",4,,hero,True,70,97.6117190877154,1105,10,100,100,1,177,144,55.4000008255243,240.738504886627,none,HardRainNight,90,60,100,1,225,-80,0,0,0,0
251,55,RouteScenario_55,Completed,Town01,0,0,0,0,0,0,0,0,0,80,0,0,0,0,0,15,270,0,0.349999994039536,vehicle.bmw.isetta,"[0, 0, 0]",4,,hero,True,70,170.680552557536,2550,10,100,100,1,177,143,127.650001902133,413.178040742874,none,CloudySunset,80,0,0,0.35,270,15,0,0,0,0
252,56,RouteScenario_56,Completed,Town01,0,0,0,0,0,0,0,0,0,80,0,0,0,30,50,-80,225,0,0.400000005960465,vehicle.bmw.isetta,"[0, 0, 0]",4,,hero,True,70,88.803553562924,2579,10,100,100,1,177,148,129.10000192374,422.937953710556,none,MidRainyNight,80,30,50,0.4,225,-80,0,0,0,0
253,57,RouteScenario_57,Completed,Town01,0,0,0,0,0,0,0,0,0,80,0,0,0,0,0,-80,45,0,0.349999994039536,vehicle.bmw.isetta,"[0, 0, 0]",4,,hero,True,70,85.4917344082826,2374,10,100,100,1,177,143,118.850001771003,448.493918657303,none,CloudyNight,80,0,0,0.35,45,-80,0,0,0,0
254,58,RouteScenario_58,Completed,Town01,0,0,0,0,0,0,0,0,0,80,0,0,0,0,0,75,45,0,0.349999994039536,vehicle.bmw.isetta,"[0, 0, 0]",4,,hero,True,70,110.760657959706,1447,10,100,100,1,176,149,72.5000010803342,306.902631759644,none,CloudyNoon,80,0,0,0.35,45,75,0,0,0,0
255,59,RouteScenario_59,Completed,Town01,0,0,0,0,0,0,0,0,0,90,0,0,0,0,50,-80,225,0,0.349999994039536,vehicle.bmw.isetta,"[0, 0, 0]",4,,hero,True,70,177.857127968248,3067,10,100,100,1,177,146,153.500002287328,529.409938812256,none,WetCloudyNight,90,0,50,0.35,225,-80,0,0,0,0
256,6,RouteScenario_6,Completed,Town01,0,0,0,0,0,0,0,0,0,20,0,0,0,0,50,-80,225,0,0.349999994039536,vehicle.bmw.isetta,"[0, 0, 0]",4,,hero,True,70,81.9999806667819,703,10,100,100,1,177,142,35.300000526011,110.268091440201,none,WetNight,20,0,50,0.35,225,-80,0,0,0,0
257,60,RouteScenario_60,Failed - Agent got blocked,Town01,0,0,0,0,0,0,0,0,1,80,0,0,0,0,0,15,270,0,0.349999994039536,vehicle.bmw.isetta,"[0, 0, 0]",4,,hero,True,70,62.717139549735,5242,10,67.2696310742022,67.2696310742022,1,177,145,262.25000390783,1332.79278039932,none,CloudySunset,80,0,0,0.35,270,15,0,0,0,0
258,61,RouteScenario_61,Completed,Town01,0,0,0,0,0,0,0,0,0,80,0,0,0,30,50,15,270,0,0.400000005960465,vehicle.bmw.isetta,"[0, 0, 0]",4,,hero,True,70,181.206637504591,2019,10,100,100,1,177,139,101.100001506507,321.610683679581,none,MidRainSunset,80,30,50,0.4,270,15,0,0,0,0
259,62,RouteScenario_62,Completed,Town01,0,0,0,0,0,0,0,0,0,15,0,0,0,0,0,-80,0,0,0.349999994039536,vehicle.bmw.isetta,"[0, 0, 0]",4,,hero,True,70,192.122827172363,2266,10,100,100,1,177,143,113.450001690537,396.061635255814,none,ClearNight,15,0,0,0.35,0,-80,0,0,0,0
260,63,RouteScenario_63,Completed,Town01,0,0,0,0,0,0,0,0,0,90,0,0,0,0,50,75,180,0,0.349999994039536,vehicle.bmw.isetta,"[0, 0, 0]",4,,hero,True,70,235.904038841879,4628,10,100,100,1,177,144,231.550003450364,916.852300643921,none,WetCloudyNoon,90,0,50,0.35,180,75,0,0,0,0
261,64,RouteScenario_64,Completed,Town01,0,0,0,0,0,0,0,0,0,90,0,0,0,15,50,-80,270,0,0.349999994039536,vehicle.bmw.isetta,"[0, 0, 0]",4,,hero,True,70,156.177054868815,2648,10,100,100,1,176,143,132.550001975149,469.613875150681,none,SoftRainNight,90,15,50,0.35,270,-80,0,0,0,0
262,65,RouteScenario_65,Completed,Town01,0,0,0,0,0,0,0,0,0,90,0,0,0,15,50,75,315,0,0.349999994039536,vehicle.bmw.isetta,"[0, 0, 0]",4,,hero,True,70,203.435859527397,4910,10,100,100,1,177,149,245.65000366047,937.944860219955,none,SoftRainNoon,90,15,50,0.35,315,75,0,0,0,0
263,66,RouteScenario_66,Completed,Town01,0,0,0,0,0,0,0,0,0,80,0,0,0,0,0,15,270,0,0.349999994039536,vehicle.bmw.isetta,"[0, 0, 0]",4,,hero,True,70,111.219846834658,945,10,100,100,1,177,145,47.400000706315,172.940578937531,none,CloudySunset,80,0,0,0.35,270,15,0,0,0,0
264,67,RouteScenario_67,Completed,Town01,0,0,0,0,0,0,0,0,0,90,0,0,0,60,100,-80,225,0,1,vehicle.bmw.isetta,"[0, 0, 0]",4,,hero,True,70,234.621307071779,1315,10,100,100,1,177,143,65.9000009819865,251.118835687637,none,HardRainNight,90,60,100,1,225,-80,0,0,0,0
265,68,RouteScenario_68,Failed - Agent got blocked,Town01,0,0,0,0,0,0,0,0,1,15,0,0,0,0,0,-80,0,0,0.349999994039536,vehicle.bmw.isetta,"[0, 0, 0]",4,,hero,True,70,123.180107520798,13895,10,98.6033635278984,98.6033635278984,1,177,147,694.900010354817,2378.0717921257,none,ClearNight,15,0,0,0.35,0,-80,0,0,0,0
266,69,RouteScenario_69,Completed,Town01,0,0,0,0,0,0,0,0,0,90,0,0,0,60,100,-80,225,0,1,vehicle.bmw.isetta,"[0, 0, 0]",4,,hero,True,70,50.3572785555583,1152,10,100,100,1,177,144,57.7500008605421,220.090625762939,none,HardRainNight,90,60,100,1,225,-80,0,0,0,0
267,7,RouteScenario_7,Completed,Town01,0,0,0,0,0,0,0,0,0,80,0,0,0,0,0,75,45,0,0.349999994039536,vehicle.bmw.isetta,"[0, 0, 0]",4,,hero,True,70,89.6610007271915,2995,10,100,100,1,177,145,149.900002233684,588.763063669205,none,CloudyNoon,80,0,0,0.35,45,75,0,0,0,0
268,70,RouteScenario_70,Completed,Town01,0,0,0,0,0,0,0,0,0,15,0,0,0,0,0,-80,0,0,0.349999994039536,vehicle.bmw.isetta,"[0, 0, 0]",4,,hero,True,70,138.308004784328,2044,10,100,100,1,177,144,102.350001525134,471.196398019791,none,ClearNight,15,0,0,0.35,0,-80,0,0,0,0
269,71,RouteScenario_71,Completed,Town01,0,0,0,0,0,0,0,0,0,80,0,0,0,0,0,75,45,0,0.349999994039536,vehicle.bmw.isetta,"[0, 0, 0]",4,,hero,True,70,226.400898091725,5438,10,100,100,1,177,145,272.050004053861,1045.01680350304,none,CloudyNoon,80,0,0,0.35,45,75,0,0,0,0
270,72,RouteScenario_72,Completed,Town01,0,0,0,0,0,0,0,0,0,15,0,0,0,0,0,75,0,0,0.349999994039536,vehicle.bmw.isetta,"[0, 0, 0]",4,,hero,True,70,152.837140492969,2898,10,100,100,1,177,147,145.050002161413,656.885606050491,none,ClearNoon,15,0,0,0.35,0,75,0,0,0,0
271,73,RouteScenario_73,Completed,Town01,0,0,0,0,0,0,0,0,0,80,0,0,0,0,0,-80,45,0,0.349999994039536,vehicle.bmw.isetta,"[0, 0, 0]",4,,hero,True,70,173.225622140864,4238,10,100,100,1,177,149,212.050003159791,928.144859075546,none,CloudyNight,80,0,0,0.35,45,-80,0,0,0,0
272,74,RouteScenario_74,Completed,Town01,0,0,0,0,0,0,0,0,0,90,0,0,0,60,100,-80,225,0,1,vehicle.bmw.isetta,"[0, 0, 0]",4,,hero,True,70,135.011337708198,1864,10,100,100,1,177,146,93.3500013910234,463.099204301834,none,HardRainNight,90,60,100,1,225,-80,0,0,0,0
273,75,RouteScenario_75,Completed,Town01,0,0,0,0,0,0,0,0,0,80,0,0,0,30,50,-80,225,0,0.400000005960465,vehicle.bmw.isetta,"[0, 0, 0]",4,,hero,True,70,188.146872702469,3335,10,100,100,1,177,140,166.900002487004,577.315214157105,none,MidRainyNight,80,30,50,0.4,225,-80,0,0,0,0
274,76,RouteScenario_76,Completed,Town01,0,0,0,0,0,0,0,0,0,20,0,0,0,0,50,75,45,0,0.349999994039536,vehicle.bmw.isetta,"[0, 0, 0]",4,,hero,True,70,44.1814466518153,5315,10,100,100,1,177,145,265.900003962219,1189.97329306602,none,WetNoon,20,0,50,0.35,45,75,0,0,0,0
275,77,RouteScenario_77,Completed,Town01,0,0,0,0,0,0,0,0,0,90,0,0,0,0,50,15,0,0,0.349999994039536,vehicle.bmw.isetta,"[0, 0, 0]",4,,hero,True,70,30.3161255909202,2980,10,100,100,1,177,144,149.150002222508,569.969245910645,none,WetCloudySunset,90,0,50,0.35,0,15,0,0,0,0
276,78,RouteScenario_78,Failed - Agent got blocked,Town01,0,0,0,0,0,0,0,0,1,20,0,0,0,0,50,75,45,0,0.349999994039536,vehicle.bmw.isetta,"[0, 0, 0]",4,,hero,True,70,82.5240339591636,6083,10,95.3936254469199,95.3936254469199,1,177,144,304.300004534423,1444.77979373932,none,WetNoon,20,0,50,0.35,45,75,0,0,0,0
277,79,RouteScenario_79,Completed,Town01,0,0,0,0,0,0,0,0,0,80,0,0,0,30,50,15,270,0,0.400000005960465,vehicle.bmw.isetta,"[0, 0, 0]",4,,hero,True,70,220.053316473108,1049,10,100,100,1,177,144,52.6000007838011,192.612686872482,none,MidRainSunset,80,30,50,0.4,270,15,0,0,0,0
278,8,RouteScenario_8,Completed,Town01,0,0,0,0,0,0,0,0,0,20,0,0,0,0,50,-80,225,0,0.349999994039536,vehicle.bmw.isetta,"[0, 0, 0]",4,,hero,True,70,84.2932734945379,632,10,100,100,1,177,150,31.7500004731119,126.103400230408,none,WetNight,20,0,50,0.35,225,-80,0,0,0,0
279,80,RouteScenario_80,Completed,Town01,0,0,0,0,0,0,0,0,0,15,0,0,0,0,0,15,45,0,0.349999994039536,vehicle.bmw.isetta,"[0, 0, 0]",4,,hero,True,70,135.565363838543,987,10,100,100,1,177,149,49.5000007376075,206.27609705925,none,ClearSunset,15,0,0,0.35,45,15,0,0,0,0
280,81,RouteScenario_81,Completed,Town01,0,0,0,0,0,0,0,0,0,90,0,0,0,60,100,-80,225,0,1,vehicle.bmw.isetta,"[0, 0, 0]",4,,hero,True,70,227.065844694355,3969,10,100,100,1,176,142,198.600002959371,699.177625656128,none,HardRainNight,90,60,100,1,225,-80,0,0,0,0
281,82,RouteScenario_82,Completed,Town01,0,0,0,0,0,0,0,0,0,90,0,0,0,15,50,-80,270,0,0.349999994039536,vehicle.bmw.isetta,"[0, 0, 0]",4,,hero,True,70,92.6699986967743,2510,10,100,100,1,177,142,125.650001872331,440.945120334625,none,SoftRainNight,90,15,50,0.35,270,-80,0,0,0,0
282,83,RouteScenario_83,Completed,Town01,0,0,0,0,0,0,0,0,0,90,0,0,0,60,100,75,90,0,1,vehicle.bmw.isetta,"[0, 0, 0]",4,,hero,True,70,153.779977032695,1495,10,100,100,1,177,145,74.900001116097,303.148347377777,none,HardRainNoon,90,60,100,1,90,75,0,0,0,0
283,84,RouteScenario_84,Completed,Town01,0,0,0,0,0,0,0,0,0,90,0,0,0,60,100,-80,225,0,1,vehicle.bmw.isetta,"[0, 0, 0]",4,,hero,True,70,136.683846129862,2600,10,100,100,1,177,144,130.150001939386,482.731230735779,none,HardRainNight,90,60,100,1,225,-80,0,0,0,0
284,85,RouteScenario_85,Completed,Town01,0,0,0,0,0,0,0,0,0,15,0,0,0,0,0,75,0,0,0.349999994039536,vehicle.bmw.isetta,"[0, 0, 0]",4,,hero,True,70,56.7774573305317,787,10,100,100,1,177,149,39.5000005885959,168.979577302933,none,ClearNoon,15,0,0,0.35,0,75,0,0,0,0
285,86,RouteScenario_86,Failed - Agent got blocked,Town01,0,0,0,0,0,0,0,0,1,90,0,0,0,15,50,15,270,0,0.349999994039536,vehicle.bmw.isetta,"[0, 0, 0]",4,,hero,True,70,140.293209988105,9391,10,98.275651456717,98.275651456717,1,177,146,469.700006999075,1793.66079807282,none,SoftRainSunset,90,15,50,0.35,270,15,0,0,0,0
286,87,RouteScenario_87,Completed,Town01,0,0,0,0,0,0,0,0,0,90,0,0,0,0,50,15,0,0,0.349999994039536,vehicle.bmw.isetta,"[0, 0, 0]",4,,hero,True,70,130.610807613161,3566,10,100,100,1,177,149,178.450002659112,765.731982707977,none,WetCloudySunset,90,0,50,0.35,0,15,0,0,0,0
287,88,RouteScenario_88,Completed,Town01,0,0,0,0,0,0,0,0,0,90,0,0,0,60,100,75,90,0,1,vehicle.bmw.isetta,"[0, 0, 0]",4,,hero,True,70,109.972054901903,4403,10,100,100,1,177,140,220.300003282726,887.584587097168,none,HardRainNoon,90,60,100,1,90,75,0,0,0,0
288,89,RouteScenario_89,Completed,Town01,0,0,0,0,0,0,0,0,0,90,0,0,0,60,100,-80,225,0,1,vehicle.bmw.isetta,"[0, 0, 0]",4,,hero,True,70,190.574216852156,2144,10,100,100,1,177,148,107.35000159964,456.476053953171,none,HardRainNight,90,60,100,1,225,-80,0,0,0,0
289,9,RouteScenario_9,Completed,Town01,0,0,0,0,0,0,0,0,0,90,0,0,0,60,100,-80,225,0,1,vehicle.bmw.isetta,"[0, 0, 0]",4,,hero,True,70,161.240312550301,2314,10,100,100,1,177,140,115.8500017263,530.932985782623,none,HardRainNight,90,60,100,1,225,-80,0,0,0,0
290,90,RouteScenario_90,Failed - Agent got blocked,Town01,0,0,0,0,0,0,0,0,1,90,0,0,0,15,50,15,270,0,0.349999994039536,vehicle.bmw.isetta,"[0, 0, 0]",4,,hero,True,70,212.051471379147,7291,10,98.8399799757282,98.8399799757282,1,176,144,364.700005434453,1205.4312005043,none,SoftRainSunset,90,15,50,0.35,270,15,0,0,0,0
291,91,RouteScenario_91,Completed,Town01,0,0,0,0,0,0,0,0,0,90,0,0,0,15,50,75,315,0,0.349999994039536,vehicle.bmw.isetta,"[0, 0, 0]",4,,hero,True,70,50.1306667090402,270,10,100,100,1,177,147,13.6500002034009,51.4182381629944,none,SoftRainNoon,90,15,50,0.35,315,75,0,0,0,0
292,92,RouteScenario_92,Failed,Town01,0,0,1,0,0,0,0,0,0,90,0,0,0,60,100,75,90,0,1,vehicle.bmw.isetta,"[0, 0, 0]",4,,hero,True,70,9.9037431356277,1678,10,51.7938939450977,31.0763363670586,0.6,177,143,84.0500012524426,387.697055578232,collisions_vehicle,HardRainNoon,90,60,100,1,90,75,0,0,0,0
293,93,RouteScenario_93,Completed,Town01,0,0,0,0,0,0,0,0,0,20,0,0,0,0,50,15,270,0,0.349999994039536,vehicle.bmw.isetta,"[0, 0, 0]",4,,hero,True,70,147.887772506435,2340,10,100,100,1,177,144,117.150001745671,487.801957368851,none,WetSunset,20,0,50,0.35,270,15,0,0,0,0
294,94,RouteScenario_94,Completed,Town01,0,0,0,0,0,0,0,0,0,15,0,0,0,0,0,-80,0,0,0.349999994039536,vehicle.bmw.isetta,"[0, 0, 0]",4,,hero,True,70,132.450847509141,729,10,100,100,1,177,145,36.6000005453825,135.52246761322,none,ClearNight,15,0,0,0.35,0,-80,0,0,0,0
295,95,RouteScenario_95,Completed,Town01,0,0,0,0,0,0,0,0,0,15,0,0,0,0,0,75,0,0,0.349999994039536,vehicle.bmw.isetta,"[0, 0, 0]",4,,hero,True,70,175.462139150575,1472,10,100,100,1,177,143,73.7500010989606,298.392954111099,none,ClearNoon,15,0,0,0.35,0,75,0,0,0,0
296,96,RouteScenario_96,Completed,Town01,0,0,0,0,0,0,0,0,0,80,0,0,0,30,50,-80,225,0,0.400000005960465,vehicle.bmw.isetta,"[0, 0, 0]",4,,hero,True,70,146.502220519111,4565,10,100,100,1,177,140,228.400003403425,827.980232000351,none,MidRainyNight,80,30,50,0.4,225,-80,0,0,0,0
297,97,RouteScenario_97,Completed,Town01,0,0,0,0,0,0,0,0,0,20,0,0,0,0,50,15,270,0,0.349999994039536,vehicle.bmw.isetta,"[0, 0, 0]",4,,hero,True,70,97.7891815367876,516,10,100,100,1,177,145,25.9500003866851,110.545726299286,none,WetSunset,20,0,50,0.35,270,15,0,0,0,0
298,98,RouteScenario_98,Completed,Town01,0,0,0,0,0,0,0,0,0,15,0,0,0,0,0,75,0,0,0.349999994039536,vehicle.bmw.isetta,"[0, 0, 0]",4,,hero,True,70,84.7644301521923,2557,10,100,100,1,177,149,128.000001907349,601.711577415466,none,ClearNoon,15,0,0,0.35,0,75,0,0,0,0
299,99,RouteScenario_99,Completed,Town01,0,0,0,0,0,0,0,0,0,20,0,0,0,0,50,15,270,0,0.349999994039536,vehicle.bmw.isetta,"[0, 0, 0]",4,,hero,True,70,138.250854519956,1819,10,100,100,1,177,141,91.1000013574958,303.140039682388,none,WetSunset,20,0,50,0.35,270,15,0,0,0,0
300,0,RouteScenario_0,Completed,Town01,0,0,0,0,0,0,0,0,0,20,0,0,0,0,50,15,270,0,0.349999994039536,vehicle.bmw.isetta,"[0, 0, 0]",4,,hero,True,70,207.019212970771,1954,11,100,100,1,177,134,97.8500014580786,595.573622703552,none,WetSunset,20,0,50,0.35,270,15,0,0,0,0
301,1,RouteScenario_1,Failed,Town01,0,0,1,0,0,0,0,0,0,90,0,0,0,15,50,-80,270,0,0.349999994039536,vehicle.bmw.isetta,"[0, 0, 0]",4,,hero,True,70,82.7731237397857,876,11,30.193898388909,18.1163390333454,0.6,177,131,43.950000654906,241.021523952484,collisions_vehicle,SoftRainNight,90,15,50,0.35,270,-80,0,0,0,0
302,10,RouteScenario_10,Completed,Town01,0,0,0,0,0,0,0,0,0,90,0,0,0,0,50,15,0,0,0.349999994039536,vehicle.bmw.isetta,"[0, 0, 0]",4,,hero,True,70,178.939133037313,1558,11,100,100,1,177,134,78.0500011630356,523.128137350082,none,WetCloudySunset,90,0,50,0.35,0,15,0,0,0,0
303,100,RouteScenario_100,Completed,Town01,0,0,0,0,0,0,0,0,0,90,0,0,0,60,100,75,90,0,1,vehicle.bmw.isetta,"[0, 0, 0]",4,,hero,True,70,238.109787563928,2024,11,100,100,1,177,134,101.350001510233,686.178460359573,none,HardRainNoon,90,60,100,1,90,75,0,0,0,0
304,101,RouteScenario_101,Completed,Town01,0,0,0,0,0,0,0,0,0,90,0,0,0,15,50,-80,270,0,0.349999994039536,vehicle.bmw.isetta,"[0, 0, 0]",4,,hero,True,70,223.332902900877,3788,11,100,100,1,177,142,189.550002824515,1352.71497368813,none,SoftRainNight,90,15,50,0.35,270,-80,0,0,0,0
305,102,RouteScenario_102,Completed,Town01,0,0,0,0,0,0,0,0,0,15,0,0,0,0,0,15,45,0,0.349999994039536,vehicle.bmw.isetta,"[0, 0, 0]",4,,hero,True,70,167.564870864939,1581,11,100,100,1,177,134,79.200001180172,580.610137224197,none,ClearSunset,15,0,0,0.35,45,15,0,0,0,0
306,103,RouteScenario_103,Failed,Town01,0,0,0,0,1,0,0,0,0,80,0,0,0,0,0,75,45,0,0.349999994039536,vehicle.bmw.isetta,"[0, 0, 0]",4,,hero,True,70,194.971879863744,3870,11,98.3423966505107,68.8396776553575,0.7,177,130,193.65000288561,1178.33996462822,red_light,CloudyNoon,80,0,0,0.35,45,75,0,0,0,0
307,104,RouteScenario_104,Completed,Town01,0,0,0,0,0,0,0,0,0,20,0,0,0,0,50,-80,225,0,0.349999994039536,vehicle.bmw.isetta,"[0, 0, 0]",4,,hero,True,70,115.885909577756,816,11,100,100,1,177,135,40.9500006102026,274.270462036133,none,WetNight,20,0,50,0.35,225,-80,0,0,0,0
308,105,RouteScenario_105,Completed,Town01,0,0,0,0,0,0,0,0,0,90,0,0,0,60,100,75,90,0,1,vehicle.bmw.isetta,"[0, 0, 0]",4,,hero,True,70,43.0960436440428,3326,11,100,100,1,177,130,166.450002480298,1038.40390539169,none,HardRainNoon,90,60,100,1,90,75,0,0,0,0
309,106,RouteScenario_106,Failed,Town01,0,0,0,0,1,0,0,0,0,90,0,0,0,15,50,-80,270,0,0.349999994039536,vehicle.bmw.isetta,"[0, 0, 0]",4,,hero,True,70,58.6382713487703,0,11,0,0,0.7,177,0,0.050000000745058,0.387720108032226,red_light,SoftRainNight,90,15,50,0.35,270,-80,0,0,0,0
310,107,RouteScenario_107,Completed,Town01,0,0,0,0,0,0,0,0,0,20,0,0,0,0,50,-80,225,0,0.349999994039536,vehicle.bmw.isetta,"[0, 0, 0]",4,,hero,True,70,77.2658992938477,2461,11,100,100,1,177,132,123.200001835823,836.238115549087,none,WetNight,20,0,50,0.35,225,-80,0,0,0,0
311,108,RouteScenario_108,Completed,Town01,0,0,0,0,0,0,0,0,0,15,0,0,0,0,0,15,45,0,0.349999994039536,vehicle.bmw.isetta,"[0, 0, 0]",4,,hero,True,70,162.785049296464,2296,11,100,100,1,177,132,114.950001712888,715.598668336868,none,ClearSunset,15,0,0,0.35,45,15,0,0,0,0
312,109,RouteScenario_109,Completed,Town01,0,0,0,0,0,0,0,0,0,90,0,0,0,0,50,-80,225,0,0.349999994039536,vehicle.bmw.isetta,"[0, 0, 0]",4,,hero,True,70,198.331334951565,5116,11,100,100,1,177,133,255.950003813952,2000.74826860428,none,WetCloudyNight,90,0,50,0.35,225,-80,0,0,0,0
313,11,RouteScenario_11,Completed,Town01,0,0,0,0,0,0,0,0,0,90,0,0,0,0,50,75,180,0,0.349999994039536,vehicle.bmw.isetta,"[0, 0, 0]",4,,hero,True,70,101.612062127783,1617,11,100,100,1,177,133,81.0000012069941,445.471306562424,none,WetCloudyNoon,90,0,50,0.35,180,75,0,0,0,0
314,110,RouteScenario_110,Failed,Town01,0,0,1,0,0,0,0,0,0,90,0,0,0,0,50,75,180,0,0.349999994039536,vehicle.bmw.isetta,"[0, 0, 0]",4,,hero,True,70,114.149971162581,1607,11,55.8322173911579,33.4993304346948,0.6,177,133,80.5000011995435,452.343113660812,collisions_vehicle,WetCloudyNoon,90,0,50,0.35,180,75,0,0,0,0
315,111,RouteScenario_111,Failed - Agent got blocked,Town01,0,0,0,0,0,0,0,0,1,90,0,0,0,60,100,75,90,0,1,vehicle.bmw.isetta,"[0, 0, 0]",4,,hero,True,70,89.8581682581759,7841,11,96.1500834224978,96.1500834224978,1,177,134,392.200005844235,2454.45399260521,none,HardRainNoon,90,60,100,1,90,75,0,0,0,0
316,112,RouteScenario_112,Completed,Town01,0,0,0,0,0,0,0,0,0,80,0,0,0,0,0,75,45,0,0.349999994039536,vehicle.bmw.isetta,"[0, 0, 0]",4,,hero,True,70,117.182011802066,1588,11,100,100,1,176,135,79.5500011853874,443.741350650787,none,CloudyNoon,80,0,0,0.35,45,75,0,0,0,0
317,113,RouteScenario_113,Completed,Town01,0,0,0,0,0,0,0,0,0,20,0,0,0,0,50,-80,225,0,0.349999994039536,vehicle.bmw.isetta,"[0, 0, 0]",4,,hero,True,70,124.710890054488,1807,11,100,100,1,177,137,90.5000013485551,513.403518676758,none,WetNight,20,0,50,0.35,225,-80,0,0,0,0
318,114,RouteScenario_114,Completed,Town01,0,0,0,0,0,0,0,0,0,80,0,0,0,0,0,-80,45,0,0.349999994039536,vehicle.bmw.isetta,"[0, 0, 0]",4,,hero,True,70,97.8522698152996,1419,11,100,100,1,177,134,71.1000010594726,480.86524105072,none,CloudyNight,80,0,0,0.35,45,-80,0,0,0,0
319,115,RouteScenario_115,Completed,Town01,0,0,0,0,0,0,0,0,0,90,0,0,0,0,50,15,0,0,0.349999994039536,vehicle.bmw.isetta,"[0, 0, 0]",4,,hero,True,70,152.482095803129,1493,11,100,100,1,177,136,74.8000011146069,493.438349485397,none,WetCloudySunset,90,0,50,0.35,0,15,0,0,0,0
320,116,RouteScenario_116,Completed,Town01,0,0,0,0,0,0,0,0,0,90,0,0,0,0,50,75,180,0,0.349999994039536,vehicle.bmw.isetta,"[0, 0, 0]",4,,hero,True,70,273.331996132036,4085,11,100,100,1,177,133,204.400003045797,1202.0867562294,none,WetCloudyNoon,90,0,50,0.35,180,75,0,0,0,0
321,117,RouteScenario_117,Completed,Town01,0,0,0,0,0,0,0,0,0,80,0,0,0,0,0,75,45,0,0.349999994039536,vehicle.bmw.isetta,"[0, 0, 0]",4,,hero,True,70,174.533229151483,2464,11,100,100,1,176,133,123.350001838058,764.215865850449,none,CloudyNoon,80,0,0,0.35,45,75,0,0,0,0
322,118,RouteScenario_118,Completed,Town01,0,0,0,0,0,0,0,0,0,15,0,0,0,0,0,-80,0,0,0.349999994039536,vehicle.bmw.isetta,"[0, 0, 0]",4,,hero,True,70,56.3013298853026,1590,11,100,100,1,177,132,79.6500011868775,534.631309986115,none,ClearNight,15,0,0,0.35,0,-80,0,0,0,0
323,119,RouteScenario_119,Failed - Agent got blocked,Town01,0,0,0,0,0,0,0,0,1,90,0,0,0,0,50,-80,225,0,0.349999994039536,vehicle.bmw.isetta,"[0, 0, 0]",4,,hero,True,70,187.802880730796,6255,11,97.2765270664967,97.2765270664967,1,177,139,312.900004662573,1793.04834771156,none,WetCloudyNight,90,0,50,0.35,225,-80,0,0,0,0
324,12,RouteScenario_12,Completed,Town01,0,0,0,0,0,0,0,0,0,90,0,0,0,60,100,75,90,0,1,vehicle.bmw.isetta,"[0, 0, 0]",4,,hero,True,70,148.579952645267,1355,11,100,100,1,177,138,67.9000010117889,404.297062158585,none,HardRainNoon,90,60,100,1,90,75,0,0,0,0
325,120,RouteScenario_120,Completed,Town01,0,0,0,0,0,0,0,0,0,90,0,0,0,15,50,-80,270,0,0.349999994039536,vehicle.bmw.isetta,"[0, 0, 0]",4,,hero,True,70,67.6444874349446,483,11,100,100,1,177,134,24.3000003620982,143.12868642807,none,SoftRainNight,90,15,50,0.35,270,-80,0,0,0,0
326,121,RouteScenario_121,Completed,Town01,0,0,0,0,0,0,0,0,0,80,0,0,0,0,0,-80,45,0,0.349999994039536,vehicle.bmw.isetta,"[0, 0, 0]",4,,hero,True,70,247.344371976281,3614,11,100,100,1,177,139,180.850002694875,1251.41430211067,none,CloudyNight,80,0,0,0.35,45,-80,0,0,0,0
327,122,RouteScenario_122,Completed,Town01,0,0,0,0,0,0,0,0,0,80,0,0,0,30,50,15,270,0,0.400000005960465,vehicle.bmw.isetta,"[0, 0, 0]",4,,hero,True,70,185.994639783653,977,11,100,100,1,177,131,49.0000007301569,282.611618518829,none,MidRainSunset,80,30,50,0.4,270,15,0,0,0,0
328,123,RouteScenario_123,Completed,Town01,0,0,0,0,0,0,0,0,0,80,0,0,0,0,0,15,270,0,0.349999994039536,vehicle.bmw.isetta,"[0, 0, 0]",4,,hero,True,70,50.9926642098561,953,11,100,100,1,177,133,47.8000007122755,304.864326238632,none,CloudySunset,80,0,0,0.35,270,15,0,0,0,0
329,124,RouteScenario_124,Failed,Town01,0,0,1,0,0,0,0,0,0,90,0,0,0,0,50,15,0,0,0.349999994039536,vehicle.bmw.isetta,"[0, 0, 0]",4,,hero,True,70,80.7752049372926,6195,11,90.0877716288553,54.0526629773132,0.6,177,134,309.90000461787,1889.2095952034,collisions_vehicle,WetCloudySunset,90,0,50,0.35,0,15,0,0,0,0
330,125,RouteScenario_125,Completed,Town01,0,0,0,0,0,0,0,0,0,90,0,0,0,0,50,75,180,0,0.349999994039536,vehicle.bmw.isetta,"[0, 0, 0]",4,,hero,True,70,154.227736306685,1875,11,100,100,1,177,138,93.900001399219,629.350322246552,none,WetCloudyNoon,90,0,50,0.35,180,75,0,0,0,0
331,126,RouteScenario_126,Failed - Agent got blocked,Town01,0,0,0,0,0,0,0,0,1,80,0,0,0,60,100,15,0,0,1,vehicle.bmw.isetta,"[0, 0, 0]",4,,hero,True,70,81.1833542852019,6500,11,96.8842473203997,96.8842473203997,1,177,136,325.150004845113,2108.28275060654,none,HardRainSunset,80,60,100,1,0,15,0,0,0,0
332,127,RouteScenario_127,Completed,Town01,0,0,0,0,0,0,0,0,0,90,0,0,0,15,50,-80,270,0,0.349999994039536,vehicle.bmw.isetta,"[0, 0, 0]",4,,hero,True,70,126.519743536487,1748,11,100,100,1,177,132,87.5500013045967,493.471224308014,none,SoftRainNight,90,15,50,0.35,270,-80,0,0,0,0
333,128,RouteScenario_128,Completed,Town01,0,0,0,0,0,0,0,0,0,80,0,0,0,0,0,15,270,0,0.349999994039536,vehicle.bmw.isetta,"[0, 0, 0]",4,,hero,True,70,275.50983420566,5161,11,100,100,1,177,133,258.20000384748,1496.03784775734,none,CloudySunset,80,0,0,0.35,270,15,0,0,0,0
334,129,RouteScenario_129,Completed,Town01,0,0,0,0,0,0,0,0,0,90,0,0,0,0,50,75,180,0,0.349999994039536,vehicle.bmw.isetta,"[0, 0, 0]",4,,hero,True,70,161.070550861444,1156,11,100,100,1,177,134,57.9500008635223,381.42835354805,none,WetCloudyNoon,90,0,50,0.35,180,75,0,0,0,0
335,13,RouteScenario_13,Completed,Town01,0,0,0,0,0,0,0,0,0,15,0,0,0,0,0,75,0,0,0.349999994039536,vehicle.bmw.isetta,"[0, 0, 0]",4,,hero,True,70,212.219985135147,4298,11,100,100,1,177,138,215.050003204495,1347.27433538437,none,ClearNoon,15,0,0,0.35,0,75,0,0,0,0
336,130,RouteScenario_130,Completed,Town01,0,0,0,0,0,0,0,0,0,80,0,0,0,60,100,15,0,0,1,vehicle.bmw.isetta,"[0, 0, 0]",4,,hero,True,70,92.6720864187918,658,11,100,100,1,177,133,33.0500004924834,215.521451950073,none,HardRainSunset,80,60,100,1,0,15,0,0,0,0
337,131,RouteScenario_131,Completed,Town01,0,0,0,0,0,0,0,0,0,80,0,0,0,60,100,15,0,0,1,vehicle.bmw.isetta,"[0, 0, 0]",4,,hero,True,70,155.64995003145,1445,11,100,100,1,177,136,72.4000010788441,432.502502441406,none,HardRainSunset,80,60,100,1,0,15,0,0,0,0
338,132,RouteScenario_132,Completed,Town01,0,0,0,0,0,0,0,0,0,90,0,0,0,0,50,75,180,0,0.349999994039536,vehicle.bmw.isetta,"[0, 0, 0]",4,,hero,True,70,168.141501983467,2830,11,100,100,1,177,136,141.650002110749,1016.34871029854,none,WetCloudyNoon,90,0,50,0.35,180,75,0,0,0,0
339,133,RouteScenario_133,Completed,Town01,0,0,0,0,0,0,0,0,0,80,0,0,0,0,0,15,270,0,0.349999994039536,vehicle.bmw.isetta,"[0, 0, 0]",4,,hero,True,70,135.693103912075,5034,11,100,100,1,177,139,251.850003752857,1575.28123760223,none,CloudySunset,80,0,0,0.35,270,15,0,0,0,0
340,134,RouteScenario_134,Completed,Town01,0,0,0,0,0,0,0,0,0,80,0,0,0,30,50,-80,225,0,0.400000005960465,vehicle.bmw.isetta,"[0, 0, 0]",4,,hero,True,70,121.971395824203,2226,11,100,100,1,177,133,111.450001660734,754.954662799835,none,MidRainyNight,80,30,50,0.4,225,-80,0,0,0,0
341,135,RouteScenario_135,Completed,Town01,0,0,0,0,0,0,0,0,0,15,0,0,0,0,0,75,0,0,0.349999994039536,vehicle.bmw.isetta,"[0, 0, 0]",4,,hero,True,70,90.0830794673052,1999,11,100,100,1,177,136,100.100001491606,560.852593898773,none,ClearNoon,15,0,0,0.35,0,75,0,0,0,0
342,136,RouteScenario_136,Completed,Town01,0,0,0,0,0,0,0,0,0,15,0,0,0,0,0,75,0,0,0.349999994039536,vehicle.bmw.isetta,"[0, 0, 0]",4,,hero,True,70,71.692100036983,4235,11,100,100,1,176,137,211.900003157556,1381.53091239929,none,ClearNoon,15,0,0,0.35,0,75,0,0,0,0
343,137,RouteScenario_137,Failed - Agent got blocked,Town01,0,0,0,0,0,0,0,0,1,80,0,0,0,60,100,15,0,0,1,vehicle.bmw.isetta,"[0, 0, 0]",4,,hero,True,70,195.338331642993,7899,11,97.7264736248181,97.7264736248181,1,177,134,395.100005887449,2426.46985149384,none,HardRainSunset,80,60,100,1,0,15,0,0,0,0
344,138,RouteScenario_138,Completed,Town01,0,0,0,0,0,0,0,0,0,80,0,0,0,0,0,75,45,0,0.349999994039536,vehicle.bmw.isetta,"[0, 0, 0]",4,,hero,True,70,96.4002246154936,3104,11,100,100,1,177,138,155.350002314895,1069.24392914772,none,CloudyNoon,80,0,0,0.35,45,75,0,0,0,0
345,139,RouteScenario_139,Completed,Town01,0,0,0,0,0,0,0,0,0,80,0,0,0,30,50,15,270,0,0.400000005960465,vehicle.bmw.isetta,"[0, 0, 0]",4,,hero,True,70,151.5509041962,2257,11,100,100,1,177,135,113.000001683831,684.537945270538,none,MidRainSunset,80,30,50,0.4,270,15,0,0,0,0
346,14,RouteScenario_14,Completed,Town01,0,0,0,0,0,0,0,0,0,15,0,0,0,0,0,15,45,0,0.349999994039536,vehicle.bmw.isetta,"[0, 0, 0]",4,,hero,True,70,185.726159223418,3910,11,100,100,1,177,135,195.650002915412,1215.60879516602,none,ClearSunset,15,0,0,0.35,45,15,0,0,0,0
347,140,RouteScenario_140,Completed,Town01,0,0,0,0,0,0,0,0,0,90,0,0,0,15,50,-80,270,0,0.349999994039536,vehicle.bmw.isetta,"[0, 0, 0]",4,,hero,True,70,141.904018858039,2644,11,100,100,1,176,135,132.350001972169,794.907205820084,none,SoftRainNight,90,15,50,0.35,270,-80,0,0,0,0
348,141,RouteScenario_141,Completed,Town01,0,0,0,0,0,0,0,0,0,90,0,0,0,15,50,-80,270,0,0.349999994039536,vehicle.bmw.isetta,"[0, 0, 0]",4,,hero,True,70,159.021803044014,829,11,100,100,1,177,134,41.6000006198883,313.081459999084,none,SoftRainNight,90,15,50,0.35,270,-80,0,0,0,0
349,142,RouteScenario_142,Completed,Town01,0,0,0,0,0,0,0,0,0,15,0,0,0,0,0,75,0,0,0.349999994039536,vehicle.bmw.isetta,"[0, 0, 0]",4,,hero,True,70,69.9383987948123,1879,11,100,100,1,177,134,94.1000014021993,664.891620159149,none,ClearNoon,15,0,0,0.35,0,75,0,0,0,0
350,143,RouteScenario_143,Completed,Town01,0,0,0,0,0,0,0,0,0,90,0,0,0,60,100,75,90,0,1,vehicle.bmw.isetta,"[0, 0, 0]",4,,hero,True,70,222.933809016488,4916,11,100,100,1,177,132,245.950003664941,1498.45180296898,none,HardRainNoon,90,60,100,1,90,75,0,0,0,0
351,144,RouteScenario_144,Completed,Town01,0,0,0,0,0,0,0,0,0,20,0,0,0,0,50,75,45,0,0.349999994039536,vehicle.bmw.isetta,"[0, 0, 0]",4,,hero,True,70,237.946438945277,3731,11,100,100,1,177,139,186.700002782047,1148.86447548866,none,WetNoon,20,0,50,0.35,45,75,0,0,0,0
352,145,RouteScenario_145,Completed,Town01,0,0,0,0,0,0,0,0,0,90,0,0,0,15,50,75,315,0,0.349999994039536,vehicle.bmw.isetta,"[0, 0, 0]",4,,hero,True,70,200.109787391949,1492,11,100,100,1,177,129,74.7500011138618,530.804422616959,none,SoftRainNoon,90,15,50,0.35,315,75,0,0,0,0
353,146,RouteScenario_146,Failed,Town01,0,0,0,0,1,0,0,0,0,90,0,0,0,0,50,15,0,0,0.349999994039536,vehicle.bmw.isetta,"[0, 0, 0]",4,,hero,True,70,139.822489759283,5675,11,97.7049833734998,68.3934883614498,0.7,176,133,283.90000423044,1735.11729741097,red_light,WetCloudySunset,90,0,50,0.35,0,15,0,0,0,0
354,147,RouteScenario_147,Completed,Town01,0,0,0,0,0,0,0,0,0,90,0,0,0,60,100,75,90,0,1,vehicle.bmw.isetta,"[0, 0, 0]",4,,hero,True,70,129.749496859937,3542,11,100,100,1,177,136,177.250002641231,1137.40224123001,none,HardRainNoon,90,60,100,1,90,75,0,0,0,0
355,148,RouteScenario_148,Completed,Town01,0,0,0,0,0,0,0,0,0,80,0,0,0,0,0,75,45,0,0.349999994039536,vehicle.bmw.isetta,"[0, 0, 0]",4,,hero,True,70,59.9817139769069,358,11,100,100,1,177,134,18.050000268966,118.851046800613,none,CloudyNoon,80,0,0,0.35,45,75,0,0,0,0
356,149,RouteScenario_149,Completed,Town01,0,0,0,0,0,0,0,0,0,90,0,0,0,15,50,15,270,0,0.349999994039536,vehicle.bmw.isetta,"[0, 0, 0]",4,,hero,True,70,164.30197183978,1294,11,100,100,1,176,132,64.8500009663403,358.575694084167,none,SoftRainSunset,90,15,50,0.35,270,15,0,0,0,0
357,15,RouteScenario_15,Failed - Agent got blocked,Town01,0,0,0,0,0,0,0,0,1,90,0,0,0,0,50,-80,225,0,0.349999994039536,vehicle.bmw.isetta,"[0, 0, 0]",4,,hero,True,70,135.349716242063,6634,11,96.7017439506635,96.7017439506635,1,177,131,331.85000494495,1760.85319280624,none,WetCloudyNight,90,0,50,0.35,225,-80,0,0,0,0
358,150,RouteScenario_150,Completed,Town01,0,0,0,0,0,0,0,0,0,90,0,0,0,60,100,-80,225,0,1,vehicle.bmw.isetta,"[0, 0, 0]",4,,hero,True,70,85.6688904605412,897,11,100,100,1,177,131,45.0000006705523,318.048728466034,none,HardRainNight,90,60,100,1,225,-80,0,0,0,0
359,151,RouteScenario_151,Completed,Town01,0,0,0,0,0,0,0,0,0,15,0,0,0,0,0,75,0,0,0.349999994039536,vehicle.bmw.isetta,"[0, 0, 0]",4,,hero,True,70,62.5776968919883,1292,11,100,100,1,177,135,64.7500009648502,370.178012609482,none,ClearNoon,15,0,0,0.35,0,75,0,0,0,0
360,152,RouteScenario_152,Completed,Town01,0,0,0,0,0,0,0,0,0,90,0,0,0,0,50,-80,225,0,0.349999994039536,vehicle.bmw.isetta,"[0, 0, 0]",4,,hero,True,70,209.050237995328,3055,11,100,100,1,177,136,152.900002278388,906.85210609436,none,WetCloudyNight,90,0,50,0.35,225,-80,0,0,0,0
361,153,RouteScenario_153,Completed,Town01,0,0,0,0,0,0,0,0,0,80,0,0,0,30,50,75,0,0,0.400000005960465,vehicle.bmw.isetta,"[0, 0, 0]",4,,hero,True,70,109.916963408522,2405,11,100,100,1,177,134,120.4000017941,786.937912940979,none,MidRainyNoon,80,30,50,0.4,0,75,0,0,0,0
362,154,RouteScenario_154,Completed,Town01,0,0,0,0,0,0,0,0,0,80,0,0,0,30,50,15,270,0,0.400000005960465,vehicle.bmw.isetta,"[0, 0, 0]",4,,hero,True,70,112.256339525108,1947,11,100,100,1,177,130,97.5000014528632,614.251289844513,none,MidRainSunset,80,30,50,0.4,270,15,0,0,0,0
363,155,RouteScenario_155,Completed,Town01,0,0,0,0,0,0,0,0,0,90,0,0,0,0,50,75,180,0,0.349999994039536,vehicle.bmw.isetta,"[0, 0, 0]",4,,hero,True,70,113.501485408099,1323,11,100,100,1,177,139,66.300000987947,377.176911115646,none,WetCloudyNoon,90,0,50,0.35,180,75,0,0,0,0
364,156,RouteScenario_156,Failed - Agent got blocked,Town01,0,0,0,0,0,0,0,0,1,90,0,0,0,15,50,15,270,0,0.349999994039536,vehicle.bmw.isetta,"[0, 0, 0]",4,,hero,True,70,245.147823115636,10374,11,98.7861199551189,98.7861199551189,1,176,139,518.850007731468,2947.08466815948,none,SoftRainSunset,90,15,50,0.35,270,15,0,0,0,0
365,157,RouteScenario_157,Completed,Town01,0,0,0,0,0,0,0,0,0,15,0,0,0,0,0,75,0,0,0.349999994039536,vehicle.bmw.isetta,"[0, 0, 0]",4,,hero,True,70,250.122455088616,2883,11,100,100,1,177,135,144.300002150238,871.808515310288,none,ClearNoon,15,0,0,0.35,0,75,0,0,0,0
366,158,RouteScenario_158,Failed - Agent got blocked,Town01,0,0,0,0,0,0,0,0,1,15,0,0,0,0,0,75,0,0,0.349999994039536,vehicle.bmw.isetta,"[0, 0, 0]",4,,hero,True,70,54.5061313527031,4899,11,96.3047683753465,96.3047683753465,1,177,137,245.100003652275,1366.80775523186,none,ClearNoon,15,0,0,0.35,0,75,0,0,0,0
367,159,RouteScenario_159,Completed,Town01,0,0,0,0,0,0,0,0,0,90,0,0,0,15,50,15,270,0,0.349999994039536,vehicle.bmw.isetta,"[0, 0, 0]",4,,hero,True,70,132.291257700532,974,11,100,100,1,177,134,48.8500007279217,284.883372068405,none,SoftRainSunset,90,15,50,0.35,270,15,0,0,0,0
368,16,RouteScenario_16,Completed,Town01,0,0,0,0,0,0,0,0,0,80,0,0,0,0,0,-80,45,0,0.349999994039536,vehicle.bmw.isetta,"[0, 0, 0]",4,,hero,True,70,84.7484900228585,1407,11,100,100,1,177,138,70.5000010505319,496.386669397354,none,CloudyNight,80,0,0,0.35,45,-80,0,0,0,0
369,160,RouteScenario_160,Completed,Town01,0,0,0,0,0,0,0,0,0,80,0,0,0,0,0,-80,45,0,0.349999994039536,vehicle.bmw.isetta,"[0, 0, 0]",4,,hero,True,70,152.372866032456,982,11,100,100,1,177,133,49.2500007338822,355.284031867981,none,CloudyNight,80,0,0,0.35,45,-80,0,0,0,0
370,161,RouteScenario_161,Completed,Town01,0,0,0,0,0,0,0,0,0,15,0,0,0,0,0,15,45,0,0.349999994039536,vehicle.bmw.isetta,"[0, 0, 0]",4,,hero,True,70,170.354341953363,1392,11,100,100,1,177,135,69.750001039356,418.168965101242,none,ClearSunset,15,0,0,0.35,45,15,0,0,0,0
371,162,RouteScenario_162,Completed,Town01,0,0,0,0,0,0,0,0,0,80,0,0,0,30,50,75,0,0,0.400000005960465,vehicle.bmw.isetta,"[0, 0, 0]",4,,hero,True,70,135.502610380285,2699,11,100,100,1,177,134,135.100002013147,928.63393497467,none,MidRainyNoon,80,30,50,0.4,0,75,0,0,0,0
372,163,RouteScenario_163,Failed,Town01,0,0,0,0,1,0,0,0,0,80,0,0,0,0,0,75,45,0,0.349999994039536,vehicle.bmw.isetta,"[0, 0, 0]",4,,hero,True,70,184.082473044052,4166,11,98.3899609568466,68.8729726697927,0.7,177,131,208.450003106147,1332.14937114716,red_light,CloudyNoon,80,0,0,0.35,45,75,0,0,0,0
373,164,RouteScenario_164,Completed,Town01,0,0,0,0,0,0,0,0,0,20,0,0,0,0,50,-80,225,0,0.349999994039536,vehicle.bmw.isetta,"[0, 0, 0]",4,,hero,True,70,185.402220123789,3106,11,100,100,1,177,133,155.450002316386,923.850463151932,none,WetNight,20,0,50,0.35,225,-80,0,0,0,0
374,165,RouteScenario_165,Completed,Town01,0,0,0,0,0,0,0,0,0,20,0,0,0,0,50,15,270,0,0.349999994039536,vehicle.bmw.isetta,"[0, 0, 0]",4,,hero,True,70,262.739958049476,4826,11,100,100,1,177,136,241.450003597885,1404.43994045258,none,WetSunset,20,0,50,0.35,270,15,0,0,0,0
375,166,RouteScenario_166,Completed,Town01,0,0,0,0,0,0,0,0,0,90,0,0,0,0,50,15,0,0,0.349999994039536,vehicle.bmw.isetta,"[0, 0, 0]",4,,hero,True,70,128.959131856457,1316,11,100,100,1,177,141,65.9500009827316,373.81094455719,none,WetCloudySunset,90,0,50,0.35,0,15,0,0,0,0
376,167,RouteScenario_167,Completed,Town01,0,0,0,0,0,0,0,0,0,80,0,0,0,60,100,15,0,0,1,vehicle.bmw.isetta,"[0, 0, 0]",4,,hero,True,70,157.491294128904,991,11,100,100,1,176,138,49.7000007405877,297.022810697556,none,HardRainSunset,80,60,100,1,0,15,0,0,0,0
377,168,RouteScenario_168,Failed - Agent got blocked,Town01,0,0,0,0,0,0,0,0,1,80,0,0,0,0,0,-80,45,0,0.349999994039536,vehicle.bmw.isetta,"[0, 0, 0]",4,,hero,True,70,105.841175004267,6633,11,95.14760542348,95.14760542348,1,177,139,331.800004944205,2051.72377705574,none,CloudyNight,80,0,0,0.35,45,-80,0,0,0,0
378,169,RouteScenario_169,Completed,Town01,0,0,0,0,0,0,0,0,0,20,0,0,0,0,50,15,270,0,0.349999994039536,vehicle.bmw.isetta,"[0, 0, 0]",4,,hero,True,70,106.085237015553,2359,11,100,100,1,177,134,118.100001759827,743.291053533554,none,WetSunset,20,0,50,0.35,270,15,0,0,0,0
379,17,RouteScenario_17,Completed,Town01,0,0,0,0,0,0,0,0,0,80,0,0,0,30,50,75,0,0,0.400000005960465,vehicle.bmw.isetta,"[0, 0, 0]",4,,hero,True,70,134.964935241645,5236,11,100,100,1,177,135,261.950003903359,1594.21519112587,none,MidRainyNoon,80,30,50,0.4,0,75,0,0,0,0
380,170,RouteScenario_170,Completed,Town01,0,0,0,0,0,0,0,0,0,90,0,0,0,0,50,15,0,0,0.349999994039536,vehicle.bmw.isetta,"[0, 0, 0]",4,,hero,True,70,133.999669219452,542,11,100,100,1,177,133,27.2500004060566,174.104396104813,none,WetCloudySunset,90,0,50,0.35,0,15,0,0,0,0
381,171,RouteScenario_171,Completed,Town01,0,0,0,0,0,0,0,0,0,90,0,0,0,0,50,75,180,0,0.349999994039536,vehicle.bmw.isetta,"[0, 0, 0]",4,,hero,True,70,188.622170817274,2015,11,100,100,1,176,134,100.900001503527,600.675997495651,none,WetCloudyNoon,90,0,50,0.35,180,75,0,0,0,0
382,172,RouteScenario_172,Completed,Town01,0,0,0,0,0,0,0,0,0,80,0,0,0,30,50,75,0,0,0.400000005960465,vehicle.bmw.isetta,"[0, 0, 0]",4,,hero,True,70,56.728049238316,1032,11,100,100,1,177,133,51.7500007711351,322.483549594879,none,MidRainyNoon,80,30,50,0.4,0,75,0,0,0,0
383,173,RouteScenario_173,Completed,Town01,0,0,0,0,0,0,0,0,0,80,0,0,0,0,0,15,270,0,0.349999994039536,vehicle.bmw.isetta,"[0, 0, 0]",4,,hero,True,70,55.9993321265714,253,11,100,100,1,177,135,12.8000001907349,85.3902614116669,none,CloudySunset,80,0,0,0.35,270,15,0,0,0,0
384,174,RouteScenario_174,Completed,Town01,0,0,0,0,0,0,0,0,0,80,0,0,0,0,0,-80,45,0,0.349999994039536,vehicle.bmw.isetta,"[0, 0, 0]",4,,hero,True,70,77.744740124334,2414,11,100,100,1,177,138,120.850001800805,989.081807136536,none,CloudyNight,80,0,0,0.35,45,-80,0,0,0,0
385,175,RouteScenario_175,Completed,Town01,0,0,0,0,0,0,0,0,0,20,0,0,0,0,50,15,270,0,0.349999994039536,vehicle.bmw.isetta,"[0, 0, 0]",4,,hero,True,70,201.475223256883,2089,11,100,100,1,177,134,104.600001558661,710.397801399231,none,WetSunset,20,0,50,0.35,270,15,0,0,0,0
386,176,RouteScenario_176,Completed,Town01,0,0,0,0,0,0,0,0,0,80,0,0,0,30,50,75,0,0,0.400000005960465,vehicle.bmw.isetta,"[0, 0, 0]",4,,hero,True,70,57.9158288337434,2845,11,100,100,1,177,129,142.400002121925,855.404156208038,none,MidRainyNoon,80,30,50,0.4,0,75,0,0,0,0
387,177,RouteScenario_177,Completed,Town01,0,0,0,0,0,0,0,0,0,90,0,0,0,60,100,-80,225,0,1,vehicle.bmw.isetta,"[0, 0, 0]",4,,hero,True,70,233.505986398905,2625,11,100,100,1,176,137,131.400001958013,948.159177064896,none,HardRainNight,90,60,100,1,225,-80,0,0,0,0
388,178,RouteScenario_178,Failed - Agent got blocked,Town01,0,0,0,0,0,0,0,0,1,90,0,0,0,15,50,75,315,0,0.349999994039536,vehicle.bmw.isetta,"[0, 0, 0]",4,,hero,True,70,136.380786402101,6023,11,97.4661112952578,97.4661112952578,1,176,133,301.30000448972,1766.31912374496,none,SoftRainNoon,90,15,50,0.35,315,75,0,0,0,0
389,179,RouteScenario_179,Completed,Town01,0,0,0,0,0,0,0,0,0,80,0,0,0,0,0,-80,45,0,0.349999994039536,vehicle.bmw.isetta,"[0, 0, 0]",4,,hero,True,70,64.8444328893938,3396,11,100,100,1,176,131,169.950002532452,1158.99730110168,none,CloudyNight,80,0,0,0.35,45,-80,0,0,0,0
390,18,RouteScenario_18,Completed,Town01,0,0,0,0,0,0,0,0,0,90,0,0,0,0,50,15,0,0,0.349999994039536,vehicle.bmw.isetta,"[0, 0, 0]",4,,hero,True,70,63.5163513223151,745,11,100,100,1,176,132,37.4000005573034,273.325092792511,none,WetCloudySunset,90,0,50,0.35,0,15,0,0,0,0
391,180,RouteScenario_180,Completed,Town01,0,0,0,0,0,0,0,0,0,80,0,0,0,30,50,75,0,0,0.400000005960465,vehicle.bmw.isetta,"[0, 0, 0]",4,,hero,True,70,147.482001951711,2176,11,100,100,1,177,137,108.950001623482,711.493327140808,none,MidRainyNoon,80,30,50,0.4,0,75,0,0,0,0
392,181,RouteScenario_181,Completed,Town01,0,0,0,0,0,0,0,0,0,90,0,0,0,15,50,-80,270,0,0.349999994039536,vehicle.bmw.isetta,"[0, 0, 0]",4,,hero,True,70,217.518929470552,1321,11,100,100,1,177,134,66.2000009864569,405.911579370499,none,SoftRainNight,90,15,50,0.35,270,-80,0,0,0,0
393,182,RouteScenario_182,Completed,Town01,0,0,0,0,0,0,0,0,0,80,0,0,0,0,0,75,45,0,0.349999994039536,vehicle.bmw.isetta,"[0, 0, 0]",4,,hero,True,70,190.816406972756,2347,11,100,100,1,177,135,117.500001750886,712.123527765274,none,CloudyNoon,80,0,0,0.35,45,75,0,0,0,0
394,183,RouteScenario_183,Failed - Agent got blocked,Town01,0,0,0,0,0,0,0,0,1,90,0,0,0,0,50,75,180,0,0.349999994039536,vehicle.bmw.isetta,"[0, 0, 0]",4,,hero,True,70,254.106071315946,6352,11,98.0472922143687,98.0472922143687,1,177,137,317.750004734844,1794.16792654991,none,WetCloudyNoon,90,0,50,0.35,180,75,0,0,0,0
395,184,RouteScenario_184,Completed,Town01,0,0,0,0,0,0,0,0,0,90,0,0,0,15,50,-80,270,0,0.349999994039536,vehicle.bmw.isetta,"[0, 0, 0]",4,,hero,True,70,165.261797998712,2630,11,100,100,1,177,130,131.650001961738,806.396210670471,none,SoftRainNight,90,15,50,0.35,270,-80,0,0,0,0
396,185,RouteScenario_185,Completed,Town01,0,0,0,0,0,0,0,0,0,15,0,0,0,0,0,75,0,0,0.349999994039536,vehicle.bmw.isetta,"[0, 0, 0]",4,,hero,True,70,149.996010641079,3710,11,100,100,1,177,130,185.650002766401,1140.83596396446,none,ClearNoon,15,0,0,0.35,0,75,0,0,0,0
397,186,RouteScenario_186,Completed,Town01,0,0,0,0,0,0,0,0,0,90,0,0,0,60,100,-80,225,0,1,vehicle.bmw.isetta,"[0, 0, 0]",4,,hero,True,70,71.5099465282835,369,11,100,100,1,177,129,18.6000002771616,110.854788303375,none,HardRainNight,90,60,100,1,225,-80,0,0,0,0
398,187,RouteScenario_187,Completed,Town01,0,0,0,0,0,0,0,0,0,15,0,0,0,0,0,75,0,0,0.349999994039536,vehicle.bmw.isetta,"[0, 0, 0]",4,,hero,True,70,135.461553818519,3232,11,100,100,1,177,136,161.750002410263,903.729825258255,none,ClearNoon,15,0,0,0.35,0,75,0,0,0,0
399,188,RouteScenario_188,Completed,Town01,0,0,0,0,0,0,0,0,0,90,0,0,0,15,50,-80,270,0,0.349999994039536,vehicle.bmw.isetta,"[0, 0, 0]",4,,hero,True,70,156.796898251632,1644,11,100,100,1,177,133,82.3500012271106,573.098683595657,none,SoftRainNight,90,15,50,0.35,270,-80,0,0,0,0
400,189,RouteScenario_189,Completed,Town01,0,0,0,0,0,0,0,0,0,90,0,0,0,15,50,75,315,0,0.349999994039536,vehicle.bmw.isetta,"[0, 0, 0]",4,,hero,True,70,83.1345032817826,574,11,100,100,1,177,131,28.8500004298985,160.633094310761,none,SoftRainNoon,90,15,50,0.35,315,75,0,0,0,0
401,19,RouteScenario_19,Completed,Town01,0,0,0,0,0,0,0,0,0,15,0,0,0,0,0,-80,0,0,0.349999994039536,vehicle.bmw.isetta,"[0, 0, 0]",4,,hero,True,70,250.789999323848,3866,11,100,100,1,177,138,193.45000288263,1266.22790312767,none,ClearNight,15,0,0,0.35,0,-80,0,0,0,0
402,190,RouteScenario_190,Completed,Town01,0,0,0,0,0,0,0,0,0,90,0,0,0,0,50,15,0,0,0.349999994039536,vehicle.bmw.isetta,"[0, 0, 0]",4,,hero,True,70,114.626670969867,1570,11,100,100,1,177,129,78.6500011719763,503.429526329041,none,WetCloudySunset,90,0,50,0.35,0,15,0,0,0,0
403,191,RouteScenario_191,Completed,Town01,0,0,0,0,0,0,0,0,0,80,0,0,0,0,0,-80,45,0,0.349999994039536,vehicle.bmw.isetta,"[0, 0, 0]",4,,hero,True,70,63.4342348938212,1940,11,100,100,1,177,135,97.1500014476478,660.475824356079,none,CloudyNight,80,0,0,0.35,45,-80,0,0,0,0
404,192,RouteScenario_192,Completed,Town01,0,0,0,0,0,0,0,0,0,90,0,0,0,60,100,75,90,0,1,vehicle.bmw.isetta,"[0, 0, 0]",4,,hero,True,70,192.365690127461,2456,11,100,100,1,176,136,122.950001832098,829.900467395783,none,HardRainNoon,90,60,100,1,90,75,0,0,0,0
405,193,RouteScenario_193,Completed,Town01,0,0,0,0,0,0,0,0,0,90,0,0,0,0,50,-80,225,0,0.349999994039536,vehicle.bmw.isetta,"[0, 0, 0]",4,,hero,True,70,209.09000542938,2734,11,100,100,1,177,131,136.850002039224,985.320605278015,none,WetCloudyNight,90,0,50,0.35,225,-80,0,0,0,0
406,194,RouteScenario_194,Completed,Town01,0,0,0,0,0,0,0,0,0,90,0,0,0,15,50,15,270,0,0.349999994039536,vehicle.bmw.isetta,"[0, 0, 0]",4,,hero,True,70,70.4333455625408,2744,11,100,100,1,177,138,137.350002046675,884.0776720047,none,SoftRainSunset,90,15,50,0.35,270,15,0,0,0,0
407,195,RouteScenario_195,Completed,Town01,0,0,0,0,0,0,0,0,0,80,0,0,0,60,100,15,0,0,1,vehicle.bmw.isetta,"[0, 0, 0]",4,,hero,True,70,257.854312822787,2363,11,100,100,1,177,130,118.300001762807,813.341620445251,none,HardRainSunset,80,60,100,1,0,15,0,0,0,0
408,196,RouteScenario_196,Completed,Town01,0,0,0,0,0,0,0,0,0,90,0,0,0,15,50,15,270,0,0.349999994039536,vehicle.bmw.isetta,"[0, 0, 0]",4,,hero,True,70,163.999940074627,1393,11,100,100,1,177,130,69.8000010401011,460.722329378128,none,SoftRainSunset,90,15,50,0.35,270,15,0,0,0,0
409,197,RouteScenario_197,Completed,Town01,0,0,0,0,0,0,0,0,0,20,0,0,0,0,50,15,270,0,0.349999994039536,vehicle.bmw.isetta,"[0, 0, 0]",4,,hero,True,70,269.209166448607,5200,11,100,100,1,177,134,260.150003876537,1746.5741353035,none,WetSunset,20,0,50,0.35,270,15,0,0,0,0
410,198,RouteScenario_198,Completed,Town01,0,0,0,0,0,0,0,0,0,90,0,0,0,0,50,75,180,0,0.349999994039536,vehicle.bmw.isetta,"[0, 0, 0]",4,,hero,True,70,171.195597514441,3112,11,100,100,1,177,130,155.750002320856,900.087368488312,none,WetCloudyNoon,90,0,50,0.35,180,75,0,0,0,0
411,199,RouteScenario_199,Completed,Town01,0,0,0,0,0,0,0,0,0,80,0,0,0,30,50,15,270,0,0.400000005960465,vehicle.bmw.isetta,"[0, 0, 0]",4,,hero,True,70,98.0012884252301,382,11,100,100,1,177,136,19.2500002868474,124.271060705185,none,MidRainSunset,80,30,50,0.4,270,15,0,0,0,0
412,2,RouteScenario_2,Completed,Town01,0,0,0,0,0,0,0,0,0,80,0,0,0,60,100,15,0,0,1,vehicle.bmw.isetta,"[0, 0, 0]",4,,hero,True,70,4.00000021027517,3399,11,100,100,1,177,141,170.100002534688,1119.1548666954,none,HardRainSunset,80,60,100,1,0,15,0,0,0,0
413,20,RouteScenario_20,Completed,Town01,0,0,0,0,0,0,0,0,0,80,0,0,0,0,0,15,270,0,0.349999994039536,vehicle.bmw.isetta,"[0, 0, 0]",4,,hero,True,70,251.335243859628,2930,11,100,100,1,177,135,146.650002185255,863.006580591202,none,CloudySunset,80,0,0,0.35,270,15,0,0,0,0
414,200,RouteScenario_200,Completed,Town01,0,0,0,0,0,0,0,0,0,80,0,0,0,0,0,-80,45,0,0.349999994039536,vehicle.bmw.isetta,"[0, 0, 0]",4,,hero,True,70,271.347296579629,3923,11,100,100,1,177,134,196.300002925098,1421.76236152649,none,CloudyNight,80,0,0,0.35,45,-80,0,0,0,0
415,201,RouteScenario_201,Completed,Town01,0,0,0,0,0,0,0,0,0,80,0,0,0,0,0,-80,45,0,0.349999994039536,vehicle.bmw.isetta,"[0, 0, 0]",4,,hero,True,70,126.890683201422,1951,11,100,100,1,177,136,97.7000014558434,713.701344251633,none,CloudyNight,80,0,0,0.35,45,-80,0,0,0,0
416,202,RouteScenario_202,Completed,Town01,0,0,0,0,0,0,0,0,0,15,0,0,0,0,0,15,45,0,0.349999994039536,vehicle.bmw.isetta,"[0, 0, 0]",4,,hero,True,70,65.1745313434621,3707,11,100,100,1,177,138,185.500002764165,1199.87701797485,none,ClearSunset,15,0,0,0.35,45,15,0,0,0,0
417,203,RouteScenario_203,Completed,Town01,0,0,0,0,0,0,0,0,0,20,0,0,0,0,50,-80,225,0,0.349999994039536,vehicle.bmw.isetta,"[0, 0, 0]",4,,hero,True,70,191.817178534735,1524,11,100,100,1,177,138,76.3500011377037,543.452021121979,none,WetNight,20,0,50,0.35,225,-80,0,0,0,0
418,204,RouteScenario_204,Completed,Town01,0,0,0,0,0,0,0,0,0,80,0,0,0,0,0,-80,45,0,0.349999994039536,vehicle.bmw.isetta,"[0, 0, 0]",4,,hero,True,70,135.530811414702,3531,11,100,100,1,176,132,176.700002633035,1036.20940327644,none,CloudyNight,80,0,0,0.35,45,-80,0,0,0,0
419,205,RouteScenario_205,Failed,Town01,0,0,1,0,0,0,0,0,0,90,0,0,0,60,100,-80,225,0,1,vehicle.bmw.isetta,"[0, 0, 0]",4,,hero,True,70,159.834050308432,3036,11,73.4590948427152,44.0754569056291,0.6,177,137,151.950002264231,878.779313802719,collisions_vehicle,HardRainNight,90,60,100,1,225,-80,0,0,0,0
420,206,RouteScenario_206,Completed,Town01,0,0,0,0,0,0,0,0,0,90,0,0,0,60,100,75,90,0,1,vehicle.bmw.isetta,"[0, 0, 0]",4,,hero,True,70,120.044759609897,716,11,100,100,1,177,135,35.9500005356967,252.884469032288,none,HardRainNoon,90,60,100,1,90,75,0,0,0,0
421,207,RouteScenario_207,Completed,Town01,0,0,0,0,0,0,0,0,0,90,0,0,0,0,50,75,180,0,0.349999994039536,vehicle.bmw.isetta,"[0, 0, 0]",4,,hero,True,70,83.4513369766379,1168,11,100,100,1,177,143,58.550000872463,366.714526414871,none,WetCloudyNoon,90,0,50,0.35,180,75,0,0,0,0
422,208,RouteScenario_208,Failed,Town01,0,0,0,0,1,0,0,0,0,90,0,0,0,15,50,-80,270,0,0.349999994039536,vehicle.bmw.isetta,"[0, 0, 0]",4,,hero,True,70,147.976213660784,0,11,0,0,0.7,177,0,0.050000000745058,0.378486156463623,red_light,SoftRainNight,90,15,50,0.35,270,-80,0,0,0,0
423,209,RouteScenario_209,Completed,Town01,0,0,0,0,0,0,0,0,0,90,0,0,0,0,50,15,0,0,0.349999994039536,vehicle.bmw.isetta,"[0, 0, 0]",4,,hero,True,70,149.184792087554,875,11,100,100,1,177,132,43.900000654161,257.069031715393,none,WetCloudySunset,90,0,50,0.35,0,15,0,0,0,0
424,21,RouteScenario_21,Failed - Agent got blocked,Town01,0,0,0,0,0,0,0,0,1,20,0,0,0,0,50,15,270,0,0.349999994039536,vehicle.bmw.isetta,"[0, 0, 0]",4,,hero,True,70,240.846590425082,6376,11,98.086610348999,98.086610348999,1,177,137,318.950004752725,1839.9278626442,none,WetSunset,20,0,50,0.35,270,15,0,0,0,0
425,210,RouteScenario_210,Completed,Town01,0,0,0,0,0,0,0,0,0,90,0,0,0,0,50,-80,225,0,0.349999994039536,vehicle.bmw.isetta,"[0, 0, 0]",4,,hero,True,70,141.712025303643,2219,11,100,100,1,177,131,111.100001655519,689.89504814148,none,WetCloudyNight,90,0,50,0.35,225,-80,0,0,0,0
426,211,RouteScenario_211,Completed,Town01,0,0,0,0,0,0,0,0,0,15,0,0,0,0,0,75,0,0,0.349999994039536,vehicle.bmw.isetta,"[0, 0, 0]",4,,hero,True,70,134.685507956616,2450,11,100,100,1,177,134,122.650001827627,831.885258674622,none,ClearNoon,15,0,0,0.35,0,75,0,0,0,0
427,212,RouteScenario_212,Completed,Town01,0,0,0,0,0,0,0,0,0,20,0,0,0,0,50,-80,225,0,0.349999994039536,vehicle.bmw.isetta,"[0, 0, 0]",4,,hero,True,70,217.995000943054,2874,11,100,100,1,177,135,143.850002143532,1037.33019089699,none,WetNight,20,0,50,0.35,225,-80,0,0,0,0
428,213,RouteScenario_213,Completed,Town01,0,0,0,0,0,0,0,0,0,80,0,0,0,0,0,-80,45,0,0.349999994039536,vehicle.bmw.isetta,"[0, 0, 0]",4,,hero,True,70,140.853977763728,2108,11,100,100,1,177,134,105.550001572818,718.147116422653,none,CloudyNight,80,0,0,0.35,45,-80,0,0,0,0
429,214,RouteScenario_214,Completed,Town01,0,0,0,0,0,0,0,0,0,80,0,0,0,0,0,75,45,0,0.349999994039536,vehicle.bmw.isetta,"[0, 0, 0]",4,,hero,True,70,141.172229195623,3290,11,100,100,1,176,136,164.650002453476,926.352211713791,none,CloudyNoon,80,0,0,0.35,45,75,0,0,0,0
430,215,RouteScenario_215,Completed,Town01,0,0,0,0,0,0,0,0,0,15,0,0,0,0,0,75,0,0,0.349999994039536,vehicle.bmw.isetta,"[0, 0, 0]",4,,hero,True,70,57.6900031074299,1064,11,100,100,1,177,135,53.3500007949769,336.929948329926,none,ClearNoon,15,0,0,0.35,0,75,0,0,0,0
431,216,RouteScenario_216,Completed,Town01,0,0,0,0,0,0,0,0,0,15,0,0,0,0,0,-80,0,0,0.349999994039536,vehicle.bmw.isetta,"[0, 0, 0]",4,,hero,True,70,211.56213862927,1615,11,100,100,1,177,132,80.9000012055039,499.714946269989,none,ClearNight,15,0,0,0.35,0,-80,0,0,0,0
432,217,RouteScenario_217,Failed - Agent timed out,Town01,0,0,0,0,0,0,1,0,0,90,0,0,0,0,50,15,0,0,0.349999994039536,vehicle.bmw.isetta,"[0, 0, 0]",4,,hero,True,70,130.30642004913,11038,11,97.4520508988654,97.4520508988654,1,177,132,552.050008226186,4050.57839179039,none,WetCloudySunset,90,0,50,0.35,0,15,0,0,0,0
433,218,RouteScenario_218,Completed,Town01,0,0,0,0,0,0,0,0,0,90,0,0,0,0,50,-80,225,0,0.349999994039536,vehicle.bmw.isetta,"[0, 0, 0]",4,,hero,True,70,216.370003106786,2058,11,100,100,1,176,135,103.050001535565,702.131033658981,none,WetCloudyNight,90,0,50,0.35,225,-80,0,0,0,0
434,219,RouteScenario_219,Completed,Town01,0,0,0,0,0,0,0,0,0,15,0,0,0,0,0,-80,0,0,0.349999994039536,vehicle.bmw.isetta,"[0, 0, 0]",4,,hero,True,70,97.7799995055068,1013,11,100,100,1,177,137,50.800000756979,392.637652635574,none,ClearNight,15,0,0,0.35,0,-80,0,0,0,0
435,22,RouteScenario_22,Completed,Town01,0,0,0,0,0,0,0,0,0,90,0,0,0,15,50,-80,270,0,0.349999994039536,vehicle.bmw.isetta,"[0, 0, 0]",4,,hero,True,70,91.2165058038567,1899,11,100,100,1,177,134,95.1000014171004,607.473244667053,none,SoftRainNight,90,15,50,0.35,270,-80,0,0,0,0
436,220,RouteScenario_220,Completed,Town01,0,0,0,0,0,0,0,0,0,80,0,0,0,0,0,15,270,0,0.349999994039536,vehicle.bmw.isetta,"[0, 0, 0]",4,,hero,True,70,153.947210454538,2712,11,100,100,1,177,136,135.750002022833,900.871814489365,none,CloudySunset,80,0,0,0.35,270,15,0,0,0,0
437,221,RouteScenario_221,Completed,Town01,0,0,0,0,0,0,0,0,0,80,0,0,0,30,50,15,270,0,0.400000005960465,vehicle.bmw.isetta,"[0, 0, 0]",4,,hero,True,70,119.900140564025,2396,11,100,100,1,176,132,119.950001787394,695.813686847687,none,MidRainSunset,80,30,50,0.4,270,15,0,0,0,0
438,222,RouteScenario_222,Completed,Town01,0,0,0,0,0,0,0,0,0,80,0,0,0,0,0,75,45,0,0.349999994039536,vehicle.bmw.isetta,"[0, 0, 0]",4,,hero,True,70,238.732405517393,2914,11,100,100,1,177,138,145.850002173334,923.093511104584,none,CloudyNoon,80,0,0,0.35,45,75,0,0,0,0
439,223,RouteScenario_223,Completed,Town01,0,0,0,0,0,0,0,0,0,80,0,0,0,30,50,75,0,0,0.400000005960465,vehicle.bmw.isetta,"[0, 0, 0]",4,,hero,True,70,151.871539752102,5716,11,100,100,1,177,128,285.950004260987,1744.075340271,none,MidRainyNoon,80,30,50,0.4,0,75,0,0,0,0
440,224,RouteScenario_224,Completed,Town01,0,0,0,0,0,0,0,0,0,80,0,0,0,0,0,-80,45,0,0.349999994039536,vehicle.bmw.isetta,"[0, 0, 0]",4,,hero,True,70,247.738424902935,3177,11,100,100,1,177,135,159.000002369285,915.360377073288,none,CloudyNight,80,0,0,0.35,45,-80,0,0,0,0
441,225,RouteScenario_225,Completed,Town01,0,0,0,0,0,0,0,0,0,15,0,0,0,0,0,-80,0,0,0.349999994039536,vehicle.bmw.isetta,"[0, 0, 0]",4,,hero,True,70,278.851717914067,3591,11,100,100,1,177,134,179.700002677739,1217.80941033363,none,ClearNight,15,0,0,0.35,0,-80,0,0,0,0
442,226,RouteScenario_226,Failed - Agent got blocked,Town01,0,0,0,0,0,0,0,0,1,20,0,0,0,0,50,-80,225,0,0.349999994039536,vehicle.bmw.isetta,"[0, 0, 0]",4,,hero,True,70,13.0665590923446,8438,11,97.8131664043697,97.8131664043697,1,177,136,422.050006289035,2500.43649101257,none,WetNight,20,0,50,0.35,225,-80,0,0,0,0
443,227,RouteScenario_227,Completed,Town01,0,0,0,0,0,0,0,0,0,20,0,0,0,0,50,-80,225,0,0.349999994039536,vehicle.bmw.isetta,"[0, 0, 0]",4,,hero,True,70,133.651681330554,1301,11,100,100,1,177,133,65.2000009715557,397.269378423691,none,WetNight,20,0,50,0.35,225,-80,0,0,0,0
444,228,RouteScenario_228,Completed,Town01,0,0,0,0,0,0,0,0,0,90,0,0,0,15,50,15,270,0,0.349999994039536,vehicle.bmw.isetta,"[0, 0, 0]",4,,hero,True,70,115.965214032807,3020,11,100,100,1,177,133,151.150002252311,941.816546201706,none,SoftRainSunset,90,15,50,0.35,270,15,0,0,0,0
445,229,RouteScenario_229,Completed,Town01,0,0,0,0,0,0,0,0,0,90,0,0,0,15,50,15,270,0,0.349999994039536,vehicle.bmw.isetta,"[0, 0, 0]",4,,hero,True,70,185.93342229435,1281,11,100,100,1,177,138,64.2000009566546,389.446975231171,none,SoftRainSunset,90,15,50,0.35,270,15,0,0,0,0
446,23,RouteScenario_23,Completed,Town01,0,0,0,0,0,0,0,0,0,90,0,0,0,60,100,-80,225,0,1,vehicle.bmw.isetta,"[0, 0, 0]",4,,hero,True,70,167.384861200285,710,11,100,100,1,176,134,35.6500005312264,229.682082414627,none,HardRainNight,90,60,100,1,225,-80,0,0,0,0
447,230,RouteScenario_230,Failed,Town01,0,0,0,0,1,0,0,0,0,20,0,0,0,0,50,-80,225,0,0.349999994039536,vehicle.bmw.isetta,"[0, 0, 0]",4,,hero,True,70,251.157314248783,5985,11,97.8879863180266,68.5215904226186,0.7,177,140,299.400004461408,1877.86118626594,red_light,WetNight,20,0,50,0.35,225,-80,0,0,0,0
448,231,RouteScenario_231,Completed,Town01,0,0,0,0,0,0,0,0,0,80,0,0,0,30,50,15,270,0,0.400000005960465,vehicle.bmw.isetta,"[0, 0, 0]",4,,hero,True,70,97.419582260214,1928,11,100,100,1,177,135,96.5500014387071,599.931795120239,none,MidRainSunset,80,30,50,0.4,270,15,0,0,0,0
449,232,RouteScenario_232,Completed,Town01,0,0,0,0,0,0,0,0,0,90,0,0,0,0,50,15,0,0,0.349999994039536,vehicle.bmw.isetta,"[0, 0, 0]",4,,hero,True,70,54.1076233142699,2470,11,100,100,1,177,134,123.650001842529,966.75497341156,none,WetCloudySunset,90,0,50,0.35,0,15,0,0,0,0
450,233,RouteScenario_233,Completed,Town01,0,0,0,0,0,0,0,0,0,80,0,0,0,0,0,15,270,0,0.349999994039536,vehicle.bmw.isetta,"[0, 0, 0]",4,,hero,True,70,121.65021018506,1971,11,100,100,1,176,136,98.7000014707446,591.623903274536,none,CloudySunset,80,0,0,0.35,270,15,0,0,0,0
451,234,RouteScenario_234,Completed,Town01,0,0,0,0,0,0,0,0,0,90,0,0,0,15,50,-80,270,0,0.349999994039536,vehicle.bmw.isetta,"[0, 0, 0]",4,,hero,True,70,218.046500423321,3906,11,100,100,1,176,135,195.450002912432,1144.22287034988,none,SoftRainNight,90,15,50,0.35,270,-80,0,0,0,0
452,235,RouteScenario_235,Failed - Agent got blocked,Town01,0,0,0,0,0,0,0,0,1,15,0,0,0,0,0,75,0,0,0.349999994039536,vehicle.bmw.isetta,"[0, 0, 0]",4,,hero,True,70,136.806291500404,3991,11,19.778750327767,19.778750327767,1,177,135,199.700002975762,1382.96175122261,none,ClearNoon,15,0,0,0.35,0,75,0,0,0,0
453,236,RouteScenario_236,Completed,Town01,0,0,0,0,0,0,0,0,0,80,0,0,0,0,0,-80,45,0,0.349999994039536,vehicle.bmw.isetta,"[0, 0, 0]",4,,hero,True,70,177.634386549981,1190,11,100,100,1,176,134,59.6500008888543,366.180342435837,none,CloudyNight,80,0,0,0.35,45,-80,0,0,0,0
454,237,RouteScenario_237,Completed,Town01,0,0,0,0,0,0,0,0,0,15,0,0,0,0,0,15,45,0,0.349999994039536,vehicle.bmw.isetta,"[0, 0, 0]",4,,hero,True,70,66.9038983238103,1208,11,100,100,1,177,134,60.5500009022653,376.567479133606,none,ClearSunset,15,0,0,0.35,45,15,0,0,0,0
455,238,RouteScenario_238,Completed,Town01,0,0,0,0,0,0,0,0,0,90,0,0,0,15,50,15,270,0,0.349999994039536,vehicle.bmw.isetta,"[0, 0, 0]",4,,hero,True,70,273.340785625581,4062,11,100,100,1,177,129,203.250003028661,1259.36526679993,none,SoftRainSunset,90,15,50,0.35,270,15,0,0,0,0
456,239,RouteScenario_239,Completed,Town01,0,0,0,0,0,0,0,0,0,80,0,0,0,30,50,75,0,0,0.400000005960465,vehicle.bmw.isetta,"[0, 0, 0]",4,,hero,True,70,98.3758070779555,1062,11,100,100,1,177,137,53.2500007934868,298.106465816498,none,MidRainyNoon,80,30,50,0.4,0,75,0,0,0,0
457,24,RouteScenario_24,Completed,Town01,0,0,0,0,0,0,0,0,0,90,0,0,0,0,50,-80,225,0,0.349999994039536,vehicle.bmw.isetta,"[0, 0, 0]",4,,hero,True,70,75.509947236394,456,11,100,100,1,177,136,22.9500003419817,137.460975170136,none,WetCloudyNight,90,0,50,0.35,225,-80,0,0,0,0
458,240,RouteScenario_240,Completed,Town01,0,0,0,0,0,0,0,0,0,15,0,0,0,0,0,-80,0,0,0.349999994039536,vehicle.bmw.isetta,"[0, 0, 0]",4,,hero,True,70,215.692967777201,2247,11,100,100,1,177,132,112.500001676381,728.99094748497,none,ClearNight,15,0,0,0.35,0,-80,0,0,0,0
459,241,RouteScenario_241,Completed,Town01,0,0,0,0,0,0,0,0,0,80,0,0,0,0,0,-80,45,0,0.349999994039536,vehicle.bmw.isetta,"[0, 0, 0]",4,,hero,True,70,127.994891554042,3710,11,100,100,1,176,139,185.650002766401,1167.03845357895,none,CloudyNight,80,0,0,0.35,45,-80,0,0,0,0
460,242,RouteScenario_242,Completed,Town01,0,0,0,0,0,0,0,0,0,90,0,0,0,60,100,75,90,0,1,vehicle.bmw.isetta,"[0, 0, 0]",4,,hero,True,70,113.542862585129,609,11,100,100,1,177,141,30.6000004559755,189.735774517059,none,HardRainNoon,90,60,100,1,90,75,0,0,0,0
461,243,RouteScenario_243,Completed,Town01,0,0,0,0,0,0,0,0,0,20,0,0,0,0,50,15,270,0,0.349999994039536,vehicle.bmw.isetta,"[0, 0, 0]",4,,hero,True,70,77.7067916710022,675,11,100,100,1,176,133,33.9000005051494,179.597162485123,none,WetSunset,20,0,50,0.35,270,15,0,0,0,0
462,244,RouteScenario_244,Completed,Town01,0,0,0,0,0,0,0,0,0,90,0,0,0,60,100,75,90,0,1,vehicle.bmw.isetta,"[0, 0, 0]",4,,hero,True,70,128.000416354097,3164,11,100,100,1,177,131,158.350002359599,1004.30125212669,none,HardRainNoon,90,60,100,1,90,75,0,0,0,0
463,245,RouteScenario_245,Failed - Agent got blocked,Town01,0,0,0,0,0,0,0,0,1,90,0,0,0,0,50,75,180,0,0.349999994039536,vehicle.bmw.isetta,"[0, 0, 0]",4,,hero,True,70,63.6139636647673,10240,11,97.8511167589828,97.8511167589828,1,177,133,512.15000763163,3596.0985417366,none,WetCloudyNoon,90,0,50,0.35,180,75,0,0,0,0
464,246,RouteScenario_246,Completed,Town01,0,0,0,0,0,0,0,0,0,15,0,0,0,0,0,15,45,0,0.349999994039536,vehicle.bmw.isetta,"[0, 0, 0]",4,,hero,True,70,210.357197744737,1921,11,100,100,1,177,134,96.2000014334917,576.47911977768,none,ClearSunset,15,0,0,0.35,45,15,0,0,0,0
465,247,RouteScenario_247,Failed - Agent got blocked,Town01,0,0,0,0,0,0,0,0,1,80,0,0,0,0,0,-80,45,0,0.349999994039536,vehicle.bmw.isetta,"[0, 0, 0]",4,,hero,True,70,218.172794939596,7962,11,98.2931851734639,98.2931851734639,1,177,132,398.250005934387,2552.61552619934,none,CloudyNight,80,0,0,0.35,45,-80,0,0,0,0
466,248,RouteScenario_248,Completed,Town01,0,0,0,0,0,0,0,0,0,90,0,0,0,0,50,75,180,0,0.349999994039536,vehicle.bmw.isetta,"[0, 0, 0]",4,,hero,True,70,114.138309228257,2883,11,100,100,1,177,134,144.300002150238,862.727158069611,none,WetCloudyNoon,90,0,50,0.35,180,75,0,0,0,0
467,249,RouteScenario_249,Completed,Town01,0,0,0,0,0,0,0,0,0,15,0,0,0,0,0,75,0,0,0.349999994039536,vehicle.bmw.isetta,"[0, 0, 0]",4,,hero,True,70,91.5848828385856,954,11,100,100,1,177,138,47.8500007130206,272.983053684235,none,ClearNoon,15,0,0,0.35,0,75,0,0,0,0
468,25,RouteScenario_25,Failed - Agent got blocked,Town01,0,0,0,0,0,0,0,0,1,80,0,0,0,30,50,15,270,0,0.400000005960465,vehicle.bmw.isetta,"[0, 0, 0]",4,,hero,True,70,127.5593661832,9662,11,96.6915116633451,96.6915116633451,1,177,136,483.250007200986,3123.96146440506,none,MidRainSunset,80,30,50,0.4,270,15,0,0,0,0
469,250,RouteScenario_250,Completed,Town01,0,0,0,0,0,0,0,0,0,80,0,0,0,30,50,75,0,0,0.400000005960465,vehicle.bmw.isetta,"[0, 0, 0]",4,,hero,True,70,153.806218665598,2830,11,100,100,1,177,138,141.650002110749,1018.23369121552,none,MidRainyNoon,80,30,50,0.4,0,75,0,0,0,0
470,251,RouteScenario_251,Failed - Agent got blocked,Town01,0,0,0,0,0,0,0,0,1,20,0,0,0,0,50,-80,225,0,0.349999994039536,vehicle.bmw.isetta,"[0, 0, 0]",4,,hero,True,70,230.507049287893,4194,11,19.0205086318068,19.0205086318068,1,177,134,209.850003127009,1795.40555167198,none,WetNight,20,0,50,0.35,225,-80,0,0,0,0
471,252,RouteScenario_252,Failed - Agent got blocked,Town01,0,0,0,0,0,0,0,0,1,80,0,0,0,0,0,75,45,0,0.349999994039536,vehicle.bmw.isetta,"[0, 0, 0]",4,,hero,True,70,155.212712082353,6084,11,98.4928564414693,98.4928564414693,1,177,134,304.350004535168,1830.9104244709,none,CloudyNoon,80,0,0,0.35,45,75,0,0,0,0
472,253,RouteScenario_253,Completed,Town01,0,0,0,0,0,0,0,0,0,20,0,0,0,0,50,75,45,0,0.349999994039536,vehicle.bmw.isetta,"[0, 0, 0]",4,,hero,True,70,68.4523629625708,1397,11,100,100,1,177,131,70.0000010430813,406.076118707657,none,WetNoon,20,0,50,0.35,45,75,0,0,0,0
473,254,RouteScenario_254,Completed,Town01,0,0,0,0,0,0,0,0,0,20,0,0,0,0,50,15,270,0,0.349999994039536,vehicle.bmw.isetta,"[0, 0, 0]",4,,hero,True,70,289.718920322031,2851,11,100,100,1,177,132,142.700002126396,844.186899185181,none,WetSunset,20,0,50,0.35,270,15,0,0,0,0
474,255,RouteScenario_255,Completed,Town01,0,0,0,0,0,0,0,0,0,90,0,0,0,0,50,75,180,0,0.349999994039536,vehicle.bmw.isetta,"[0, 0, 0]",4,,hero,True,70,255.723845925959,4264,11,100,100,1,177,136,213.350003179163,1361.89043617249,none,WetCloudyNoon,90,0,50,0.35,180,75,0,0,0,0
475,256,RouteScenario_256,Completed,Town01,0,0,0,0,0,0,0,0,0,90,0,0,0,0,50,15,0,0,0.349999994039536,vehicle.bmw.isetta,"[0, 0, 0]",4,,hero,True,70,62.4413475635412,1103,11,100,100,1,177,136,55.3000008240342,334.251114368439,none,WetCloudySunset,90,0,50,0.35,0,15,0,0,0,0
476,257,RouteScenario_257,Completed,Town01,0,0,0,0,0,0,0,0,0,80,0,0,0,0,0,-80,45,0,0.349999994039536,vehicle.bmw.isetta,"[0, 0, 0]",4,,hero,True,70,107.609148812024,1261,11,100,100,1,177,134,63.2000009417534,383.621777057648,none,CloudyNight,80,0,0,0.35,45,-80,0,0,0,0
477,258,RouteScenario_258,Completed,Town01,0,0,0,0,0,0,0,0,0,80,0,0,0,60,100,15,0,0,1,vehicle.bmw.isetta,"[0, 0, 0]",4,,hero,True,70,160.695677274841,3370,11,100,100,1,176,136,168.650002513081,1085.73660206795,none,HardRainSunset,80,60,100,1,0,15,0,0,0,0
478,259,RouteScenario_259,Completed,Town01,0,0,0,0,0,0,0,0,0,15,0,0,0,0,0,15,45,0,0.349999994039536,vehicle.bmw.isetta,"[0, 0, 0]",4,,hero,True,70,84.0000079075495,1237,11,100,100,1,176,132,62.000000923872,366.38099694252,none,ClearSunset,15,0,0,0.35,45,15,0,0,0,0
479,26,RouteScenario_26,Completed,Town01,0,0,0,0,0,0,0,0,0,90,0,0,0,60,100,75,90,0,1,vehicle.bmw.isetta,"[0, 0, 0]",4,,hero,True,70,135.980859649104,705,11,100,100,1,177,136,35.4000005275011,224.437938928604,none,HardRainNoon,90,60,100,1,90,75,0,0,0,0
480,260,RouteScenario_260,Completed,Town01,0,0,0,0,0,0,0,0,0,15,0,0,0,0,0,-80,0,0,0.349999994039536,vehicle.bmw.isetta,"[0, 0, 0]",4,,hero,True,70,187.184008135511,1591,11,100,100,1,177,130,79.7000011876226,515.75314116478,none,ClearNight,15,0,0,0.35,0,-80,0,0,0,0
481,261,RouteScenario_261,Completed,Town01,0,0,0,0,0,0,0,0,0,90,0,0,0,60,100,-80,225,0,1,vehicle.bmw.isetta,"[0, 0, 0]",4,,hero,True,70,198.150853457419,1695,11,100,100,1,177,136,84.9000012651086,578.899265289307,none,HardRainNight,90,60,100,1,225,-80,0,0,0,0
482,262,RouteScenario_262,Completed,Town01,0,0,0,0,0,0,0,0,0,80,0,0,0,0,0,15,270,0,0.349999994039536,vehicle.bmw.isetta,"[0, 0, 0]",4,,hero,True,70,149.370262879445,704,11,100,100,1,177,137,35.350000526756,255.46062874794,none,CloudySunset,80,0,0,0.35,270,15,0,0,0,0
483,263,RouteScenario_263,Completed,Town01,0,0,0,0,0,0,0,0,0,80,0,0,0,30,50,15,270,0,0.400000005960465,vehicle.bmw.isetta,"[0, 0, 0]",4,,hero,True,70,78.1490988795936,4031,11,100,100,1,176,137,201.700003005564,1259.4013209343,none,MidRainSunset,80,30,50,0.4,270,15,0,0,0,0
484,264,RouteScenario_264,Completed,Town01,0,0,0,0,0,0,0,0,0,90,0,0,0,0,50,15,0,0,0.349999994039536,vehicle.bmw.isetta,"[0, 0, 0]",4,,hero,True,70,169.637952732392,779,11,100,100,1,177,132,39.1000005826354,277.204397439957,none,WetCloudySunset,90,0,50,0.35,0,15,0,0,0,0
485,265,RouteScenario_265,Completed,Town01,0,0,0,0,0,0,0,0,0,90,0,0,0,0,50,15,0,0,0.349999994039536,vehicle.bmw.isetta,"[0, 0, 0]",4,,hero,True,70,201.753019772116,3824,11,100,100,1,177,138,191.350002851337,1302.50102210045,none,WetCloudySunset,90,0,50,0.35,0,15,0,0,0,0
486,266,RouteScenario_266,Completed,Town01,0,0,0,0,0,0,0,0,0,80,0,0,0,0,0,75,45,0,0.349999994039536,vehicle.bmw.isetta,"[0, 0, 0]",4,,hero,True,70,84.7396502314858,1332,11,100,100,1,177,143,66.7500009946525,484.829464912415,none,CloudyNoon,80,0,0,0.35,45,75,0,0,0,0
487,267,RouteScenario_267,Completed,Town01,0,0,0,0,0,0,0,0,0,90,0,0,0,15,50,75,315,0,0.349999994039536,vehicle.bmw.isetta,"[0, 0, 0]",4,,hero,True,70,199.613936782837,1376,11,100,100,1,177,132,68.9500010274351,435.024835824966,none,SoftRainNoon,90,15,50,0.35,315,75,0,0,0,0
488,268,RouteScenario_268,Failed - Agent got blocked,Town01,0,0,0,0,0,0,0,0,1,90,0,0,0,0,50,15,0,0,0.349999994039536,vehicle.bmw.isetta,"[0, 0, 0]",4,,hero,True,70,231.035249317076,7852,11,98.3834092739907,98.3834092739907,1,177,135,392.750005852431,2255.82541632652,none,WetCloudySunset,90,0,50,0.35,0,15,0,0,0,0
489,269,RouteScenario_269,Completed,Town01,0,0,0,0,0,0,0,0,0,15,0,0,0,0,0,-80,0,0,0.349999994039536,vehicle.bmw.isetta,"[0, 0, 0]",4,,hero,True,70,224.450809374766,3820,11,100,100,1,177,133,191.150002848357,1352.93765187263,none,ClearNight,15,0,0,0.35,0,-80,0,0,0,0
490,27,RouteScenario_27,Completed,Town01,0,0,0,0,0,0,0,0,0,15,0,0,0,0,0,75,0,0,0.349999994039536,vehicle.bmw.isetta,"[0, 0, 0]",4,,hero,True,70,160.591741147415,3306,11,100,100,1,176,131,165.450002465397,918.487488508224,none,ClearNoon,15,0,0,0.35,0,75,0,0,0,0
491,270,RouteScenario_270,Completed,Town01,0,0,0,0,0,0,0,0,0,90,0,0,0,60,100,75,90,0,1,vehicle.bmw.isetta,"[0, 0, 0]",4,,hero,True,70,175.090005990727,3440,11,100,100,1,177,137,172.150002565235,1122.89193058014,none,HardRainNoon,90,60,100,1,90,75,0,0,0,0
492,271,RouteScenario_271,Completed,Town01,0,0,0,0,0,0,0,0,0,80,0,0,0,0,0,-80,45,0,0.349999994039536,vehicle.bmw.isetta,"[0, 0, 0]",4,,hero,True,70,105.725927879123,1120,11,100,100,1,177,133,56.1500008367002,456.380042314529,none,CloudyNight,80,0,0,0.35,45,-80,0,0,0,0
493,272,RouteScenario_272,Completed,Town01,0,0,0,0,0,0,0,0,0,90,0,0,0,60,100,75,90,0,1,vehicle.bmw.isetta,"[0, 0, 0]",4,,hero,True,70,242.250000006001,2675,11,100,100,1,176,138,133.900001995265,802.844844579697,none,HardRainNoon,90,60,100,1,90,75,0,0,0,0
494,273,RouteScenario_273,Completed,Town01,0,0,0,0,0,0,0,0,0,80,0,0,0,0,0,75,45,0,0.349999994039536,vehicle.bmw.isetta,"[0, 0, 0]",4,,hero,True,70,60.4171575517384,1528,11,100,100,1,177,132,76.5500011406839,432.374024391174,none,CloudyNoon,80,0,0,0.35,45,75,0,0,0,0
495,274,RouteScenario_274,Failed - Agent got blocked,Town01,0,0,0,0,0,0,0,0,1,20,0,0,0,0,50,15,270,0,0.349999994039536,vehicle.bmw.isetta,"[0, 0, 0]",4,,hero,True,70,124.267165644625,6724,11,95.1798996178517,95.1798996178517,1,177,130,336.350005012006,1762.94961094856,none,WetSunset,20,0,50,0.35,270,15,0,0,0,0
496,275,RouteScenario_275,Completed,Town01,0,0,0,0,0,0,0,0,0,80,0,0,0,30,50,75,0,0,0.400000005960465,vehicle.bmw.isetta,"[0, 0, 0]",4,,hero,True,70,246.33762466759,4821,11,100,100,1,177,134,241.20000359416,1490.61143517494,none,MidRainyNoon,80,30,50,0.4,0,75,0,0,0,0
497,276,RouteScenario_276,Completed,Town01,0,0,0,0,0,0,0,0,0,90,0,0,0,0,50,15,0,0,0.349999994039536,vehicle.bmw.isetta,"[0, 0, 0]",4,,hero,True,70,181.734017212836,1330,11,100,100,1,177,131,66.6500009931624,387.946042299271,none,WetCloudySunset,90,0,50,0.35,0,15,0,0,0,0
498,277,RouteScenario_277,Completed,Town01,0,0,0,0,0,0,0,0,0,80,0,0,0,0,0,-80,45,0,0.349999994039536,vehicle.bmw.isetta,"[0, 0, 0]",4,,hero,True,70,61.7544581174403,3993,11,100,100,1,176,136,199.800002977252,1428.50762534142,none,CloudyNight,80,0,0,0.35,45,-80,0,0,0,0
499,278,RouteScenario_278,Failed,Town01,0,0,1,0,0,0,0,0,0,80,0,0,0,30,50,-80,225,0,0.400000005960465,vehicle.bmw.isetta,"[0, 0, 0]",4,,hero,True,70,139.146889123051,2560,11,97.3788860020303,58.4273316012181,0.6,177,135,128.150001909584,827.856615066528,collisions_vehicle,MidRainyNight,80,30,50,0.4,225,-80,0,0,0,0
500,279,RouteScenario_279,Completed,Town01,0,0,0,0,0,0,0,0,0,80,0,0,0,30,50,75,0,0,0.400000005960465,vehicle.bmw.isetta,"[0, 0, 0]",4,,hero,True,70,92.6246589070026,422,11,100,100,1,177,136,21.2500003166497,133.599420785904,none,MidRainyNoon,80,30,50,0.4,0,75,0,0,0,0
501,28,RouteScenario_28,Completed,Town01,0,0,0,0,0,0,0,0,0,15,0,0,0,0,0,-80,0,0,0.349999994039536,vehicle.bmw.isetta,"[0, 0, 0]",4,,hero,True,70,174.256976751145,2494,11,100,100,1,177,132,124.85000186041,879.886135816574,none,ClearNight,15,0,0,0.35,0,-80,0,0,0,0
502,280,RouteScenario_280,Completed,Town01,0,0,0,0,0,0,0,0,0,80,0,0,0,0,0,-80,45,0,0.349999994039536,vehicle.bmw.isetta,"[0, 0, 0]",4,,hero,True,70,183.970323914514,1344,11,100,100,1,177,134,67.3500010035932,400.237108945847,none,CloudyNight,80,0,0,0.35,45,-80,0,0,0,0
503,281,RouteScenario_281,Completed,Town01,0,0,0,0,0,0,0,0,0,90,0,0,0,0,50,15,0,0,0.349999994039536,vehicle.bmw.isetta,"[0, 0, 0]",4,,hero,True,70,202.183084241185,2079,11,100,100,1,177,132,104.100001551211,621.275862216949,none,WetCloudySunset,90,0,50,0.35,0,15,0,0,0,0
504,282,RouteScenario_282,Completed,Town01,0,0,0,0,0,0,0,0,0,20,0,0,0,0,50,-80,225,0,0.349999994039536,vehicle.bmw.isetta,"[0, 0, 0]",4,,hero,True,70,152.86000559795,2861,11,100,100,1,177,134,143.200002133846,951.910846948624,none,WetNight,20,0,50,0.35,225,-80,0,0,0,0
505,283,RouteScenario_283,Completed,Town01,0,0,0,0,0,0,0,0,0,90,0,0,0,0,50,-80,225,0,0.349999994039536,vehicle.bmw.isetta,"[0, 0, 0]",4,,hero,True,70,69.9640960845576,1551,11,100,100,1,177,137,77.7000011578202,473.298442602158,none,WetCloudyNight,90,0,50,0.35,225,-80,0,0,0,0
506,284,RouteScenario_284,Completed,Town01,0,0,0,0,0,0,0,0,0,90,0,0,0,0,50,75,180,0,0.349999994039536,vehicle.bmw.isetta,"[0, 0, 0]",4,,hero,True,70,160.564964787865,2638,11,100,100,1,177,132,132.050001967698,726.478419065476,none,WetCloudyNoon,90,0,50,0.35,180,75,0,0,0,0
507,285,RouteScenario_285,Completed,Town01,0,0,0,0,0,0,0,0,0,80,0,0,0,60,100,15,0,0,1,vehicle.bmw.isetta,"[0, 0, 0]",4,,hero,True,70,144.414208655793,2735,11,100,100,1,177,138,136.900002039969,882.486523628235,none,HardRainSunset,80,60,100,1,0,15,0,0,0,0
508,286,RouteScenario_286,Completed,Town01,0,0,0,0,0,0,0,0,0,80,0,0,0,30,50,75,0,0,0.400000005960465,vehicle.bmw.isetta,"[0, 0, 0]",4,,hero,True,70,141.259686307632,752,11,100,100,1,177,134,37.7500005625188,222.750093698502,none,MidRainyNoon,80,30,50,0.4,0,75,0,0,0,0
509,287,RouteScenario_287,Completed,Town01,0,0,0,0,0,0,0,0,0,90,0,0,0,0,50,15,0,0,0.349999994039536,vehicle.bmw.isetta,"[0, 0, 0]",4,,hero,True,70,250.703348969534,4024,11,100,100,1,177,133,201.350003000349,1131.22236323357,none,WetCloudySunset,90,0,50,0.35,0,15,0,0,0,0
510,288,RouteScenario_288,Completed,Town01,0,0,0,0,0,0,0,0,0,90,0,0,0,15,50,-80,270,0,0.349999994039536,vehicle.bmw.isetta,"[0, 0, 0]",4,,hero,True,70,94.0007193802161,492,11,100,100,1,177,134,24.7500003688037,147.446397781372,none,SoftRainNight,90,15,50,0.35,270,-80,0,0,0,0
511,289,RouteScenario_289,Completed,Town01,0,0,0,0,0,0,0,0,0,90,0,0,0,0,50,-80,225,0,0.349999994039536,vehicle.bmw.isetta,"[0, 0, 0]",4,,hero,True,70,78.5238491600036,469,11,100,100,1,177,131,23.6000003516674,124.027976036072,none,WetCloudyNight,90,0,50,0.35,225,-80,0,0,0,0
512,29,RouteScenario_29,Completed,Town01,0,0,0,0,0,0,0,0,0,15,0,0,0,0,0,-80,0,0,0.349999994039536,vehicle.bmw.isetta,"[0, 0, 0]",4,,hero,True,70,103.998671411552,468,11,100,100,1,177,137,23.5500003509223,155.466846466064,none,ClearNight,15,0,0,0.35,0,-80,0,0,0,0
513,290,RouteScenario_290,Completed,Town01,0,0,0,0,0,0,0,0,0,20,0,0,0,0,50,15,270,0,0.349999994039536,vehicle.bmw.isetta,"[0, 0, 0]",4,,hero,True,70,59.412759855584,357,11,100,100,1,177,135,18.0000002682209,128.675611019135,none,WetSunset,20,0,50,0.35,270,15,0,0,0,0
514,291,RouteScenario_291,Failed - Agent got blocked,Town01,0,0,0,0,0,0,0,0,1,90,0,0,0,15,50,15,270,0,0.349999994039536,vehicle.bmw.isetta,"[0, 0, 0]",4,,hero,True,70,220.346054563856,11552,11,98.4889021335548,98.4889021335548,1,177,135,577.750008609146,3420.33985376358,none,SoftRainSunset,90,15,50,0.35,270,15,0,0,0,0
515,292,RouteScenario_292,Completed,Town01,0,0,0,0,0,0,0,0,0,20,0,0,0,0,50,15,270,0,0.349999994039536,vehicle.bmw.isetta,"[0, 0, 0]",4,,hero,True,70,91.1636744338956,4461,11,100,100,1,177,134,223.200003325939,1388.36043977737,none,WetSunset,20,0,50,0.35,270,15,0,0,0,0
516,293,RouteScenario_293,Completed,Town01,0,0,0,0,0,0,0,0,0,80,0,0,0,60,100,15,0,0,1,vehicle.bmw.isetta,"[0, 0, 0]",4,,hero,True,70,126.580024915554,3400,11,100,100,1,177,134,170.150002535433,1104.56227040291,none,HardRainSunset,80,60,100,1,0,15,0,0,0,0
517,294,RouteScenario_294,Completed,Town01,0,0,0,0,0,0,0,0,0,80,0,0,0,60,100,15,0,0,1,vehicle.bmw.isetta,"[0, 0, 0]",4,,hero,True,70,115.7899800804,1702,11,100,100,1,177,134,85.250001270324,480.94997549057,none,HardRainSunset,80,60,100,1,0,15,0,0,0,0
518,295,RouteScenario_295,Completed,Town01,0,0,0,0,0,0,0,0,0,80,0,0,0,0,0,75,45,0,0.349999994039536,vehicle.bmw.isetta,"[0, 0, 0]",4,,hero,True,70,199.061184542531,1202,11,100,100,1,177,141,60.250000897795,366.510185003281,none,CloudyNoon,80,0,0,0.35,45,75,0,0,0,0
519,296,RouteScenario_296,Completed,Town01,0,0,0,0,0,0,0,0,0,20,0,0,0,0,50,15,270,0,0.349999994039536,vehicle.bmw.isetta,"[0, 0, 0]",4,,hero,True,70,39.5129832784647,4222,11,100,100,1,177,133,211.25000314787,1378.92389941216,none,WetSunset,20,0,50,0.35,270,15,0,0,0,0
520,297,RouteScenario_297,Completed,Town01,0,0,0,0,0,0,0,0,0,80,0,0,0,0,0,75,45,0,0.349999994039536,vehicle.bmw.isetta,"[0, 0, 0]",4,,hero,True,70,134.825166459177,1589,11,100,100,1,177,133,79.6000011861324,452.634887218475,none,CloudyNoon,80,0,0,0.35,45,75,0,0,0,0
521,298,RouteScenario_298,Completed,Town01,0,0,0,0,0,0,0,0,0,15,0,0,0,0,0,15,45,0,0.349999994039536,vehicle.bmw.isetta,"[0, 0, 0]",4,,hero,True,70,176.044735646727,2658,11,100,100,1,177,137,133.050001982599,948.927443742752,none,ClearSunset,15,0,0,0.35,45,15,0,0,0,0
522,299,RouteScenario_299,Completed,Town01,0,0,0,0,0,0,0,0,0,90,0,0,0,0,50,75,180,0,0.349999994039536,vehicle.bmw.isetta,"[0, 0, 0]",4,,hero,True,70,97.4614643017662,924,11,100,100,1,176,133,46.3500006906688,251.264899969101,none,WetCloudyNoon,90,0,50,0.35,180,75,0,0,0,0
523,3,RouteScenario_3,Completed,Town01,0,0,0,0,0,0,0,0,0,80,0,0,0,0,0,75,45,0,0.349999994039536,vehicle.bmw.isetta,"[0, 0, 0]",4,,hero,True,70,85.0112894410797,1663,11,100,100,1,177,135,83.3000012412667,515.564600944519,none,CloudyNoon,80,0,0,0.35,45,75,0,0,0,0
524,30,RouteScenario_30,Failed,Town01,0,0,0,0,1,0,0,0,0,80,0,0,0,30,50,75,0,0,0.400000005960465,vehicle.bmw.isetta,"[0, 0, 0]",4,,hero,True,70,84.2791168394927,57,11,0,0,0.7,177,136,3.00000004470348,17.431688785553,red_light,MidRainyNoon,80,30,50,0.4,0,75,0,0,0,0
525,31,RouteScenario_31,Completed,Town01,0,0,0,0,0,0,0,0,0,90,0,0,0,60,100,75,90,0,1,vehicle.bmw.isetta,"[0, 0, 0]",4,,hero,True,70,67.5363625144511,3199,11,100,100,1,177,138,160.100002385676,1103.20844554901,none,HardRainNoon,90,60,100,1,90,75,0,0,0,0
526,32,RouteScenario_32,Completed,Town01,0,0,0,0,0,0,0,0,0,20,0,0,0,0,50,75,45,0,0.349999994039536,vehicle.bmw.isetta,"[0, 0, 0]",4,,hero,True,70,167.999962408096,2261,11,100,100,1,176,134,113.200001686811,701.567750930786,none,WetNoon,20,0,50,0.35,45,75,0,0,0,0
527,33,RouteScenario_33,Completed,Town01,0,0,0,0,0,0,0,0,0,15,0,0,0,0,0,15,45,0,0.349999994039536,vehicle.bmw.isetta,"[0, 0, 0]",4,,hero,True,70,193.721850039984,4601,11,100,100,1,177,135,230.200003430247,1597.56657719612,none,ClearSunset,15,0,0,0.35,45,15,0,0,0,0
528,34,RouteScenario_34,Completed,Town01,0,0,0,0,0,0,0,0,0,90,0,0,0,0,50,75,180,0,0.349999994039536,vehicle.bmw.isetta,"[0, 0, 0]",4,,hero,True,70,141.125936103569,2508,11,100,100,1,177,135,125.550001870841,711.085617780685,none,WetCloudyNoon,90,0,50,0.35,180,75,0,0,0,0
529,35,RouteScenario_35,Completed,Town01,0,0,0,0,0,0,0,0,0,80,0,0,0,30,50,15,270,0,0.400000005960465,vehicle.bmw.isetta,"[0, 0, 0]",4,,hero,True,70,109.397150321348,2610,11,100,100,1,177,130,130.650001946837,771.869399309158,none,MidRainSunset,80,30,50,0.4,270,15,0,0,0,0
530,36,RouteScenario_36,Completed,Town01,0,0,0,0,0,0,0,0,0,90,0,0,0,0,50,15,0,0,0.349999994039536,vehicle.bmw.isetta,"[0, 0, 0]",4,,hero,True,70,148.92514730795,2761,11,100,100,1,177,142,138.20000205934,873.667756319046,none,WetCloudySunset,90,0,50,0.35,0,15,0,0,0,0
531,37,RouteScenario_37,Completed,Town01,0,0,0,0,0,0,0,0,0,20,0,0,0,0,50,-80,225,0,0.349999994039536,vehicle.bmw.isetta,"[0, 0, 0]",4,,hero,True,70,158.688919302186,2315,11,100,100,1,177,130,115.900001727045,749.003092288971,none,WetNight,20,0,50,0.35,225,-80,0,0,0,0
532,38,RouteScenario_38,Completed,Town01,0,0,0,0,0,0,0,0,0,20,0,0,0,0,50,15,270,0,0.349999994039536,vehicle.bmw.isetta,"[0, 0, 0]",4,,hero,True,70,76.9063535155789,1367,11,100,100,1,177,135,68.5000010207295,395.891004323959,none,WetSunset,20,0,50,0.35,270,15,0,0,0,0
533,39,RouteScenario_39,Failed - Agent got blocked,Town01,0,0,0,0,0,0,0,0,1,80,0,0,0,0,0,-80,45,0,0.349999994039536,vehicle.bmw.isetta,"[0, 0, 0]",4,,hero,True,70,186.620425596569,7652,11,97.0940527352047,97.0940527352047,1,176,136,382.750005703419,2190.32582831383,none,CloudyNight,80,0,0,0.35,45,-80,0,0,0,0
534,4,RouteScenario_4,Completed,Town01,0,0,0,0,0,0,0,0,0,90,0,0,0,15,50,75,315,0,0.349999994039536,vehicle.bmw.isetta,"[0, 0, 0]",4,,hero,True,70,222.385490044924,1820,11,100,100,1,176,133,91.1500013582408,610.90490937233,none,SoftRainNoon,90,15,50,0.35,315,75,0,0,0,0
535,40,RouteScenario_40,Completed,Town01,0,0,0,0,0,0,0,0,0,80,0,0,0,30,50,75,0,0,0.400000005960465,vehicle.bmw.isetta,"[0, 0, 0]",4,,hero,True,70,178.235083864772,3372,11,100,100,1,177,136,168.750002514571,1170.76165914536,none,MidRainyNoon,80,30,50,0.4,0,75,0,0,0,0
536,41,RouteScenario_41,Completed,Town01,0,0,0,0,0,0,0,0,0,80,0,0,0,30,50,-80,225,0,0.400000005960465,vehicle.bmw.isetta,"[0, 0, 0]",4,,hero,True,70,78.0000161598569,1083,11,100,100,1,176,137,54.3000008091331,430.579808950424,none,MidRainyNight,80,30,50,0.4,225,-80,0,0,0,0
537,42,RouteScenario_42,Completed,Town01,0,0,0,0,0,0,0,0,0,20,0,0,0,0,50,-80,225,0,0.349999994039536,vehicle.bmw.isetta,"[0, 0, 0]",4,,hero,True,70,118.809884393332,3771,11,100,100,1,177,134,188.700002811849,1184.51262259483,none,WetNight,20,0,50,0.35,225,-80,0,0,0,0
538,43,RouteScenario_43,Failed - Agent got blocked,Town01,0,0,0,0,0,0,0,0,1,20,0,0,0,0,50,15,270,0,0.349999994039536,vehicle.bmw.isetta,"[0, 0, 0]",4,,hero,True,70,179.964561912339,5806,11,97.9936910189309,97.9936910189309,1,177,139,290.450004328042,1662.94362044334,none,WetSunset,20,0,50,0.35,270,15,0,0,0,0
539,44,RouteScenario_44,Completed,Town01,0,0,0,0,0,0,0,0,0,80,0,0,0,30,50,-80,225,0,0.400000005960465,vehicle.bmw.isetta,"[0, 0, 0]",4,,hero,True,70,169.50130529376,2738,11,100,100,1,177,132,137.050002042204,799.303510665894,none,MidRainyNight,80,30,50,0.4,225,-80,0,0,0,0
540,45,RouteScenario_45,Completed,Town01,0,0,0,0,0,0,0,0,0,15,0,0,0,0,0,-80,0,0,0.349999994039536,vehicle.bmw.isetta,"[0, 0, 0]",4,,hero,True,70,132.537233931117,1540,11,100,100,1,177,132,77.1500011496246,485.012827634811,none,ClearNight,15,0,0,0.35,0,-80,0,0,0,0
541,46,RouteScenario_46,Completed,Town01,0,0,0,0,0,0,0,0,0,90,0,0,0,0,50,75,180,0,0.349999994039536,vehicle.bmw.isetta,"[0, 0, 0]",4,,hero,True,70,165.706907466809,11527,11,100,100,1,177,132,576.500008590519,3457.30270028114,none,WetCloudyNoon,90,0,50,0.35,180,75,0,0,0,0
542,47,RouteScenario_47,Failed - Agent got blocked,Town01,0,0,0,0,0,0,0,0,1,20,0,0,0,0,50,75,45,0,0.349999994039536,vehicle.bmw.isetta,"[0, 0, 0]",4,,hero,True,70,242.20963742487,8423,11,98.5071878192123,98.5071878192123,1,177,133,421.300006277859,2590.02021837234,none,WetNoon,20,0,50,0.35,45,75,0,0,0,0
543,48,RouteScenario_48,Completed,Town01,0,0,0,0,0,0,0,0,0,80,0,0,0,30,50,-80,225,0,0.400000005960465,vehicle.bmw.isetta,"[0, 0, 0]",4,,hero,True,70,243.720508976471,3067,11,100,100,1,177,132,153.500002287328,1157.58883476257,none,MidRainyNight,80,30,50,0.4,225,-80,0,0,0,0
544,49,RouteScenario_49,Completed,Town01,0,0,0,0,0,0,0,0,0,90,0,0,0,60,100,75,90,0,1,vehicle.bmw.isetta,"[0, 0, 0]",4,,hero,True,70,172.47023603808,2572,11,100,100,1,177,134,128.750001918525,746.4300532341,none,HardRainNoon,90,60,100,1,90,75,0,0,0,0
545,5,RouteScenario_5,Completed,Town01,0,0,0,0,0,0,0,0,0,90,0,0,0,0,50,-80,225,0,0.349999994039536,vehicle.bmw.isetta,"[0, 0, 0]",4,,hero,True,70,215.671334600397,3628,11,100,100,1,177,133,181.550002705306,1208.83415842056,none,WetCloudyNight,90,0,50,0.35,225,-80,0,0,0,0
546,50,RouteScenario_50,Completed,Town01,0,0,0,0,0,0,0,0,0,15,0,0,0,0,0,15,45,0,0.349999994039536,vehicle.bmw.isetta,"[0, 0, 0]",4,,hero,True,70,117.53109849302,1644,11,100,100,1,177,136,82.3500012271106,601.354745388031,none,ClearSunset,15,0,0,0.35,45,15,0,0,0,0
547,51,RouteScenario_51,Failed,Town01,1,0,0,0,0,0,0,0,0,15,0,0,0,0,0,15,45,0,0.349999994039536,vehicle.bmw.isetta,"[0, 0, 0]",4,,hero,True,70,236.026618294285,1008,11,96.2368031379306,62.5539220396549,0.65,177,133,50.5500007532537,305.028599739075,collisions_layout,ClearSunset,15,0,0,0.35,45,15,0,0,0,0
548,52,RouteScenario_52,Completed,Town01,0,0,0,0,0,0,0,0,0,80,0,0,0,0,0,15,270,0,0.349999994039536,vehicle.bmw.isetta,"[0, 0, 0]",4,,hero,True,70,91.7189155740634,2115,11,100,100,1,177,133,105.900001578033,728.43488740921,none,CloudySunset,80,0,0,0.35,270,15,0,0,0,0
549,53,RouteScenario_53,Completed,Town01,0,0,0,0,0,0,0,0,0,80,0,0,0,30,50,75,0,0,0.400000005960465,vehicle.bmw.isetta,"[0, 0, 0]",4,,hero,True,70,98.3793188962888,2195,11,100,100,1,177,139,109.900001637638,698.15642285347,none,MidRainyNoon,80,30,50,0.4,0,75,0,0,0,0
550,54,RouteScenario_54,Completed,Town01,0,0,0,0,0,0,0,0,0,90,0,0,0,60,100,-80,225,0,1,vehicle.bmw.isetta,"[0, 0, 0]",4,,hero,True,70,97.6117190877154,996,11,100,100,1,177,130,49.950000744313,373.471262931824,none,HardRainNight,90,60,100,1,225,-80,0,0,0,0
551,55,RouteScenario_55,Completed,Town01,0,0,0,0,0,0,0,0,0,80,0,0,0,0,0,15,270,0,0.349999994039536,vehicle.bmw.isetta,"[0, 0, 0]",4,,hero,True,70,170.680552557536,3097,11,100,100,1,177,136,155.00000230968,856.030665636063,none,CloudySunset,80,0,0,0.35,270,15,0,0,0,0
552,56,RouteScenario_56,Completed,Town01,0,0,0,0,0,0,0,0,0,80,0,0,0,30,50,-80,225,0,0.400000005960465,vehicle.bmw.isetta,"[0, 0, 0]",4,,hero,True,70,88.803553562924,1020,11,100,100,1,177,134,51.1500007621944,315.541007995605,none,MidRainyNight,80,30,50,0.4,225,-80,0,0,0,0
553,57,RouteScenario_57,Completed,Town01,0,0,0,0,0,0,0,0,0,80,0,0,0,0,0,-80,45,0,0.349999994039536,vehicle.bmw.isetta,"[0, 0, 0]",4,,hero,True,70,85.4917344082826,2302,11,100,100,1,177,131,115.250001717359,728.941602945328,none,CloudyNight,80,0,0,0.35,45,-80,0,0,0,0
554,58,RouteScenario_58,Completed,Town01,0,0,0,0,0,0,0,0,0,80,0,0,0,0,0,75,45,0,0.349999994039536,vehicle.bmw.isetta,"[0, 0, 0]",4,,hero,True,70,110.760657959706,1390,11,100,100,1,176,135,69.6500010378659,459.276521205902,none,CloudyNoon,80,0,0,0.35,45,75,0,0,0,0
555,59,RouteScenario_59,Completed,Town01,0,0,0,0,0,0,0,0,0,90,0,0,0,0,50,-80,225,0,0.349999994039536,vehicle.bmw.isetta,"[0, 0, 0]",4,,hero,True,70,177.857127968248,2166,11,100,100,1,177,133,108.450001616031,661.443498134613,none,WetCloudyNight,90,0,50,0.35,225,-80,0,0,0,0
556,6,RouteScenario_6,Completed,Town01,0,0,0,0,0,0,0,0,0,20,0,0,0,0,50,-80,225,0,0.349999994039536,vehicle.bmw.isetta,"[0, 0, 0]",4,,hero,True,70,81.9999806667819,345,11,100,100,1,177,128,17.4000002592802,102.578854322433,none,WetNight,20,0,50,0.35,225,-80,0,0,0,0
557,60,RouteScenario_60,Completed,Town01,0,0,0,0,0,0,0,0,0,80,0,0,0,0,0,15,270,0,0.349999994039536,vehicle.bmw.isetta,"[0, 0, 0]",4,,hero,True,70,62.717139549735,2872,11,100,100,1,177,136,143.750002142042,1048.81255292892,none,CloudySunset,80,0,0,0.35,270,15,0,0,0,0
558,61,RouteScenario_61,Completed,Town01,0,0,0,0,0,0,0,0,0,80,0,0,0,30,50,15,270,0,0.400000005960465,vehicle.bmw.isetta,"[0, 0, 0]",4,,hero,True,70,181.206637504591,1928,11,100,100,1,177,134,96.5500014387071,549.629581689835,none,MidRainSunset,80,30,50,0.4,270,15,0,0,0,0
559,62,RouteScenario_62,Completed,Town01,0,0,0,0,0,0,0,0,0,15,0,0,0,0,0,-80,0,0,0.349999994039536,vehicle.bmw.isetta,"[0, 0, 0]",4,,hero,True,70,192.122827172363,1394,11,100,100,1,177,134,69.8500010408461,426.026104927063,none,ClearNight,15,0,0,0.35,0,-80,0,0,0,0
560,63,RouteScenario_63,Completed,Town01,0,0,0,0,0,0,0,0,0,90,0,0,0,0,50,75,180,0,0.349999994039536,vehicle.bmw.isetta,"[0, 0, 0]",4,,hero,True,70,235.904038841879,2786,11,100,100,1,177,135,139.450002077967,909.469345808029,none,WetCloudyNoon,90,0,50,0.35,180,75,0,0,0,0
561,64,RouteScenario_64,Completed,Town01,0,0,0,0,0,0,0,0,0,90,0,0,0,15,50,-80,270,0,0.349999994039536,vehicle.bmw.isetta,"[0, 0, 0]",4,,hero,True,70,156.177054868815,2575,11,100,100,1,176,132,128.90000192076,778.941809892654,none,SoftRainNight,90,15,50,0.35,270,-80,0,0,0,0
562,65,RouteScenario_65,Completed,Town01,0,0,0,0,0,0,0,0,0,90,0,0,0,15,50,75,315,0,0.349999994039536,vehicle.bmw.isetta,"[0, 0, 0]",4,,hero,True,70,203.435859527397,3295,11,100,100,1,177,137,164.900002457201,978.502745628357,none,SoftRainNoon,90,15,50,0.35,315,75,0,0,0,0
563,66,RouteScenario_66,Completed,Town01,0,0,0,0,0,0,0,0,0,80,0,0,0,0,0,15,270,0,0.349999994039536,vehicle.bmw.isetta,"[0, 0, 0]",4,,hero,True,70,111.219846834658,838,11,100,100,1,177,143,42.0500006265938,245.846357584,none,CloudySunset,80,0,0,0.35,270,15,0,0,0,0
564,67,RouteScenario_67,Completed,Town01,0,0,0,0,0,0,0,0,0,90,0,0,0,60,100,-80,225,0,1,vehicle.bmw.isetta,"[0, 0, 0]",4,,hero,True,70,234.621307071779,1535,11,100,100,1,177,135,76.9000011458993,487.677223205566,none,HardRainNight,90,60,100,1,225,-80,0,0,0,0
565,68,RouteScenario_68,Failed - Agent got blocked,Town01,0,0,0,0,0,0,0,0,1,15,0,0,0,0,0,-80,0,0,0.349999994039536,vehicle.bmw.isetta,"[0, 0, 0]",4,,hero,True,70,123.180107520798,13033,11,98.6033635278984,98.6033635278984,1,177,131,651.800009712577,3796.31031179428,none,ClearNight,15,0,0,0.35,0,-80,0,0,0,0
566,69,RouteScenario_69,Completed,Town01,0,0,0,0,0,0,0,0,0,90,0,0,0,60,100,-80,225,0,1,vehicle.bmw.isetta,"[0, 0, 0]",4,,hero,True,70,50.3572785555583,1183,11,100,100,1,177,138,59.3000008836389,404.317099094391,none,HardRainNight,90,60,100,1,225,-80,0,0,0,0
567,7,RouteScenario_7,Completed,Town01,0,0,0,0,0,0,0,0,0,80,0,0,0,0,0,75,45,0,0.349999994039536,vehicle.bmw.isetta,"[0, 0, 0]",4,,hero,True,70,89.6610007271915,2142,11,100,100,1,177,136,107.25000159815,664.270842552185,none,CloudyNoon,80,0,0,0.35,45,75,0,0,0,0
568,70,RouteScenario_70,Completed,Town01,0,0,0,0,0,0,0,0,0,15,0,0,0,0,0,-80,0,0,0.349999994039536,vehicle.bmw.isetta,"[0, 0, 0]",4,,hero,True,70,138.308004784328,1977,11,100,100,1,177,137,99.000001475215,785.115124702454,none,ClearNight,15,0,0,0.35,0,-80,0,0,0,0
569,71,RouteScenario_71,Completed,Town01,0,0,0,0,0,0,0,0,0,80,0,0,0,0,0,75,45,0,0.349999994039536,vehicle.bmw.isetta,"[0, 0, 0]",4,,hero,True,70,226.400898091725,3613,11,100,100,1,177,135,180.80000269413,1117.06208014488,none,CloudyNoon,80,0,0,0.35,45,75,0,0,0,0
570,72,RouteScenario_72,Completed,Town01,0,0,0,0,0,0,0,0,0,15,0,0,0,0,0,75,0,0,0.349999994039536,vehicle.bmw.isetta,"[0, 0, 0]",4,,hero,True,70,152.837140492969,2833,11,100,100,1,177,137,141.800002112985,1006.69941997528,none,ClearNoon,15,0,0,0.35,0,75,0,0,0,0
571,73,RouteScenario_73,Completed,Town01,0,0,0,0,0,0,0,0,0,80,0,0,0,0,0,-80,45,0,0.349999994039536,vehicle.bmw.isetta,"[0, 0, 0]",4,,hero,True,70,173.225622140864,3200,11,100,100,1,177,133,160.150002386421,1100.3660299778,none,CloudyNight,80,0,0,0.35,45,-80,0,0,0,0
572,74,RouteScenario_74,Completed,Town01,0,0,0,0,0,0,0,0,0,90,0,0,0,60,100,-80,225,0,1,vehicle.bmw.isetta,"[0, 0, 0]",4,,hero,True,70,135.011337708198,1731,11,100,100,1,177,132,86.7000012919307,625.718622207642,none,HardRainNight,90,60,100,1,225,-80,0,0,0,0
573,75,RouteScenario_75,Completed,Town01,0,0,0,0,0,0,0,0,0,80,0,0,0,30,50,-80,225,0,0.400000005960465,vehicle.bmw.isetta,"[0, 0, 0]",4,,hero,True,70,188.146872702469,3311,11,100,100,1,177,130,165.700002469122,1000.60782337189,none,MidRainyNight,80,30,50,0.4,225,-80,0,0,0,0
574,76,RouteScenario_76,Completed,Town01,0,0,0,0,0,0,0,0,0,20,0,0,0,0,50,75,45,0,0.349999994039536,vehicle.bmw.isetta,"[0, 0, 0]",4,,hero,True,70,44.1814466518153,3419,11,100,100,1,177,138,171.100002549589,1139.99443507195,none,WetNoon,20,0,50,0.35,45,75,0,0,0,0
575,77,RouteScenario_77,Completed,Town01,0,0,0,0,0,0,0,0,0,90,0,0,0,0,50,15,0,0,0.349999994039536,vehicle.bmw.isetta,"[0, 0, 0]",4,,hero,True,70,30.3161255909202,2269,11,100,100,1,177,133,113.600001692772,725.712267160416,none,WetCloudySunset,90,0,50,0.35,0,15,0,0,0,0
576,78,RouteScenario_78,Failed - Agent got blocked,Town01,0,0,0,0,0,0,0,0,1,20,0,0,0,0,50,75,45,0,0.349999994039536,vehicle.bmw.isetta,"[0, 0, 0]",4,,hero,True,70,82.5240339591636,6998,11,95.3936254469199,95.3936254469199,1,177,131,350.050005216151,2393.07062029839,none,WetNoon,20,0,50,0.35,45,75,0,0,0,0
577,79,RouteScenario_79,Completed,Town01,0,0,0,0,0,0,0,0,0,80,0,0,0,30,50,15,270,0,0.400000005960465,vehicle.bmw.isetta,"[0, 0, 0]",4,,hero,True,70,220.053316473108,1769,11,100,100,1,177,138,88.6000013202429,543.347422599793,none,MidRainSunset,80,30,50,0.4,270,15,0,0,0,0
578,8,RouteScenario_8,Completed,Town01,0,0,0,0,0,0,0,0,0,20,0,0,0,0,50,-80,225,0,0.349999994039536,vehicle.bmw.isetta,"[0, 0, 0]",4,,hero,True,70,84.2932734945379,509,11,100,100,1,177,134,25.6000003814697,153.9977414608,none,WetNight,20,0,50,0.35,225,-80,0,0,0,0
579,80,RouteScenario_80,Completed,Town01,0,0,0,0,0,0,0,0,0,15,0,0,0,0,0,15,45,0,0.349999994039536,vehicle.bmw.isetta,"[0, 0, 0]",4,,hero,True,70,135.565363838543,949,11,100,100,1,177,140,47.6000007092953,318.732040405273,none,ClearSunset,15,0,0,0.35,45,15,0,0,0,0
580,81,RouteScenario_81,Completed,Town01,0,0,0,0,0,0,0,0,0,90,0,0,0,60,100,-80,225,0,1,vehicle.bmw.isetta,"[0, 0, 0]",4,,hero,True,70,227.065844694355,3216,11,100,100,1,177,131,160.950002398342,1029.94551944733,none,HardRainNight,90,60,100,1,225,-80,0,0,0,0
581,82,RouteScenario_82,Completed,Town01,0,0,0,0,0,0,0,0,0,90,0,0,0,15,50,-80,270,0,0.349999994039536,vehicle.bmw.isetta,"[0, 0, 0]",4,,hero,True,70,92.6699986967743,1558,11,100,100,1,177,136,78.0500011630356,482.252946376801,none,SoftRainNight,90,15,50,0.35,270,-80,0,0,0,0
582,83,RouteScenario_83,Completed,Town01,0,0,0,0,0,0,0,0,0,90,0,0,0,60,100,75,90,0,1,vehicle.bmw.isetta,"[0, 0, 0]",4,,hero,True,70,153.779977032695,1288,11,100,100,1,177,132,64.55000096187,412.611200094223,none,HardRainNoon,90,60,100,1,90,75,0,0,0,0
583,84,RouteScenario_84,Completed,Town01,0,0,0,0,0,0,0,0,0,90,0,0,0,60,100,-80,225,0,1,vehicle.bmw.isetta,"[0, 0, 0]",4,,hero,True,70,136.683846129862,1701,11,100,100,1,177,132,85.2000012695789,544.783641815186,none,HardRainNight,90,60,100,1,225,-80,0,0,0,0
584,85,RouteScenario_85,Completed,Town01,0,0,0,0,0,0,0,0,0,15,0,0,0,0,0,75,0,0,0.349999994039536,vehicle.bmw.isetta,"[0, 0, 0]",4,,hero,True,70,56.7774573305317,712,11,100,100,1,177,138,35.7500005327165,219.792121171951,none,ClearNoon,15,0,0,0.35,0,75,0,0,0,0
585,86,RouteScenario_86,Failed - Agent got blocked,Town01,0,0,0,0,0,0,0,0,1,90,0,0,0,15,50,15,270,0,0.349999994039536,vehicle.bmw.isetta,"[0, 0, 0]",4,,hero,True,70,140.293209988105,6688,11,98.275651456717,98.275651456717,1,177,134,334.550004985183,1875.83700585365,none,SoftRainSunset,90,15,50,0.35,270,15,0,0,0,0
586,87,RouteScenario_87,Completed,Town01,0,0,0,0,0,0,0,0,0,90,0,0,0,0,50,15,0,0,0.349999994039536,vehicle.bmw.isetta,"[0, 0, 0]",4,,hero,True,70,130.610807613161,5228,11,100,100,1,177,134,261.550003897399,1674.17103695869,none,WetCloudySunset,90,0,50,0.35,0,15,0,0,0,0
587,88,RouteScenario_88,Failed,Town01,0,0,1,0,0,0,0,0,0,90,0,0,0,60,100,75,90,0,1,vehicle.bmw.isetta,"[0, 0, 0]",4,,hero,True,70,109.972054901903,240,11,9.59989372095534,5.7599362325732,0.6,177,133,12.1500001810491,74.230165719986,collisions_vehicle,HardRainNoon,90,60,100,1,90,75,0,0,0,0
588,89,RouteScenario_89,Completed,Town01,0,0,0,0,0,0,0,0,0,90,0,0,0,60,100,-80,225,0,1,vehicle.bmw.isetta,"[0, 0, 0]",4,,hero,True,70,190.574216852156,1154,11,100,100,1,177,134,57.8500008620322,404.110865116119,none,HardRainNight,90,60,100,1,225,-80,0,0,0,0
589,9,RouteScenario_9,Completed,Town01,0,0,0,0,0,0,0,0,0,90,0,0,0,60,100,-80,225,0,1,vehicle.bmw.isetta,"[0, 0, 0]",4,,hero,True,70,161.240312550301,2169,11,100,100,1,177,132,108.600001618266,825.792289733887,none,HardRainNight,90,60,100,1,225,-80,0,0,0,0
590,90,RouteScenario_90,Failed - Agent got blocked,Town01,0,0,0,0,0,0,0,0,1,90,0,0,0,15,50,15,270,0,0.349999994039536,vehicle.bmw.isetta,"[0, 0, 0]",4,,hero,True,70,212.051471379147,6402,11,98.8399799757282,98.8399799757282,1,176,135,320.250004772097,1839.22608160973,none,SoftRainSunset,90,15,50,0.35,270,15,0,0,0,0
591,91,RouteScenario_91,Completed,Town01,0,0,0,0,0,0,0,0,0,90,0,0,0,15,50,75,315,0,0.349999994039536,vehicle.bmw.isetta,"[0, 0, 0]",4,,hero,True,70,50.1306667090402,265,11,100,100,1,177,137,13.4000001996756,80.1786081790924,none,SoftRainNoon,90,15,50,0.35,315,75,0,0,0,0
592,92,RouteScenario_92,Completed,Town01,0,0,0,0,0,0,0,0,0,90,0,0,0,60,100,75,90,0,1,vehicle.bmw.isetta,"[0, 0, 0]",4,,hero,True,70,9.9037431356277,2475,11,100,100,1,177,137,123.900001846254,813.164860486984,none,HardRainNoon,90,60,100,1,90,75,0,0,0,0
593,93,RouteScenario_93,Completed,Town01,0,0,0,0,0,0,0,0,0,20,0,0,0,0,50,15,270,0,0.349999994039536,vehicle.bmw.isetta,"[0, 0, 0]",4,,hero,True,70,147.887772506435,2309,11,100,100,1,177,139,115.600001722574,808.280230760574,none,WetSunset,20,0,50,0.35,270,15,0,0,0,0
594,94,RouteScenario_94,Completed,Town01,0,0,0,0,0,0,0,0,0,15,0,0,0,0,0,-80,0,0,0.349999994039536,vehicle.bmw.isetta,"[0, 0, 0]",4,,hero,True,70,132.450847509141,680,11,100,100,1,177,137,34.1500005088747,215.375928640366,none,ClearNight,15,0,0,0.35,0,-80,0,0,0,0
595,95,RouteScenario_95,Completed,Town01,0,0,0,0,0,0,0,0,0,15,0,0,0,0,0,75,0,0,0.349999994039536,vehicle.bmw.isetta,"[0, 0, 0]",4,,hero,True,70,175.462139150575,1402,11,100,100,1,177,132,70.2500010468066,443.669987916946,none,ClearNoon,15,0,0,0.35,0,75,0,0,0,0
596,96,RouteScenario_96,Completed,Town01,0,0,0,0,0,0,0,0,0,80,0,0,0,30,50,-80,225,0,0.400000005960465,vehicle.bmw.isetta,"[0, 0, 0]",4,,hero,True,70,146.502220519111,3658,11,100,100,1,177,138,183.050002727658,1191.21283268929,none,MidRainyNight,80,30,50,0.4,225,-80,0,0,0,0
597,97,RouteScenario_97,Completed,Town01,0,0,0,0,0,0,0,0,0,20,0,0,0,0,50,15,270,0,0.349999994039536,vehicle.bmw.isetta,"[0, 0, 0]",4,,hero,True,70,97.7891815367876,648,11,100,100,1,177,139,32.5500004850328,229.419367551804,none,WetSunset,20,0,50,0.35,270,15,0,0,0,0
598,98,RouteScenario_98,Completed,Town01,0,0,0,0,0,0,0,0,0,15,0,0,0,0,0,75,0,0,0.349999994039536,vehicle.bmw.isetta,"[0, 0, 0]",4,,hero,True,70,84.7644301521923,3657,11,100,100,1,177,136,183.000002726913,1211.5277633667,none,ClearNoon,15,0,0,0.35,0,75,0,0,0,0
599,99,RouteScenario_99,Completed,Town01,0,0,0,0,0,0,0,0,0,20,0,0,0,0,50,15,270,0,0.349999994039536,vehicle.bmw.isetta,"[0, 0, 0]",4,,hero,True,70,138.250854519956,2543,11,100,100,1,177,131,127.300001896918,730.453054428101,none,WetSunset,20,0,50,0.35,270,15,0,0,0,0
600,0,RouteScenario_0,Completed,Town01,0,0,0,0,0,0,0,0,0,20,0,0,0,0,50,15,270,0,0.349999994039536,vehicle.lincoln.mkz2017,"[0, 0, 0]",4,,hero,True,70,207.019212970771,2014,10,100,100,1,177,145,100.850001502782,349.651483535767,none,WetSunset,20,0,50,0.35,270,15,0,0,0,0
601,1,RouteScenario_1,Completed,Town01,0,0,0,0,0,0,0,0,0,90,0,0,0,15,50,-80,270,0,0.349999994039536,vehicle.lincoln.mkz2017,"[0, 0, 0]",4,,hero,True,70,82.7731237397857,2860,10,100,100,1,177,147,143.150002133101,673.495767831802,none,SoftRainNight,90,15,50,0.35,270,-80,0,0,0,0
602,10,RouteScenario_10,Completed,Town01,0,0,0,0,0,0,0,0,0,90,0,0,0,0,50,15,0,0,0.349999994039536,vehicle.lincoln.mkz2017,"[0, 0, 0]",4,,hero,True,70,178.939133037313,1560,10,100,100,1,177,141,78.1500011645258,316.222742319107,none,WetCloudySunset,90,0,50,0.35,0,15,0,0,0,0
603,100,RouteScenario_100,Completed,Town01,0,0,0,0,0,0,0,0,0,90,0,0,0,60,100,75,90,0,1,vehicle.lincoln.mkz2017,"[0, 0, 0]",4,,hero,True,70,238.109787563928,2046,10,100,100,1,177,145,102.450001526624,423.977005243301,none,HardRainNoon,90,60,100,1,90,75,0,0,0,0
604,101,RouteScenario_101,Completed,Town01,0,0,0,0,0,0,0,0,0,90,0,0,0,15,50,-80,270,0,0.349999994039536,vehicle.lincoln.mkz2017,"[0, 0, 0]",4,,hero,True,70,223.332902900877,3969,10,100,100,1,177,145,198.600002959371,931.124606609344,none,SoftRainNight,90,15,50,0.35,270,-80,0,0,0,0
605,102,RouteScenario_102,Completed,Town01,0,0,0,0,0,0,0,0,0,15,0,0,0,0,0,15,45,0,0.349999994039536,vehicle.lincoln.mkz2017,"[0, 0, 0]",4,,hero,True,70,167.564870864939,1967,10,100,100,1,177,143,98.5000014677644,424.996752977371,none,ClearSunset,15,0,0,0.35,45,15,0,0,0,0
606,103,RouteScenario_103,Failed - Agent got blocked,Town01,0,0,0,0,0,0,0,0,1,80,0,0,0,0,0,75,45,0,0.349999994039536,vehicle.lincoln.mkz2017,"[0, 0, 0]",4,,hero,True,70,194.971879863744,7274,10,98.3423966505107,98.3423966505107,1,177,145,363.850005421788,1409.63613057137,none,CloudyNoon,80,0,0,0.35,45,75,0,0,0,0
607,104,RouteScenario_104,Completed,Town01,0,0,0,0,0,0,0,0,0,20,0,0,0,0,50,-80,225,0,0.349999994039536,vehicle.lincoln.mkz2017,"[0, 0, 0]",4,,hero,True,70,115.885909577756,658,10,100,100,1,177,141,33.0500004924834,137.438403129578,none,WetNight,20,0,50,0.35,225,-80,0,0,0,0
608,105,RouteScenario_105,Completed,Town01,0,0,0,0,0,0,0,0,0,90,0,0,0,60,100,75,90,0,1,vehicle.lincoln.mkz2017,"[0, 0, 0]",4,,hero,True,70,43.0960436440428,5136,10,100,100,1,177,144,256.950003828853,1033.0882127285,none,HardRainNoon,90,60,100,1,90,75,0,0,0,0
609,106,RouteScenario_106,Failed,Town01,0,0,0,0,1,0,0,0,0,90,0,0,0,15,50,-80,270,0,0.349999994039536,vehicle.lincoln.mkz2017,"[0, 0, 0]",4,,hero,True,70,58.6382713487703,0,10,0,0,0.7,177,0,0.050000000745058,0.428743839263916,red_light,SoftRainNight,90,15,50,0.35,270,-80,0,0,0,0
610,107,RouteScenario_107,Completed,Town01,0,0,0,0,0,0,0,0,0,20,0,0,0,0,50,-80,225,0,0.349999994039536,vehicle.lincoln.mkz2017,"[0, 0, 0]",4,,hero,True,70,77.2658992938477,2077,10,100,100,1,177,146,104.000001549721,413.085240125656,none,WetNight,20,0,50,0.35,225,-80,0,0,0,0
611,108,RouteScenario_108,Completed,Town01,0,0,0,0,0,0,0,0,0,15,0,0,0,0,0,15,45,0,0.349999994039536,vehicle.lincoln.mkz2017,"[0, 0, 0]",4,,hero,True,70,162.785049296464,2396,10,100,100,1,177,142,119.950001787394,434.721853256226,none,ClearSunset,15,0,0,0.35,45,15,0,0,0,0
612,109,RouteScenario_109,Failed - Agent got blocked,Town01,0,0,0,0,0,0,0,0,1,90,0,0,0,0,50,-80,225,0,0.349999994039536,vehicle.lincoln.mkz2017,"[0, 0, 0]",4,,hero,True,70,198.331334951565,7025,10,97.6589794165992,97.6589794165992,1,177,142,351.400005236268,1563.86586236954,none,WetCloudyNight,90,0,50,0.35,225,-80,0,0,0,0
613,11,RouteScenario_11,Completed,Town01,0,0,0,0,0,0,0,0,0,90,0,0,0,0,50,75,180,0,0.349999994039536,vehicle.lincoln.mkz2017,"[0, 0, 0]",4,,hero,True,70,101.612062127783,1573,10,100,100,1,177,151,78.8000011742115,269.409804105759,none,WetCloudyNoon,90,0,50,0.35,180,75,0,0,0,0
614,110,RouteScenario_110,Failed,Town01,0,0,1,0,0,0,0,0,0,90,0,0,0,0,50,75,180,0,0.349999994039536,vehicle.lincoln.mkz2017,"[0, 0, 0]",4,,hero,True,70,114.149971162581,1620,10,54.7331116748049,32.839867004883,0.6,177,143,81.1500012092292,272.628867149353,collisions_vehicle,WetCloudyNoon,90,0,50,0.35,180,75,0,0,0,0
615,111,RouteScenario_111,Failed - Agent got blocked,Town01,0,0,0,0,0,0,0,0,1,90,0,0,0,60,100,75,90,0,1,vehicle.lincoln.mkz2017,"[0, 0, 0]",4,,hero,True,70,89.8581682581759,5203,10,96.1500834224978,96.1500834224978,1,177,145,260.300003878772,1051.25187373161,none,HardRainNoon,90,60,100,1,90,75,0,0,0,0
616,112,RouteScenario_112,Completed,Town01,0,0,0,0,0,0,0,0,0,80,0,0,0,0,0,75,45,0,0.349999994039536,vehicle.lincoln.mkz2017,"[0, 0, 0]",4,,hero,True,70,117.182011802066,1699,10,100,100,1,176,146,85.1000012680888,305.532964706421,none,CloudyNoon,80,0,0,0.35,45,75,0,0,0,0
617,113,RouteScenario_113,Completed,Town01,0,0,0,0,0,0,0,0,0,20,0,0,0,0,50,-80,225,0,0.349999994039536,vehicle.lincoln.mkz2017,"[0, 0, 0]",4,,hero,True,70,124.710890054488,1714,10,100,100,1,177,143,85.8500012792647,285.087728023529,none,WetNight,20,0,50,0.35,225,-80,0,0,0,0
618,114,RouteScenario_114,Completed,Town01,0,0,0,0,0,0,0,0,0,80,0,0,0,0,0,-80,45,0,0.349999994039536,vehicle.lincoln.mkz2017,"[0, 0, 0]",4,,hero,True,70,97.8522698152996,1403,10,100,100,1,177,146,70.3000010475516,305.364986181259,none,CloudyNight,80,0,0,0.35,45,-80,0,0,0,0
619,115,RouteScenario_115,Completed,Town01,0,0,0,0,0,0,0,0,0,90,0,0,0,0,50,15,0,0,0.349999994039536,vehicle.lincoln.mkz2017,"[0, 0, 0]",4,,hero,True,70,152.482095803129,1456,10,100,100,1,177,146,72.9500010870397,287.569980621338,none,WetCloudySunset,90,0,50,0.35,0,15,0,0,0,0
620,116,RouteScenario_116,Completed,Town01,0,0,0,0,0,0,0,0,0,90,0,0,0,0,50,75,180,0,0.349999994039536,vehicle.lincoln.mkz2017,"[0, 0, 0]",4,,hero,True,70,273.331996132036,4951,10,100,100,1,177,144,247.700003691018,906.76357960701,none,WetCloudyNoon,90,0,50,0.35,180,75,0,0,0,0
621,117,RouteScenario_117,Completed,Town01,0,0,0,0,0,0,0,0,0,80,0,0,0,0,0,75,45,0,0.349999994039536,vehicle.lincoln.mkz2017,"[0, 0, 0]",4,,hero,True,70,174.533229151483,5206,10,100,100,1,176,145,260.450003881007,903.291447162628,none,CloudyNoon,80,0,0,0.35,45,75,0,0,0,0
622,118,RouteScenario_118,Failed - Agent got blocked,Town01,0,0,0,0,0,0,0,0,1,15,0,0,0,0,0,-80,0,0,0.349999994039536,vehicle.lincoln.mkz2017,"[0, 0, 0]",4,,hero,True,70,56.3013298853026,7935,10,98.6374893463112,98.6374893463112,1,177,143,396.900005914271,1626.1452422142,none,ClearNight,15,0,0,0.35,0,-80,0,0,0,0
623,119,RouteScenario_119,Failed - Agent got blocked,Town01,0,0,0,0,0,0,0,0,1,90,0,0,0,0,50,-80,225,0,0.349999994039536,vehicle.lincoln.mkz2017,"[0, 0, 0]",4,,hero,True,70,187.802880730796,8352,10,97.6873073359797,97.6873073359797,1,177,146,417.75000622496,1345.67060494423,none,WetCloudyNight,90,0,50,0.35,225,-80,0,0,0,0
624,12,RouteScenario_12,Completed,Town01,0,0,0,0,0,0,0,0,0,90,0,0,0,60,100,75,90,0,1,vehicle.lincoln.mkz2017,"[0, 0, 0]",4,,hero,True,70,148.579952645267,1444,10,100,100,1,177,145,72.350001078099,261.494296789169,none,HardRainNoon,90,60,100,1,90,75,0,0,0,0
625,120,RouteScenario_120,Completed,Town01,0,0,0,0,0,0,0,0,0,90,0,0,0,15,50,-80,270,0,0.349999994039536,vehicle.lincoln.mkz2017,"[0, 0, 0]",4,,hero,True,70,67.6444874349446,487,10,100,100,1,177,145,24.5000003650784,89.7996642589569,none,SoftRainNight,90,15,50,0.35,270,-80,0,0,0,0
626,121,RouteScenario_121,Completed,Town01,0,0,0,0,0,0,0,0,0,80,0,0,0,0,0,-80,45,0,0.349999994039536,vehicle.lincoln.mkz2017,"[0, 0, 0]",4,,hero,True,70,247.344371976281,6560,10,100,100,1,177,145,328.150004889816,1220.39443635941,none,CloudyNight,80,0,0,0.35,45,-80,0,0,0,0
627,122,RouteScenario_122,Completed,Town01,0,0,0,0,0,0,0,0,0,80,0,0,0,30,50,15,270,0,0.400000005960465,vehicle.lincoln.mkz2017,"[0, 0, 0]",4,,hero,True,70,185.994639783653,1005,10,100,100,1,177,143,50.4000007510185,169.734158754349,none,MidRainSunset,80,30,50,0.4,270,15,0,0,0,0
628,123,RouteScenario_123,Completed,Town01,0,0,0,0,0,0,0,0,0,80,0,0,0,0,0,15,270,0,0.349999994039536,vehicle.lincoln.mkz2017,"[0, 0, 0]",4,,hero,True,70,50.9926642098561,819,10,100,100,1,177,143,41.1000006124377,141.555436611176,none,CloudySunset,80,0,0,0.35,270,15,0,0,0,0
629,124,RouteScenario_124,Completed,Town01,0,0,0,0,0,0,0,0,0,90,0,0,0,0,50,15,0,0,0.349999994039536,vehicle.lincoln.mkz2017,"[0, 0, 0]",4,,hero,True,70,80.7752049372926,10156,10,100,100,1,176,145,507.950007569045,2020.14602184296,none,WetCloudySunset,90,0,50,0.35,0,15,0,0,0,0
630,125,RouteScenario_125,Completed,Town01,0,0,0,0,0,0,0,0,0,90,0,0,0,0,50,75,180,0,0.349999994039536,vehicle.lincoln.mkz2017,"[0, 0, 0]",4,,hero,True,70,154.227736306685,2062,10,100,100,1,177,144,103.250001538545,422.905394792557,none,WetCloudyNoon,90,0,50,0.35,180,75,0,0,0,0
631,126,RouteScenario_126,Failed - Agent got blocked,Town01,0,0,0,0,0,0,0,0,1,80,0,0,0,60,100,15,0,0,1,vehicle.lincoln.mkz2017,"[0, 0, 0]",4,,hero,True,70,81.1833542852019,8145,10,95.9314234458556,95.9314234458556,1,177,144,407.400006070733,1784.94746637344,none,HardRainSunset,80,60,100,1,0,15,0,0,0,0
632,127,RouteScenario_127,Completed,Town01,0,0,0,0,0,0,0,0,0,90,0,0,0,15,50,-80,270,0,0.349999994039536,vehicle.lincoln.mkz2017,"[0, 0, 0]",4,,hero,True,70,126.519743536487,1724,10,100,100,1,177,144,86.3500012867153,284.587818145752,none,SoftRainNight,90,15,50,0.35,270,-80,0,0,0,0
633,128,RouteScenario_128,Completed,Town01,0,0,0,0,0,0,0,0,0,80,0,0,0,0,0,15,270,0,0.349999994039536,vehicle.lincoln.mkz2017,"[0, 0, 0]",4,,hero,True,70,275.50983420566,4978,10,100,100,1,177,146,249.050003711134,842.047636985779,none,CloudySunset,80,0,0,0.35,270,15,0,0,0,0
634,129,RouteScenario_129,Completed,Town01,0,0,0,0,0,0,0,0,0,90,0,0,0,0,50,75,180,0,0.349999994039536,vehicle.lincoln.mkz2017,"[0, 0, 0]",4,,hero,True,70,161.070550861444,1123,10,100,100,1,177,143,56.3000008389354,251.546044826508,none,WetCloudyNoon,90,0,50,0.35,180,75,0,0,0,0
635,13,RouteScenario_13,Completed,Town01,0,0,0,0,0,0,0,0,0,15,0,0,0,0,0,75,0,0,0.349999994039536,vehicle.lincoln.mkz2017,"[0, 0, 0]",4,,hero,True,70,212.219985135147,3362,10,100,100,1,177,144,168.25000250712,666.738719701767,none,ClearNoon,15,0,0,0.35,0,75,0,0,0,0
636,130,RouteScenario_130,Completed,Town01,0,0,0,0,0,0,0,0,0,80,0,0,0,60,100,15,0,0,1,vehicle.lincoln.mkz2017,"[0, 0, 0]",4,,hero,True,70,92.6720864187918,691,10,100,100,1,177,141,34.7000005170703,143.930919647217,none,HardRainSunset,80,60,100,1,0,15,0,0,0,0
637,131,RouteScenario_131,Completed,Town01,0,0,0,0,0,0,0,0,0,80,0,0,0,60,100,15,0,0,1,vehicle.lincoln.mkz2017,"[0, 0, 0]",4,,hero,True,70,155.64995003145,1726,10,100,100,1,177,138,86.4500012882054,300.545766592026,none,HardRainSunset,80,60,100,1,0,15,0,0,0,0
638,132,RouteScenario_132,Completed,Town01,0,0,0,0,0,0,0,0,0,90,0,0,0,0,50,75,180,0,0.349999994039536,vehicle.lincoln.mkz2017,"[0, 0, 0]",4,,hero,True,70,168.141501983467,2080,10,100,100,1,177,143,104.150001551956,475.86400103569,none,WetCloudyNoon,90,0,50,0.35,180,75,0,0,0,0
639,133,RouteScenario_133,Completed,Town01,0,0,0,0,0,0,0,0,0,80,0,0,0,0,0,15,270,0,0.349999994039536,vehicle.lincoln.mkz2017,"[0, 0, 0]",4,,hero,True,70,135.693103912075,5095,10,100,100,1,176,145,254.900003798306,985.278901338577,none,CloudySunset,80,0,0,0.35,270,15,0,0,0,0
640,134,RouteScenario_134,Completed,Town01,0,0,0,0,0,0,0,0,0,80,0,0,0,30,50,-80,225,0,0.400000005960465,vehicle.lincoln.mkz2017,"[0, 0, 0]",4,,hero,True,70,121.971395824203,1968,10,100,100,1,177,144,98.5500014685094,403.262119531631,none,MidRainyNight,80,30,50,0.4,225,-80,0,0,0,0
641,135,RouteScenario_135,Completed,Town01,0,0,0,0,0,0,0,0,0,15,0,0,0,0,0,75,0,0,0.349999994039536,vehicle.lincoln.mkz2017,"[0, 0, 0]",4,,hero,True,70,90.0830794673052,2589,10,100,100,1,177,142,129.600001931191,482.1007604599,none,ClearNoon,15,0,0,0.35,0,75,0,0,0,0
642,136,RouteScenario_136,Completed,Town01,0,0,0,0,0,0,0,0,0,15,0,0,0,0,0,75,0,0,0.349999994039536,vehicle.lincoln.mkz2017,"[0, 0, 0]",4,,hero,True,70,71.692100036983,4406,10,100,100,1,176,143,220.450003284961,971.965331554413,none,ClearNoon,15,0,0,0.35,0,75,0,0,0,0
643,137,RouteScenario_137,Failed,Town01,0,0,1,0,0,0,0,0,0,80,0,0,0,60,100,15,0,0,1,vehicle.lincoln.mkz2017,"[0, 0, 0]",4,,hero,True,70,195.338331642993,2586,10,76.6063043866168,45.9637826319701,0.6,177,148,129.450001928955,517.73889040947,collisions_vehicle,HardRainSunset,80,60,100,1,0,15,0,0,0,0
644,138,RouteScenario_138,Completed,Town01,0,0,0,0,0,0,0,0,0,80,0,0,0,0,0,75,45,0,0.349999994039536,vehicle.lincoln.mkz2017,"[0, 0, 0]",4,,hero,True,70,96.4002246154936,2831,10,100,100,1,177,145,141.700002111495,700.015251398087,none,CloudyNoon,80,0,0,0.35,45,75,0,0,0,0
645,139,RouteScenario_139,Completed,Town01,0,0,0,0,0,0,0,0,0,80,0,0,0,30,50,15,270,0,0.400000005960465,vehicle.lincoln.mkz2017,"[0, 0, 0]",4,,hero,True,70,151.5509041962,1494,10,100,100,1,177,143,74.8500011153519,272.446195840836,none,MidRainSunset,80,30,50,0.4,270,15,0,0,0,0
646,14,RouteScenario_14,Completed,Town01,0,0,0,0,0,0,0,0,0,15,0,0,0,0,0,15,45,0,0.349999994039536,vehicle.lincoln.mkz2017,"[0, 0, 0]",4,,hero,True,70,185.726159223418,4794,10,100,100,1,177,145,239.850003574043,848.81573843956,none,ClearSunset,15,0,0,0.35,45,15,0,0,0,0
647,140,RouteScenario_140,Completed,Town01,0,0,0,0,0,0,0,0,0,90,0,0,0,15,50,-80,270,0,0.349999994039536,vehicle.lincoln.mkz2017,"[0, 0, 0]",4,,hero,True,70,141.904018858039,2787,10,100,100,1,176,146,139.500002078712,487.738864183426,none,SoftRainNight,90,15,50,0.35,270,-80,0,0,0,0
648,141,RouteScenario_141,Completed,Town01,0,0,0,0,0,0,0,0,0,90,0,0,0,15,50,-80,270,0,0.349999994039536,vehicle.lincoln.mkz2017,"[0, 0, 0]",4,,hero,True,70,159.021803044014,787,10,100,100,1,177,142,39.5000005885959,170.690671443939,none,SoftRainNight,90,15,50,0.35,270,-80,0,0,0,0
649,142,RouteScenario_142,Completed,Town01,0,0,0,0,0,0,0,0,0,15,0,0,0,0,0,75,0,0,0.349999994039536,vehicle.lincoln.mkz2017,"[0, 0, 0]",4,,hero,True,70,69.9383987948123,1210,10,100,100,1,177,146,60.6500009037554,271.254226446152,none,ClearNoon,15,0,0,0.35,0,75,0,0,0,0
650,143,RouteScenario_143,Completed,Town01,0,0,0,0,0,0,0,0,0,90,0,0,0,60,100,75,90,0,1,vehicle.lincoln.mkz2017,"[0, 0, 0]",4,,hero,True,70,222.933809016488,6742,10,100,100,1,177,145,337.250005025417,1297.00983405113,none,HardRainNoon,90,60,100,1,90,75,0,0,0,0
651,144,RouteScenario_144,Completed,Town01,0,0,0,0,0,0,0,0,0,20,0,0,0,0,50,75,45,0,0.349999994039536,vehicle.lincoln.mkz2017,"[0, 0, 0]",4,,hero,True,70,237.946438945277,5589,10,100,100,1,177,143,279.600004166365,1075.20946478844,none,WetNoon,20,0,50,0.35,45,75,0,0,0,0
652,145,RouteScenario_145,Completed,Town01,0,0,0,0,0,0,0,0,0,90,0,0,0,15,50,75,315,0,0.349999994039536,vehicle.lincoln.mkz2017,"[0, 0, 0]",4,,hero,True,70,200.109787391949,1820,10,100,100,1,177,146,91.1500013582408,393.449580907822,none,SoftRainNoon,90,15,50,0.35,315,75,0,0,0,0
653,146,RouteScenario_146,Failed - Agent got blocked,Town01,0,0,0,0,0,0,0,0,1,90,0,0,0,0,50,15,0,0,0.349999994039536,vehicle.lincoln.mkz2017,"[0, 0, 0]",4,,hero,True,70,139.822489759283,7274,10,97.7049833734998,97.7049833734998,1,176,145,363.850005421788,1262.0630607605,none,WetCloudySunset,90,0,50,0.35,0,15,0,0,0,0
654,147,RouteScenario_147,Completed,Town01,0,0,0,0,0,0,0,0,0,90,0,0,0,60,100,75,90,0,1,vehicle.lincoln.mkz2017,"[0, 0, 0]",4,,hero,True,70,129.749496859937,3451,10,100,100,1,177,146,172.700002573431,854.249068260193,none,HardRainNoon,90,60,100,1,90,75,0,0,0,0
655,148,RouteScenario_148,Completed,Town01,0,0,0,0,0,0,0,0,0,80,0,0,0,0,0,75,45,0,0.349999994039536,vehicle.lincoln.mkz2017,"[0, 0, 0]",4,,hero,True,70,59.9817139769069,366,10,100,100,1,177,146,18.4500002749264,74.59627866745,none,CloudyNoon,80,0,0,0.35,45,75,0,0,0,0
656,149,RouteScenario_149,Completed,Town01,0,0,0,0,0,0,0,0,0,90,0,0,0,15,50,15,270,0,0.349999994039536,vehicle.lincoln.mkz2017,"[0, 0, 0]",4,,hero,True,70,164.30197183978,1296,10,100,100,1,176,149,64.9500009678304,222.294909238815,none,SoftRainSunset,90,15,50,0.35,270,15,0,0,0,0
657,15,RouteScenario_15,Failed - Agent got blocked,Town01,0,0,0,0,0,0,0,0,1,90,0,0,0,0,50,-80,225,0,0.349999994039536,vehicle.lincoln.mkz2017,"[0, 0, 0]",4,,hero,True,70,135.349716242063,6742,10,96.7017439506635,96.7017439506635,1,176,146,337.250005025417,1074.24808359146,none,WetCloudyNight,90,0,50,0.35,225,-80,0,0,0,0
658,150,RouteScenario_150,Completed,Town01,0,0,0,0,0,0,0,0,0,90,0,0,0,60,100,-80,225,0,1,vehicle.lincoln.mkz2017,"[0, 0, 0]",4,,hero,True,70,85.6688904605412,922,10,100,100,1,177,142,46.2500006891787,194.339585542679,none,HardRainNight,90,60,100,1,225,-80,0,0,0,0
659,151,RouteScenario_151,Completed,Town01,0,0,0,0,0,0,0,0,0,15,0,0,0,0,0,75,0,0,0.349999994039536,vehicle.lincoln.mkz2017,"[0, 0, 0]",4,,hero,True,70,62.5776968919883,1551,10,100,100,1,177,144,77.7000011578202,280.185083389282,none,ClearNoon,15,0,0,0.35,0,75,0,0,0,0
660,152,RouteScenario_152,Completed,Town01,0,0,0,0,0,0,0,0,0,90,0,0,0,0,50,-80,225,0,0.349999994039536,vehicle.lincoln.mkz2017,"[0, 0, 0]",4,,hero,True,70,209.050237995328,2196,10,100,100,1,177,144,109.950001638383,375.930980205536,none,WetCloudyNight,90,0,50,0.35,225,-80,0,0,0,0
661,153,RouteScenario_153,Completed,Town01,0,0,0,0,0,0,0,0,0,80,0,0,0,30,50,75,0,0,0.400000005960465,vehicle.lincoln.mkz2017,"[0, 0, 0]",4,,hero,True,70,109.916963408522,2414,10,100,100,1,177,145,120.850001800805,477.031759977341,none,MidRainyNoon,80,30,50,0.4,0,75,0,0,0,0
662,154,RouteScenario_154,Completed,Town01,0,0,0,0,0,0,0,0,0,80,0,0,0,30,50,15,270,0,0.400000005960465,vehicle.lincoln.mkz2017,"[0, 0, 0]",4,,hero,True,70,112.256339525108,2848,10,100,100,1,177,142,142.550002124161,538.993752717972,none,MidRainSunset,80,30,50,0.4,270,15,0,0,0,0
663,155,RouteScenario_155,Completed,Town01,0,0,0,0,0,0,0,0,0,90,0,0,0,0,50,75,180,0,0.349999994039536,vehicle.lincoln.mkz2017,"[0, 0, 0]",4,,hero,True,70,113.501485408099,2252,10,100,100,1,177,146,112.750001680106,412.459805965424,none,WetCloudyNoon,90,0,50,0.35,180,75,0,0,0,0
664,156,RouteScenario_156,Completed,Town01,0,0,0,0,0,0,0,0,0,90,0,0,0,15,50,15,270,0,0.349999994039536,vehicle.lincoln.mkz2017,"[0, 0, 0]",4,,hero,True,70,245.147823115636,5083,10,100,100,1,176,141,254.300003789365,874.604728937149,none,SoftRainSunset,90,15,50,0.35,270,15,0,0,0,0
665,157,RouteScenario_157,Completed,Town01,0,0,0,0,0,0,0,0,0,15,0,0,0,0,0,75,0,0,0.349999994039536,vehicle.lincoln.mkz2017,"[0, 0, 0]",4,,hero,True,70,250.122455088616,2948,10,100,100,1,177,146,147.550002198666,578.460837841034,none,ClearNoon,15,0,0,0.35,0,75,0,0,0,0
666,158,RouteScenario_158,Failed,Town01,0,0,0,0,1,0,0,0,0,15,0,0,0,0,0,75,0,0,0.349999994039536,vehicle.lincoln.mkz2017,"[0, 0, 0]",4,,hero,True,70,54.5061313527031,547,10,32.6850463360375,22.8795324352262,0.7,177,141,27.5000004097819,130.657659053802,red_light,ClearNoon,15,0,0,0.35,0,75,0,0,0,0
667,159,RouteScenario_159,Completed,Town01,0,0,0,0,0,0,0,0,0,90,0,0,0,15,50,15,270,0,0.349999994039536,vehicle.lincoln.mkz2017,"[0, 0, 0]",4,,hero,True,70,132.291257700532,1650,10,100,100,1,177,146,82.650001231581,264.909510612488,none,SoftRainSunset,90,15,50,0.35,270,15,0,0,0,0
668,16,RouteScenario_16,Completed,Town01,0,0,0,0,0,0,0,0,0,80,0,0,0,0,0,-80,45,0,0.349999994039536,vehicle.lincoln.mkz2017,"[0, 0, 0]",4,,hero,True,70,84.7484900228585,2361,10,100,100,1,177,148,118.200001761317,559.827189445496,none,CloudyNight,80,0,0,0.35,45,-80,0,0,0,0
669,160,RouteScenario_160,Completed,Town01,0,0,0,0,0,0,0,0,0,80,0,0,0,0,0,-80,45,0,0.349999994039536,vehicle.lincoln.mkz2017,"[0, 0, 0]",4,,hero,True,70,152.372866032456,1073,10,100,100,1,177,151,53.8000008016825,261.330691814423,none,CloudyNight,80,0,0,0.35,45,-80,0,0,0,0
670,161,RouteScenario_161,Completed,Town01,0,0,0,0,0,0,0,0,0,15,0,0,0,0,0,15,45,0,0.349999994039536,vehicle.lincoln.mkz2017,"[0, 0, 0]",4,,hero,True,70,170.354341953363,1860,10,100,100,1,177,144,93.1500013880432,337.891440153122,none,ClearSunset,15,0,0,0.35,45,15,0,0,0,0
671,162,RouteScenario_162,Completed,Town01,0,0,0,0,0,0,0,0,0,80,0,0,0,30,50,75,0,0,0.400000005960465,vehicle.lincoln.mkz2017,"[0, 0, 0]",4,,hero,True,70,135.502610380285,6236,10,100,100,1,177,140,311.950004648417,1334.95604777336,none,MidRainyNoon,80,30,50,0.4,0,75,0,0,0,0
672,163,RouteScenario_163,Completed,Town01,0,0,0,0,0,0,0,0,0,80,0,0,0,0,0,75,45,0,0.349999994039536,vehicle.lincoln.mkz2017,"[0, 0, 0]",4,,hero,True,70,184.082473044052,4916,10,100,100,1,176,142,245.950003664941,1149.8839635849,none,CloudyNoon,80,0,0,0.35,45,75,0,0,0,0
673,164,RouteScenario_164,Completed,Town01,0,0,0,0,0,0,0,0,0,20,0,0,0,0,50,-80,225,0,0.349999994039536,vehicle.lincoln.mkz2017,"[0, 0, 0]",4,,hero,True,70,185.402220123789,3194,10,100,100,1,177,145,159.850002381951,568.705043792725,none,WetNight,20,0,50,0.35,225,-80,0,0,0,0
674,165,RouteScenario_165,Completed,Town01,0,0,0,0,0,0,0,0,0,20,0,0,0,0,50,15,270,0,0.349999994039536,vehicle.lincoln.mkz2017,"[0, 0, 0]",4,,hero,True,70,262.739958049476,3158,10,100,100,1,177,144,158.050002355129,549.975916385651,none,WetSunset,20,0,50,0.35,270,15,0,0,0,0
675,166,RouteScenario_166,Completed,Town01,0,0,0,0,0,0,0,0,0,90,0,0,0,0,50,15,0,0,0.349999994039536,vehicle.lincoln.mkz2017,"[0, 0, 0]",4,,hero,True,70,128.959131856457,2041,10,100,100,1,177,145,102.200001522899,358.199231863022,none,WetCloudySunset,90,0,50,0.35,0,15,0,0,0,0
676,167,RouteScenario_167,Completed,Town01,0,0,0,0,0,0,0,0,0,80,0,0,0,60,100,15,0,0,1,vehicle.lincoln.mkz2017,"[0, 0, 0]",4,,hero,True,70,157.491294128904,954,10,100,100,1,176,143,47.8500007130206,170.075385332108,none,HardRainSunset,80,60,100,1,0,15,0,0,0,0
677,168,RouteScenario_168,Failed - Agent got blocked,Town01,0,0,0,0,0,0,0,0,1,80,0,0,0,0,0,-80,45,0,0.349999994039536,vehicle.lincoln.mkz2017,"[0, 0, 0]",4,,hero,True,70,105.841175004267,5793,10,96.5940863709252,96.5940863709252,1,177,141,289.800004318357,1141.68451452255,none,CloudyNight,80,0,0,0.35,45,-80,0,0,0,0
678,169,RouteScenario_169,Completed,Town01,0,0,0,0,0,0,0,0,0,20,0,0,0,0,50,15,270,0,0.349999994039536,vehicle.lincoln.mkz2017,"[0, 0, 0]",4,,hero,True,70,106.085237015553,2834,10,100,100,1,177,143,141.85000211373,605.389100790024,none,WetSunset,20,0,50,0.35,270,15,0,0,0,0
679,17,RouteScenario_17,Completed,Town01,0,0,0,0,0,0,0,0,0,80,0,0,0,30,50,75,0,0,0.400000005960465,vehicle.lincoln.mkz2017,"[0, 0, 0]",4,,hero,True,70,134.964935241645,5323,10,100,100,1,177,143,266.300003968179,981.001365184784,none,MidRainyNoon,80,30,50,0.4,0,75,0,0,0,0
680,170,RouteScenario_170,Completed,Town01,0,0,0,0,0,0,0,0,0,90,0,0,0,0,50,15,0,0,0.349999994039536,vehicle.lincoln.mkz2017,"[0, 0, 0]",4,,hero,True,70,133.999669219452,625,10,100,100,1,177,147,31.4000004678965,120.698035240173,none,WetCloudySunset,90,0,50,0.35,0,15,0,0,0,0
681,171,RouteScenario_171,Failed,Town01,0,0,1,0,0,0,0,0,0,90,0,0,0,0,50,75,180,0,0.349999994039536,vehicle.lincoln.mkz2017,"[0, 0, 0]",4,,hero,True,70,188.622170817274,3061,10,73.8945731595409,44.3367438957245,0.6,176,143,153.200002282858,569.236648321152,collisions_vehicle,WetCloudyNoon,90,0,50,0.35,180,75,0,0,0,0
682,172,RouteScenario_172,Completed,Town01,0,0,0,0,0,0,0,0,0,80,0,0,0,30,50,75,0,0,0.400000005960465,vehicle.lincoln.mkz2017,"[0, 0, 0]",4,,hero,True,70,56.728049238316,1050,10,100,100,1,177,144,52.6500007845461,226.755796432495,none,MidRainyNoon,80,30,50,0.4,0,75,0,0,0,0
683,173,RouteScenario_173,Completed,Town01,0,0,0,0,0,0,0,0,0,80,0,0,0,0,0,15,270,0,0.349999994039536,vehicle.lincoln.mkz2017,"[0, 0, 0]",4,,hero,True,70,55.9993321265714,259,10,100,100,1,177,141,13.1000001952052,56.6914420127869,none,CloudySunset,80,0,0,0.35,270,15,0,0,0,0
684,174,RouteScenario_174,Failed - Agent got blocked,Town01,0,0,0,0,0,0,0,0,1,80,0,0,0,0,0,-80,45,0,0.349999994039536,vehicle.lincoln.mkz2017,"[0, 0, 0]",4,,hero,True,70,77.744740124334,8786,10,98.60126214222,98.60126214222,1,177,149,439.450006548315,2990.08663463593,none,CloudyNight,80,0,0,0.35,45,-80,0,0,0,0
685,175,RouteScenario_175,Failed,Town01,0,0,0,0,1,0,0,0,0,20,0,0,0,0,50,15,270,0,0.349999994039536,vehicle.lincoln.mkz2017,"[0, 0, 0]",4,,hero,True,70,201.475223256883,0,10,0,0,0.7,177,0,0.050000000745058,0.420257091522217,red_light,WetSunset,20,0,50,0.35,270,15,0,0,0,0
686,176,RouteScenario_176,Completed,Town01,0,0,0,0,0,0,0,0,0,80,0,0,0,30,50,75,0,0,0.400000005960465,vehicle.lincoln.mkz2017,"[0, 0, 0]",4,,hero,True,70,57.9158288337434,3019,10,100,100,1,177,140,151.100002251565,615.231783866882,none,MidRainyNoon,80,30,50,0.4,0,75,0,0,0,0
687,177,RouteScenario_177,Failed,Town01,0,0,1,0,0,0,0,0,0,90,0,0,0,60,100,-80,225,0,1,vehicle.lincoln.mkz2017,"[0, 0, 0]",4,,hero,True,70,233.505986398905,2666,10,59.0099819416702,35.4059891650021,0.6,176,144,133.45000198856,639.056386470795,collisions_vehicle,HardRainNight,90,60,100,1,225,-80,0,0,0,0
688,178,RouteScenario_178,Failed - Agent got blocked,Town01,0,0,0,0,0,0,0,0,1,90,0,0,0,15,50,75,315,0,0.349999994039536,vehicle.lincoln.mkz2017,"[0, 0, 0]",4,,hero,True,70,136.380786402101,9655,10,97.4661112952578,97.4661112952578,1,176,140,482.900007195771,1783.7967851162,none,SoftRainNoon,90,15,50,0.35,315,75,0,0,0,0
689,179,RouteScenario_179,Completed,Town01,0,0,0,0,0,0,0,0,0,80,0,0,0,0,0,-80,45,0,0.349999994039536,vehicle.lincoln.mkz2017,"[0, 0, 0]",4,,hero,True,70,64.8444328893938,4130,10,100,100,1,176,144,206.650003079325,872.993844747543,none,CloudyNight,80,0,0,0.35,45,-80,0,0,0,0
690,18,RouteScenario_18,Failed - Agent got blocked,Town01,0,0,0,0,0,0,0,0,1,90,0,0,0,0,50,15,0,0,0.349999994039536,vehicle.lincoln.mkz2017,"[0, 0, 0]",4,,hero,True,70,63.5163513223151,4823,10,95.4669341338289,95.4669341338289,1,176,142,241.30000359565,1467.45504164696,none,WetCloudySunset,90,0,50,0.35,0,15,0,0,0,0
691,180,RouteScenario_180,Completed,Town01,0,0,0,0,0,0,0,0,0,80,0,0,0,30,50,75,0,0,0.400000005960465,vehicle.lincoln.mkz2017,"[0, 0, 0]",4,,hero,True,70,147.482001951711,3737,10,100,100,1,177,140,187.000002786517,796.557438850403,none,MidRainyNoon,80,30,50,0.4,0,75,0,0,0,0
692,181,RouteScenario_181,Completed,Town01,0,0,0,0,0,0,0,0,0,90,0,0,0,15,50,-80,270,0,0.349999994039536,vehicle.lincoln.mkz2017,"[0, 0, 0]",4,,hero,True,70,217.518929470552,1533,10,100,100,1,177,143,76.8000011444092,292.829415082931,none,SoftRainNight,90,15,50,0.35,270,-80,0,0,0,0
693,182,RouteScenario_182,Failed,Town01,0,0,1,0,0,0,0,0,0,80,0,0,0,0,0,75,45,0,0.349999994039536,vehicle.lincoln.mkz2017,"[0, 0, 0]",4,,hero,True,70,190.816406972756,1418,10,49.4691012040741,29.6814607224445,0.6,177,143,71.0500010587275,246.317053556442,collisions_vehicle,CloudyNoon,80,0,0,0.35,45,75,0,0,0,0
694,183,RouteScenario_183,Failed - Agent timed out,Town01,0,0,0,0,0,0,1,0,0,90,0,0,0,0,50,75,180,0,0.349999994039536,vehicle.lincoln.mkz2017,"[0, 0, 0]",4,,hero,True,70,254.106071315946,20498,10,98.538944035775,98.538944035775,1,177,143,1025.05001527444,3354.79374742508,none,WetCloudyNoon,90,0,50,0.35,180,75,0,0,0,0
695,184,RouteScenario_184,Completed,Town01,0,0,0,0,0,0,0,0,0,90,0,0,0,15,50,-80,270,0,0.349999994039536,vehicle.lincoln.mkz2017,"[0, 0, 0]",4,,hero,True,70,165.261797998712,3518,10,100,100,1,177,141,176.050002623349,624.986401557922,none,SoftRainNight,90,15,50,0.35,270,-80,0,0,0,0
696,185,RouteScenario_185,Completed,Town01,0,0,0,0,0,0,0,0,0,15,0,0,0,0,0,75,0,0,0.349999994039536,vehicle.lincoln.mkz2017,"[0, 0, 0]",4,,hero,True,70,149.996010641079,4724,10,100,100,1,177,147,236.350003521889,929.687913894653,none,ClearNoon,15,0,0,0.35,0,75,0,0,0,0
697,186,RouteScenario_186,Completed,Town01,0,0,0,0,0,0,0,0,0,90,0,0,0,60,100,-80,225,0,1,vehicle.lincoln.mkz2017,"[0, 0, 0]",4,,hero,True,70,71.5099465282835,364,10,100,100,1,177,145,18.3500002734363,67.4395060539246,none,HardRainNight,90,60,100,1,225,-80,0,0,0,0
698,187,RouteScenario_187,Completed,Town01,0,0,0,0,0,0,0,0,0,15,0,0,0,0,0,75,0,0,0.349999994039536,vehicle.lincoln.mkz2017,"[0, 0, 0]",4,,hero,True,70,135.461553818519,4131,10,100,100,1,177,148,206.70000308007,719.443746805191,none,ClearNoon,15,0,0,0.35,0,75,0,0,0,0
699,188,RouteScenario_188,Completed,Town01,0,0,0,0,0,0,0,0,0,90,0,0,0,15,50,-80,270,0,0.349999994039536,vehicle.lincoln.mkz2017,"[0, 0, 0]",4,,hero,True,70,156.796898251632,2317,10,100,100,1,177,143,116.000001728535,481.604716539383,none,SoftRainNight,90,15,50,0.35,270,-80,0,0,0,0
700,189,RouteScenario_189,Completed,Town01,0,0,0,0,0,0,0,0,0,90,0,0,0,15,50,75,315,0,0.349999994039536,vehicle.lincoln.mkz2017,"[0, 0, 0]",4,,hero,True,70,83.1345032817826,583,10,100,100,1,177,146,29.300000436604,102.674168586731,none,SoftRainNoon,90,15,50,0.35,315,75,0,0,0,0
701,19,RouteScenario_19,Completed,Town01,0,0,0,0,0,0,0,0,0,15,0,0,0,0,0,-80,0,0,0.349999994039536,vehicle.lincoln.mkz2017,"[0, 0, 0]",4,,hero,True,70,250.789999323848,4593,10,100,100,1,177,147,229.800003424287,861.297490119934,none,ClearNight,15,0,0,0.35,0,-80,0,0,0,0
702,190,RouteScenario_190,Completed,Town01,0,0,0,0,0,0,0,0,0,90,0,0,0,0,50,15,0,0,0.349999994039536,vehicle.lincoln.mkz2017,"[0, 0, 0]",4,,hero,True,70,114.626670969867,1269,10,100,100,1,177,143,63.6000009477139,236.191994428635,none,WetCloudySunset,90,0,50,0.35,0,15,0,0,0,0
703,191,RouteScenario_191,Failed,Town01,0,0,0,0,1,0,0,0,0,80,0,0,0,0,0,-80,45,0,0.349999994039536,vehicle.lincoln.mkz2017,"[0, 0, 0]",4,,hero,True,70,63.4342348938212,0,10,0,0,0.7,177,0,0.050000000745058,0.632693290710449,red_light,CloudyNight,80,0,0,0.35,45,-80,0,0,0,0
704,192,RouteScenario_192,Completed,Town01,0,0,0,0,0,0,0,0,0,90,0,0,0,60,100,75,90,0,1,vehicle.lincoln.mkz2017,"[0, 0, 0]",4,,hero,True,70,192.365690127461,2536,10,100,100,1,176,145,126.950001891702,573.512238502503,none,HardRainNoon,90,60,100,1,90,75,0,0,0,0
705,193,RouteScenario_193,Completed,Town01,0,0,0,0,0,0,0,0,0,90,0,0,0,0,50,-80,225,0,0.349999994039536,vehicle.lincoln.mkz2017,"[0, 0, 0]",4,,hero,True,70,209.09000542938,2686,10,100,100,1,177,143,134.450002003461,588.726727724075,none,WetCloudyNight,90,0,50,0.35,225,-80,0,0,0,0
706,194,RouteScenario_194,Completed,Town01,0,0,0,0,0,0,0,0,0,90,0,0,0,15,50,15,270,0,0.349999994039536,vehicle.lincoln.mkz2017,"[0, 0, 0]",4,,hero,True,70,70.4333455625408,3574,10,100,100,1,177,143,178.850002665073,688.450528621674,none,SoftRainSunset,90,15,50,0.35,270,15,0,0,0,0
707,195,RouteScenario_195,Completed,Town01,0,0,0,0,0,0,0,0,0,80,0,0,0,60,100,15,0,0,1,vehicle.lincoln.mkz2017,"[0, 0, 0]",4,,hero,True,70,257.854312822787,2284,10,100,100,1,177,151,114.350001703948,558.246201038361,none,HardRainSunset,80,60,100,1,0,15,0,0,0,0
708,196,RouteScenario_196,Completed,Town01,0,0,0,0,0,0,0,0,0,90,0,0,0,15,50,15,270,0,0.349999994039536,vehicle.lincoln.mkz2017,"[0, 0, 0]",4,,hero,True,70,163.999940074627,1399,10,100,100,1,177,149,70.1000010445714,260.815962076187,none,SoftRainSunset,90,15,50,0.35,270,15,0,0,0,0
709,197,RouteScenario_197,Completed,Town01,0,0,0,0,0,0,0,0,0,20,0,0,0,0,50,15,270,0,0.349999994039536,vehicle.lincoln.mkz2017,"[0, 0, 0]",4,,hero,True,70,269.209166448607,5592,10,100,100,1,177,142,279.7500041686,1179.48489737511,none,WetSunset,20,0,50,0.35,270,15,0,0,0,0
710,198,RouteScenario_198,Completed,Town01,0,0,0,0,0,0,0,0,0,90,0,0,0,0,50,75,180,0,0.349999994039536,vehicle.lincoln.mkz2017,"[0, 0, 0]",4,,hero,True,70,171.195597514441,3751,10,100,100,1,177,141,187.700002796948,662.093925476074,none,WetCloudyNoon,90,0,50,0.35,180,75,0,0,0,0
711,199,RouteScenario_199,Completed,Town01,0,0,0,0,0,0,0,0,0,80,0,0,0,30,50,15,270,0,0.400000005960465,vehicle.lincoln.mkz2017,"[0, 0, 0]",4,,hero,True,70,98.0012884252301,477,10,100,100,1,177,148,24.0000003576279,93.4504277706146,none,MidRainSunset,80,30,50,0.4,270,15,0,0,0,0
712,2,RouteScenario_2,Completed,Town01,0,0,0,0,0,0,0,0,0,80,0,0,0,60,100,15,0,0,1,vehicle.lincoln.mkz2017,"[0, 0, 0]",4,,hero,True,70,4.00000021027517,3573,10,100,100,1,177,146,178.800002664328,685.44063949585,none,HardRainSunset,80,60,100,1,0,15,0,0,0,0
713,20,RouteScenario_20,Completed,Town01,0,0,0,0,0,0,0,0,0,80,0,0,0,0,0,15,270,0,0.349999994039536,vehicle.lincoln.mkz2017,"[0, 0, 0]",4,,hero,True,70,251.335243859628,3696,10,100,100,1,177,142,184.95000275597,627.128441333771,none,CloudySunset,80,0,0,0.35,270,15,0,0,0,0
714,200,RouteScenario_200,Failed,Town01,0,0,0,0,1,0,0,0,0,80,0,0,0,0,0,-80,45,0,0.349999994039536,vehicle.lincoln.mkz2017,"[0, 0, 0]",4,,hero,True,70,271.347296579629,3866,10,91.0199469885918,63.7139628920143,0.7,177,143,193.45000288263,883.914638519287,red_light,CloudyNight,80,0,0,0.35,45,-80,0,0,0,0
715,201,RouteScenario_201,Completed,Town01,0,0,0,0,0,0,0,0,0,80,0,0,0,0,0,-80,45,0,0.349999994039536,vehicle.lincoln.mkz2017,"[0, 0, 0]",4,,hero,True,70,126.890683201422,2160,10,100,100,1,177,147,108.150001611561,493.284494161606,none,CloudyNight,80,0,0,0.35,45,-80,0,0,0,0
716,202,RouteScenario_202,Completed,Town01,0,0,0,0,0,0,0,0,0,15,0,0,0,0,0,15,45,0,0.349999994039536,vehicle.lincoln.mkz2017,"[0, 0, 0]",4,,hero,True,70,65.1745313434621,2629,10,100,100,1,177,146,131.600001960993,622.674696445465,none,ClearSunset,15,0,0,0.35,45,15,0,0,0,0
717,203,RouteScenario_203,Completed,Town01,0,0,0,0,0,0,0,0,0,20,0,0,0,0,50,-80,225,0,0.349999994039536,vehicle.lincoln.mkz2017,"[0, 0, 0]",4,,hero,True,70,191.817178534735,2255,10,100,100,1,177,143,112.900001682341,463.66864490509,none,WetNight,20,0,50,0.35,225,-80,0,0,0,0
718,204,RouteScenario_204,Completed,Town01,0,0,0,0,0,0,0,0,0,80,0,0,0,0,0,-80,45,0,0.349999994039536,vehicle.lincoln.mkz2017,"[0, 0, 0]",4,,hero,True,70,135.530811414702,3574,10,100,100,1,176,146,178.850002665073,654.662371397018,none,CloudyNight,80,0,0,0.35,45,-80,0,0,0,0
719,205,RouteScenario_205,Completed,Town01,0,0,0,0,0,0,0,0,0,90,0,0,0,60,100,-80,225,0,1,vehicle.lincoln.mkz2017,"[0, 0, 0]",4,,hero,True,70,159.834050308432,3783,10,100,100,1,176,143,189.30000282079,644.592523574829,none,HardRainNight,90,60,100,1,225,-80,0,0,0,0
720,206,RouteScenario_206,Completed,Town01,0,0,0,0,0,0,0,0,0,90,0,0,0,60,100,75,90,0,1,vehicle.lincoln.mkz2017,"[0, 0, 0]",4,,hero,True,70,120.044759609897,630,10,100,100,1,177,145,31.6500004716217,139.972945690155,none,HardRainNoon,90,60,100,1,90,75,0,0,0,0
721,207,RouteScenario_207,Completed,Town01,0,0,0,0,0,0,0,0,0,90,0,0,0,0,50,75,180,0,0.349999994039536,vehicle.lincoln.mkz2017,"[0, 0, 0]",4,,hero,True,70,83.4513369766379,1161,10,100,100,1,177,147,58.2000008672476,256.310883283615,none,WetCloudyNoon,90,0,50,0.35,180,75,0,0,0,0
722,208,RouteScenario_208,Failed,Town01,0,0,0,0,1,0,0,0,0,90,0,0,0,15,50,-80,270,0,0.349999994039536,vehicle.lincoln.mkz2017,"[0, 0, 0]",4,,hero,True,70,147.976213660784,54,10,0,0,0.7,177,147,2.85000004246831,10.7865130901337,red_light,SoftRainNight,90,15,50,0.35,270,-80,0,0,0,0
723,209,RouteScenario_209,Completed,Town01,0,0,0,0,0,0,0,0,0,90,0,0,0,0,50,15,0,0,0.349999994039536,vehicle.lincoln.mkz2017,"[0, 0, 0]",4,,hero,True,70,149.184792087554,944,10,100,100,1,177,149,47.35000070557,170.920376300812,none,WetCloudySunset,90,0,50,0.35,0,15,0,0,0,0
724,21,RouteScenario_21,Failed - Agent got blocked,Town01,0,0,0,0,0,0,0,0,1,20,0,0,0,0,50,15,270,0,0.349999994039536,vehicle.lincoln.mkz2017,"[0, 0, 0]",4,,hero,True,70,240.846590425082,6075,10,98.086610348999,98.086610348999,1,177,142,303.900004528463,983.354740142822,none,WetSunset,20,0,50,0.35,270,15,0,0,0,0
725,210,RouteScenario_210,Completed,Town01,0,0,0,0,0,0,0,0,0,90,0,0,0,0,50,-80,225,0,0.349999994039536,vehicle.lincoln.mkz2017,"[0, 0, 0]",4,,hero,True,70,141.712025303643,2222,10,100,100,1,177,145,111.250001657754,419.290984630585,none,WetCloudyNight,90,0,50,0.35,225,-80,0,0,0,0
726,211,RouteScenario_211,Completed,Town01,0,0,0,0,0,0,0,0,0,15,0,0,0,0,0,75,0,0,0.349999994039536,vehicle.lincoln.mkz2017,"[0, 0, 0]",4,,hero,True,70,134.685507956616,4779,10,100,100,1,177,144,239.100003562868,1258.94102191925,none,ClearNoon,15,0,0,0.35,0,75,0,0,0,0
727,212,RouteScenario_212,Completed,Town01,0,0,0,0,0,0,0,0,0,20,0,0,0,0,50,-80,225,0,0.349999994039536,vehicle.lincoln.mkz2017,"[0, 0, 0]",4,,hero,True,70,217.995000943054,3563,10,100,100,1,177,147,178.300002656877,755.480285167694,none,WetNight,20,0,50,0.35,225,-80,0,0,0,0
728,213,RouteScenario_213,Completed,Town01,0,0,0,0,0,0,0,0,0,80,0,0,0,0,0,-80,45,0,0.349999994039536,vehicle.lincoln.mkz2017,"[0, 0, 0]",4,,hero,True,70,140.853977763728,2006,10,100,100,1,177,143,100.450001496822,417.337777853012,none,CloudyNight,80,0,0,0.35,45,-80,0,0,0,0
729,214,RouteScenario_214,Failed,Town01,0,0,0,0,1,0,0,0,0,80,0,0,0,0,0,75,45,0,0.349999994039536,vehicle.lincoln.mkz2017,"[0, 0, 0]",4,,hero,True,70,141.172229195623,1476,10,24.3857023327816,17.0699916329471,0.7,176,147,73.9500011019409,265.917256116867,red_light,CloudyNoon,80,0,0,0.35,45,75,0,0,0,0
730,215,RouteScenario_215,Completed,Town01,0,0,0,0,0,0,0,0,0,15,0,0,0,0,0,75,0,0,0.349999994039536,vehicle.lincoln.mkz2017,"[0, 0, 0]",4,,hero,True,70,57.6900031074299,1236,10,100,100,1,177,147,61.9500009231269,258.492484331131,none,ClearNoon,15,0,0,0.35,0,75,0,0,0,0
731,216,RouteScenario_216,Completed,Town01,0,0,0,0,0,0,0,0,0,15,0,0,0,0,0,-80,0,0,0.349999994039536,vehicle.lincoln.mkz2017,"[0, 0, 0]",4,,hero,True,70,211.56213862927,2396,10,100,100,1,177,145,119.950001787394,465.027721881866,none,ClearNight,15,0,0,0.35,0,-80,0,0,0,0
732,217,RouteScenario_217,Completed,Town01,0,0,0,0,0,0,0,0,0,90,0,0,0,0,50,15,0,0,0.349999994039536,vehicle.lincoln.mkz2017,"[0, 0, 0]",4,,hero,True,70,130.30642004913,2539,10,100,100,1,177,145,127.100001893938,472.960817575455,none,WetCloudySunset,90,0,50,0.35,0,15,0,0,0,0
733,218,RouteScenario_218,Completed,Town01,0,0,0,0,0,0,0,0,0,90,0,0,0,0,50,-80,225,0,0.349999994039536,vehicle.lincoln.mkz2017,"[0, 0, 0]",4,,hero,True,70,216.370003106786,3955,10,100,100,1,176,142,197.90000294894,842.655254840851,none,WetCloudyNight,90,0,50,0.35,225,-80,0,0,0,0
734,219,RouteScenario_219,Completed,Town01,0,0,0,0,0,0,0,0,0,15,0,0,0,0,0,-80,0,0,0.349999994039536,vehicle.lincoln.mkz2017,"[0, 0, 0]",4,,hero,True,70,97.7799995055068,988,10,100,100,1,176,146,49.5500007383525,239.350825309753,none,ClearNight,15,0,0,0.35,0,-80,0,0,0,0
735,22,RouteScenario_22,Completed,Town01,0,0,0,0,0,0,0,0,0,90,0,0,0,15,50,-80,270,0,0.349999994039536,vehicle.lincoln.mkz2017,"[0, 0, 0]",4,,hero,True,70,91.2165058038567,1495,10,100,100,1,176,141,74.900001116097,262.4573969841,none,SoftRainNight,90,15,50,0.35,270,-80,0,0,0,0
736,220,RouteScenario_220,Completed,Town01,0,0,0,0,0,0,0,0,0,80,0,0,0,0,0,15,270,0,0.349999994039536,vehicle.lincoln.mkz2017,"[0, 0, 0]",4,,hero,True,70,153.947210454538,2716,10,100,100,1,177,144,135.950002025813,580.141743659973,none,CloudySunset,80,0,0,0.35,270,15,0,0,0,0
737,221,RouteScenario_221,Completed,Town01,0,0,0,0,0,0,0,0,0,80,0,0,0,30,50,15,270,0,0.400000005960465,vehicle.lincoln.mkz2017,"[0, 0, 0]",4,,hero,True,70,119.900140564025,1575,10,100,100,1,176,145,78.9000011757016,303.688534259796,none,MidRainSunset,80,30,50,0.4,270,15,0,0,0,0
738,222,RouteScenario_222,Completed,Town01,0,0,0,0,0,0,0,0,0,80,0,0,0,0,0,75,45,0,0.349999994039536,vehicle.lincoln.mkz2017,"[0, 0, 0]",4,,hero,True,70,238.732405517393,2243,10,100,100,1,177,144,112.3000016734,464.573076248169,none,CloudyNoon,80,0,0,0.35,45,75,0,0,0,0
739,223,RouteScenario_223,Completed,Town01,0,0,0,0,0,0,0,0,0,80,0,0,0,30,50,75,0,0,0.400000005960465,vehicle.lincoln.mkz2017,"[0, 0, 0]",4,,hero,True,70,151.871539752102,4986,10,100,100,1,177,144,249.450003717095,1023.07854604721,none,MidRainyNoon,80,30,50,0.4,0,75,0,0,0,0
740,224,RouteScenario_224,Completed,Town01,0,0,0,0,0,0,0,0,0,80,0,0,0,0,0,-80,45,0,0.349999994039536,vehicle.lincoln.mkz2017,"[0, 0, 0]",4,,hero,True,70,247.738424902935,3898,10,100,100,1,177,143,195.050002906472,665.785522699356,none,CloudyNight,80,0,0,0.35,45,-80,0,0,0,0
741,225,RouteScenario_225,Completed,Town01,0,0,0,0,0,0,0,0,0,15,0,0,0,0,0,-80,0,0,0.349999994039536,vehicle.lincoln.mkz2017,"[0, 0, 0]",4,,hero,True,70,278.851717914067,2757,10,100,100,1,177,144,138.00000205636,560.128373622894,none,ClearNight,15,0,0,0.35,0,-80,0,0,0,0
742,226,RouteScenario_226,Failed - Agent got blocked,Town01,0,0,0,0,0,0,0,0,1,20,0,0,0,0,50,-80,225,0,0.349999994039536,vehicle.lincoln.mkz2017,"[0, 0, 0]",4,,hero,True,70,13.0665590923446,8823,10,79.2546899700244,79.2546899700244,1,177,148,441.300006575882,2290.500248909,none,WetNight,20,0,50,0.35,225,-80,0,0,0,0
743,227,RouteScenario_227,Completed,Town01,0,0,0,0,0,0,0,0,0,20,0,0,0,0,50,-80,225,0,0.349999994039536,vehicle.lincoln.mkz2017,"[0, 0, 0]",4,,hero,True,70,133.651681330554,1278,10,100,100,1,177,143,64.0500009544194,244.233052492142,none,WetNight,20,0,50,0.35,225,-80,0,0,0,0
744,228,RouteScenario_228,Completed,Town01,0,0,0,0,0,0,0,0,0,90,0,0,0,15,50,15,270,0,0.349999994039536,vehicle.lincoln.mkz2017,"[0, 0, 0]",4,,hero,True,70,115.965214032807,2916,10,100,100,1,177,144,145.950002174824,560.627180337906,none,SoftRainSunset,90,15,50,0.35,270,15,0,0,0,0
745,229,RouteScenario_229,Completed,Town01,0,0,0,0,0,0,0,0,0,90,0,0,0,15,50,15,270,0,0.349999994039536,vehicle.lincoln.mkz2017,"[0, 0, 0]",4,,hero,True,70,185.93342229435,1324,10,100,100,1,177,144,66.350000988692,234.582832813263,none,SoftRainSunset,90,15,50,0.35,270,15,0,0,0,0
746,23,RouteScenario_23,Completed,Town01,0,0,0,0,0,0,0,0,0,90,0,0,0,60,100,-80,225,0,1,vehicle.lincoln.mkz2017,"[0, 0, 0]",4,,hero,True,70,167.384861200285,833,10,100,100,1,176,145,41.8000006228685,173.579554319382,none,HardRainNight,90,60,100,1,225,-80,0,0,0,0
747,230,RouteScenario_230,Failed,Town01,0,0,0,0,1,0,0,0,0,20,0,0,0,0,50,-80,225,0,0.349999994039536,vehicle.lincoln.mkz2017,"[0, 0, 0]",4,,hero,True,70,251.157314248783,5986,10,98.6877966941603,69.0814576859122,0.7,177,147,299.450004462153,1107.12712335587,red_light,WetNight,20,0,50,0.35,225,-80,0,0,0,0
748,231,RouteScenario_231,Completed,Town01,0,0,0,0,0,0,0,0,0,80,0,0,0,30,50,15,270,0,0.400000005960465,vehicle.lincoln.mkz2017,"[0, 0, 0]",4,,hero,True,70,97.419582260214,1188,10,100,100,1,177,144,59.5500008873642,272.573402881622,none,MidRainSunset,80,30,50,0.4,270,15,0,0,0,0
749,232,RouteScenario_232,Failed - Agent timed out,Town01,0,0,0,0,0,0,1,0,0,90,0,0,0,0,50,15,0,0,0.349999994039536,vehicle.lincoln.mkz2017,"[0, 0, 0]",4,,hero,True,70,54.1076233142699,5298,10,98.7855150074368,98.7855150074368,1,177,147,265.050003949553,1547.39936709404,none,WetCloudySunset,90,0,50,0.35,0,15,0,0,0,0
750,233,RouteScenario_233,Completed,Town01,0,0,0,0,0,0,0,0,0,80,0,0,0,0,0,15,270,0,0.349999994039536,vehicle.lincoln.mkz2017,"[0, 0, 0]",4,,hero,True,70,121.65021018506,3026,10,100,100,1,176,146,151.450002256781,505.654624462128,none,CloudySunset,80,0,0,0.35,270,15,0,0,0,0
751,234,RouteScenario_234,Completed,Town01,0,0,0,0,0,0,0,0,0,90,0,0,0,15,50,-80,270,0,0.349999994039536,vehicle.lincoln.mkz2017,"[0, 0, 0]",4,,hero,True,70,218.046500423321,4237,10,100,100,1,176,148,212.000003159046,776.382816076279,none,SoftRainNight,90,15,50,0.35,270,-80,0,0,0,0
752,235,RouteScenario_235,Completed,Town01,0,0,0,0,0,0,0,0,0,15,0,0,0,0,0,75,0,0,0.349999994039536,vehicle.lincoln.mkz2017,"[0, 0, 0]",4,,hero,True,70,136.806291500404,1073,10,100,100,1,176,146,53.8000008016825,252.80090379715,none,ClearNoon,15,0,0,0.35,0,75,0,0,0,0
753,236,RouteScenario_236,Completed,Town01,0,0,0,0,0,0,0,0,0,80,0,0,0,0,0,-80,45,0,0.349999994039536,vehicle.lincoln.mkz2017,"[0, 0, 0]",4,,hero,True,70,177.634386549981,1275,10,100,100,1,176,143,63.9000009521842,250.623775720596,none,CloudyNight,80,0,0,0.35,45,-80,0,0,0,0
754,237,RouteScenario_237,Completed,Town01,0,0,0,0,0,0,0,0,0,15,0,0,0,0,0,15,45,0,0.349999994039536,vehicle.lincoln.mkz2017,"[0, 0, 0]",4,,hero,True,70,66.9038983238103,1197,10,100,100,1,177,142,60.0000008940697,249.181682825088,none,ClearSunset,15,0,0,0.35,45,15,0,0,0,0
755,238,RouteScenario_238,Completed,Town01,0,0,0,0,0,0,0,0,0,90,0,0,0,15,50,15,270,0,0.349999994039536,vehicle.lincoln.mkz2017,"[0, 0, 0]",4,,hero,True,70,273.340785625581,4507,10,100,100,1,177,145,225.500003360212,907.850546598434,none,SoftRainSunset,90,15,50,0.35,270,15,0,0,0,0
756,239,RouteScenario_239,Completed,Town01,0,0,0,0,0,0,0,0,0,80,0,0,0,30,50,75,0,0,0.400000005960465,vehicle.lincoln.mkz2017,"[0, 0, 0]",4,,hero,True,70,98.3758070779555,1782,10,100,100,1,177,145,89.2500013299286,316.866346359253,none,MidRainyNoon,80,30,50,0.4,0,75,0,0,0,0
757,24,RouteScenario_24,Completed,Town01,0,0,0,0,0,0,0,0,0,90,0,0,0,0,50,-80,225,0,0.349999994039536,vehicle.lincoln.mkz2017,"[0, 0, 0]",4,,hero,True,70,75.509947236394,483,10,100,100,1,177,146,24.3000003620982,81.9221863746643,none,WetCloudyNight,90,0,50,0.35,225,-80,0,0,0,0
758,240,RouteScenario_240,Completed,Town01,0,0,0,0,0,0,0,0,0,15,0,0,0,0,0,-80,0,0,0.349999994039536,vehicle.lincoln.mkz2017,"[0, 0, 0]",4,,hero,True,70,215.692967777201,3683,10,100,100,1,177,144,184.300002746284,768.530970573425,none,ClearNight,15,0,0,0.35,0,-80,0,0,0,0
759,241,RouteScenario_241,Completed,Town01,0,0,0,0,0,0,0,0,0,80,0,0,0,0,0,-80,45,0,0.349999994039536,vehicle.lincoln.mkz2017,"[0, 0, 0]",4,,hero,True,70,127.994891554042,4678,10,100,100,1,176,143,234.050003487617,981.753944396973,none,CloudyNight,80,0,0,0.35,45,-80,0,0,0,0
760,242,RouteScenario_242,Completed,Town01,0,0,0,0,0,0,0,0,0,90,0,0,0,60,100,75,90,0,1,vehicle.lincoln.mkz2017,"[0, 0, 0]",4,,hero,True,70,113.542862585129,614,10,100,100,1,177,141,30.8500004597008,113.175853729248,none,HardRainNoon,90,60,100,1,90,75,0,0,0,0
761,243,RouteScenario_243,Completed,Town01,0,0,0,0,0,0,0,0,0,20,0,0,0,0,50,15,270,0,0.349999994039536,vehicle.lincoln.mkz2017,"[0, 0, 0]",4,,hero,True,70,77.7067916710022,681,10,100,100,1,176,142,34.2000005096197,104.495116949081,none,WetSunset,20,0,50,0.35,270,15,0,0,0,0
762,244,RouteScenario_244,Completed,Town01,0,0,0,0,0,0,0,0,0,90,0,0,0,60,100,75,90,0,1,vehicle.lincoln.mkz2017,"[0, 0, 0]",4,,hero,True,70,128.000416354097,3145,10,100,100,1,177,144,157.400002345443,653.453402280808,none,HardRainNoon,90,60,100,1,90,75,0,0,0,0
763,245,RouteScenario_245,Failed - Agent got blocked,Town01,0,0,0,0,0,0,0,0,1,90,0,0,0,0,50,75,180,0,0.349999994039536,vehicle.lincoln.mkz2017,"[0, 0, 0]",4,,hero,True,70,63.6139636647673,6391,10,98.7291970727536,98.7291970727536,1,176,140,319.700004763901,1509.27015662193,none,WetCloudyNoon,90,0,50,0.35,180,75,0,0,0,0
764,246,RouteScenario_246,Completed,Town01,0,0,0,0,0,0,0,0,0,15,0,0,0,0,0,15,45,0,0.349999994039536,vehicle.lincoln.mkz2017,"[0, 0, 0]",4,,hero,True,70,210.357197744737,1868,10,100,100,1,177,148,93.5500013940036,320.638297319412,none,ClearSunset,15,0,0,0.35,45,15,0,0,0,0
765,247,RouteScenario_247,Failed - Agent got blocked,Town01,0,0,0,0,0,0,0,0,1,80,0,0,0,0,0,-80,45,0,0.349999994039536,vehicle.lincoln.mkz2017,"[0, 0, 0]",4,,hero,True,70,218.172794939596,9805,10,98.6359204101926,98.6359204101926,1,177,148,490.40000730753,2218.56565546989,none,CloudyNight,80,0,0,0.35,45,-80,0,0,0,0
766,248,RouteScenario_248,Completed,Town01,0,0,0,0,0,0,0,0,0,90,0,0,0,0,50,75,180,0,0.349999994039536,vehicle.lincoln.mkz2017,"[0, 0, 0]",4,,hero,True,70,114.138309228257,2636,10,100,100,1,177,148,131.950001966208,495.664223909378,none,WetCloudyNoon,90,0,50,0.35,180,75,0,0,0,0
767,249,RouteScenario_249,Completed,Town01,0,0,0,0,0,0,0,0,0,15,0,0,0,0,0,75,0,0,0.349999994039536,vehicle.lincoln.mkz2017,"[0, 0, 0]",4,,hero,True,70,91.5848828385856,941,10,100,100,1,177,145,47.2000007033348,170.825645685196,none,ClearNoon,15,0,0,0.35,0,75,0,0,0,0
768,25,RouteScenario_25,Failed - Agent got blocked,Town01,0,0,0,0,0,0,0,0,1,80,0,0,0,30,50,15,270,0,0.400000005960465,vehicle.lincoln.mkz2017,"[0, 0, 0]",4,,hero,True,70,127.5593661832,6141,10,96.6915116633451,96.6915116633451,1,177,143,307.200004577637,1291.72905826569,none,MidRainSunset,80,30,50,0.4,270,15,0,0,0,0
769,250,RouteScenario_250,Completed,Town01,0,0,0,0,0,0,0,0,0,80,0,0,0,30,50,75,0,0,0.400000005960465,vehicle.lincoln.mkz2017,"[0, 0, 0]",4,,hero,True,70,153.806218665598,2896,10,100,100,1,177,150,144.950002159923,783.030246019363,none,MidRainyNoon,80,30,50,0.4,0,75,0,0,0,0
770,251,RouteScenario_251,Completed,Town01,0,0,0,0,0,0,0,0,0,20,0,0,0,0,50,-80,225,0,0.349999994039536,vehicle.lincoln.mkz2017,"[0, 0, 0]",4,,hero,True,70,230.507049287893,4034,10,100,100,1,177,145,201.850003007799,870.241359949112,none,WetNight,20,0,50,0.35,225,-80,0,0,0,0
771,252,RouteScenario_252,Failed - Agent got blocked,Town01,0,0,0,0,0,0,0,0,1,80,0,0,0,0,0,75,45,0,0.349999994039536,vehicle.lincoln.mkz2017,"[0, 0, 0]",4,,hero,True,70,155.212712082353,6053,10,98.4928564414693,98.4928564414693,1,177,145,302.800004512072,1170.46020841599,none,CloudyNoon,80,0,0,0.35,45,75,0,0,0,0
772,253,RouteScenario_253,Completed,Town01,0,0,0,0,0,0,0,0,0,20,0,0,0,0,50,75,45,0,0.349999994039536,vehicle.lincoln.mkz2017,"[0, 0, 0]",4,,hero,True,70,68.4523629625708,1490,10,100,100,1,177,148,74.6500011123717,282.480637073517,none,WetNoon,20,0,50,0.35,45,75,0,0,0,0
773,254,RouteScenario_254,Completed,Town01,0,0,0,0,0,0,0,0,0,20,0,0,0,0,50,15,270,0,0.349999994039536,vehicle.lincoln.mkz2017,"[0, 0, 0]",4,,hero,True,70,289.718920322031,2910,10,100,100,1,177,142,145.650002170354,475.90163064003,none,WetSunset,20,0,50,0.35,270,15,0,0,0,0
774,255,RouteScenario_255,Completed,Town01,0,0,0,0,0,0,0,0,0,90,0,0,0,0,50,75,180,0,0.349999994039536,vehicle.lincoln.mkz2017,"[0, 0, 0]",4,,hero,True,70,255.723845925959,4251,10,100,100,1,177,145,212.700003169477,833.652631759644,none,WetCloudyNoon,90,0,50,0.35,180,75,0,0,0,0
775,256,RouteScenario_256,Completed,Town01,0,0,0,0,0,0,0,0,0,90,0,0,0,0,50,15,0,0,0.349999994039536,vehicle.lincoln.mkz2017,"[0, 0, 0]",4,,hero,True,70,62.4413475635412,1028,10,100,100,1,177,145,51.5500007681549,188.237894773483,none,WetCloudySunset,90,0,50,0.35,0,15,0,0,0,0
776,257,RouteScenario_257,Completed,Town01,0,0,0,0,0,0,0,0,0,80,0,0,0,0,0,-80,45,0,0.349999994039536,vehicle.lincoln.mkz2017,"[0, 0, 0]",4,,hero,True,70,107.609148812024,1155,10,100,100,1,177,147,57.9000008627772,198.743142127991,none,CloudyNight,80,0,0,0.35,45,-80,0,0,0,0
777,258,RouteScenario_258,Failed,Town01,0,0,0,0,1,0,0,0,0,80,0,0,0,60,100,15,0,0,1,vehicle.lincoln.mkz2017,"[0, 0, 0]",4,,hero,True,70,160.695677274841,861,10,31.1879840048026,21.8315888033618,0.7,176,143,43.2000006437302,140.477786540985,red_light,HardRainSunset,80,60,100,1,0,15,0,0,0,0
778,259,RouteScenario_259,Completed,Town01,0,0,0,0,0,0,0,0,0,15,0,0,0,0,0,15,45,0,0.349999994039536,vehicle.lincoln.mkz2017,"[0, 0, 0]",4,,hero,True,70,84.0000079075495,2156,10,100,100,1,176,146,107.95000160858,362.515491485596,none,ClearSunset,15,0,0,0.35,45,15,0,0,0,0
779,26,RouteScenario_26,Completed,Town01,0,0,0,0,0,0,0,0,0,90,0,0,0,60,100,75,90,0,1,vehicle.lincoln.mkz2017,"[0, 0, 0]",4,,hero,True,70,135.980859649104,1006,10,100,100,1,177,145,50.4500007517636,191.12944149971,none,HardRainNoon,90,60,100,1,90,75,0,0,0,0
780,260,RouteScenario_260,Completed,Town01,0,0,0,0,0,0,0,0,0,15,0,0,0,0,0,-80,0,0,0.349999994039536,vehicle.lincoln.mkz2017,"[0, 0, 0]",4,,hero,True,70,187.184008135511,1582,10,100,100,1,176,149,79.250001180917,352.541167497635,none,ClearNight,15,0,0,0.35,0,-80,0,0,0,0
781,261,RouteScenario_261,Failed,Town01,0,0,0,0,1,0,0,0,0,90,0,0,0,60,100,-80,225,0,1,vehicle.lincoln.mkz2017,"[0, 0, 0]",4,,hero,True,70,198.150853457419,0,10,0,0,0.7,177,0,0.050000000745058,0.618729114532471,red_light,HardRainNight,90,60,100,1,225,-80,0,0,0,0
782,262,RouteScenario_262,Completed,Town01,0,0,0,0,0,0,0,0,0,80,0,0,0,0,0,15,270,0,0.349999994039536,vehicle.lincoln.mkz2017,"[0, 0, 0]",4,,hero,True,70,149.370262879445,847,10,100,100,1,177,145,42.5000006332994,176.682088136673,none,CloudySunset,80,0,0,0.35,270,15,0,0,0,0
783,263,RouteScenario_263,Completed,Town01,0,0,0,0,0,0,0,0,0,80,0,0,0,30,50,15,270,0,0.400000005960465,vehicle.lincoln.mkz2017,"[0, 0, 0]",4,,hero,True,70,78.1490988795936,4250,10,100,100,1,176,142,212.650003168732,817.85807466507,none,MidRainSunset,80,30,50,0.4,270,15,0,0,0,0
784,264,RouteScenario_264,Completed,Town01,0,0,0,0,0,0,0,0,0,90,0,0,0,0,50,15,0,0,0.349999994039536,vehicle.lincoln.mkz2017,"[0, 0, 0]",4,,hero,True,70,169.637952732392,884,10,100,100,1,177,147,44.3500006608665,204.854265928268,none,WetCloudySunset,90,0,50,0.35,0,15,0,0,0,0
785,265,RouteScenario_265,Completed,Town01,0,0,0,0,0,0,0,0,0,90,0,0,0,0,50,15,0,0,0.349999994039536,vehicle.lincoln.mkz2017,"[0, 0, 0]",4,,hero,True,70,201.753019772116,4008,10,100,100,1,177,145,200.550002988428,807.046191215515,none,WetCloudySunset,90,0,50,0.35,0,15,0,0,0,0
786,266,RouteScenario_266,Completed,Town01,0,0,0,0,0,0,0,0,0,80,0,0,0,0,0,75,45,0,0.349999994039536,vehicle.lincoln.mkz2017,"[0, 0, 0]",4,,hero,True,70,84.7396502314858,1229,10,100,100,1,177,146,61.6000009179115,334.027068138123,none,CloudyNoon,80,0,0,0.35,45,75,0,0,0,0
787,267,RouteScenario_267,Completed,Town01,0,0,0,0,0,0,0,0,0,90,0,0,0,15,50,75,315,0,0.349999994039536,vehicle.lincoln.mkz2017,"[0, 0, 0]",4,,hero,True,70,199.613936782837,1439,10,100,100,1,177,145,72.1000010743737,284.934721708298,none,SoftRainNoon,90,15,50,0.35,315,75,0,0,0,0
788,268,RouteScenario_268,Failed - Agent got blocked,Town01,0,0,0,0,0,0,0,0,1,90,0,0,0,0,50,15,0,0,0.349999994039536,vehicle.lincoln.mkz2017,"[0, 0, 0]",4,,hero,True,70,231.035249317076,8021,10,98.7387042783488,98.7387042783488,1,177,143,401.200005978346,1446.62809967995,none,WetCloudySunset,90,0,50,0.35,0,15,0,0,0,0
789,269,RouteScenario_269,Completed,Town01,0,0,0,0,0,0,0,0,0,15,0,0,0,0,0,-80,0,0,0.349999994039536,vehicle.lincoln.mkz2017,"[0, 0, 0]",4,,hero,True,70,224.450809374766,4641,10,100,100,1,176,142,232.20000346005,1078.90854310989,none,ClearNight,15,0,0,0.35,0,-80,0,0,0,0
790,27,RouteScenario_27,Completed,Town01,0,0,0,0,0,0,0,0,0,15,0,0,0,0,0,75,0,0,0.349999994039536,vehicle.lincoln.mkz2017,"[0, 0, 0]",4,,hero,True,70,160.591741147415,4209,10,100,100,1,176,140,210.600003138184,739.998891353607,none,ClearNoon,15,0,0,0.35,0,75,0,0,0,0
791,270,RouteScenario_270,Completed,Town01,0,0,0,0,0,0,0,0,0,90,0,0,0,60,100,75,90,0,1,vehicle.lincoln.mkz2017,"[0, 0, 0]",4,,hero,True,70,175.090005990727,2547,10,100,100,1,177,146,127.500001899898,510.784744262695,none,HardRainNoon,90,60,100,1,90,75,0,0,0,0
792,271,RouteScenario_271,Completed,Town01,0,0,0,0,0,0,0,0,0,80,0,0,0,0,0,-80,45,0,0.349999994039536,vehicle.lincoln.mkz2017,"[0, 0, 0]",4,,hero,True,70,105.725927879123,1088,10,100,100,1,177,147,54.5500008128583,289.166781187057,none,CloudyNight,80,0,0,0.35,45,-80,0,0,0,0
793,272,RouteScenario_272,Completed,Town01,0,0,0,0,0,0,0,0,0,90,0,0,0,60,100,75,90,0,1,vehicle.lincoln.mkz2017,"[0, 0, 0]",4,,hero,True,70,242.250000006001,2819,10,100,100,1,176,143,141.100002102554,516.668367624283,none,HardRainNoon,90,60,100,1,90,75,0,0,0,0
794,273,RouteScenario_273,Completed,Town01,0,0,0,0,0,0,0,0,0,80,0,0,0,0,0,75,45,0,0.349999994039536,vehicle.lincoln.mkz2017,"[0, 0, 0]",4,,hero,True,70,60.4171575517384,659,10,100,100,1,176,150,33.1000004932284,129.600012779236,none,CloudyNoon,80,0,0,0.35,45,75,0,0,0,0
795,274,RouteScenario_274,Failed - Agent got blocked,Town01,0,0,0,0,0,0,0,0,1,20,0,0,0,0,50,15,270,0,0.349999994039536,vehicle.lincoln.mkz2017,"[0, 0, 0]",4,,hero,True,70,124.267165644625,4916,10,95.1798996178517,95.1798996178517,1,177,142,245.950003664941,795.696400165558,none,WetSunset,20,0,50,0.35,270,15,0,0,0,0
796,275,RouteScenario_275,Completed,Town01,0,0,0,0,0,0,0,0,0,80,0,0,0,30,50,75,0,0,0.400000005960465,vehicle.lincoln.mkz2017,"[0, 0, 0]",4,,hero,True,70,246.33762466759,4857,10,100,100,1,177,141,243.000003620982,916.186379432678,none,MidRainyNoon,80,30,50,0.4,0,75,0,0,0,0
797,276,RouteScenario_276,Completed,Town01,0,0,0,0,0,0,0,0,0,90,0,0,0,0,50,15,0,0,0.349999994039536,vehicle.lincoln.mkz2017,"[0, 0, 0]",4,,hero,True,70,181.734017212836,1511,10,100,100,1,176,150,75.7000011280179,264.762241601944,none,WetCloudySunset,90,0,50,0.35,0,15,0,0,0,0
798,277,RouteScenario_277,Completed,Town01,0,0,0,0,0,0,0,0,0,80,0,0,0,0,0,-80,45,0,0.349999994039536,vehicle.lincoln.mkz2017,"[0, 0, 0]",4,,hero,True,70,61.7544581174403,3106,10,100,100,1,176,147,155.450002316386,697.851995706558,none,CloudyNight,80,0,0,0.35,45,-80,0,0,0,0
799,278,RouteScenario_278,Failed - Agent got blocked,Town01,0,0,0,0,0,0,0,0,1,80,0,0,0,30,50,-80,225,0,0.400000005960465,vehicle.lincoln.mkz2017,"[0, 0, 0]",4,,hero,True,70,139.146889123051,6937,10,98.2525952594941,98.2525952594941,1,177,145,347.000005170703,1217.80618858337,none,MidRainyNight,80,30,50,0.4,225,-80,0,0,0,0
800,279,RouteScenario_279,Completed,Town01,0,0,0,0,0,0,0,0,0,80,0,0,0,30,50,75,0,0,0.400000005960465,vehicle.lincoln.mkz2017,"[0, 0, 0]",4,,hero,True,70,92.6246589070026,415,10,100,100,1,177,144,20.9000003114343,84.795469045639,none,MidRainyNoon,80,30,50,0.4,0,75,0,0,0,0
801,28,RouteScenario_28,Completed,Town01,0,0,0,0,0,0,0,0,0,15,0,0,0,0,0,-80,0,0,0.349999994039536,vehicle.lincoln.mkz2017,"[0, 0, 0]",4,,hero,True,70,174.256976751145,3198,10,100,100,1,177,145,160.050002384931,625.317346811295,none,ClearNight,15,0,0,0.35,0,-80,0,0,0,0
802,280,RouteScenario_280,Completed,Town01,0,0,0,0,0,0,0,0,0,80,0,0,0,0,0,-80,45,0,0.349999994039536,vehicle.lincoln.mkz2017,"[0, 0, 0]",4,,hero,True,70,183.970323914514,1428,10,100,100,1,177,145,71.5500010661781,265.162425041199,none,CloudyNight,80,0,0,0.35,45,-80,0,0,0,0
803,281,RouteScenario_281,Completed,Town01,0,0,0,0,0,0,0,0,0,90,0,0,0,0,50,15,0,0,0.349999994039536,vehicle.lincoln.mkz2017,"[0, 0, 0]",4,,hero,True,70,202.183084241185,2989,10,100,100,1,177,149,149.600002229214,522.077607154846,none,WetCloudySunset,90,0,50,0.35,0,15,0,0,0,0
804,282,RouteScenario_282,Completed,Town01,0,0,0,0,0,0,0,0,0,20,0,0,0,0,50,-80,225,0,0.349999994039536,vehicle.lincoln.mkz2017,"[0, 0, 0]",4,,hero,True,70,152.86000559795,2000,10,100,100,1,177,143,100.150001492351,408.150975465775,none,WetNight,20,0,50,0.35,225,-80,0,0,0,0
805,283,RouteScenario_283,Completed,Town01,0,0,0,0,0,0,0,0,0,90,0,0,0,0,50,-80,225,0,0.349999994039536,vehicle.lincoln.mkz2017,"[0, 0, 0]",4,,hero,True,70,69.9640960845576,1236,10,100,100,1,177,142,61.9500009231269,228.021258592606,none,WetCloudyNight,90,0,50,0.35,225,-80,0,0,0,0
806,284,RouteScenario_284,Completed,Town01,0,0,0,0,0,0,0,0,0,90,0,0,0,0,50,75,180,0,0.349999994039536,vehicle.lincoln.mkz2017,"[0, 0, 0]",4,,hero,True,70,160.564964787865,2624,10,100,100,1,177,140,131.350001957268,496.962353467941,none,WetCloudyNoon,90,0,50,0.35,180,75,0,0,0,0
807,285,RouteScenario_285,Failed,Town01,0,0,0,0,1,0,0,0,0,80,0,0,0,60,100,15,0,0,1,vehicle.lincoln.mkz2017,"[0, 0, 0]",4,,hero,True,70,144.414208655793,0,10,0,0,0.7,177,0,0.050000000745058,0.419210433959961,red_light,HardRainSunset,80,60,100,1,0,15,0,0,0,0
808,286,RouteScenario_286,Completed,Town01,0,0,0,0,0,0,0,0,0,80,0,0,0,30,50,75,0,0,0.400000005960465,vehicle.lincoln.mkz2017,"[0, 0, 0]",4,,hero,True,70,141.259686307632,731,10,100,100,1,177,146,36.7000005468726,143.592790365219,none,MidRainyNoon,80,30,50,0.4,0,75,0,0,0,0
809,287,RouteScenario_287,Completed,Town01,0,0,0,0,0,0,0,0,0,90,0,0,0,0,50,15,0,0,0.349999994039536,vehicle.lincoln.mkz2017,"[0, 0, 0]",4,,hero,True,70,250.703348969534,4069,10,100,100,1,177,142,203.600003033876,806.108342409134,none,WetCloudySunset,90,0,50,0.35,0,15,0,0,0,0
810,288,RouteScenario_288,Completed,Town01,0,0,0,0,0,0,0,0,0,90,0,0,0,15,50,-80,270,0,0.349999994039536,vehicle.lincoln.mkz2017,"[0, 0, 0]",4,,hero,True,70,94.0007193802161,718,10,100,100,1,177,143,36.0500005371869,117.240714073181,none,SoftRainNight,90,15,50,0.35,270,-80,0,0,0,0
811,289,RouteScenario_289,Completed,Town01,0,0,0,0,0,0,0,0,0,90,0,0,0,0,50,-80,225,0,0.349999994039536,vehicle.lincoln.mkz2017,"[0, 0, 0]",4,,hero,True,70,78.5238491600036,2147,10,100,100,1,177,146,107.500001601875,356.631558418274,none,WetCloudyNight,90,0,50,0.35,225,-80,0,0,0,0
812,29,RouteScenario_29,Completed,Town01,0,0,0,0,0,0,0,0,0,15,0,0,0,0,0,-80,0,0,0.349999994039536,vehicle.lincoln.mkz2017,"[0, 0, 0]",4,,hero,True,70,103.998671411552,587,10,100,100,1,177,144,29.5000004395842,108.577163219452,none,ClearNight,15,0,0,0.35,0,-80,0,0,0,0
813,290,RouteScenario_290,Completed,Town01,0,0,0,0,0,0,0,0,0,20,0,0,0,0,50,15,270,0,0.349999994039536,vehicle.lincoln.mkz2017,"[0, 0, 0]",4,,hero,True,70,59.412759855584,321,10,100,100,1,177,142,16.2000002413988,76.8781378269196,none,WetSunset,20,0,50,0.35,270,15,0,0,0,0
814,291,RouteScenario_291,Failed - Agent got blocked,Town01,0,0,0,0,0,0,0,0,1,90,0,0,0,15,50,15,270,0,0.349999994039536,vehicle.lincoln.mkz2017,"[0, 0, 0]",4,,hero,True,70,220.346054563856,5931,10,79.1472430241754,79.1472430241754,1,177,141,296.700004421175,1062.090487957,none,SoftRainSunset,90,15,50,0.35,270,15,0,0,0,0
815,292,RouteScenario_292,Completed,Town01,0,0,0,0,0,0,0,0,0,20,0,0,0,0,50,15,270,0,0.349999994039536,vehicle.lincoln.mkz2017,"[0, 0, 0]",4,,hero,True,70,91.1636744338956,3407,10,100,100,1,177,145,170.500002540648,737.532964944839,none,WetSunset,20,0,50,0.35,270,15,0,0,0,0
816,293,RouteScenario_293,Completed,Town01,0,0,0,0,0,0,0,0,0,80,0,0,0,60,100,15,0,0,1,vehicle.lincoln.mkz2017,"[0, 0, 0]",4,,hero,True,70,126.580024915554,2616,10,100,100,1,177,146,130.950001951307,485.068832874298,none,HardRainSunset,80,60,100,1,0,15,0,0,0,0
817,294,RouteScenario_294,Completed,Town01,0,0,0,0,0,0,0,0,0,80,0,0,0,60,100,15,0,0,1,vehicle.lincoln.mkz2017,"[0, 0, 0]",4,,hero,True,70,115.7899800804,1016,10,100,100,1,177,147,50.9500007592142,169.773102998734,none,HardRainSunset,80,60,100,1,0,15,0,0,0,0
818,295,RouteScenario_295,Completed,Town01,0,0,0,0,0,0,0,0,0,80,0,0,0,0,0,75,45,0,0.349999994039536,vehicle.lincoln.mkz2017,"[0, 0, 0]",4,,hero,True,70,199.061184542531,956,10,100,100,1,177,141,47.9500007145107,194.660288333893,none,CloudyNoon,80,0,0,0.35,45,75,0,0,0,0
819,296,RouteScenario_296,Completed,Town01,0,0,0,0,0,0,0,0,0,20,0,0,0,0,50,15,270,0,0.349999994039536,vehicle.lincoln.mkz2017,"[0, 0, 0]",4,,hero,True,70,39.5129832784647,3296,10,100,100,1,177,146,164.950002457947,679.926329374313,none,WetSunset,20,0,50,0.35,270,15,0,0,0,0
820,297,RouteScenario_297,Completed,Town01,0,0,0,0,0,0,0,0,0,80,0,0,0,0,0,75,45,0,0.349999994039536,vehicle.lincoln.mkz2017,"[0, 0, 0]",4,,hero,True,70,134.825166459177,1539,10,100,100,1,177,143,77.1000011488795,297.923064231873,none,CloudyNoon,80,0,0,0.35,45,75,0,0,0,0
821,298,RouteScenario_298,Completed,Town01,0,0,0,0,0,0,0,0,0,15,0,0,0,0,0,15,45,0,0.349999994039536,vehicle.lincoln.mkz2017,"[0, 0, 0]",4,,hero,True,70,176.044735646727,3367,10,100,100,1,177,144,168.500002510846,711.015043973923,none,ClearSunset,15,0,0,0.35,45,15,0,0,0,0
822,299,RouteScenario_299,Completed,Town01,0,0,0,0,0,0,0,0,0,90,0,0,0,0,50,75,180,0,0.349999994039536,vehicle.lincoln.mkz2017,"[0, 0, 0]",4,,hero,True,70,97.4614643017662,1385,10,100,100,1,176,140,69.4000010341406,232.545623779297,none,WetCloudyNoon,90,0,50,0.35,180,75,0,0,0,0
823,3,RouteScenario_3,Completed,Town01,0,0,0,0,0,0,0,0,0,80,0,0,0,0,0,75,45,0,0.349999994039536,vehicle.lincoln.mkz2017,"[0, 0, 0]",4,,hero,True,70,85.0112894410797,2427,10,100,100,1,177,145,121.500001810491,481.098300695419,none,CloudyNoon,80,0,0,0.35,45,75,0,0,0,0
824,30,RouteScenario_30,Completed,Town01,0,0,0,0,0,0,0,0,0,80,0,0,0,30,50,75,0,0,0.400000005960465,vehicle.lincoln.mkz2017,"[0, 0, 0]",4,,hero,True,70,84.2791168394927,3393,10,100,100,1,177,144,169.800002530217,603.606004714966,none,MidRainyNoon,80,30,50,0.4,0,75,0,0,0,0
825,31,RouteScenario_31,Completed,Town01,0,0,0,0,0,0,0,0,0,90,0,0,0,60,100,75,90,0,1,vehicle.lincoln.mkz2017,"[0, 0, 0]",4,,hero,True,70,67.5363625144511,3224,10,100,100,1,177,141,161.350002404302,654.448311805725,none,HardRainNoon,90,60,100,1,90,75,0,0,0,0
826,32,RouteScenario_32,Completed,Town01,0,0,0,0,0,0,0,0,0,20,0,0,0,0,50,75,45,0,0.349999994039536,vehicle.lincoln.mkz2017,"[0, 0, 0]",4,,hero,True,70,167.999962408096,3185,10,100,100,1,176,141,159.400002375245,604.47282910347,none,WetNoon,20,0,50,0.35,45,75,0,0,0,0
827,33,RouteScenario_33,Completed,Town01,0,0,0,0,0,0,0,0,0,15,0,0,0,0,0,15,45,0,0.349999994039536,vehicle.lincoln.mkz2017,"[0, 0, 0]",4,,hero,True,70,193.721850039984,3962,10,100,100,1,177,142,198.250002954155,828.459317922592,none,ClearSunset,15,0,0,0.35,45,15,0,0,0,0
828,34,RouteScenario_34,Completed,Town01,0,0,0,0,0,0,0,0,0,90,0,0,0,0,50,75,180,0,0.349999994039536,vehicle.lincoln.mkz2017,"[0, 0, 0]",4,,hero,True,70,141.125936103569,2335,10,100,100,1,177,147,116.900001741946,407.183358669281,none,WetCloudyNoon,90,0,50,0.35,180,75,0,0,0,0
829,35,RouteScenario_35,Completed,Town01,0,0,0,0,0,0,0,0,0,80,0,0,0,30,50,15,270,0,0.400000005960465,vehicle.lincoln.mkz2017,"[0, 0, 0]",4,,hero,True,70,109.397150321348,4292,10,100,100,1,177,151,214.750003200024,752.204193353653,none,MidRainSunset,80,30,50,0.4,270,15,0,0,0,0
830,36,RouteScenario_36,Completed,Town01,0,0,0,0,0,0,0,0,0,90,0,0,0,0,50,15,0,0,0.349999994039536,vehicle.lincoln.mkz2017,"[0, 0, 0]",4,,hero,True,70,148.92514730795,1830,10,100,100,1,177,146,91.6500013656914,359.831961393356,none,WetCloudySunset,90,0,50,0.35,0,15,0,0,0,0
831,37,RouteScenario_37,Completed,Town01,0,0,0,0,0,0,0,0,0,20,0,0,0,0,50,-80,225,0,0.349999994039536,vehicle.lincoln.mkz2017,"[0, 0, 0]",4,,hero,True,70,158.688919302186,3440,10,100,100,1,177,144,172.150002565235,689.135346651077,none,WetNight,20,0,50,0.35,225,-80,0,0,0,0
832,38,RouteScenario_38,Completed,Town01,0,0,0,0,0,0,0,0,0,20,0,0,0,0,50,15,270,0,0.349999994039536,vehicle.lincoln.mkz2017,"[0, 0, 0]",4,,hero,True,70,76.9063535155789,1332,10,100,100,1,177,146,66.7500009946525,237.462865591049,none,WetSunset,20,0,50,0.35,270,15,0,0,0,0
833,39,RouteScenario_39,Failed - Agent got blocked,Town01,0,0,0,0,0,0,0,0,1,80,0,0,0,0,0,-80,45,0,0.349999994039536,vehicle.lincoln.mkz2017,"[0, 0, 0]",4,,hero,True,70,186.620425596569,7539,10,97.0940527352047,97.0940527352047,1,176,146,377.100005619228,1254.40455579758,none,CloudyNight,80,0,0,0.35,45,-80,0,0,0,0
834,4,RouteScenario_4,Completed,Town01,0,0,0,0,0,0,0,0,0,90,0,0,0,15,50,75,315,0,0.349999994039536,vehicle.lincoln.mkz2017,"[0, 0, 0]",4,,hero,True,70,222.385490044924,2684,10,100,100,1,176,146,134.350002001971,574.549395561218,none,SoftRainNoon,90,15,50,0.35,315,75,0,0,0,0
835,40,RouteScenario_40,Completed,Town01,0,0,0,0,0,0,0,0,0,80,0,0,0,30,50,75,0,0,0.400000005960465,vehicle.lincoln.mkz2017,"[0, 0, 0]",4,,hero,True,70,178.235083864772,2620,10,100,100,1,177,141,131.150001954287,641.377656698227,none,MidRainyNoon,80,30,50,0.4,0,75,0,0,0,0
836,41,RouteScenario_41,Failed,Town01,0,0,0,0,1,0,0,0,0,80,0,0,0,30,50,-80,225,0,0.400000005960465,vehicle.lincoln.mkz2017,"[0, 0, 0]",4,,hero,True,70,78.0000161598569,1154,10,93.5139078651453,65.4597355056017,0.7,176,145,57.8500008620322,270.23105764389,red_light,MidRainyNight,80,30,50,0.4,225,-80,0,0,0,0
837,42,RouteScenario_42,Completed,Town01,0,0,0,0,0,0,0,0,0,20,0,0,0,0,50,-80,225,0,0.349999994039536,vehicle.lincoln.mkz2017,"[0, 0, 0]",4,,hero,True,70,118.809884393332,4625,10,100,100,1,177,145,231.400003448129,859.432227611542,none,WetNight,20,0,50,0.35,225,-80,0,0,0,0
838,43,RouteScenario_43,Failed,Town01,0,0,0,0,1,0,0,0,0,20,0,0,0,0,50,15,270,0,0.349999994039536,vehicle.lincoln.mkz2017,"[0, 0, 0]",4,,hero,True,70,179.964561912339,3268,10,97.9936910189309,68.5955837132516,0.7,177,146,163.550002437085,543.798209905624,red_light,WetSunset,20,0,50,0.35,270,15,0,0,0,0
839,44,RouteScenario_44,Completed,Town01,0,0,0,0,0,0,0,0,0,80,0,0,0,30,50,-80,225,0,0.400000005960465,vehicle.lincoln.mkz2017,"[0, 0, 0]",4,,hero,True,70,169.50130529376,3010,10,100,100,1,177,144,150.65000224486,520.961275577545,none,MidRainyNight,80,30,50,0.4,225,-80,0,0,0,0
840,45,RouteScenario_45,Failed,Town01,0,0,1,0,0,0,0,0,0,15,0,0,0,0,0,-80,0,0,0.349999994039536,vehicle.lincoln.mkz2017,"[0, 0, 0]",4,,hero,True,70,132.537233931117,753,10,36.771123103379,22.0626738620274,0.6,177,150,37.8000005632639,170.288048028946,collisions_vehicle,ClearNight,15,0,0,0.35,0,-80,0,0,0,0
841,46,RouteScenario_46,Completed,Town01,0,0,0,0,0,0,0,0,0,90,0,0,0,0,50,75,180,0,0.349999994039536,vehicle.lincoln.mkz2017,"[0, 0, 0]",4,,hero,True,70,165.706907466809,3357,10,100,100,1,177,142,168.000002503395,623.626001358032,none,WetCloudyNoon,90,0,50,0.35,180,75,0,0,0,0
842,47,RouteScenario_47,Completed,Town01,0,0,0,0,0,0,0,0,0,20,0,0,0,0,50,75,45,0,0.349999994039536,vehicle.lincoln.mkz2017,"[0, 0, 0]",4,,hero,True,70,242.20963742487,5181,10,100,100,1,177,143,259.200003862381,1156.25649237633,none,WetNoon,20,0,50,0.35,45,75,0,0,0,0
843,48,RouteScenario_48,Completed,Town01,0,0,0,0,0,0,0,0,0,80,0,0,0,30,50,-80,225,0,0.400000005960465,vehicle.lincoln.mkz2017,"[0, 0, 0]",4,,hero,True,70,243.720508976471,2236,10,100,100,1,177,143,111.950001668185,530.221749544144,none,MidRainyNight,80,30,50,0.4,225,-80,0,0,0,0
844,49,RouteScenario_49,Completed,Town01,0,0,0,0,0,0,0,0,0,90,0,0,0,60,100,75,90,0,1,vehicle.lincoln.mkz2017,"[0, 0, 0]",4,,hero,True,70,172.47023603808,4971,10,100,100,1,177,145,248.700003705919,863.213606119156,none,HardRainNoon,90,60,100,1,90,75,0,0,0,0
845,5,RouteScenario_5,Completed,Town01,0,0,0,0,0,0,0,0,0,90,0,0,0,0,50,-80,225,0,0.349999994039536,vehicle.lincoln.mkz2017,"[0, 0, 0]",4,,hero,True,70,215.671334600397,3656,10,100,100,1,177,144,182.950002726167,664.967399358749,none,WetCloudyNight,90,0,50,0.35,225,-80,0,0,0,0
846,50,RouteScenario_50,Completed,Town01,0,0,0,0,0,0,0,0,0,15,0,0,0,0,0,15,45,0,0.349999994039536,vehicle.lincoln.mkz2017,"[0, 0, 0]",4,,hero,True,70,117.53109849302,1228,10,100,100,1,177,144,61.5500009171665,272.339219808578,none,ClearSunset,15,0,0,0.35,45,15,0,0,0,0
847,51,RouteScenario_51,Failed,Town01,1,0,0,0,0,0,0,0,0,15,0,0,0,0,0,15,45,0,0.349999994039536,vehicle.lincoln.mkz2017,"[0, 0, 0]",4,,hero,True,70,236.026618294285,1484,10,98.6315647774293,64.1105171053291,0.65,176,143,74.3500011079013,278.980105638504,collisions_layout,ClearSunset,15,0,0,0.35,45,15,0,0,0,0
848,52,RouteScenario_52,Completed,Town01,0,0,0,0,0,0,0,0,0,80,0,0,0,0,0,15,270,0,0.349999994039536,vehicle.lincoln.mkz2017,"[0, 0, 0]",4,,hero,True,70,91.7189155740634,1746,10,100,100,1,177,147,87.4500013031065,410.630861520767,none,CloudySunset,80,0,0,0.35,270,15,0,0,0,0
849,53,RouteScenario_53,Completed,Town01,0,0,0,0,0,0,0,0,0,80,0,0,0,30,50,75,0,0,0.400000005960465,vehicle.lincoln.mkz2017,"[0, 0, 0]",4,,hero,True,70,98.3793188962888,3025,10,100,100,1,177,142,151.400002256036,620.890027523041,none,MidRainyNoon,80,30,50,0.4,0,75,0,0,0,0
850,54,RouteScenario_54,Completed,Town01,0,0,0,0,0,0,0,0,0,90,0,0,0,60,100,-80,225,0,1,vehicle.lincoln.mkz2017,"[0, 0, 0]",4,,hero,True,70,97.6117190877154,1172,10,100,100,1,176,145,58.7500008754432,257.486979961395,none,HardRainNight,90,60,100,1,225,-80,0,0,0,0
851,55,RouteScenario_55,Completed,Town01,0,0,0,0,0,0,0,0,0,80,0,0,0,0,0,15,270,0,0.349999994039536,vehicle.lincoln.mkz2017,"[0, 0, 0]",4,,hero,True,70,170.680552557536,2325,10,100,100,1,177,145,116.400001734495,368.658948659897,none,CloudySunset,80,0,0,0.35,270,15,0,0,0,0
852,56,RouteScenario_56,Completed,Town01,0,0,0,0,0,0,0,0,0,80,0,0,0,30,50,-80,225,0,0.400000005960465,vehicle.lincoln.mkz2017,"[0, 0, 0]",4,,hero,True,70,88.803553562924,4461,10,100,100,1,177,145,223.200003325939,702.720638513565,none,MidRainyNight,80,30,50,0.4,225,-80,0,0,0,0
853,57,RouteScenario_57,Failed,Town01,0,0,1,0,0,0,0,0,0,80,0,0,0,0,0,-80,45,0,0.349999994039536,vehicle.lincoln.mkz2017,"[0, 0, 0]",4,,hero,True,70,85.4917344082826,470,10,23.7432905124317,14.245974307459,0.6,177,145,23.6500003524125,89.3367872238159,collisions_vehicle,CloudyNight,80,0,0,0.35,45,-80,0,0,0,0
854,58,RouteScenario_58,Completed,Town01,0,0,0,0,0,0,0,0,0,80,0,0,0,0,0,75,45,0,0.349999994039536,vehicle.lincoln.mkz2017,"[0, 0, 0]",4,,hero,True,70,110.760657959706,1406,10,100,100,1,176,145,70.4500010497868,295.418693780899,none,CloudyNoon,80,0,0,0.35,45,75,0,0,0,0
855,59,RouteScenario_59,Completed,Town01,0,0,0,0,0,0,0,0,0,90,0,0,0,0,50,-80,225,0,0.349999994039536,vehicle.lincoln.mkz2017,"[0, 0, 0]",4,,hero,True,70,177.857127968248,2285,10,100,100,1,177,145,114.400001704693,392.447964429855,none,WetCloudyNight,90,0,50,0.35,225,-80,0,0,0,0
856,6,RouteScenario_6,Completed,Town01,0,0,0,0,0,0,0,0,0,20,0,0,0,0,50,-80,225,0,0.349999994039536,vehicle.lincoln.mkz2017,"[0, 0, 0]",4,,hero,True,70,81.9999806667819,416,10,100,100,1,176,146,20.9500003121793,68.2017931938171,none,WetNight,20,0,50,0.35,225,-80,0,0,0,0
857,60,RouteScenario_60,Completed,Town01,0,0,0,0,0,0,0,0,0,80,0,0,0,0,0,15,270,0,0.349999994039536,vehicle.lincoln.mkz2017,"[0, 0, 0]",4,,hero,True,70,62.717139549735,1954,10,100,100,1,177,148,97.8500014580786,483.702332735062,none,CloudySunset,80,0,0,0.35,270,15,0,0,0,0
858,61,RouteScenario_61,Completed,Town01,0,0,0,0,0,0,0,0,0,80,0,0,0,30,50,15,270,0,0.400000005960465,vehicle.lincoln.mkz2017,"[0, 0, 0]",4,,hero,True,70,181.206637504591,2065,10,100,100,1,177,141,103.40000154078,345.600615024567,none,MidRainSunset,80,30,50,0.4,270,15,0,0,0,0
859,62,RouteScenario_62,Completed,Town01,0,0,0,0,0,0,0,0,0,15,0,0,0,0,0,-80,0,0,0.349999994039536,vehicle.lincoln.mkz2017,"[0, 0, 0]",4,,hero,True,70,192.122827172363,2155,10,100,100,1,177,147,107.900001607835,387.425370693207,none,ClearNight,15,0,0,0.35,0,-80,0,0,0,0
860,63,RouteScenario_63,Failed,Town01,0,0,1,0,0,0,0,0,0,90,0,0,0,0,50,75,180,0,0.349999994039536,vehicle.lincoln.mkz2017,"[0, 0, 0]",4,,hero,True,70,235.904038841879,4560,10,93.1528853376434,55.8917312025861,0.6,177,144,228.1500033997,847.050419807434,collisions_vehicle,WetCloudyNoon,90,0,50,0.35,180,75,0,0,0,0
861,64,RouteScenario_64,Completed,Town01,0,0,0,0,0,0,0,0,0,90,0,0,0,15,50,-80,270,0,0.349999994039536,vehicle.lincoln.mkz2017,"[0, 0, 0]",4,,hero,True,70,156.177054868815,2605,10,100,100,1,176,145,130.400001943111,459.308378219605,none,SoftRainNight,90,15,50,0.35,270,-80,0,0,0,0
862,65,RouteScenario_65,Completed,Town01,0,0,0,0,0,0,0,0,0,90,0,0,0,15,50,75,315,0,0.349999994039536,vehicle.lincoln.mkz2017,"[0, 0, 0]",4,,hero,True,70,203.435859527397,4922,10,100,100,1,177,144,246.250003669411,872.120800018311,none,SoftRainNoon,90,15,50,0.35,315,75,0,0,0,0
863,66,RouteScenario_66,Completed,Town01,0,0,0,0,0,0,0,0,0,80,0,0,0,0,0,15,270,0,0.349999994039536,vehicle.lincoln.mkz2017,"[0, 0, 0]",4,,hero,True,70,111.219846834658,817,10,100,100,1,177,146,41.0000006109476,141.176813602448,none,CloudySunset,80,0,0,0.35,270,15,0,0,0,0
864,67,RouteScenario_67,Completed,Town01,0,0,0,0,0,0,0,0,0,90,0,0,0,60,100,-80,225,0,1,vehicle.lincoln.mkz2017,"[0, 0, 0]",4,,hero,True,70,234.621307071779,1224,10,100,100,1,177,148,61.3500009141862,240.979067325592,none,HardRainNight,90,60,100,1,225,-80,0,0,0,0
865,68,RouteScenario_68,Completed,Town01,0,0,0,0,0,0,0,0,0,15,0,0,0,0,0,-80,0,0,0.349999994039536,vehicle.lincoln.mkz2017,"[0, 0, 0]",4,,hero,True,70,123.180107520798,3940,10,100,100,1,177,145,197.150002937764,844.918853998184,none,ClearNight,15,0,0,0.35,0,-80,0,0,0,0
866,69,RouteScenario_69,Completed,Town01,0,0,0,0,0,0,0,0,0,90,0,0,0,60,100,-80,225,0,1,vehicle.lincoln.mkz2017,"[0, 0, 0]",4,,hero,True,70,50.3572785555583,1214,10,100,100,1,177,145,60.8500009067357,223.620640039444,none,HardRainNight,90,60,100,1,225,-80,0,0,0,0
867,7,RouteScenario_7,Failed,Town01,0,0,0,0,1,0,0,0,0,80,0,0,0,0,0,75,45,0,0.349999994039536,vehicle.lincoln.mkz2017,"[0, 0, 0]",4,,hero,True,70,89.6610007271915,2660,10,52.180953344781,36.5266673413467,0.7,177,144,133.15000198409,519.652398586273,red_light,CloudyNoon,80,0,0,0.35,45,75,0,0,0,0
868,70,RouteScenario_70,Completed,Town01,0,0,0,0,0,0,0,0,0,15,0,0,0,0,0,-80,0,0,0.349999994039536,vehicle.lincoln.mkz2017,"[0, 0, 0]",4,,hero,True,70,138.308004784328,2029,10,100,100,1,177,144,101.600001513958,458.862108469009,none,ClearNight,15,0,0,0.35,0,-80,0,0,0,0
869,71,RouteScenario_71,Completed,Town01,0,0,0,0,0,0,0,0,0,80,0,0,0,0,0,75,45,0,0.349999994039536,vehicle.lincoln.mkz2017,"[0, 0, 0]",4,,hero,True,70,226.400898091725,6263,10,100,100,1,177,142,313.300004668534,1195.66257238388,none,CloudyNoon,80,0,0,0.35,45,75,0,0,0,0
870,72,RouteScenario_72,Completed,Town01,0,0,0,0,0,0,0,0,0,15,0,0,0,0,0,75,0,0,0.349999994039536,vehicle.lincoln.mkz2017,"[0, 0, 0]",4,,hero,True,70,152.837140492969,1967,10,100,100,1,177,145,98.5000014677644,429.554358482361,none,ClearNoon,15,0,0,0.35,0,75,0,0,0,0
871,73,RouteScenario_73,Completed,Town01,0,0,0,0,0,0,0,0,0,80,0,0,0,0,0,-80,45,0,0.349999994039536,vehicle.lincoln.mkz2017,"[0, 0, 0]",4,,hero,True,70,173.225622140864,4091,10,100,100,1,177,144,204.700003050268,848.618679523468,none,CloudyNight,80,0,0,0.35,45,-80,0,0,0,0
872,74,RouteScenario_74,Completed,Town01,0,0,0,0,0,0,0,0,0,90,0,0,0,60,100,-80,225,0,1,vehicle.lincoln.mkz2017,"[0, 0, 0]",4,,hero,True,70,135.011337708198,1828,10,100,100,1,177,145,91.5500013642013,440.937470912933,none,HardRainNight,90,60,100,1,225,-80,0,0,0,0
873,75,RouteScenario_75,Completed,Town01,0,0,0,0,0,0,0,0,0,80,0,0,0,30,50,-80,225,0,0.400000005960465,vehicle.lincoln.mkz2017,"[0, 0, 0]",4,,hero,True,70,188.146872702469,3997,10,100,100,1,176,148,200.000002980232,709.002721548081,none,MidRainyNight,80,30,50,0.4,225,-80,0,0,0,0
874,76,RouteScenario_76,Completed,Town01,0,0,0,0,0,0,0,0,0,20,0,0,0,0,50,75,45,0,0.349999994039536,vehicle.lincoln.mkz2017,"[0, 0, 0]",4,,hero,True,70,44.1814466518153,4821,10,100,100,1,177,144,241.20000359416,1118.19433999062,none,WetNoon,20,0,50,0.35,45,75,0,0,0,0
875,77,RouteScenario_77,Completed,Town01,0,0,0,0,0,0,0,0,0,90,0,0,0,0,50,15,0,0,0.349999994039536,vehicle.lincoln.mkz2017,"[0, 0, 0]",4,,hero,True,70,30.3161255909202,2122,10,100,100,1,177,145,106.250001583248,416.264736652374,none,WetCloudySunset,90,0,50,0.35,0,15,0,0,0,0
876,78,RouteScenario_78,Failed - Agent got blocked,Town01,0,0,0,0,0,0,0,0,1,20,0,0,0,0,50,75,45,0,0.349999994039536,vehicle.lincoln.mkz2017,"[0, 0, 0]",4,,hero,True,70,82.5240339591636,7005,10,96.5452190851899,96.5452190851899,1,177,144,350.400005221367,1605.55642867088,none,WetNoon,20,0,50,0.35,45,75,0,0,0,0
877,79,RouteScenario_79,Completed,Town01,0,0,0,0,0,0,0,0,0,80,0,0,0,30,50,15,270,0,0.400000005960465,vehicle.lincoln.mkz2017,"[0, 0, 0]",4,,hero,True,70,220.053316473108,1074,10,100,100,1,177,142,53.8500008024275,188.402108669281,none,MidRainSunset,80,30,50,0.4,270,15,0,0,0,0
878,8,RouteScenario_8,Completed,Town01,0,0,0,0,0,0,0,0,0,20,0,0,0,0,50,-80,225,0,0.349999994039536,vehicle.lincoln.mkz2017,"[0, 0, 0]",4,,hero,True,70,84.2932734945379,565,10,100,100,1,177,145,28.400000423193,104.480411052704,none,WetNight,20,0,50,0.35,225,-80,0,0,0,0
879,80,RouteScenario_80,Completed,Town01,0,0,0,0,0,0,0,0,0,15,0,0,0,0,0,15,45,0,0.349999994039536,vehicle.lincoln.mkz2017,"[0, 0, 0]",4,,hero,True,70,135.565363838543,857,10,100,100,1,177,146,43.0000006407499,176.513632059097,none,ClearSunset,15,0,0,0.35,45,15,0,0,0,0
880,81,RouteScenario_81,Completed,Town01,0,0,0,0,0,0,0,0,0,90,0,0,0,60,100,-80,225,0,1,vehicle.lincoln.mkz2017,"[0, 0, 0]",4,,hero,True,70,227.065844694355,3375,10,100,100,1,176,146,168.900002516806,603.160565376282,none,HardRainNight,90,60,100,1,225,-80,0,0,0,0
881,82,RouteScenario_82,Completed,Town01,0,0,0,0,0,0,0,0,0,90,0,0,0,15,50,-80,270,0,0.349999994039536,vehicle.lincoln.mkz2017,"[0, 0, 0]",4,,hero,True,70,92.6699986967743,1570,10,100,100,1,177,147,78.6500011719763,270.693750858307,none,SoftRainNight,90,15,50,0.35,270,-80,0,0,0,0
882,83,RouteScenario_83,Completed,Town01,0,0,0,0,0,0,0,0,0,90,0,0,0,60,100,75,90,0,1,vehicle.lincoln.mkz2017,"[0, 0, 0]",4,,hero,True,70,153.779977032695,1375,10,100,100,1,177,143,68.90000102669,273.363793134689,none,HardRainNoon,90,60,100,1,90,75,0,0,0,0
883,84,RouteScenario_84,Completed,Town01,0,0,0,0,0,0,0,0,0,90,0,0,0,60,100,-80,225,0,1,vehicle.lincoln.mkz2017,"[0, 0, 0]",4,,hero,True,70,136.683846129862,2521,10,100,100,1,177,143,126.200001880527,455.994819164276,none,HardRainNight,90,60,100,1,225,-80,0,0,0,0
884,85,RouteScenario_85,Failed - Agent got blocked,Town01,0,0,0,0,0,0,0,0,1,15,0,0,0,0,0,75,0,0,0.349999994039536,vehicle.lincoln.mkz2017,"[0, 0, 0]",4,,hero,True,70,56.7774573305317,3664,10,2.50844271061368,2.50844271061368,1,177,147,183.350002732128,644.999494075775,none,ClearNoon,15,0,0,0.35,0,75,0,0,0,0
885,86,RouteScenario_86,Failed - Agent got blocked,Town01,0,0,0,0,0,0,0,0,1,90,0,0,0,15,50,15,270,0,0.349999994039536,vehicle.lincoln.mkz2017,"[0, 0, 0]",4,,hero,True,70,140.293209988105,5862,10,98.275651456717,98.275651456717,1,177,145,293.250004369766,1116.30827307701,none,SoftRainSunset,90,15,50,0.35,270,15,0,0,0,0
886,87,RouteScenario_87,Failed,Town01,0,0,1,0,0,0,0,0,0,90,0,0,0,0,50,15,0,0,0.349999994039536,vehicle.lincoln.mkz2017,"[0, 0, 0]",4,,hero,True,70,130.610807613161,2046,10,42.7759248939474,25.6655549363685,0.6,177,143,102.450001526624,330.128856658936,collisions_vehicle,WetCloudySunset,90,0,50,0.35,0,15,0,0,0,0
887,88,RouteScenario_88,Completed,Town01,0,0,0,0,0,0,0,0,0,90,0,0,0,60,100,75,90,0,1,vehicle.lincoln.mkz2017,"[0, 0, 0]",4,,hero,True,70,109.972054901903,2578,10,100,100,1,176,144,129.050001922995,552.400207519531,none,HardRainNoon,90,60,100,1,90,75,0,0,0,0
888,89,RouteScenario_89,Completed,Town01,0,0,0,0,0,0,0,0,0,90,0,0,0,60,100,-80,225,0,1,vehicle.lincoln.mkz2017,"[0, 0, 0]",4,,hero,True,70,190.574216852156,1424,10,100,100,1,177,141,71.3500010631979,288.551576852798,none,HardRainNight,90,60,100,1,225,-80,0,0,0,0
889,9,RouteScenario_9,Completed,Town01,0,0,0,0,0,0,0,0,0,90,0,0,0,60,100,-80,225,0,1,vehicle.lincoln.mkz2017,"[0, 0, 0]",4,,hero,True,70,161.240312550301,2196,10,100,100,1,177,145,109.950001638383,519.965542793274,none,HardRainNight,90,60,100,1,225,-80,0,0,0,0
890,90,RouteScenario_90,Completed,Town01,0,0,0,0,0,0,0,0,0,90,0,0,0,15,50,15,270,0,0.349999994039536,vehicle.lincoln.mkz2017,"[0, 0, 0]",4,,hero,True,70,212.051471379147,3877,10,100,100,1,176,142,194.000002890825,650.63796710968,none,SoftRainSunset,90,15,50,0.35,270,15,0,0,0,0
891,91,RouteScenario_91,Completed,Town01,0,0,0,0,0,0,0,0,0,90,0,0,0,15,50,75,315,0,0.349999994039536,vehicle.lincoln.mkz2017,"[0, 0, 0]",4,,hero,True,70,50.1306667090402,289,10,100,100,1,177,142,14.600000217557,55.1764767169952,none,SoftRainNoon,90,15,50,0.35,315,75,0,0,0,0
892,92,RouteScenario_92,Failed,Town01,0,0,1,0,0,0,0,0,0,90,0,0,0,60,100,75,90,0,1,vehicle.lincoln.mkz2017,"[0, 0, 0]",4,,hero,True,70,9.9037431356277,2205,10,98.7651638674663,59.2590983204798,0.6,177,151,110.400001645088,472.300578117371,collisions_vehicle,HardRainNoon,90,60,100,1,90,75,0,0,0,0
893,93,RouteScenario_93,Failed,Town01,0,0,1,0,0,0,0,0,0,20,0,0,0,0,50,15,270,0,0.349999994039536,vehicle.lincoln.mkz2017,"[0, 0, 0]",4,,hero,True,70,147.887772506435,2,10,0,0,0.6,177,0,0.150000002235174,0.863167762756348,collisions_vehicle,WetSunset,20,0,50,0.35,270,15,0,0,0,0
894,94,RouteScenario_94,Completed,Town01,0,0,0,0,0,0,0,0,0,15,0,0,0,0,0,-80,0,0,0.349999994039536,vehicle.lincoln.mkz2017,"[0, 0, 0]",4,,hero,True,70,132.450847509141,707,10,100,100,1,177,144,35.5000005289912,135.917598724365,none,ClearNight,15,0,0,0.35,0,-80,0,0,0,0
895,95,RouteScenario_95,Completed,Town01,0,0,0,0,0,0,0,0,0,15,0,0,0,0,0,75,0,0,0.349999994039536,vehicle.lincoln.mkz2017,"[0, 0, 0]",4,,hero,True,70,175.462139150575,1401,10,100,100,1,177,144,70.2000010460615,275.797812461853,none,ClearNoon,15,0,0,0.35,0,75,0,0,0,0
896,96,RouteScenario_96,Completed,Town01,0,0,0,0,0,0,0,0,0,80,0,0,0,30,50,-80,225,0,0.400000005960465,vehicle.lincoln.mkz2017,"[0, 0, 0]",4,,hero,True,70,146.502220519111,3661,10,100,100,1,177,147,183.200002729893,695.594398260117,none,MidRainyNight,80,30,50,0.4,225,-80,0,0,0,0
897,97,RouteScenario_97,Completed,Town01,0,0,0,0,0,0,0,0,0,20,0,0,0,0,50,15,270,0,0.349999994039536,vehicle.lincoln.mkz2017,"[0, 0, 0]",4,,hero,True,70,97.7891815367876,475,10,100,100,1,177,146,23.9000003561378,99.4035475254059,none,WetSunset,20,0,50,0.35,270,15,0,0,0,0
898,98,RouteScenario_98,Completed,Town01,0,0,0,0,0,0,0,0,0,15,0,0,0,0,0,75,0,0,0.349999994039536,vehicle.lincoln.mkz2017,"[0, 0, 0]",4,,hero,True,70,84.7644301521923,3330,10,100,100,1,177,141,166.650002483279,760.714547634125,none,ClearNoon,15,0,0,0.35,0,75,0,0,0,0
899,99,RouteScenario_99,Completed,Town01,0,0,0,0,0,0,0,0,0,20,0,0,0,0,50,15,270,0,0.349999994039536,vehicle.lincoln.mkz2017,"[0, 0, 0]",4,,hero,True,70,138.250854519956,1825,10,100,100,1,177,144,91.4000013619661,307.361307144165,none,WetSunset,20,0,50,0.35,270,15,0,0,0,0
900,0,RouteScenario_0,Completed,Town01,0,0,0,0,0,0,0,0,0,20,0,0,0,0,50,15,270,0,0.349999994039536,vehicle.lincoln.mkz2017,"[0, 0, 0]",4,,hero,True,70,207.019212970771,1823,11,100,100,1,177,135,91.300001360476,564.028402090073,none,WetSunset,20,0,50,0.35,270,15,0,0,0,0
901,1,RouteScenario_1,Failed,Town01,0,0,1,0,0,0,0,0,0,90,0,0,0,15,50,-80,270,0,0.349999994039536,vehicle.lincoln.mkz2017,"[0, 0, 0]",4,,hero,True,70,82.7731237397857,891,11,29.2339995473098,17.5403997283859,0.6,177,139,44.7000006660819,243.754450559616,collisions_vehicle,SoftRainNight,90,15,50,0.35,270,-80,0,0,0,0
902,10,RouteScenario_10,Completed,Town01,0,0,0,0,0,0,0,0,0,90,0,0,0,0,50,15,0,0,0.349999994039536,vehicle.lincoln.mkz2017,"[0, 0, 0]",4,,hero,True,70,178.939133037313,1533,11,100,100,1,177,134,76.8000011444092,511.856130123138,none,WetCloudySunset,90,0,50,0.35,0,15,0,0,0,0
903,100,RouteScenario_100,Completed,Town01,0,0,0,0,0,0,0,0,0,90,0,0,0,60,100,75,90,0,1,vehicle.lincoln.mkz2017,"[0, 0, 0]",4,,hero,True,70,238.109787563928,2814,11,100,100,1,177,136,140.850002098829,904.023669481278,none,HardRainNoon,90,60,100,1,90,75,0,0,0,0
904,101,RouteScenario_101,Completed,Town01,0,0,0,0,0,0,0,0,0,90,0,0,0,15,50,-80,270,0,0.349999994039536,vehicle.lincoln.mkz2017,"[0, 0, 0]",4,,hero,True,70,223.332902900877,3776,11,100,100,1,177,134,188.950002815574,1329.61410522461,none,SoftRainNight,90,15,50,0.35,270,-80,0,0,0,0
905,102,RouteScenario_102,Completed,Town01,0,0,0,0,0,0,0,0,0,15,0,0,0,0,0,15,45,0,0.349999994039536,vehicle.lincoln.mkz2017,"[0, 0, 0]",4,,hero,True,70,167.564870864939,1621,11,100,100,1,177,132,81.2000012099743,588.852463006973,none,ClearSunset,15,0,0,0.35,45,15,0,0,0,0
906,103,RouteScenario_103,Failed,Town01,0,0,0,0,1,0,0,0,0,80,0,0,0,0,0,75,45,0,0.349999994039536,vehicle.lincoln.mkz2017,"[0, 0, 0]",4,,hero,True,70,194.971879863744,4776,11,98.7442561934532,69.1209793354172,0.7,177,137,238.950003560632,1521.87250781059,red_light,CloudyNoon,80,0,0,0.35,45,75,0,0,0,0
907,104,RouteScenario_104,Completed,Town01,0,0,0,0,0,0,0,0,0,20,0,0,0,0,50,-80,225,0,0.349999994039536,vehicle.lincoln.mkz2017,"[0, 0, 0]",4,,hero,True,70,115.885909577756,728,11,100,100,1,177,135,36.5500005446374,245.078549146652,none,WetNight,20,0,50,0.35,225,-80,0,0,0,0
908,105,RouteScenario_105,Completed,Town01,0,0,0,0,0,0,0,0,0,90,0,0,0,60,100,75,90,0,1,vehicle.lincoln.mkz2017,"[0, 0, 0]",4,,hero,True,70,43.0960436440428,3462,11,100,100,1,177,132,173.250002581626,1092.29957079887,none,HardRainNoon,90,60,100,1,90,75,0,0,0,0
909,106,RouteScenario_106,Failed,Town01,0,0,0,0,1,0,0,0,0,90,0,0,0,15,50,-80,270,0,0.349999994039536,vehicle.lincoln.mkz2017,"[0, 0, 0]",4,,hero,True,70,58.6382713487703,0,11,0,0,0.7,177,0,0.050000000745058,0.38449501991272,red_light,SoftRainNight,90,15,50,0.35,270,-80,0,0,0,0
910,107,RouteScenario_107,Completed,Town01,0,0,0,0,0,0,0,0,0,20,0,0,0,0,50,-80,225,0,0.349999994039536,vehicle.lincoln.mkz2017,"[0, 0, 0]",4,,hero,True,70,77.2658992938477,1959,11,100,100,1,177,133,98.1000014618039,679.050946950913,none,WetNight,20,0,50,0.35,225,-80,0,0,0,0
911,108,RouteScenario_108,Completed,Town01,0,0,0,0,0,0,0,0,0,15,0,0,0,0,0,15,45,0,0.349999994039536,vehicle.lincoln.mkz2017,"[0, 0, 0]",4,,hero,True,70,162.785049296464,2175,11,100,100,1,177,137,108.900001622736,681.748586654663,none,ClearSunset,15,0,0,0.35,45,15,0,0,0,0
912,109,RouteScenario_109,Completed,Town01,0,0,0,0,0,0,0,0,0,90,0,0,0,0,50,-80,225,0,0.349999994039536,vehicle.lincoln.mkz2017,"[0, 0, 0]",4,,hero,True,70,198.331334951565,2789,11,100,100,1,177,135,139.600002080202,1037.58159399033,none,WetCloudyNight,90,0,50,0.35,225,-80,0,0,0,0
913,11,RouteScenario_11,Completed,Town01,0,0,0,0,0,0,0,0,0,90,0,0,0,0,50,75,180,0,0.349999994039536,vehicle.lincoln.mkz2017,"[0, 0, 0]",4,,hero,True,70,101.612062127783,1369,11,100,100,1,177,133,68.6000010222197,376.661521196365,none,WetCloudyNoon,90,0,50,0.35,180,75,0,0,0,0
914,110,RouteScenario_110,Completed,Town01,0,0,0,0,0,0,0,0,0,90,0,0,0,0,50,75,180,0,0.349999994039536,vehicle.lincoln.mkz2017,"[0, 0, 0]",4,,hero,True,70,114.149971162581,3054,11,100,100,1,177,136,152.850002277643,870.070951223373,none,WetCloudyNoon,90,0,50,0.35,180,75,0,0,0,0
915,111,RouteScenario_111,Failed - Agent got blocked,Town01,0,0,0,0,0,0,0,0,1,90,0,0,0,60,100,75,90,0,1,vehicle.lincoln.mkz2017,"[0, 0, 0]",4,,hero,True,70,89.8581682581759,6092,11,96.1500834224978,96.1500834224978,1,177,136,304.750004541129,1938.49200129509,none,HardRainNoon,90,60,100,1,90,75,0,0,0,0
916,112,RouteScenario_112,Completed,Town01,0,0,0,0,0,0,0,0,0,80,0,0,0,0,0,75,45,0,0.349999994039536,vehicle.lincoln.mkz2017,"[0, 0, 0]",4,,hero,True,70,117.182011802066,1511,11,100,100,1,176,137,75.7000011280179,420.68173956871,none,CloudyNoon,80,0,0,0.35,45,75,0,0,0,0
917,113,RouteScenario_113,Completed,Town01,0,0,0,0,0,0,0,0,0,20,0,0,0,0,50,-80,225,0,0.349999994039536,vehicle.lincoln.mkz2017,"[0, 0, 0]",4,,hero,True,70,124.710890054488,1922,11,100,100,1,177,134,96.2500014342368,556.40909075737,none,WetNight,20,0,50,0.35,225,-80,0,0,0,0
918,114,RouteScenario_114,Completed,Town01,0,0,0,0,0,0,0,0,0,80,0,0,0,0,0,-80,45,0,0.349999994039536,vehicle.lincoln.mkz2017,"[0, 0, 0]",4,,hero,True,70,97.8522698152996,1494,11,100,100,1,177,141,74.8500011153519,510.8717045784,none,CloudyNight,80,0,0,0.35,45,-80,0,0,0,0
919,115,RouteScenario_115,Completed,Town01,0,0,0,0,0,0,0,0,0,90,0,0,0,0,50,15,0,0,0.349999994039536,vehicle.lincoln.mkz2017,"[0, 0, 0]",4,,hero,True,70,152.482095803129,1441,11,100,100,1,177,133,72.2000010758638,481.94890332222,none,WetCloudySunset,90,0,50,0.35,0,15,0,0,0,0
920,116,RouteScenario_116,Completed,Town01,0,0,0,0,0,0,0,0,0,90,0,0,0,0,50,75,180,0,0.349999994039536,vehicle.lincoln.mkz2017,"[0, 0, 0]",4,,hero,True,70,273.331996132036,3320,11,100,100,1,177,134,166.150002475828,1001.26920413971,none,WetCloudyNoon,90,0,50,0.35,180,75,0,0,0,0
921,117,RouteScenario_117,Completed,Town01,0,0,0,0,0,0,0,0,0,80,0,0,0,0,0,75,45,0,0.349999994039536,vehicle.lincoln.mkz2017,"[0, 0, 0]",4,,hero,True,70,174.533229151483,3230,11,100,100,1,176,132,161.650002408773,969.584924697876,none,CloudyNoon,80,0,0,0.35,45,75,0,0,0,0
922,118,RouteScenario_118,Completed,Town01,0,0,0,0,0,0,0,0,0,15,0,0,0,0,0,-80,0,0,0.349999994039536,vehicle.lincoln.mkz2017,"[0, 0, 0]",4,,hero,True,70,56.3013298853026,1669,11,100,100,1,177,136,83.6000012457371,562.871944189072,none,ClearNight,15,0,0,0.35,0,-80,0,0,0,0
923,119,RouteScenario_119,Failed - Agent got blocked,Town01,0,0,0,0,0,0,0,0,1,90,0,0,0,0,50,-80,225,0,0.349999994039536,vehicle.lincoln.mkz2017,"[0, 0, 0]",4,,hero,True,70,187.802880730796,7224,11,97.6873073359797,97.6873073359797,1,177,131,361.350005384535,2007.38227748871,none,WetCloudyNight,90,0,50,0.35,225,-80,0,0,0,0
924,12,RouteScenario_12,Completed,Town01,0,0,0,0,0,0,0,0,0,90,0,0,0,60,100,75,90,0,1,vehicle.lincoln.mkz2017,"[0, 0, 0]",4,,hero,True,70,148.579952645267,1365,11,100,100,1,177,134,68.4000010192394,404.31822681427,none,HardRainNoon,90,60,100,1,90,75,0,0,0,0
925,120,RouteScenario_120,Completed,Town01,0,0,0,0,0,0,0,0,0,90,0,0,0,15,50,-80,270,0,0.349999994039536,vehicle.lincoln.mkz2017,"[0, 0, 0]",4,,hero,True,70,67.6444874349446,456,11,100,100,1,177,134,22.9500003419817,138.921372652054,none,SoftRainNight,90,15,50,0.35,270,-80,0,0,0,0
926,121,RouteScenario_121,Completed,Town01,0,0,0,0,0,0,0,0,0,80,0,0,0,0,0,-80,45,0,0.349999994039536,vehicle.lincoln.mkz2017,"[0, 0, 0]",4,,hero,True,70,247.344371976281,3558,11,100,100,1,177,136,178.050002653152,1217.02071332932,none,CloudyNight,80,0,0,0.35,45,-80,0,0,0,0
927,122,RouteScenario_122,Completed,Town01,0,0,0,0,0,0,0,0,0,80,0,0,0,30,50,15,270,0,0.400000005960465,vehicle.lincoln.mkz2017,"[0, 0, 0]",4,,hero,True,70,185.994639783653,997,11,100,100,1,177,139,50.0000007450581,294.176847219467,none,MidRainSunset,80,30,50,0.4,270,15,0,0,0,0
928,123,RouteScenario_123,Completed,Town01,0,0,0,0,0,0,0,0,0,80,0,0,0,0,0,15,270,0,0.349999994039536,vehicle.lincoln.mkz2017,"[0, 0, 0]",4,,hero,True,70,50.9926642098561,824,11,100,100,1,176,136,41.350000616163,254.802676916122,none,CloudySunset,80,0,0,0.35,270,15,0,0,0,0
929,124,RouteScenario_124,Completed,Town01,0,0,0,0,0,0,0,0,0,90,0,0,0,0,50,15,0,0,0.349999994039536,vehicle.lincoln.mkz2017,"[0, 0, 0]",4,,hero,True,70,80.7752049372926,7427,11,100,100,1,176,132,371.500005535781,2290.25821137428,none,WetCloudySunset,90,0,50,0.35,0,15,0,0,0,0
930,125,RouteScenario_125,Completed,Town01,0,0,0,0,0,0,0,0,0,90,0,0,0,0,50,75,180,0,0.349999994039536,vehicle.lincoln.mkz2017,"[0, 0, 0]",4,,hero,True,70,154.227736306685,1742,11,100,100,1,176,130,87.2500013001263,576.762955904007,none,WetCloudyNoon,90,0,50,0.35,180,75,0,0,0,0
931,126,RouteScenario_126,Failed - Agent got blocked,Town01,0,0,0,0,0,0,0,0,1,80,0,0,0,60,100,15,0,0,1,vehicle.lincoln.mkz2017,"[0, 0, 0]",4,,hero,True,70,81.1833542852019,5412,11,96.8842473203997,96.8842473203997,1,177,130,270.750004034489,1716.93323707581,none,HardRainSunset,80,60,100,1,0,15,0,0,0,0
932,127,RouteScenario_127,Completed,Town01,0,0,0,0,0,0,0,0,0,90,0,0,0,15,50,-80,270,0,0.349999994039536,vehicle.lincoln.mkz2017,"[0, 0, 0]",4,,hero,True,70,126.519743536487,1945,11,100,100,1,177,134,97.4000014513731,566.191698312759,none,SoftRainNight,90,15,50,0.35,270,-80,0,0,0,0
933,128,RouteScenario_128,Completed,Town01,0,0,0,0,0,0,0,0,0,80,0,0,0,0,0,15,270,0,0.349999994039536,vehicle.lincoln.mkz2017,"[0, 0, 0]",4,,hero,True,70,275.50983420566,4239,11,100,100,1,177,131,212.100003160536,1214.42148399353,none,CloudySunset,80,0,0,0.35,270,15,0,0,0,0
934,129,RouteScenario_129,Completed,Town01,0,0,0,0,0,0,0,0,0,90,0,0,0,0,50,75,180,0,0.349999994039536,vehicle.lincoln.mkz2017,"[0, 0, 0]",4,,hero,True,70,161.070550861444,1892,11,100,100,1,177,133,94.750001411885,607.309316396713,none,WetCloudyNoon,90,0,50,0.35,180,75,0,0,0,0
935,13,RouteScenario_13,Completed,Town01,0,0,0,0,0,0,0,0,0,15,0,0,0,0,0,75,0,0,0.349999994039536,vehicle.lincoln.mkz2017,"[0, 0, 0]",4,,hero,True,70,212.219985135147,3641,11,100,100,1,177,134,182.200002714992,1142.11473679543,none,ClearNoon,15,0,0,0.35,0,75,0,0,0,0
936,130,RouteScenario_130,Completed,Town01,0,0,0,0,0,0,0,0,0,80,0,0,0,60,100,15,0,0,1,vehicle.lincoln.mkz2017,"[0, 0, 0]",4,,hero,True,70,92.6720864187918,635,11,100,100,1,177,132,31.900000475347,207.875126600265,none,HardRainSunset,80,60,100,1,0,15,0,0,0,0
937,131,RouteScenario_131,Completed,Town01,0,0,0,0,0,0,0,0,0,80,0,0,0,60,100,15,0,0,1,vehicle.lincoln.mkz2017,"[0, 0, 0]",4,,hero,True,70,155.64995003145,1328,11,100,100,1,177,135,66.5500009916723,400.258587121964,none,HardRainSunset,80,60,100,1,0,15,0,0,0,0
938,132,RouteScenario_132,Failed,Town01,0,0,1,0,0,0,0,0,0,90,0,0,0,0,50,75,180,0,0.349999994039536,vehicle.lincoln.mkz2017,"[0, 0, 0]",4,,hero,True,70,168.141501983467,342,11,25.232295203303,15.1393771219818,0.6,177,132,17.250000257045,125.783820867538,collisions_vehicle,WetCloudyNoon,90,0,50,0.35,180,75,0,0,0,0
939,133,RouteScenario_133,Completed,Town01,0,0,0,0,0,0,0,0,0,80,0,0,0,0,0,15,270,0,0.349999994039536,vehicle.lincoln.mkz2017,"[0, 0, 0]",4,,hero,True,70,135.693103912075,4040,11,100,100,1,176,139,202.15000301227,1308.50690674782,none,CloudySunset,80,0,0,0.35,270,15,0,0,0,0
940,134,RouteScenario_134,Completed,Town01,0,0,0,0,0,0,0,0,0,80,0,0,0,30,50,-80,225,0,0.400000005960465,vehicle.lincoln.mkz2017,"[0, 0, 0]",4,,hero,True,70,121.971395824203,1934,11,100,100,1,177,139,96.8500014431775,659.471760988235,none,MidRainyNight,80,30,50,0.4,225,-80,0,0,0,0
941,135,RouteScenario_135,Completed,Town01,0,0,0,0,0,0,0,0,0,15,0,0,0,0,0,75,0,0,0.349999994039536,vehicle.lincoln.mkz2017,"[0, 0, 0]",4,,hero,True,70,90.0830794673052,1668,11,100,100,1,177,133,83.550001244992,470.966391324997,none,ClearNoon,15,0,0,0.35,0,75,0,0,0,0
942,136,RouteScenario_136,Completed,Town01,0,0,0,0,0,0,0,0,0,15,0,0,0,0,0,75,0,0,0.349999994039536,vehicle.lincoln.mkz2017,"[0, 0, 0]",4,,hero,True,70,71.692100036983,7977,11,100,100,1,176,136,399.000005945563,2608.33225393295,none,ClearNoon,15,0,0,0.35,0,75,0,0,0,0
943,137,RouteScenario_137,Failed - Agent got blocked,Town01,0,0,0,0,0,0,0,0,1,80,0,0,0,60,100,15,0,0,1,vehicle.lincoln.mkz2017,"[0, 0, 0]",4,,hero,True,70,195.338331642993,9656,11,98.140594590273,98.140594590273,1,177,138,482.950007196516,2967.8969848156,none,HardRainSunset,80,60,100,1,0,15,0,0,0,0
944,138,RouteScenario_138,Completed,Town01,0,0,0,0,0,0,0,0,0,80,0,0,0,0,0,75,45,0,0.349999994039536,vehicle.lincoln.mkz2017,"[0, 0, 0]",4,,hero,True,70,96.4002246154936,2727,11,100,100,1,177,132,136.500002034009,960.403242588043,none,CloudyNoon,80,0,0,0.35,45,75,0,0,0,0
945,139,RouteScenario_139,Completed,Town01,0,0,0,0,0,0,0,0,0,80,0,0,0,30,50,15,270,0,0.400000005960465,vehicle.lincoln.mkz2017,"[0, 0, 0]",4,,hero,True,70,151.5509041962,2234,11,100,100,1,177,131,111.850001666695,676.214939594269,none,MidRainSunset,80,30,50,0.4,270,15,0,0,0,0
946,14,RouteScenario_14,Completed,Town01,0,0,0,0,0,0,0,0,0,15,0,0,0,0,0,15,45,0,0.349999994039536,vehicle.lincoln.mkz2017,"[0, 0, 0]",4,,hero,True,70,185.726159223418,3999,11,100,100,1,177,133,200.100002981722,1241.48688721657,none,ClearSunset,15,0,0,0.35,45,15,0,0,0,0
947,140,RouteScenario_140,Completed,Town01,0,0,0,0,0,0,0,0,0,90,0,0,0,15,50,-80,270,0,0.349999994039536,vehicle.lincoln.mkz2017,"[0, 0, 0]",4,,hero,True,70,141.904018858039,3673,11,100,100,1,176,136,183.800002738833,1089.90095901489,none,SoftRainNight,90,15,50,0.35,270,-80,0,0,0,0
948,141,RouteScenario_141,Completed,Town01,0,0,0,0,0,0,0,0,0,90,0,0,0,15,50,-80,270,0,0.349999994039536,vehicle.lincoln.mkz2017,"[0, 0, 0]",4,,hero,True,70,159.021803044014,1016,11,100,100,1,177,135,50.9500007592142,370.904950618744,none,SoftRainNight,90,15,50,0.35,270,-80,0,0,0,0
949,142,RouteScenario_142,Completed,Town01,0,0,0,0,0,0,0,0,0,15,0,0,0,0,0,75,0,0,0.349999994039536,vehicle.lincoln.mkz2017,"[0, 0, 0]",4,,hero,True,70,69.9383987948123,1210,11,100,100,1,177,131,60.6500009037554,422.702588319778,none,ClearNoon,15,0,0,0.35,0,75,0,0,0,0
950,143,RouteScenario_143,Completed,Town01,0,0,0,0,0,0,0,0,0,90,0,0,0,60,100,75,90,0,1,vehicle.lincoln.mkz2017,"[0, 0, 0]",4,,hero,True,70,222.933809016488,4125,11,100,100,1,177,131,206.4000030756,1269.79818701744,none,HardRainNoon,90,60,100,1,90,75,0,0,0,0
951,144,RouteScenario_144,Completed,Town01,0,0,0,0,0,0,0,0,0,20,0,0,0,0,50,75,45,0,0.349999994039536,vehicle.lincoln.mkz2017,"[0, 0, 0]",4,,hero,True,70,237.946438945277,3097,11,100,100,1,177,132,155.00000230968,959.720398664474,none,WetNoon,20,0,50,0.35,45,75,0,0,0,0
952,145,RouteScenario_145,Completed,Town01,0,0,0,0,0,0,0,0,0,90,0,0,0,15,50,75,315,0,0.349999994039536,vehicle.lincoln.mkz2017,"[0, 0, 0]",4,,hero,True,70,200.109787391949,1633,11,100,100,1,177,137,81.800001218915,578.734538555145,none,SoftRainNoon,90,15,50,0.35,315,75,0,0,0,0
953,146,RouteScenario_146,Failed - Agent got blocked,Town01,0,0,0,0,0,0,0,0,1,90,0,0,0,0,50,15,0,0,0.349999994039536,vehicle.lincoln.mkz2017,"[0, 0, 0]",4,,hero,True,70,139.822489759283,9088,11,97.1312292168747,97.1312292168747,1,176,139,454.550006773323,2691.82096719742,none,WetCloudySunset,90,0,50,0.35,0,15,0,0,0,0
954,147,RouteScenario_147,Completed,Town01,0,0,0,0,0,0,0,0,0,90,0,0,0,60,100,75,90,0,1,vehicle.lincoln.mkz2017,"[0, 0, 0]",4,,hero,True,70,129.749496859937,2488,11,100,100,1,177,134,124.55000185594,828.367090463638,none,HardRainNoon,90,60,100,1,90,75,0,0,0,0
955,148,RouteScenario_148,Completed,Town01,0,0,0,0,0,0,0,0,0,80,0,0,0,0,0,75,45,0,0.349999994039536,vehicle.lincoln.mkz2017,"[0, 0, 0]",4,,hero,True,70,59.9817139769069,399,11,100,100,1,177,131,20.1000002995133,132.004556894302,none,CloudyNoon,80,0,0,0.35,45,75,0,0,0,0
956,149,RouteScenario_149,Completed,Town01,0,0,0,0,0,0,0,0,0,90,0,0,0,15,50,15,270,0,0.349999994039536,vehicle.lincoln.mkz2017,"[0, 0, 0]",4,,hero,True,70,164.30197183978,1270,11,100,100,1,176,135,63.6500009484589,358.424028635025,none,SoftRainSunset,90,15,50,0.35,270,15,0,0,0,0
957,15,RouteScenario_15,Failed - Agent got blocked,Town01,0,0,0,0,0,0,0,0,1,90,0,0,0,0,50,-80,225,0,0.349999994039536,vehicle.lincoln.mkz2017,"[0, 0, 0]",4,,hero,True,70,135.349716242063,6624,11,97.2875799027761,97.2875799027761,1,176,133,331.3500049375,1760.29539966583,none,WetCloudyNight,90,0,50,0.35,225,-80,0,0,0,0
958,150,RouteScenario_150,Completed,Town01,0,0,0,0,0,0,0,0,0,90,0,0,0,60,100,-80,225,0,1,vehicle.lincoln.mkz2017,"[0, 0, 0]",4,,hero,True,70,85.6688904605412,768,11,100,100,1,177,133,38.5500005744398,278.320055961609,none,HardRainNight,90,60,100,1,225,-80,0,0,0,0
959,151,RouteScenario_151,Completed,Town01,0,0,0,0,0,0,0,0,0,15,0,0,0,0,0,75,0,0,0.349999994039536,vehicle.lincoln.mkz2017,"[0, 0, 0]",4,,hero,True,70,62.5776968919883,1344,11,100,100,1,177,136,67.3500010035932,385.907822370529,none,ClearNoon,15,0,0,0.35,0,75,0,0,0,0
960,152,RouteScenario_152,Completed,Town01,0,0,0,0,0,0,0,0,0,90,0,0,0,0,50,-80,225,0,0.349999994039536,vehicle.lincoln.mkz2017,"[0, 0, 0]",4,,hero,True,70,209.050237995328,2243,11,100,100,1,177,134,112.3000016734,676.21059346199,none,WetCloudyNight,90,0,50,0.35,225,-80,0,0,0,0
961,153,RouteScenario_153,Failed - Agent got blocked,Town01,0,0,0,0,0,0,0,0,1,80,0,0,0,30,50,75,0,0,0.400000005960465,vehicle.lincoln.mkz2017,"[0, 0, 0]",4,,hero,True,70,109.916963408522,4550,11,41.3006352724716,41.3006352724716,1,177,131,227.650003392249,1451.79710817337,none,MidRainyNoon,80,30,50,0.4,0,75,0,0,0,0
962,154,RouteScenario_154,Completed,Town01,0,0,0,0,0,0,0,0,0,80,0,0,0,30,50,15,270,0,0.400000005960465,vehicle.lincoln.mkz2017,"[0, 0, 0]",4,,hero,True,70,112.256339525108,2196,11,100,100,1,177,138,109.950001638383,641.501757860184,none,MidRainSunset,80,30,50,0.4,270,15,0,0,0,0
963,155,RouteScenario_155,Completed,Town01,0,0,0,0,0,0,0,0,0,90,0,0,0,0,50,75,180,0,0.349999994039536,vehicle.lincoln.mkz2017,"[0, 0, 0]",4,,hero,True,70,113.501485408099,2059,11,100,100,1,177,134,103.10000153631,571.067410945892,none,WetCloudyNoon,90,0,50,0.35,180,75,0,0,0,0
964,156,RouteScenario_156,Completed,Town01,0,0,0,0,0,0,0,0,0,90,0,0,0,15,50,15,270,0,0.349999994039536,vehicle.lincoln.mkz2017,"[0, 0, 0]",4,,hero,True,70,245.147823115636,3789,11,100,100,1,176,132,189.60000282526,1161.27902460098,none,SoftRainSunset,90,15,50,0.35,270,15,0,0,0,0
965,157,RouteScenario_157,Completed,Town01,0,0,0,0,0,0,0,0,0,15,0,0,0,0,0,75,0,0,0.349999994039536,vehicle.lincoln.mkz2017,"[0, 0, 0]",4,,hero,True,70,250.122455088616,2887,11,100,100,1,177,137,144.500002153218,868.669490814209,none,ClearNoon,15,0,0,0.35,0,75,0,0,0,0
966,158,RouteScenario_158,Failed - Agent got blocked,Town01,0,0,0,0,0,0,0,0,1,15,0,0,0,0,0,75,0,0,0.349999994039536,vehicle.lincoln.mkz2017,"[0, 0, 0]",4,,hero,True,70,54.5061313527031,5734,11,97.5552701979513,97.5552701979513,1,177,139,286.850004274398,1673.95584654808,none,ClearNoon,15,0,0,0.35,0,75,0,0,0,0
967,159,RouteScenario_159,Completed,Town01,0,0,0,0,0,0,0,0,0,90,0,0,0,15,50,15,270,0,0.349999994039536,vehicle.lincoln.mkz2017,"[0, 0, 0]",4,,hero,True,70,132.291257700532,1310,11,100,100,1,177,136,65.6500009782612,381.078798770904,none,SoftRainSunset,90,15,50,0.35,270,15,0,0,0,0
968,16,RouteScenario_16,Completed,Town01,0,0,0,0,0,0,0,0,0,80,0,0,0,0,0,-80,45,0,0.349999994039536,vehicle.lincoln.mkz2017,"[0, 0, 0]",4,,hero,True,70,84.7484900228585,1390,11,100,100,1,177,132,69.6500010378659,480.137340307236,none,CloudyNight,80,0,0,0.35,45,-80,0,0,0,0
969,160,RouteScenario_160,Completed,Town01,0,0,0,0,0,0,0,0,0,80,0,0,0,0,0,-80,45,0,0.349999994039536,vehicle.lincoln.mkz2017,"[0, 0, 0]",4,,hero,True,70,152.372866032456,968,11,100,100,1,177,134,48.5500007234514,351.024097204208,none,CloudyNight,80,0,0,0.35,45,-80,0,0,0,0
970,161,RouteScenario_161,Completed,Town01,0,0,0,0,0,0,0,0,0,15,0,0,0,0,0,15,45,0,0.349999994039536,vehicle.lincoln.mkz2017,"[0, 0, 0]",4,,hero,True,70,170.354341953363,1459,11,100,100,1,177,139,73.1000010892749,446.980056524277,none,ClearSunset,15,0,0,0.35,45,15,0,0,0,0
971,162,RouteScenario_162,Completed,Town01,0,0,0,0,0,0,0,0,0,80,0,0,0,30,50,75,0,0,0.400000005960465,vehicle.lincoln.mkz2017,"[0, 0, 0]",4,,hero,True,70,135.502610380285,2265,11,100,100,1,177,134,113.400001689792,786.753449440002,none,MidRainyNoon,80,30,50,0.4,0,75,0,0,0,0
972,163,RouteScenario_163,Failed,Town01,0,0,0,0,1,0,0,0,0,80,0,0,0,0,0,75,45,0,0.349999994039536,vehicle.lincoln.mkz2017,"[0, 0, 0]",4,,hero,True,70,184.082473044052,3260,11,98.7441958248601,69.1209370774021,0.7,177,134,163.150002431124,1043.1920466423,red_light,CloudyNoon,80,0,0,0.35,45,75,0,0,0,0
973,164,RouteScenario_164,Completed,Town01,0,0,0,0,0,0,0,0,0,20,0,0,0,0,50,-80,225,0,0.349999994039536,vehicle.lincoln.mkz2017,"[0, 0, 0]",4,,hero,True,70,185.402220123789,3092,11,100,100,1,177,136,154.750002305955,938.139140844345,none,WetNight,20,0,50,0.35,225,-80,0,0,0,0
974,165,RouteScenario_165,Completed,Town01,0,0,0,0,0,0,0,0,0,20,0,0,0,0,50,15,270,0,0.349999994039536,vehicle.lincoln.mkz2017,"[0, 0, 0]",4,,hero,True,70,262.739958049476,3103,11,100,100,1,177,138,155.30000231415,948.929466485977,none,WetSunset,20,0,50,0.35,270,15,0,0,0,0
975,166,RouteScenario_166,Completed,Town01,0,0,0,0,0,0,0,0,0,90,0,0,0,0,50,15,0,0,0.349999994039536,vehicle.lincoln.mkz2017,"[0, 0, 0]",4,,hero,True,70,128.959131856457,2038,11,100,100,1,177,133,102.050001520664,575.654311656952,none,WetCloudySunset,90,0,50,0.35,0,15,0,0,0,0
976,167,RouteScenario_167,Completed,Town01,0,0,0,0,0,0,0,0,0,80,0,0,0,60,100,15,0,0,1,vehicle.lincoln.mkz2017,"[0, 0, 0]",4,,hero,True,70,157.491294128904,905,11,100,100,1,176,135,45.4000006765127,271.232666730881,none,HardRainSunset,80,60,100,1,0,15,0,0,0,0
977,168,RouteScenario_168,Failed - Agent got blocked,Town01,0,0,0,0,0,0,0,0,1,80,0,0,0,0,0,-80,45,0,0.349999994039536,vehicle.lincoln.mkz2017,"[0, 0, 0]",4,,hero,True,70,105.841175004267,4978,11,95.8708458972026,95.8708458972026,1,177,135,249.050003711134,1560.67413663864,none,CloudyNight,80,0,0,0.35,45,-80,0,0,0,0
978,169,RouteScenario_169,Completed,Town01,0,0,0,0,0,0,0,0,0,20,0,0,0,0,50,15,270,0,0.349999994039536,vehicle.lincoln.mkz2017,"[0, 0, 0]",4,,hero,True,70,106.085237015553,3010,11,100,100,1,177,133,150.65000224486,901.811528205872,none,WetSunset,20,0,50,0.35,270,15,0,0,0,0
979,17,RouteScenario_17,Completed,Town01,0,0,0,0,0,0,0,0,0,80,0,0,0,30,50,75,0,0,0.400000005960465,vehicle.lincoln.mkz2017,"[0, 0, 0]",4,,hero,True,70,134.964935241645,4413,11,100,100,1,177,137,220.800003290176,1372.87079453468,none,MidRainyNoon,80,30,50,0.4,0,75,0,0,0,0
980,170,RouteScenario_170,Completed,Town01,0,0,0,0,0,0,0,0,0,90,0,0,0,0,50,15,0,0,0.349999994039536,vehicle.lincoln.mkz2017,"[0, 0, 0]",4,,hero,True,70,133.999669219452,540,11,100,100,1,177,133,27.1500004045665,174.488793611527,none,WetCloudySunset,90,0,50,0.35,0,15,0,0,0,0
981,171,RouteScenario_171,Completed,Town01,0,0,0,0,0,0,0,0,0,90,0,0,0,0,50,75,180,0,0.349999994039536,vehicle.lincoln.mkz2017,"[0, 0, 0]",4,,hero,True,70,188.622170817274,1924,11,100,100,1,176,134,96.3500014357269,577.588936805725,none,WetCloudyNoon,90,0,50,0.35,180,75,0,0,0,0
982,172,RouteScenario_172,Completed,Town01,0,0,0,0,0,0,0,0,0,80,0,0,0,30,50,75,0,0,0.400000005960465,vehicle.lincoln.mkz2017,"[0, 0, 0]",4,,hero,True,70,56.728049238316,1010,11,100,100,1,177,132,50.6500007547438,318.686089038849,none,MidRainyNoon,80,30,50,0.4,0,75,0,0,0,0
983,173,RouteScenario_173,Completed,Town01,0,0,0,0,0,0,0,0,0,80,0,0,0,0,0,15,270,0,0.349999994039536,vehicle.lincoln.mkz2017,"[0, 0, 0]",4,,hero,True,70,55.9993321265714,250,11,100,100,1,177,129,12.6500001884997,83.5426394939423,none,CloudySunset,80,0,0,0.35,270,15,0,0,0,0
984,174,RouteScenario_174,Failed - Agent got blocked,Town01,0,0,0,0,0,0,0,0,1,80,0,0,0,0,0,-80,45,0,0.349999994039536,vehicle.lincoln.mkz2017,"[0, 0, 0]",4,,hero,True,70,77.744740124334,5149,11,98.60126214222,98.60126214222,1,177,135,257.600003838539,2252.96278953552,none,CloudyNight,80,0,0,0.35,45,-80,0,0,0,0
985,175,RouteScenario_175,Failed,Town01,0,0,0,0,1,0,0,0,0,20,0,0,0,0,50,15,270,0,0.349999994039536,vehicle.lincoln.mkz2017,"[0, 0, 0]",4,,hero,True,70,201.475223256883,0,11,0,0,0.7,177,0,0.050000000745058,0.385712862014771,red_light,WetSunset,20,0,50,0.35,270,15,0,0,0,0
986,176,RouteScenario_176,Failed,Town01,0,0,1,0,0,0,0,0,0,80,0,0,0,30,50,75,0,0,0.400000005960465,vehicle.lincoln.mkz2017,"[0, 0, 0]",4,,hero,True,70,57.9158288337434,541,11,44.492667560027,26.6956005360162,0.6,177,134,27.2000004053116,165.136549472809,collisions_vehicle,MidRainyNoon,80,30,50,0.4,0,75,0,0,0,0
987,177,RouteScenario_177,Completed,Town01,0,0,0,0,0,0,0,0,0,90,0,0,0,60,100,-80,225,0,1,vehicle.lincoln.mkz2017,"[0, 0, 0]",4,,hero,True,70,233.505986398905,3544,11,100,100,1,176,133,177.350002642721,1243.54634690285,none,HardRainNight,90,60,100,1,225,-80,0,0,0,0
988,178,RouteScenario_178,Failed - Agent got blocked,Town01,0,0,0,0,0,0,0,0,1,90,0,0,0,15,50,75,315,0,0.349999994039536,vehicle.lincoln.mkz2017,"[0, 0, 0]",4,,hero,True,70,136.380786402101,6933,11,97.4661112952578,97.4661112952578,1,176,134,346.800005167723,2052.21104574203,none,SoftRainNoon,90,15,50,0.35,315,75,0,0,0,0
989,179,RouteScenario_179,Failed,Town01,0,0,1,0,0,0,0,0,0,80,0,0,0,0,0,-80,45,0,0.349999994039536,vehicle.lincoln.mkz2017,"[0, 0, 0]",4,,hero,True,70,64.8444328893938,1529,11,35.3886317832868,21.2331790699721,0.6,176,135,76.6000011414289,499.290653467178,collisions_vehicle,CloudyNight,80,0,0,0.35,45,-80,0,0,0,0
990,18,RouteScenario_18,Failed - Agent got blocked,Town01,0,0,0,0,0,0,0,0,1,90,0,0,0,0,50,15,0,0,0.349999994039536,vehicle.lincoln.mkz2017,"[0, 0, 0]",4,,hero,True,70,63.5163513223151,6412,11,96.9779659349654,96.9779659349654,1,176,132,320.750004779547,2716.39315128326,none,WetCloudySunset,90,0,50,0.35,0,15,0,0,0,0
991,180,RouteScenario_180,Completed,Town01,0,0,0,0,0,0,0,0,0,80,0,0,0,30,50,75,0,0,0.400000005960465,vehicle.lincoln.mkz2017,"[0, 0, 0]",4,,hero,True,70,147.482001951711,3807,11,100,100,1,177,134,190.500002838671,1311.87393856049,none,MidRainyNoon,80,30,50,0.4,0,75,0,0,0,0
992,181,RouteScenario_181,Completed,Town01,0,0,0,0,0,0,0,0,0,90,0,0,0,15,50,-80,270,0,0.349999994039536,vehicle.lincoln.mkz2017,"[0, 0, 0]",4,,hero,True,70,217.518929470552,1352,11,100,100,1,177,132,67.7500010095537,413.772795200348,none,SoftRainNight,90,15,50,0.35,270,-80,0,0,0,0
993,182,RouteScenario_182,Completed,Town01,0,0,0,0,0,0,0,0,0,80,0,0,0,0,0,75,45,0,0.349999994039536,vehicle.lincoln.mkz2017,"[0, 0, 0]",4,,hero,True,70,190.816406972756,1996,11,100,100,1,177,136,99.9500014893711,600.253284215927,none,CloudyNoon,80,0,0,0.35,45,75,0,0,0,0
994,183,RouteScenario_183,Failed - Agent got blocked,Town01,0,0,0,0,0,0,0,0,1,90,0,0,0,0,50,75,180,0,0.349999994039536,vehicle.lincoln.mkz2017,"[0, 0, 0]",4,,hero,True,70,254.106071315946,9226,11,98.0472922143687,98.0472922143687,1,177,136,461.450006876141,2548.30068469048,none,WetCloudyNoon,90,0,50,0.35,180,75,0,0,0,0
995,184,RouteScenario_184,Completed,Town01,0,0,0,0,0,0,0,0,0,90,0,0,0,15,50,-80,270,0,0.349999994039536,vehicle.lincoln.mkz2017,"[0, 0, 0]",4,,hero,True,70,165.261797998712,2567,11,100,100,1,177,134,128.500001914799,792.873428583145,none,SoftRainNight,90,15,50,0.35,270,-80,0,0,0,0
996,185,RouteScenario_185,Completed,Town01,0,0,0,0,0,0,0,0,0,15,0,0,0,0,0,75,0,0,0.349999994039536,vehicle.lincoln.mkz2017,"[0, 0, 0]",4,,hero,True,70,149.996010641079,4643,11,100,100,1,176,135,232.30000346154,1422.94690155983,none,ClearNoon,15,0,0,0.35,0,75,0,0,0,0
997,186,RouteScenario_186,Completed,Town01,0,0,0,0,0,0,0,0,0,90,0,0,0,60,100,-80,225,0,1,vehicle.lincoln.mkz2017,"[0, 0, 0]",4,,hero,True,70,71.5099465282835,349,11,100,100,1,177,131,17.6000002622604,106.949381828308,none,HardRainNight,90,60,100,1,225,-80,0,0,0,0
998,187,RouteScenario_187,Completed,Town01,0,0,0,0,0,0,0,0,0,15,0,0,0,0,0,75,0,0,0.349999994039536,vehicle.lincoln.mkz2017,"[0, 0, 0]",4,,hero,True,70,135.461553818519,3313,11,100,100,1,177,132,165.800002470613,928.282512903214,none,ClearNoon,15,0,0,0.35,0,75,0,0,0,0
999,188,RouteScenario_188,Failed - Agent got blocked,Town01,0,0,0,0,0,0,0,0,1,90,0,0,0,15,50,-80,270,0,0.349999994039536,vehicle.lincoln.mkz2017,"[0, 0, 0]",4,,hero,True,70,156.796898251632,4406,11,36.4604748513955,36.4604748513955,1,177,132,220.450003284961,1645.46771097183,none,SoftRainNight,90,15,50,0.35,270,-80,0,0,0,0
1000,189,RouteScenario_189,Completed,Town01,0,0,0,0,0,0,0,0,0,90,0,0,0,15,50,75,315,0,0.349999994039536,vehicle.lincoln.mkz2017,"[0, 0, 0]",4,,hero,True,70,83.1345032817826,579,11,100,100,1,177,138,29.1000004336238,164.390483140945,none,SoftRainNoon,90,15,50,0.35,315,75,0,0,0,0
1001,19,RouteScenario_19,Completed,Town01,0,0,0,0,0,0,0,0,0,15,0,0,0,0,0,-80,0,0,0.349999994039536,vehicle.lincoln.mkz2017,"[0, 0, 0]",4,,hero,True,70,250.789999323848,2865,11,100,100,1,177,136,143.400002136827,983.696419715881,none,ClearNight,15,0,0,0.35,0,-80,0,0,0,0
1002,190,RouteScenario_190,Completed,Town01,0,0,0,0,0,0,0,0,0,90,0,0,0,0,50,15,0,0,0.349999994039536,vehicle.lincoln.mkz2017,"[0, 0, 0]",4,,hero,True,70,114.626670969867,1295,11,100,100,1,177,129,64.9000009670854,409.94190788269,none,WetCloudySunset,90,0,50,0.35,0,15,0,0,0,0
1003,191,RouteScenario_191,Failed,Town01,0,0,0,0,1,0,0,0,0,80,0,0,0,0,0,-80,45,0,0.349999994039536,vehicle.lincoln.mkz2017,"[0, 0, 0]",4,,hero,True,70,63.4342348938212,0,11,0,0,0.7,177,0,0.050000000745058,0.780380249023438,red_light,CloudyNight,80,0,0,0.35,45,-80,0,0,0,0
1004,192,RouteScenario_192,Completed,Town01,0,0,0,0,0,0,0,0,0,90,0,0,0,60,100,75,90,0,1,vehicle.lincoln.mkz2017,"[0, 0, 0]",4,,hero,True,70,192.365690127461,2510,11,100,100,1,176,137,125.650001872331,853.616009235382,none,HardRainNoon,90,60,100,1,90,75,0,0,0,0
1005,193,RouteScenario_193,Completed,Town01,0,0,0,0,0,0,0,0,0,90,0,0,0,0,50,-80,225,0,0.349999994039536,vehicle.lincoln.mkz2017,"[0, 0, 0]",4,,hero,True,70,209.09000542938,2576,11,100,100,1,177,129,128.950001921505,931.35335111618,none,WetCloudyNight,90,0,50,0.35,225,-80,0,0,0,0
1006,194,RouteScenario_194,Completed,Town01,0,0,0,0,0,0,0,0,0,90,0,0,0,15,50,15,270,0,0.349999994039536,vehicle.lincoln.mkz2017,"[0, 0, 0]",4,,hero,True,70,70.4333455625408,2783,11,100,100,1,177,135,139.300002075732,858.356544971466,none,SoftRainSunset,90,15,50,0.35,270,15,0,0,0,0
1007,195,RouteScenario_195,Completed,Town01,0,0,0,0,0,0,0,0,0,80,0,0,0,60,100,15,0,0,1,vehicle.lincoln.mkz2017,"[0, 0, 0]",4,,hero,True,70,257.854312822787,2277,11,100,100,1,177,132,114.000001698732,788.489932775497,none,HardRainSunset,80,60,100,1,0,15,0,0,0,0
1008,196,RouteScenario_196,Completed,Town01,0,0,0,0,0,0,0,0,0,90,0,0,0,15,50,15,270,0,0.349999994039536,vehicle.lincoln.mkz2017,"[0, 0, 0]",4,,hero,True,70,163.999940074627,1326,11,100,100,1,177,131,66.4500009901822,438.425164222717,none,SoftRainSunset,90,15,50,0.35,270,15,0,0,0,0
1009,197,RouteScenario_197,Completed,Town01,0,0,0,0,0,0,0,0,0,20,0,0,0,0,50,15,270,0,0.349999994039536,vehicle.lincoln.mkz2017,"[0, 0, 0]",4,,hero,True,70,269.209166448607,3777,11,100,100,1,177,134,189.00000281632,1258.87122607231,none,WetSunset,20,0,50,0.35,270,15,0,0,0,0
1010,198,RouteScenario_198,Completed,Town01,0,0,0,0,0,0,0,0,0,90,0,0,0,0,50,75,180,0,0.349999994039536,vehicle.lincoln.mkz2017,"[0, 0, 0]",4,,hero,True,70,171.195597514441,4095,11,100,100,1,177,130,204.900003053248,1186.9977478981,none,WetCloudyNoon,90,0,50,0.35,180,75,0,0,0,0
1011,199,RouteScenario_199,Completed,Town01,0,0,0,0,0,0,0,0,0,80,0,0,0,30,50,15,270,0,0.400000005960465,vehicle.lincoln.mkz2017,"[0, 0, 0]",4,,hero,True,70,98.0012884252301,399,11,100,100,1,177,135,20.1000002995133,129.690331697464,none,MidRainSunset,80,30,50,0.4,270,15,0,0,0,0
1012,2,RouteScenario_2,Failed - Agent got blocked,Town01,0,0,0,0,0,0,0,0,1,80,0,0,0,60,100,15,0,0,1,vehicle.lincoln.mkz2017,"[0, 0, 0]",4,,hero,True,70,4.00000021027517,3964,11,20.8573158875188,20.8573158875188,1,177,131,198.350002955645,1445.14435553551,none,HardRainSunset,80,60,100,1,0,15,0,0,0,0
1013,20,RouteScenario_20,Failed,Town01,0,0,1,0,0,0,0,0,0,80,0,0,0,0,0,15,270,0,0.349999994039536,vehicle.lincoln.mkz2017,"[0, 0, 0]",4,,hero,True,70,251.335243859628,2886,11,98.1675106869296,58.9005064121578,0.6,177,139,144.450002152473,858.206452846527,collisions_vehicle,CloudySunset,80,0,0,0.35,270,15,0,0,0,0
1014,200,RouteScenario_200,Completed,Town01,0,0,0,0,0,0,0,0,0,80,0,0,0,0,0,-80,45,0,0.349999994039536,vehicle.lincoln.mkz2017,"[0, 0, 0]",4,,hero,True,70,271.347296579629,3748,11,100,100,1,177,132,187.550002794713,1363.53520035744,none,CloudyNight,80,0,0,0.35,45,-80,0,0,0,0
1015,201,RouteScenario_201,Completed,Town01,0,0,0,0,0,0,0,0,0,80,0,0,0,0,0,-80,45,0,0.349999994039536,vehicle.lincoln.mkz2017,"[0, 0, 0]",4,,hero,True,70,126.890683201422,6344,11,100,100,1,177,137,317.350004728883,2400.32080459595,none,CloudyNight,80,0,0,0.35,45,-80,0,0,0,0
1016,202,RouteScenario_202,Completed,Town01,0,0,0,0,0,0,0,0,0,15,0,0,0,0,0,15,45,0,0.349999994039536,vehicle.lincoln.mkz2017,"[0, 0, 0]",4,,hero,True,70,65.1745313434621,1849,11,100,100,1,176,138,92.6000013798475,633.189509630203,none,ClearSunset,15,0,0,0.35,45,15,0,0,0,0
1017,203,RouteScenario_203,Completed,Town01,0,0,0,0,0,0,0,0,0,20,0,0,0,0,50,-80,225,0,0.349999994039536,vehicle.lincoln.mkz2017,"[0, 0, 0]",4,,hero,True,70,191.817178534735,1452,11,100,100,1,177,130,72.7500010840595,521.123494625092,none,WetNight,20,0,50,0.35,225,-80,0,0,0,0
1018,204,RouteScenario_204,Completed,Town01,0,0,0,0,0,0,0,0,0,80,0,0,0,0,0,-80,45,0,0.349999994039536,vehicle.lincoln.mkz2017,"[0, 0, 0]",4,,hero,True,70,135.530811414702,4304,11,100,100,1,176,133,215.350003208965,1257.77723383904,none,CloudyNight,80,0,0,0.35,45,-80,0,0,0,0
1019,205,RouteScenario_205,Completed,Town01,0,0,0,0,0,0,0,0,0,90,0,0,0,60,100,-80,225,0,1,vehicle.lincoln.mkz2017,"[0, 0, 0]",4,,hero,True,70,159.834050308432,4569,11,100,100,1,177,139,228.600003406405,1343.64317131042,none,HardRainNight,90,60,100,1,225,-80,0,0,0,0
1020,206,RouteScenario_206,Completed,Town01,0,0,0,0,0,0,0,0,0,90,0,0,0,60,100,75,90,0,1,vehicle.lincoln.mkz2017,"[0, 0, 0]",4,,hero,True,70,120.044759609897,653,11,100,100,1,177,134,32.8000004887581,237.936571836472,none,HardRainNoon,90,60,100,1,90,75,0,0,0,0
1021,207,RouteScenario_207,Failed,Town01,0,0,1,0,0,0,0,0,0,90,0,0,0,0,50,75,180,0,0.349999994039536,vehicle.lincoln.mkz2017,"[0, 0, 0]",4,,hero,True,70,83.4513369766379,5633,11,85.5997804038921,51.3598682423353,0.6,177,133,281.800004199147,1668.87866258621,collisions_vehicle,WetCloudyNoon,90,0,50,0.35,180,75,0,0,0,0
1022,208,RouteScenario_208,Failed,Town01,0,0,0,0,1,0,0,0,0,90,0,0,0,15,50,-80,270,0,0.349999994039536,vehicle.lincoln.mkz2017,"[0, 0, 0]",4,,hero,True,70,147.976213660784,49,11,0,0,0.7,177,134,2.60000003874302,15.7686686515808,red_light,SoftRainNight,90,15,50,0.35,270,-80,0,0,0,0
1023,209,RouteScenario_209,Completed,Town01,0,0,0,0,0,0,0,0,0,90,0,0,0,0,50,15,0,0,0.349999994039536,vehicle.lincoln.mkz2017,"[0, 0, 0]",4,,hero,True,70,149.184792087554,906,11,100,100,1,177,138,45.4500006772578,271.781835079193,none,WetCloudySunset,90,0,50,0.35,0,15,0,0,0,0
1024,21,RouteScenario_21,Failed - Agent got blocked,Town01,0,0,0,0,0,0,0,0,1,20,0,0,0,0,50,15,270,0,0.349999994039536,vehicle.lincoln.mkz2017,"[0, 0, 0]",4,,hero,True,70,240.846590425082,3900,11,13.357650362572,13.357650362572,1,177,134,195.150002907962,1207.11329865456,none,WetSunset,20,0,50,0.35,270,15,0,0,0,0
1025,210,RouteScenario_210,Completed,Town01,0,0,0,0,0,0,0,0,0,90,0,0,0,0,50,-80,225,0,0.349999994039536,vehicle.lincoln.mkz2017,"[0, 0, 0]",4,,hero,True,70,141.712025303643,2218,11,100,100,1,177,134,111.050001654774,696.518216848373,none,WetCloudyNight,90,0,50,0.35,225,-80,0,0,0,0
1026,211,RouteScenario_211,Completed,Town01,0,0,0,0,0,0,0,0,0,15,0,0,0,0,0,75,0,0,0.349999994039536,vehicle.lincoln.mkz2017,"[0, 0, 0]",4,,hero,True,70,134.685507956616,3133,11,100,100,1,177,132,156.800002336502,1068.73196959496,none,ClearNoon,15,0,0,0.35,0,75,0,0,0,0
1027,212,RouteScenario_212,Completed,Town01,0,0,0,0,0,0,0,0,0,20,0,0,0,0,50,-80,225,0,0.349999994039536,vehicle.lincoln.mkz2017,"[0, 0, 0]",4,,hero,True,70,217.995000943054,2597,11,100,100,1,177,134,130.000001937151,949.161279201508,none,WetNight,20,0,50,0.35,225,-80,0,0,0,0
1028,213,RouteScenario_213,Failed - Agent got blocked,Town01,0,0,0,0,0,0,0,0,1,80,0,0,0,0,0,-80,45,0,0.349999994039536,vehicle.lincoln.mkz2017,"[0, 0, 0]",4,,hero,True,70,140.853977763728,5732,11,97.2878697771624,97.2878697771624,1,177,136,286.750004272908,1984.77700543404,none,CloudyNight,80,0,0,0.35,45,-80,0,0,0,0
1029,214,RouteScenario_214,Completed,Town01,0,0,0,0,0,0,0,0,0,80,0,0,0,0,0,75,45,0,0.349999994039536,vehicle.lincoln.mkz2017,"[0, 0, 0]",4,,hero,True,70,141.172229195623,3181,11,100,100,1,176,132,159.200002372265,895.877779483795,none,CloudyNoon,80,0,0,0.35,45,75,0,0,0,0
1030,215,RouteScenario_215,Completed,Town01,0,0,0,0,0,0,0,0,0,15,0,0,0,0,0,75,0,0,0.349999994039536,vehicle.lincoln.mkz2017,"[0, 0, 0]",4,,hero,True,70,57.6900031074299,1059,11,100,100,1,176,135,53.1000007912517,331.992330312729,none,ClearNoon,15,0,0,0.35,0,75,0,0,0,0
1031,216,RouteScenario_216,Completed,Town01,0,0,0,0,0,0,0,0,0,15,0,0,0,0,0,-80,0,0,0.349999994039536,vehicle.lincoln.mkz2017,"[0, 0, 0]",4,,hero,True,70,211.56213862927,1527,11,100,100,1,177,132,76.5000011399388,465.550312280655,none,ClearNight,15,0,0,0.35,0,-80,0,0,0,0
1032,217,RouteScenario_217,Completed,Town01,0,0,0,0,0,0,0,0,0,90,0,0,0,0,50,15,0,0,0.349999994039536,vehicle.lincoln.mkz2017,"[0, 0, 0]",4,,hero,True,70,130.30642004913,2654,11,100,100,1,177,137,132.850001979619,866.1975274086,none,WetCloudySunset,90,0,50,0.35,0,15,0,0,0,0
1033,218,RouteScenario_218,Completed,Town01,0,0,0,0,0,0,0,0,0,90,0,0,0,0,50,-80,225,0,0.349999994039536,vehicle.lincoln.mkz2017,"[0, 0, 0]",4,,hero,True,70,216.370003106786,2060,11,100,100,1,176,130,103.150001537055,695.916424036026,none,WetCloudyNight,90,0,50,0.35,225,-80,0,0,0,0
1034,219,RouteScenario_219,Completed,Town01,0,0,0,0,0,0,0,0,0,15,0,0,0,0,0,-80,0,0,0.349999994039536,vehicle.lincoln.mkz2017,"[0, 0, 0]",4,,hero,True,70,97.7799995055068,1023,11,100,100,1,177,132,51.3000007644296,390.626594305038,none,ClearNight,15,0,0,0.35,0,-80,0,0,0,0
1035,22,RouteScenario_22,Completed,Town01,0,0,0,0,0,0,0,0,0,90,0,0,0,15,50,-80,270,0,0.349999994039536,vehicle.lincoln.mkz2017,"[0, 0, 0]",4,,hero,True,70,91.2165058038567,1887,11,100,100,1,176,134,94.5000014081597,598.623757600784,none,SoftRainNight,90,15,50,0.35,270,-80,0,0,0,0
1036,220,RouteScenario_220,Completed,Town01,0,0,0,0,0,0,0,0,0,80,0,0,0,0,0,15,270,0,0.349999994039536,vehicle.lincoln.mkz2017,"[0, 0, 0]",4,,hero,True,70,153.947210454538,1949,11,100,100,1,177,135,97.6000014543533,627.102515935898,none,CloudySunset,80,0,0,0.35,270,15,0,0,0,0
1037,221,RouteScenario_221,Completed,Town01,0,0,0,0,0,0,0,0,0,80,0,0,0,30,50,15,270,0,0.400000005960465,vehicle.lincoln.mkz2017,"[0, 0, 0]",4,,hero,True,70,119.900140564025,1606,11,100,100,1,176,130,80.4500011987984,478.119106054306,none,MidRainSunset,80,30,50,0.4,270,15,0,0,0,0
1038,222,RouteScenario_222,Completed,Town01,0,0,0,0,0,0,0,0,0,80,0,0,0,0,0,75,45,0,0.349999994039536,vehicle.lincoln.mkz2017,"[0, 0, 0]",4,,hero,True,70,238.732405517393,2263,11,100,100,1,177,131,113.300001688302,713.228786468506,none,CloudyNoon,80,0,0,0.35,45,75,0,0,0,0
1039,223,RouteScenario_223,Completed,Town01,0,0,0,0,0,0,0,0,0,80,0,0,0,30,50,75,0,0,0.400000005960465,vehicle.lincoln.mkz2017,"[0, 0, 0]",4,,hero,True,70,151.871539752102,4072,11,100,100,1,177,135,203.750003036112,1294.57377457619,none,MidRainyNoon,80,30,50,0.4,0,75,0,0,0,0
1040,224,RouteScenario_224,Completed,Town01,0,0,0,0,0,0,0,0,0,80,0,0,0,0,0,-80,45,0,0.349999994039536,vehicle.lincoln.mkz2017,"[0, 0, 0]",4,,hero,True,70,247.738424902935,3009,11,100,100,1,177,134,150.600002244115,868.477755308151,none,CloudyNight,80,0,0,0.35,45,-80,0,0,0,0
1041,225,RouteScenario_225,Completed,Town01,0,0,0,0,0,0,0,0,0,15,0,0,0,0,0,-80,0,0,0.349999994039536,vehicle.lincoln.mkz2017,"[0, 0, 0]",4,,hero,True,70,278.851717914067,4370,11,100,100,1,177,135,218.650003258139,1473.50085067749,none,ClearNight,15,0,0,0.35,0,-80,0,0,0,0
1042,226,RouteScenario_226,Failed - Agent got blocked,Town01,0,0,0,0,0,0,0,0,1,20,0,0,0,0,50,-80,225,0,0.349999994039536,vehicle.lincoln.mkz2017,"[0, 0, 0]",4,,hero,True,70,13.0665590923446,7540,11,98.2353346114784,98.2353346114784,1,177,135,377.150005619973,2274.80960798264,none,WetNight,20,0,50,0.35,225,-80,0,0,0,0
1043,227,RouteScenario_227,Completed,Town01,0,0,0,0,0,0,0,0,0,20,0,0,0,0,50,-80,225,0,0.349999994039536,vehicle.lincoln.mkz2017,"[0, 0, 0]",4,,hero,True,70,133.651681330554,1345,11,100,100,1,177,133,67.4000010043383,418.10190153122,none,WetNight,20,0,50,0.35,225,-80,0,0,0,0
1044,228,RouteScenario_228,Completed,Town01,0,0,0,0,0,0,0,0,0,90,0,0,0,15,50,15,270,0,0.349999994039536,vehicle.lincoln.mkz2017,"[0, 0, 0]",4,,hero,True,70,115.965214032807,3993,11,100,100,1,177,137,199.800002977252,1264.34297823906,none,SoftRainSunset,90,15,50,0.35,270,15,0,0,0,0
1045,229,RouteScenario_229,Completed,Town01,0,0,0,0,0,0,0,0,0,90,0,0,0,15,50,15,270,0,0.349999994039536,vehicle.lincoln.mkz2017,"[0, 0, 0]",4,,hero,True,70,185.93342229435,1448,11,100,100,1,177,133,72.5500010810792,442.54686164856,none,SoftRainSunset,90,15,50,0.35,270,15,0,0,0,0
1046,23,RouteScenario_23,Completed,Town01,0,0,0,0,0,0,0,0,0,90,0,0,0,60,100,-80,225,0,1,vehicle.lincoln.mkz2017,"[0, 0, 0]",4,,hero,True,70,167.384861200285,744,11,100,100,1,176,135,37.3500005565584,240.773583650589,none,HardRainNight,90,60,100,1,225,-80,0,0,0,0
1047,230,RouteScenario_230,Failed - Agent got blocked,Town01,0,0,0,0,0,0,0,0,1,20,0,0,0,0,50,-80,225,0,0.349999994039536,vehicle.lincoln.mkz2017,"[0, 0, 0]",4,,hero,True,70,251.157314248783,7687,11,97.8879863180266,97.8879863180266,1,177,134,384.500005729496,2187.70174479485,none,WetNight,20,0,50,0.35,225,-80,0,0,0,0
1048,231,RouteScenario_231,Completed,Town01,0,0,0,0,0,0,0,0,0,80,0,0,0,30,50,15,270,0,0.400000005960465,vehicle.lincoln.mkz2017,"[0, 0, 0]",4,,hero,True,70,97.419582260214,1895,11,100,100,1,177,135,94.9000014141202,593.894045114517,none,MidRainSunset,80,30,50,0.4,270,15,0,0,0,0
1049,232,RouteScenario_232,Failed - Agent timed out,Town01,0,0,0,0,0,0,1,0,0,90,0,0,0,0,50,15,0,0,0.349999994039536,vehicle.lincoln.mkz2017,"[0, 0, 0]",4,,hero,True,70,54.1076233142699,5298,11,96.3634540761652,96.3634540761652,1,177,140,265.050003949553,2144.18956255913,none,WetCloudySunset,90,0,50,0.35,0,15,0,0,0,0
1050,233,RouteScenario_233,Completed,Town01,0,0,0,0,0,0,0,0,0,80,0,0,0,0,0,15,270,0,0.349999994039536,vehicle.lincoln.mkz2017,"[0, 0, 0]",4,,hero,True,70,121.65021018506,1953,11,100,100,1,176,134,97.8000014573336,574.006307840347,none,CloudySunset,80,0,0,0.35,270,15,0,0,0,0
1051,234,RouteScenario_234,Completed,Town01,0,0,0,0,0,0,0,0,0,90,0,0,0,15,50,-80,270,0,0.349999994039536,vehicle.lincoln.mkz2017,"[0, 0, 0]",4,,hero,True,70,218.046500423321,3332,11,100,100,1,176,136,166.750002484769,985.79279255867,none,SoftRainNight,90,15,50,0.35,270,-80,0,0,0,0
1052,235,RouteScenario_235,Completed,Town01,0,0,0,0,0,0,0,0,0,15,0,0,0,0,0,75,0,0,0.349999994039536,vehicle.lincoln.mkz2017,"[0, 0, 0]",4,,hero,True,70,136.806291500404,4484,11,100,100,1,177,135,224.350003343075,1551.54733920097,none,ClearNoon,15,0,0,0.35,0,75,0,0,0,0
1053,236,RouteScenario_236,Completed,Town01,0,0,0,0,0,0,0,0,0,80,0,0,0,0,0,-80,45,0,0.349999994039536,vehicle.lincoln.mkz2017,"[0, 0, 0]",4,,hero,True,70,177.634386549981,1328,11,100,100,1,176,133,66.5500009916723,408.091331958771,none,CloudyNight,80,0,0,0.35,45,-80,0,0,0,0
1054,237,RouteScenario_237,Completed,Town01,0,0,0,0,0,0,0,0,0,15,0,0,0,0,0,15,45,0,0.349999994039536,vehicle.lincoln.mkz2017,"[0, 0, 0]",4,,hero,True,70,66.9038983238103,1197,11,100,100,1,177,132,60.0000008940697,371.035119056702,none,ClearSunset,15,0,0,0.35,45,15,0,0,0,0
1055,238,RouteScenario_238,Completed,Town01,0,0,0,0,0,0,0,0,0,90,0,0,0,15,50,15,270,0,0.349999994039536,vehicle.lincoln.mkz2017,"[0, 0, 0]",4,,hero,True,70,273.340785625581,4039,11,100,100,1,177,135,202.100003011525,1282.03297328949,none,SoftRainSunset,90,15,50,0.35,270,15,0,0,0,0
1056,239,RouteScenario_239,Completed,Town01,0,0,0,0,0,0,0,0,0,80,0,0,0,30,50,75,0,0,0.400000005960465,vehicle.lincoln.mkz2017,"[0, 0, 0]",4,,hero,True,70,98.3758070779555,1063,11,100,100,1,177,131,53.3000007942319,294.064587593079,none,MidRainyNoon,80,30,50,0.4,0,75,0,0,0,0
1057,24,RouteScenario_24,Completed,Town01,0,0,0,0,0,0,0,0,0,90,0,0,0,0,50,-80,225,0,0.349999994039536,vehicle.lincoln.mkz2017,"[0, 0, 0]",4,,hero,True,70,75.509947236394,518,11,100,100,1,177,139,26.0500003881752,157.113247871399,none,WetCloudyNight,90,0,50,0.35,225,-80,0,0,0,0
1058,240,RouteScenario_240,Completed,Town01,0,0,0,0,0,0,0,0,0,15,0,0,0,0,0,-80,0,0,0.349999994039536,vehicle.lincoln.mkz2017,"[0, 0, 0]",4,,hero,True,70,215.692967777201,4001,11,100,100,1,177,136,200.200002983212,1240.91812086105,none,ClearNight,15,0,0,0.35,0,-80,0,0,0,0
1059,241,RouteScenario_241,Completed,Town01,0,0,0,0,0,0,0,0,0,80,0,0,0,0,0,-80,45,0,0.349999994039536,vehicle.lincoln.mkz2017,"[0, 0, 0]",4,,hero,True,70,127.994891554042,3795,11,100,100,1,176,133,189.900002829731,1188.03763127327,none,CloudyNight,80,0,0,0.35,45,-80,0,0,0,0
1060,242,RouteScenario_242,Completed,Town01,0,0,0,0,0,0,0,0,0,90,0,0,0,60,100,75,90,0,1,vehicle.lincoln.mkz2017,"[0, 0, 0]",4,,hero,True,70,113.542862585129,632,11,100,100,1,177,136,31.7500004731119,196.37828373909,none,HardRainNoon,90,60,100,1,90,75,0,0,0,0
1061,243,RouteScenario_243,Completed,Town01,0,0,0,0,0,0,0,0,0,20,0,0,0,0,50,15,270,0,0.349999994039536,vehicle.lincoln.mkz2017,"[0, 0, 0]",4,,hero,True,70,77.7067916710022,803,11,100,100,1,176,138,40.3000006005168,217.141345500946,none,WetSunset,20,0,50,0.35,270,15,0,0,0,0
1062,244,RouteScenario_244,Completed,Town01,0,0,0,0,0,0,0,0,0,90,0,0,0,60,100,75,90,0,1,vehicle.lincoln.mkz2017,"[0, 0, 0]",4,,hero,True,70,128.000416354097,3353,11,100,100,1,177,139,167.800002500415,1079.95690751076,none,HardRainNoon,90,60,100,1,90,75,0,0,0,0
1063,245,RouteScenario_245,Failed - Agent got blocked,Town01,0,0,0,0,0,0,0,0,1,90,0,0,0,0,50,75,180,0,0.349999994039536,vehicle.lincoln.mkz2017,"[0, 0, 0]",4,,hero,True,70,63.6139636647673,6484,11,97.8511167589828,97.8511167589828,1,177,132,324.350004833192,2220.01059889793,none,WetCloudyNoon,90,0,50,0.35,180,75,0,0,0,0
1064,246,RouteScenario_246,Completed,Town01,0,0,0,0,0,0,0,0,0,15,0,0,0,0,0,15,45,0,0.349999994039536,vehicle.lincoln.mkz2017,"[0, 0, 0]",4,,hero,True,70,210.357197744737,1853,11,100,100,1,177,132,92.8000013828278,553.045989751816,none,ClearSunset,15,0,0,0.35,45,15,0,0,0,0
1065,247,RouteScenario_247,Failed - Agent got blocked,Town01,0,0,0,0,0,0,0,0,1,80,0,0,0,0,0,-80,45,0,0.349999994039536,vehicle.lincoln.mkz2017,"[0, 0, 0]",4,,hero,True,70,218.172794939596,9652,11,98.2931851734639,98.2931851734639,1,177,137,482.750007193536,3130.670545578,none,CloudyNight,80,0,0,0.35,45,-80,0,0,0,0
1066,248,RouteScenario_248,Failed - Agent got blocked,Town01,0,0,0,0,0,0,0,0,1,90,0,0,0,0,50,75,180,0,0.349999994039536,vehicle.lincoln.mkz2017,"[0, 0, 0]",4,,hero,True,70,114.138309228257,5159,11,57.3402849409111,57.3402849409111,1,177,133,258.10000384599,1441.4639518261,none,WetCloudyNoon,90,0,50,0.35,180,75,0,0,0,0
1067,249,RouteScenario_249,Completed,Town01,0,0,0,0,0,0,0,0,0,15,0,0,0,0,0,75,0,0,0.349999994039536,vehicle.lincoln.mkz2017,"[0, 0, 0]",4,,hero,True,70,91.5848828385856,986,11,100,100,1,177,136,49.4500007368624,277.751444101334,none,ClearNoon,15,0,0,0.35,0,75,0,0,0,0
1068,25,RouteScenario_25,Failed - Agent got blocked,Town01,0,0,0,0,0,0,0,0,1,80,0,0,0,30,50,15,270,0,0.400000005960465,vehicle.lincoln.mkz2017,"[0, 0, 0]",4,,hero,True,70,127.5593661832,6051,11,95.9860762696467,95.9860762696467,1,177,135,302.700004510581,1939.27971386909,none,MidRainSunset,80,30,50,0.4,270,15,0,0,0,0
1069,250,RouteScenario_250,Failed,Town01,0,0,1,0,0,0,0,0,0,80,0,0,0,30,50,75,0,0,0.400000005960465,vehicle.lincoln.mkz2017,"[0, 0, 0]",4,,hero,True,70,153.806218665598,1837,11,77.65436514046,46.592619084276,0.6,177,134,92.0000013709069,625.906549453735,collisions_vehicle,MidRainyNoon,80,30,50,0.4,0,75,0,0,0,0
1070,251,RouteScenario_251,Completed,Town01,0,0,0,0,0,0,0,0,0,20,0,0,0,0,50,-80,225,0,0.349999994039536,vehicle.lincoln.mkz2017,"[0, 0, 0]",4,,hero,True,70,230.507049287893,3119,11,100,100,1,177,131,156.100002326071,1126.07394266129,none,WetNight,20,0,50,0.35,225,-80,0,0,0,0
1071,252,RouteScenario_252,Completed,Town01,0,0,0,0,0,0,0,0,0,80,0,0,0,0,0,75,45,0,0.349999994039536,vehicle.lincoln.mkz2017,"[0, 0, 0]",4,,hero,True,70,155.212712082353,2533,11,100,100,1,177,137,126.800001889467,747.621094703674,none,CloudyNoon,80,0,0,0.35,45,75,0,0,0,0
1072,253,RouteScenario_253,Completed,Town01,0,0,0,0,0,0,0,0,0,20,0,0,0,0,50,75,45,0,0.349999994039536,vehicle.lincoln.mkz2017,"[0, 0, 0]",4,,hero,True,70,68.4523629625708,1367,11,100,100,1,177,132,68.5000010207295,392.107758998871,none,WetNoon,20,0,50,0.35,45,75,0,0,0,0
1073,254,RouteScenario_254,Completed,Town01,0,0,0,0,0,0,0,0,0,20,0,0,0,0,50,15,270,0,0.349999994039536,vehicle.lincoln.mkz2017,"[0, 0, 0]",4,,hero,True,70,289.718920322031,2855,11,100,100,1,177,136,142.900002129376,857.819041490555,none,WetSunset,20,0,50,0.35,270,15,0,0,0,0
1074,255,RouteScenario_255,Completed,Town01,0,0,0,0,0,0,0,0,0,90,0,0,0,0,50,75,180,0,0.349999994039536,vehicle.lincoln.mkz2017,"[0, 0, 0]",4,,hero,True,70,255.723845925959,3372,11,100,100,1,177,129,168.750002514571,1092.23157048225,none,WetCloudyNoon,90,0,50,0.35,180,75,0,0,0,0
1075,256,RouteScenario_256,Completed,Town01,0,0,0,0,0,0,0,0,0,90,0,0,0,0,50,15,0,0,0.349999994039536,vehicle.lincoln.mkz2017,"[0, 0, 0]",4,,hero,True,70,62.4413475635412,1085,11,100,100,1,177,135,54.4000008106232,330.30166220665,none,WetCloudySunset,90,0,50,0.35,0,15,0,0,0,0
1076,257,RouteScenario_257,Completed,Town01,0,0,0,0,0,0,0,0,0,80,0,0,0,0,0,-80,45,0,0.349999994039536,vehicle.lincoln.mkz2017,"[0, 0, 0]",4,,hero,True,70,107.609148812024,1935,11,100,100,1,177,132,96.9000014439225,589.084033250809,none,CloudyNight,80,0,0,0.35,45,-80,0,0,0,0
1077,258,RouteScenario_258,Completed,Town01,0,0,0,0,0,0,0,0,0,80,0,0,0,60,100,15,0,0,1,vehicle.lincoln.mkz2017,"[0, 0, 0]",4,,hero,True,70,160.695677274841,4271,11,100,100,1,176,133,213.700003184378,1371.64995861053,none,HardRainSunset,80,60,100,1,0,15,0,0,0,0
1078,259,RouteScenario_259,Completed,Town01,0,0,0,0,0,0,0,0,0,15,0,0,0,0,0,15,45,0,0.349999994039536,vehicle.lincoln.mkz2017,"[0, 0, 0]",4,,hero,True,70,84.0000079075495,576,11,100,100,1,176,136,28.9500004313886,183.994050741196,none,ClearSunset,15,0,0,0.35,45,15,0,0,0,0
1079,26,RouteScenario_26,Completed,Town01,0,0,0,0,0,0,0,0,0,90,0,0,0,60,100,75,90,0,1,vehicle.lincoln.mkz2017,"[0, 0, 0]",4,,hero,True,70,135.980859649104,723,11,100,100,1,177,135,36.3000005409121,231.360833644867,none,HardRainNoon,90,60,100,1,90,75,0,0,0,0
1080,260,RouteScenario_260,Completed,Town01,0,0,0,0,0,0,0,0,0,15,0,0,0,0,0,-80,0,0,0.349999994039536,vehicle.lincoln.mkz2017,"[0, 0, 0]",4,,hero,True,70,187.184008135511,1594,11,100,100,1,176,134,79.8500011898577,539.734374523163,none,ClearNight,15,0,0,0.35,0,-80,0,0,0,0
1081,261,RouteScenario_261,Failed,Town01,0,0,0,0,1,0,0,0,0,90,0,0,0,60,100,-80,225,0,1,vehicle.lincoln.mkz2017,"[0, 0, 0]",4,,hero,True,70,198.150853457419,0,11,0,0,0.7,177,0,0.050000000745058,1.06782293319702,red_light,HardRainNight,90,60,100,1,225,-80,0,0,0,0
1082,262,RouteScenario_262,Completed,Town01,0,0,0,0,0,0,0,0,0,80,0,0,0,0,0,15,270,0,0.349999994039536,vehicle.lincoln.mkz2017,"[0, 0, 0]",4,,hero,True,70,149.370262879445,769,11,100,100,1,177,134,38.6000005751848,272.242733716965,none,CloudySunset,80,0,0,0.35,270,15,0,0,0,0
1083,263,RouteScenario_263,Completed,Town01,0,0,0,0,0,0,0,0,0,80,0,0,0,30,50,15,270,0,0.400000005960465,vehicle.lincoln.mkz2017,"[0, 0, 0]",4,,hero,True,70,78.1490988795936,2548,11,100,100,1,176,137,127.550001900643,786.481906175613,none,MidRainSunset,80,30,50,0.4,270,15,0,0,0,0
1084,264,RouteScenario_264,Completed,Town01,0,0,0,0,0,0,0,0,0,90,0,0,0,0,50,15,0,0,0.349999994039536,vehicle.lincoln.mkz2017,"[0, 0, 0]",4,,hero,True,70,169.637952732392,793,11,100,100,1,177,132,39.8000005930662,279.512252092361,none,WetCloudySunset,90,0,50,0.35,0,15,0,0,0,0
1085,265,RouteScenario_265,Completed,Town01,0,0,0,0,0,0,0,0,0,90,0,0,0,0,50,15,0,0,0.349999994039536,vehicle.lincoln.mkz2017,"[0, 0, 0]",4,,hero,True,70,201.753019772116,3820,11,100,100,1,177,134,191.150002848357,1274.47433042526,none,WetCloudySunset,90,0,50,0.35,0,15,0,0,0,0
1086,266,RouteScenario_266,Completed,Town01,0,0,0,0,0,0,0,0,0,80,0,0,0,0,0,75,45,0,0.349999994039536,vehicle.lincoln.mkz2017,"[0, 0, 0]",4,,hero,True,70,84.7396502314858,2094,11,100,100,1,177,133,104.850001562387,733.306918144226,none,CloudyNoon,80,0,0,0.35,45,75,0,0,0,0
1087,267,RouteScenario_267,Completed,Town01,0,0,0,0,0,0,0,0,0,90,0,0,0,15,50,75,315,0,0.349999994039536,vehicle.lincoln.mkz2017,"[0, 0, 0]",4,,hero,True,70,199.613936782837,1310,11,100,100,1,177,133,65.6500009782612,415.106611013413,none,SoftRainNoon,90,15,50,0.35,315,75,0,0,0,0
1088,268,RouteScenario_268,Failed - Agent got blocked,Town01,0,0,0,0,0,0,0,0,1,90,0,0,0,0,50,15,0,0,0.349999994039536,vehicle.lincoln.mkz2017,"[0, 0, 0]",4,,hero,True,70,231.035249317076,7081,11,98.3834092739907,98.3834092739907,1,177,138,354.200005277991,2043.47198152542,none,WetCloudySunset,90,0,50,0.35,0,15,0,0,0,0
1089,269,RouteScenario_269,Completed,Town01,0,0,0,0,0,0,0,0,0,15,0,0,0,0,0,-80,0,0,0.349999994039536,vehicle.lincoln.mkz2017,"[0, 0, 0]",4,,hero,True,70,224.450809374766,3897,11,100,100,1,176,138,195.000002905726,1399.2301261425,none,ClearNight,15,0,0,0.35,0,-80,0,0,0,0
1090,27,RouteScenario_27,Failed,Town01,0,0,1,0,0,0,0,0,0,15,0,0,0,0,0,75,0,0,0.349999994039536,vehicle.lincoln.mkz2017,"[0, 0, 0]",4,,hero,True,70,160.591741147415,3423,11,71.0242330171928,42.6145398103157,0.6,176,133,171.300002552569,966.027822971344,collisions_vehicle,ClearNoon,15,0,0,0.35,0,75,0,0,0,0
1091,270,RouteScenario_270,Completed,Town01,0,0,0,0,0,0,0,0,0,90,0,0,0,60,100,75,90,0,1,vehicle.lincoln.mkz2017,"[0, 0, 0]",4,,hero,True,70,175.090005990727,5379,11,100,100,1,177,136,269.100004009902,1719.70173406601,none,HardRainNoon,90,60,100,1,90,75,0,0,0,0
1092,271,RouteScenario_271,Completed,Town01,0,0,0,0,0,0,0,0,0,80,0,0,0,0,0,-80,45,0,0.349999994039536,vehicle.lincoln.mkz2017,"[0, 0, 0]",4,,hero,True,70,105.725927879123,1132,11,100,100,1,177,133,56.7500008456409,461.731178998947,none,CloudyNight,80,0,0,0.35,45,-80,0,0,0,0
1093,272,RouteScenario_272,Failed,Town01,0,0,1,0,0,0,0,0,0,90,0,0,0,60,100,75,90,0,1,vehicle.lincoln.mkz2017,"[0, 0, 0]",4,,hero,True,70,242.250000006001,2526,11,78.7420831164998,47.2452498698999,0.6,176,132,126.450001884252,748.02437710762,collisions_vehicle,HardRainNoon,90,60,100,1,90,75,0,0,0,0
1094,273,RouteScenario_273,Completed,Town01,0,0,0,0,0,0,0,0,0,80,0,0,0,0,0,75,45,0,0.349999994039536,vehicle.lincoln.mkz2017,"[0, 0, 0]",4,,hero,True,70,60.4171575517384,642,11,100,100,1,176,135,32.2500004805624,187.600189685822,none,CloudyNoon,80,0,0,0.35,45,75,0,0,0,0
1095,274,RouteScenario_274,Failed - Agent got blocked,Town01,0,0,0,0,0,0,0,0,1,20,0,0,0,0,50,15,270,0,0.349999994039536,vehicle.lincoln.mkz2017,"[0, 0, 0]",4,,hero,True,70,124.267165644625,6646,11,96.5017525996772,96.5017525996772,1,177,134,332.450004953891,1761.4962117672,none,WetSunset,20,0,50,0.35,270,15,0,0,0,0
1096,275,RouteScenario_275,Completed,Town01,0,0,0,0,0,0,0,0,0,80,0,0,0,30,50,75,0,0,0.400000005960465,vehicle.lincoln.mkz2017,"[0, 0, 0]",4,,hero,True,70,246.33762466759,4579,11,100,100,1,177,137,229.100003413856,1428.28512048721,none,MidRainyNoon,80,30,50,0.4,0,75,0,0,0,0
1097,276,RouteScenario_276,Completed,Town01,0,0,0,0,0,0,0,0,0,90,0,0,0,0,50,15,0,0,0.349999994039536,vehicle.lincoln.mkz2017,"[0, 0, 0]",4,,hero,True,70,181.734017212836,1388,11,100,100,1,176,133,69.5500010363758,404.554118871689,none,WetCloudySunset,90,0,50,0.35,0,15,0,0,0,0
1098,277,RouteScenario_277,Completed,Town01,0,0,0,0,0,0,0,0,0,80,0,0,0,0,0,-80,45,0,0.349999994039536,vehicle.lincoln.mkz2017,"[0, 0, 0]",4,,hero,True,70,61.7544581174403,3092,11,100,100,1,176,126,154.750002305955,1092.53247475624,none,CloudyNight,80,0,0,0.35,45,-80,0,0,0,0
1099,278,RouteScenario_278,Completed,Town01,0,0,0,0,0,0,0,0,0,80,0,0,0,30,50,-80,225,0,0.400000005960465,vehicle.lincoln.mkz2017,"[0, 0, 0]",4,,hero,True,70,139.146889123051,2351,11,100,100,1,177,134,117.700001753867,768.942367076874,none,MidRainyNight,80,30,50,0.4,225,-80,0,0,0,0
1100,279,RouteScenario_279,Completed,Town01,0,0,0,0,0,0,0,0,0,80,0,0,0,30,50,75,0,0,0.400000005960465,vehicle.lincoln.mkz2017,"[0, 0, 0]",4,,hero,True,70,92.6246589070026,408,11,100,100,1,177,134,20.5500003062189,130.741589069366,none,MidRainyNoon,80,30,50,0.4,0,75,0,0,0,0
1101,28,RouteScenario_28,Completed,Town01,0,0,0,0,0,0,0,0,0,15,0,0,0,0,0,-80,0,0,0.349999994039536,vehicle.lincoln.mkz2017,"[0, 0, 0]",4,,hero,True,70,174.256976751145,2336,11,100,100,1,177,134,116.950001742691,818.482819080353,none,ClearNight,15,0,0,0.35,0,-80,0,0,0,0
1102,280,RouteScenario_280,Completed,Town01,0,0,0,0,0,0,0,0,0,80,0,0,0,0,0,-80,45,0,0.349999994039536,vehicle.lincoln.mkz2017,"[0, 0, 0]",4,,hero,True,70,183.970323914514,1445,11,100,100,1,177,134,72.4000010788441,431.907379865646,none,CloudyNight,80,0,0,0.35,45,-80,0,0,0,0
1103,281,RouteScenario_281,Completed,Town01,0,0,0,0,0,0,0,0,0,90,0,0,0,0,50,15,0,0,0.349999994039536,vehicle.lincoln.mkz2017,"[0, 0, 0]",4,,hero,True,70,202.183084241185,1935,11,100,100,1,177,137,96.9000014439225,596.566996335983,none,WetCloudySunset,90,0,50,0.35,0,15,0,0,0,0
1104,282,RouteScenario_282,Completed,Town01,0,0,0,0,0,0,0,0,0,20,0,0,0,0,50,-80,225,0,0.349999994039536,vehicle.lincoln.mkz2017,"[0, 0, 0]",4,,hero,True,70,152.86000559795,2830,11,100,100,1,177,133,141.650002110749,937.065489292145,none,WetNight,20,0,50,0.35,225,-80,0,0,0,0
1105,283,RouteScenario_283,Completed,Town01,0,0,0,0,0,0,0,0,0,90,0,0,0,0,50,-80,225,0,0.349999994039536,vehicle.lincoln.mkz2017,"[0, 0, 0]",4,,hero,True,70,69.9640960845576,1927,11,100,100,1,177,133,96.5000014379621,574.532032489777,none,WetCloudyNight,90,0,50,0.35,225,-80,0,0,0,0
1106,284,RouteScenario_284,Completed,Town01,0,0,0,0,0,0,0,0,0,90,0,0,0,0,50,75,180,0,0.349999994039536,vehicle.lincoln.mkz2017,"[0, 0, 0]",4,,hero,True,70,160.564964787865,2609,11,100,100,1,177,135,130.600001946092,732.935110807419,none,WetCloudyNoon,90,0,50,0.35,180,75,0,0,0,0
1107,285,RouteScenario_285,Failed,Town01,0,0,0,0,1,0,0,0,0,80,0,0,0,60,100,15,0,0,1,vehicle.lincoln.mkz2017,"[0, 0, 0]",4,,hero,True,70,144.414208655793,0,11,0,0,0.7,177,0,0.050000000745058,0.429247379302979,red_light,HardRainSunset,80,60,100,1,0,15,0,0,0,0
1108,286,RouteScenario_286,Completed,Town01,0,0,0,0,0,0,0,0,0,80,0,0,0,30,50,75,0,0,0.400000005960465,vehicle.lincoln.mkz2017,"[0, 0, 0]",4,,hero,True,70,141.259686307632,721,11,100,100,1,177,137,36.200000539422,211.081120491028,none,MidRainyNoon,80,30,50,0.4,0,75,0,0,0,0
1109,287,RouteScenario_287,Completed,Town01,0,0,0,0,0,0,0,0,0,90,0,0,0,0,50,15,0,0,0.349999994039536,vehicle.lincoln.mkz2017,"[0, 0, 0]",4,,hero,True,70,250.703348969534,3184,11,100,100,1,177,132,159.3500023745,912.747974157333,none,WetCloudySunset,90,0,50,0.35,0,15,0,0,0,0
1110,288,RouteScenario_288,Completed,Town01,0,0,0,0,0,0,0,0,0,90,0,0,0,15,50,-80,270,0,0.349999994039536,vehicle.lincoln.mkz2017,"[0, 0, 0]",4,,hero,True,70,94.0007193802161,489,11,100,100,1,177,131,24.6000003665686,147.197004556656,none,SoftRainNight,90,15,50,0.35,270,-80,0,0,0,0
1111,289,RouteScenario_289,Completed,Town01,0,0,0,0,0,0,0,0,0,90,0,0,0,0,50,-80,225,0,0.349999994039536,vehicle.lincoln.mkz2017,"[0, 0, 0]",4,,hero,True,70,78.5238491600036,528,11,100,100,1,177,133,26.5500003956258,142.193525075912,none,WetCloudyNight,90,0,50,0.35,225,-80,0,0,0,0
1112,29,RouteScenario_29,Completed,Town01,0,0,0,0,0,0,0,0,0,15,0,0,0,0,0,-80,0,0,0.349999994039536,vehicle.lincoln.mkz2017,"[0, 0, 0]",4,,hero,True,70,103.998671411552,453,11,100,100,1,177,137,22.8000003397465,150.399375200272,none,ClearNight,15,0,0,0.35,0,-80,0,0,0,0
1113,290,RouteScenario_290,Completed,Town01,0,0,0,0,0,0,0,0,0,20,0,0,0,0,50,15,270,0,0.349999994039536,vehicle.lincoln.mkz2017,"[0, 0, 0]",4,,hero,True,70,59.412759855584,357,11,100,100,1,177,135,18.0000002682209,128.442495822907,none,WetSunset,20,0,50,0.35,270,15,0,0,0,0
1114,291,RouteScenario_291,Failed - Agent got blocked,Town01,0,0,0,0,0,0,0,0,1,90,0,0,0,15,50,15,270,0,0.349999994039536,vehicle.lincoln.mkz2017,"[0, 0, 0]",4,,hero,True,70,220.346054563856,7856,11,98.4889021335548,98.4889021335548,1,177,136,392.950005855411,2363.72914385796,none,SoftRainSunset,90,15,50,0.35,270,15,0,0,0,0
1115,292,RouteScenario_292,Completed,Town01,0,0,0,0,0,0,0,0,0,20,0,0,0,0,50,15,270,0,0.349999994039536,vehicle.lincoln.mkz2017,"[0, 0, 0]",4,,hero,True,70,91.1636744338956,3545,11,100,100,1,177,137,177.400002643466,1117.85178208351,none,WetSunset,20,0,50,0.35,270,15,0,0,0,0
1116,293,RouteScenario_293,Completed,Town01,0,0,0,0,0,0,0,0,0,80,0,0,0,60,100,15,0,0,1,vehicle.lincoln.mkz2017,"[0, 0, 0]",4,,hero,True,70,126.580024915554,1616,11,100,100,1,177,134,80.950001206249,533.890928268433,none,HardRainSunset,80,60,100,1,0,15,0,0,0,0
1117,294,RouteScenario_294,Completed,Town01,0,0,0,0,0,0,0,0,0,80,0,0,0,60,100,15,0,0,1,vehicle.lincoln.mkz2017,"[0, 0, 0]",4,,hero,True,70,115.7899800804,942,11,100,100,1,177,131,47.2500007040799,266.669387340546,none,HardRainSunset,80,60,100,1,0,15,0,0,0,0
1118,295,RouteScenario_295,Completed,Town01,0,0,0,0,0,0,0,0,0,80,0,0,0,0,0,75,45,0,0.349999994039536,vehicle.lincoln.mkz2017,"[0, 0, 0]",4,,hero,True,70,199.061184542531,1213,11,100,100,1,177,139,60.8000009059906,372.554579019546,none,CloudyNoon,80,0,0,0.35,45,75,0,0,0,0
1119,296,RouteScenario_296,Completed,Town01,0,0,0,0,0,0,0,0,0,20,0,0,0,0,50,15,270,0,0.349999994039536,vehicle.lincoln.mkz2017,"[0, 0, 0]",4,,hero,True,70,39.5129832784647,3273,11,100,100,1,177,138,163.80000244081,1027.2137901783,none,WetSunset,20,0,50,0.35,270,15,0,0,0,0
1120,297,RouteScenario_297,Completed,Town01,0,0,0,0,0,0,0,0,0,80,0,0,0,0,0,75,45,0,0.349999994039536,vehicle.lincoln.mkz2017,"[0, 0, 0]",4,,hero,True,70,134.825166459177,1590,11,100,100,1,177,132,79.6500011868775,451.985699415207,none,CloudyNoon,80,0,0,0.35,45,75,0,0,0,0
1121,298,RouteScenario_298,Completed,Town01,0,0,0,0,0,0,0,0,0,15,0,0,0,0,0,15,45,0,0.349999994039536,vehicle.lincoln.mkz2017,"[0, 0, 0]",4,,hero,True,70,176.044735646727,2468,11,100,100,1,177,137,123.550001841038,873.400712490082,none,ClearSunset,15,0,0,0.35,45,15,0,0,0,0
1122,299,RouteScenario_299,Completed,Town01,0,0,0,0,0,0,0,0,0,90,0,0,0,0,50,75,180,0,0.349999994039536,vehicle.lincoln.mkz2017,"[0, 0, 0]",4,,hero,True,70,97.4614643017662,925,11,100,100,1,176,132,46.4000006914139,252.775342702866,none,WetCloudyNoon,90,0,50,0.35,180,75,0,0,0,0
1123,3,RouteScenario_3,Completed,Town01,0,0,0,0,0,0,0,0,0,80,0,0,0,0,0,75,45,0,0.349999994039536,vehicle.lincoln.mkz2017,"[0, 0, 0]",4,,hero,True,70,85.0112894410797,2418,11,100,100,1,177,131,121.050001803786,767.261582374573,none,CloudyNoon,80,0,0,0.35,45,75,0,0,0,0
1124,30,RouteScenario_30,Completed,Town01,0,0,0,0,0,0,0,0,0,80,0,0,0,30,50,75,0,0,0.400000005960465,vehicle.lincoln.mkz2017,"[0, 0, 0]",4,,hero,True,70,84.2791168394927,3024,11,100,100,1,177,136,151.350002255291,864.942080497742,none,MidRainyNoon,80,30,50,0.4,0,75,0,0,0,0
1125,31,RouteScenario_31,Completed,Town01,0,0,0,0,0,0,0,0,0,90,0,0,0,60,100,75,90,0,1,vehicle.lincoln.mkz2017,"[0, 0, 0]",4,,hero,True,70,67.5363625144511,3116,11,100,100,1,176,131,155.950002323836,1003.55582213402,none,HardRainNoon,90,60,100,1,90,75,0,0,0,0
1126,32,RouteScenario_32,Completed,Town01,0,0,0,0,0,0,0,0,0,20,0,0,0,0,50,75,45,0,0.349999994039536,vehicle.lincoln.mkz2017,"[0, 0, 0]",4,,hero,True,70,167.999962408096,2283,11,100,100,1,176,136,114.300001703203,705.522664308548,none,WetNoon,20,0,50,0.35,45,75,0,0,0,0
1127,33,RouteScenario_33,Completed,Town01,0,0,0,0,0,0,0,0,0,15,0,0,0,0,0,15,45,0,0.349999994039536,vehicle.lincoln.mkz2017,"[0, 0, 0]",4,,hero,True,70,193.721850039984,3755,11,100,100,1,177,138,187.900002799928,1303.23202419281,none,ClearSunset,15,0,0,0.35,45,15,0,0,0,0
1128,34,RouteScenario_34,Completed,Town01,0,0,0,0,0,0,0,0,0,90,0,0,0,0,50,75,180,0,0.349999994039536,vehicle.lincoln.mkz2017,"[0, 0, 0]",4,,hero,True,70,141.125936103569,2585,11,100,100,1,177,137,129.40000192821,752.850442171097,none,WetCloudyNoon,90,0,50,0.35,180,75,0,0,0,0
1129,35,RouteScenario_35,Completed,Town01,0,0,0,0,0,0,0,0,0,80,0,0,0,30,50,15,270,0,0.400000005960465,vehicle.lincoln.mkz2017,"[0, 0, 0]",4,,hero,True,70,109.397150321348,3471,11,100,100,1,177,135,173.700002588332,1005.98671650887,none,MidRainSunset,80,30,50,0.4,270,15,0,0,0,0
1130,36,RouteScenario_36,Completed,Town01,0,0,0,0,0,0,0,0,0,90,0,0,0,0,50,15,0,0,0.349999994039536,vehicle.lincoln.mkz2017,"[0, 0, 0]",4,,hero,True,70,148.92514730795,3977,11,100,100,1,177,135,199.000002965331,1268.95381522179,none,WetCloudySunset,90,0,50,0.35,0,15,0,0,0,0
1131,37,RouteScenario_37,Completed,Town01,0,0,0,0,0,0,0,0,0,20,0,0,0,0,50,-80,225,0,0.349999994039536,vehicle.lincoln.mkz2017,"[0, 0, 0]",4,,hero,True,70,158.688919302186,3212,11,100,100,1,177,132,160.750002395362,1120.91541099548,none,WetNight,20,0,50,0.35,225,-80,0,0,0,0
1132,38,RouteScenario_38,Completed,Town01,0,0,0,0,0,0,0,0,0,20,0,0,0,0,50,15,270,0,0.349999994039536,vehicle.lincoln.mkz2017,"[0, 0, 0]",4,,hero,True,70,76.9063535155789,625,11,100,100,1,177,139,31.4000004678965,193.310262441635,none,WetSunset,20,0,50,0.35,270,15,0,0,0,0
1133,39,RouteScenario_39,Failed - Agent got blocked,Town01,0,0,0,0,0,0,0,0,1,80,0,0,0,0,0,-80,45,0,0.349999994039536,vehicle.lincoln.mkz2017,"[0, 0, 0]",4,,hero,True,70,186.620425596569,6628,11,97.0940527352047,97.0940527352047,1,176,133,331.55000494048,1903.26452255249,none,CloudyNight,80,0,0,0.35,45,-80,0,0,0,0
1134,4,RouteScenario_4,Completed,Town01,0,0,0,0,0,0,0,0,0,90,0,0,0,15,50,75,315,0,0.349999994039536,vehicle.lincoln.mkz2017,"[0, 0, 0]",4,,hero,True,70,222.385490044924,1826,11,100,100,1,176,133,91.4500013627112,618.468503236771,none,SoftRainNoon,90,15,50,0.35,315,75,0,0,0,0
1135,40,RouteScenario_40,Completed,Town01,0,0,0,0,0,0,0,0,0,80,0,0,0,30,50,75,0,0,0.400000005960465,vehicle.lincoln.mkz2017,"[0, 0, 0]",4,,hero,True,70,178.235083864772,2742,11,100,100,1,177,134,137.250002045184,970.877337217331,none,MidRainyNoon,80,30,50,0.4,0,75,0,0,0,0
1136,41,RouteScenario_41,Completed,Town01,0,0,0,0,0,0,0,0,0,80,0,0,0,30,50,-80,225,0,0.400000005960465,vehicle.lincoln.mkz2017,"[0, 0, 0]",4,,hero,True,70,78.0000161598569,1098,11,100,100,1,176,133,55.0500008203089,425.790538311005,none,MidRainyNight,80,30,50,0.4,225,-80,0,0,0,0
1137,42,RouteScenario_42,Failed - Agent got blocked,Town01,0,0,0,0,0,0,0,0,1,20,0,0,0,0,50,-80,225,0,0.349999994039536,vehicle.lincoln.mkz2017,"[0, 0, 0]",4,,hero,True,70,118.809884393332,7015,11,98.4897141237566,98.4897141237566,1,177,135,350.900005228817,2337.06830334663,none,WetNight,20,0,50,0.35,225,-80,0,0,0,0
1138,43,RouteScenario_43,Completed,Town01,0,0,0,0,0,0,0,0,0,20,0,0,0,0,50,15,270,0,0.349999994039536,vehicle.lincoln.mkz2017,"[0, 0, 0]",4,,hero,True,70,179.964561912339,6802,11,100,100,1,177,136,340.25000507012,1919.23211765289,none,WetSunset,20,0,50,0.35,270,15,0,0,0,0
1139,44,RouteScenario_44,Completed,Town01,0,0,0,0,0,0,0,0,0,80,0,0,0,30,50,-80,225,0,0.400000005960465,vehicle.lincoln.mkz2017,"[0, 0, 0]",4,,hero,True,70,169.50130529376,2965,11,100,100,1,177,132,148.400002211332,865.701854705811,none,MidRainyNight,80,30,50,0.4,225,-80,0,0,0,0
1140,45,RouteScenario_45,Completed,Town01,0,0,0,0,0,0,0,0,0,15,0,0,0,0,0,-80,0,0,0.349999994039536,vehicle.lincoln.mkz2017,"[0, 0, 0]",4,,hero,True,70,132.537233931117,1565,11,100,100,1,177,136,78.400001168251,500.627004146576,none,ClearNight,15,0,0,0.35,0,-80,0,0,0,0
1141,46,RouteScenario_46,Completed,Town01,0,0,0,0,0,0,0,0,0,90,0,0,0,0,50,75,180,0,0.349999994039536,vehicle.lincoln.mkz2017,"[0, 0, 0]",4,,hero,True,70,165.706907466809,1605,11,100,100,1,177,132,80.4000011980534,513.230064153671,none,WetCloudyNoon,90,0,50,0.35,180,75,0,0,0,0
1142,47,RouteScenario_47,Failed,Town01,0,0,1,0,0,0,0,0,0,20,0,0,0,0,50,75,45,0,0.349999994039536,vehicle.lincoln.mkz2017,"[0, 0, 0]",4,,hero,True,70,242.20963742487,338,11,16.4090365779887,9.84542194679321,0.6,177,136,17.0500002540648,128.679490327835,collisions_vehicle,WetNoon,20,0,50,0.35,45,75,0,0,0,0
1143,48,RouteScenario_48,Completed,Town01,0,0,0,0,0,0,0,0,0,80,0,0,0,30,50,-80,225,0,0.400000005960465,vehicle.lincoln.mkz2017,"[0, 0, 0]",4,,hero,True,70,243.720508976471,2359,11,100,100,1,177,135,118.100001759827,891.191353321075,none,MidRainyNight,80,30,50,0.4,225,-80,0,0,0,0
1144,49,RouteScenario_49,Completed,Town01,0,0,0,0,0,0,0,0,0,90,0,0,0,60,100,75,90,0,1,vehicle.lincoln.mkz2017,"[0, 0, 0]",4,,hero,True,70,172.47023603808,4011,11,100,100,1,177,131,200.700002990663,1134.93798685074,none,HardRainNoon,90,60,100,1,90,75,0,0,0,0
1145,5,RouteScenario_5,Completed,Town01,0,0,0,0,0,0,0,0,0,90,0,0,0,0,50,-80,225,0,0.349999994039536,vehicle.lincoln.mkz2017,"[0, 0, 0]",4,,hero,True,70,215.671334600397,3658,11,100,100,1,177,132,183.050002727658,1217.22081303597,none,WetCloudyNight,90,0,50,0.35,225,-80,0,0,0,0
1146,50,RouteScenario_50,Completed,Town01,0,0,0,0,0,0,0,0,0,15,0,0,0,0,0,15,45,0,0.349999994039536,vehicle.lincoln.mkz2017,"[0, 0, 0]",4,,hero,True,70,117.53109849302,1576,11,100,100,1,177,136,78.9500011764467,564.40221118927,none,ClearSunset,15,0,0,0.35,45,15,0,0,0,0
1147,51,RouteScenario_51,Failed,Town01,1,0,0,0,0,0,0,0,0,15,0,0,0,0,0,15,45,0,0.349999994039536,vehicle.lincoln.mkz2017,"[0, 0, 0]",4,,hero,True,70,236.026618294285,1003,11,95.5525855266452,62.1091805923194,0.65,177,134,50.3000007495284,301.214255571365,collisions_layout,ClearSunset,15,0,0,0.35,45,15,0,0,0,0
1148,52,RouteScenario_52,Completed,Town01,0,0,0,0,0,0,0,0,0,80,0,0,0,0,0,15,270,0,0.349999994039536,vehicle.lincoln.mkz2017,"[0, 0, 0]",4,,hero,True,70,91.7189155740634,2543,11,100,100,1,177,136,127.300001896918,911.474935531616,none,CloudySunset,80,0,0,0.35,270,15,0,0,0,0
1149,53,RouteScenario_53,Completed,Town01,0,0,0,0,0,0,0,0,0,80,0,0,0,30,50,75,0,0,0.400000005960465,vehicle.lincoln.mkz2017,"[0, 0, 0]",4,,hero,True,70,98.3793188962888,2991,11,100,100,1,177,134,149.700002230704,960.798303365707,none,MidRainyNoon,80,30,50,0.4,0,75,0,0,0,0
1150,54,RouteScenario_54,Completed,Town01,0,0,0,0,0,0,0,0,0,90,0,0,0,60,100,-80,225,0,1,vehicle.lincoln.mkz2017,"[0, 0, 0]",4,,hero,True,70,97.6117190877154,1008,11,100,100,1,176,138,50.5500007532537,382.806848526001,none,HardRainNight,90,60,100,1,225,-80,0,0,0,0
1151,55,RouteScenario_55,Completed,Town01,0,0,0,0,0,0,0,0,0,80,0,0,0,0,0,15,270,0,0.349999994039536,vehicle.lincoln.mkz2017,"[0, 0, 0]",4,,hero,True,70,170.680552557536,3176,11,100,100,1,177,133,158.95000236854,887.05784869194,none,CloudySunset,80,0,0,0.35,270,15,0,0,0,0
1152,56,RouteScenario_56,Completed,Town01,0,0,0,0,0,0,0,0,0,80,0,0,0,30,50,-80,225,0,0.400000005960465,vehicle.lincoln.mkz2017,"[0, 0, 0]",4,,hero,True,70,88.803553562924,1607,11,100,100,1,177,133,80.5000011995435,460.461036920548,none,MidRainyNight,80,30,50,0.4,225,-80,0,0,0,0
1153,57,RouteScenario_57,Completed,Town01,0,0,0,0,0,0,0,0,0,80,0,0,0,0,0,-80,45,0,0.349999994039536,vehicle.lincoln.mkz2017,"[0, 0, 0]",4,,hero,True,70,85.4917344082826,2202,11,100,100,1,177,134,110.250001642853,687.706732273102,none,CloudyNight,80,0,0,0.35,45,-80,0,0,0,0
1154,58,RouteScenario_58,Completed,Town01,0,0,0,0,0,0,0,0,0,80,0,0,0,0,0,75,45,0,0.349999994039536,vehicle.lincoln.mkz2017,"[0, 0, 0]",4,,hero,True,70,110.760657959706,1402,11,100,100,1,176,133,70.2500010468066,458.517962694168,none,CloudyNoon,80,0,0,0.35,45,75,0,0,0,0
1155,59,RouteScenario_59,Completed,Town01,0,0,0,0,0,0,0,0,0,90,0,0,0,0,50,-80,225,0,0.349999994039536,vehicle.lincoln.mkz2017,"[0, 0, 0]",4,,hero,True,70,177.857127968248,2172,11,100,100,1,177,134,108.750001620501,669.049091339111,none,WetCloudyNight,90,0,50,0.35,225,-80,0,0,0,0
1156,6,RouteScenario_6,Completed,Town01,0,0,0,0,0,0,0,0,0,20,0,0,0,0,50,-80,225,0,0.349999994039536,vehicle.lincoln.mkz2017,"[0, 0, 0]",4,,hero,True,70,81.9999806667819,410,11,100,100,1,176,133,20.650000307709,124.311124563217,none,WetNight,20,0,50,0.35,225,-80,0,0,0,0
1157,60,RouteScenario_60,Completed,Town01,0,0,0,0,0,0,0,0,0,80,0,0,0,0,0,15,270,0,0.349999994039536,vehicle.lincoln.mkz2017,"[0, 0, 0]",4,,hero,True,70,62.717139549735,2846,11,100,100,1,177,136,142.45000212267,1045.10762524605,none,CloudySunset,80,0,0,0.35,270,15,0,0,0,0
1158,61,RouteScenario_61,Completed,Town01,0,0,0,0,0,0,0,0,0,80,0,0,0,30,50,15,270,0,0.400000005960465,vehicle.lincoln.mkz2017,"[0, 0, 0]",4,,hero,True,70,181.206637504591,1170,11,100,100,1,177,134,58.6500008739531,343.630148172379,none,MidRainSunset,80,30,50,0.4,270,15,0,0,0,0
1159,62,RouteScenario_62,Completed,Town01,0,0,0,0,0,0,0,0,0,15,0,0,0,0,0,-80,0,0,0.349999994039536,vehicle.lincoln.mkz2017,"[0, 0, 0]",4,,hero,True,70,192.122827172363,2195,11,100,100,1,177,133,109.900001637638,651.371296167374,none,ClearNight,15,0,0,0.35,0,-80,0,0,0,0
1160,63,RouteScenario_63,Completed,Town01,0,0,0,0,0,0,0,0,0,90,0,0,0,0,50,75,180,0,0.349999994039536,vehicle.lincoln.mkz2017,"[0, 0, 0]",4,,hero,True,70,235.904038841879,3710,11,100,100,1,177,135,185.650002766401,1180.93860340118,none,WetCloudyNoon,90,0,50,0.35,180,75,0,0,0,0
1161,64,RouteScenario_64,Failed,Town01,0,0,0,0,1,0,0,0,0,90,0,0,0,15,50,-80,270,0,0.349999994039536,vehicle.lincoln.mkz2017,"[0, 0, 0]",4,,hero,True,70,156.177054868815,1469,11,55.9560440832394,39.1692308582676,0.7,176,132,73.6000010967255,485.95197558403,red_light,SoftRainNight,90,15,50,0.35,270,-80,0,0,0,0
1162,65,RouteScenario_65,Failed,Town01,0,0,1,0,0,0,0,0,0,90,0,0,0,15,50,75,315,0,0.349999994039536,vehicle.lincoln.mkz2017,"[0, 0, 0]",4,,hero,True,70,203.435859527397,425,11,14.6777269601354,8.80663617608121,0.6,177,134,21.4000003188848,126.694777965546,collisions_vehicle,SoftRainNoon,90,15,50,0.35,315,75,0,0,0,0
1163,66,RouteScenario_66,Completed,Town01,0,0,0,0,0,0,0,0,0,80,0,0,0,0,0,15,270,0,0.349999994039536,vehicle.lincoln.mkz2017,"[0, 0, 0]",4,,hero,True,70,111.219846834658,801,11,100,100,1,177,136,40.2000005990267,232.622638940811,none,CloudySunset,80,0,0,0.35,270,15,0,0,0,0
1164,67,RouteScenario_67,Completed,Town01,0,0,0,0,0,0,0,0,0,90,0,0,0,60,100,-80,225,0,1,vehicle.lincoln.mkz2017,"[0, 0, 0]",4,,hero,True,70,234.621307071779,1438,11,100,100,1,177,133,72.0500010736287,454.752436161041,none,HardRainNight,90,60,100,1,225,-80,0,0,0,0
1165,68,RouteScenario_68,Failed - Agent got blocked,Town01,0,0,0,0,0,0,0,0,1,15,0,0,0,0,0,-80,0,0,0.349999994039536,vehicle.lincoln.mkz2017,"[0, 0, 0]",4,,hero,True,70,123.180107520798,7619,11,98.6033635278984,98.6033635278984,1,177,133,381.100005678832,2385.53612804413,none,ClearNight,15,0,0,0.35,0,-80,0,0,0,0
1166,69,RouteScenario_69,Completed,Town01,0,0,0,0,0,0,0,0,0,90,0,0,0,60,100,-80,225,0,1,vehicle.lincoln.mkz2017,"[0, 0, 0]",4,,hero,True,70,50.3572785555583,325,11,100,100,1,177,135,16.400000244379,118.752346515656,none,HardRainNight,90,60,100,1,225,-80,0,0,0,0
1167,7,RouteScenario_7,Completed,Town01,0,0,0,0,0,0,0,0,0,80,0,0,0,0,0,75,45,0,0.349999994039536,vehicle.lincoln.mkz2017,"[0, 0, 0]",4,,hero,True,70,89.6610007271915,2218,11,100,100,1,177,129,111.050001654774,691.11402797699,none,CloudyNoon,80,0,0,0.35,45,75,0,0,0,0
1168,70,RouteScenario_70,Completed,Town01,0,0,0,0,0,0,0,0,0,15,0,0,0,0,0,-80,0,0,0.349999994039536,vehicle.lincoln.mkz2017,"[0, 0, 0]",4,,hero,True,70,138.308004784328,1970,11,100,100,1,177,138,98.6500014699996,773.736059188843,none,ClearNight,15,0,0,0.35,0,-80,0,0,0,0
1169,71,RouteScenario_71,Completed,Town01,0,0,0,0,0,0,0,0,0,80,0,0,0,0,0,75,45,0,0.349999994039536,vehicle.lincoln.mkz2017,"[0, 0, 0]",4,,hero,True,70,226.400898091725,5418,11,100,100,1,177,139,271.05000403896,1660.54067444801,none,CloudyNoon,80,0,0,0.35,45,75,0,0,0,0
1170,72,RouteScenario_72,Completed,Town01,0,0,0,0,0,0,0,0,0,15,0,0,0,0,0,75,0,0,0.349999994039536,vehicle.lincoln.mkz2017,"[0, 0, 0]",4,,hero,True,70,152.837140492969,1951,11,100,100,1,177,135,97.7000014558434,694.980793476105,none,ClearNoon,15,0,0,0.35,0,75,0,0,0,0
1171,73,RouteScenario_73,Completed,Town01,0,0,0,0,0,0,0,0,0,80,0,0,0,0,0,-80,45,0,0.349999994039536,vehicle.lincoln.mkz2017,"[0, 0, 0]",4,,hero,True,70,173.225622140864,4034,11,100,100,1,177,137,201.850003007799,1377.62690758705,none,CloudyNight,80,0,0,0.35,45,-80,0,0,0,0
1172,74,RouteScenario_74,Completed,Town01,0,0,0,0,0,0,0,0,0,90,0,0,0,60,100,-80,225,0,1,vehicle.lincoln.mkz2017,"[0, 0, 0]",4,,hero,True,70,135.011337708198,1742,11,100,100,1,177,138,87.2500013001263,636.181987047195,none,HardRainNight,90,60,100,1,225,-80,0,0,0,0
1173,75,RouteScenario_75,Completed,Town01,0,0,0,0,0,0,0,0,0,80,0,0,0,30,50,-80,225,0,0.400000005960465,vehicle.lincoln.mkz2017,"[0, 0, 0]",4,,hero,True,70,188.146872702469,3087,11,100,100,1,176,131,154.500002302229,954.466932058334,none,MidRainyNight,80,30,50,0.4,225,-80,0,0,0,0
1174,76,RouteScenario_76,Completed,Town01,0,0,0,0,0,0,0,0,0,20,0,0,0,0,50,75,45,0,0.349999994039536,vehicle.lincoln.mkz2017,"[0, 0, 0]",4,,hero,True,70,44.1814466518153,3448,11,100,100,1,177,130,172.550002571195,1111.63585710526,none,WetNoon,20,0,50,0.35,45,75,0,0,0,0
1175,77,RouteScenario_77,Failed,Town01,0,0,1,0,0,0,0,0,0,90,0,0,0,0,50,15,0,0,0.349999994039536,vehicle.lincoln.mkz2017,"[0, 0, 0]",4,,hero,True,70,30.3161255909202,709,11,40.1851651300168,24.1110990780101,0.6,177,135,35.6000005304813,246.784098625183,collisions_vehicle,WetCloudySunset,90,0,50,0.35,0,15,0,0,0,0
1176,78,RouteScenario_78,Failed - Agent timed out,Town01,0,0,0,0,0,0,1,0,0,20,0,0,0,0,50,75,45,0,0.349999994039536,vehicle.lincoln.mkz2017,"[0, 0, 0]",4,,hero,True,70,82.5240339591636,7018,11,96.5452190851899,96.5452190851899,1,177,130,351.050005231053,2383.85047292709,none,WetNoon,20,0,50,0.35,45,75,0,0,0,0
1177,79,RouteScenario_79,Completed,Town01,0,0,0,0,0,0,0,0,0,80,0,0,0,30,50,15,270,0,0.400000005960465,vehicle.lincoln.mkz2017,"[0, 0, 0]",4,,hero,True,70,220.053316473108,1339,11,100,100,1,177,137,67.1000009998679,417.957638025284,none,MidRainSunset,80,30,50,0.4,270,15,0,0,0,0
1178,8,RouteScenario_8,Completed,Town01,0,0,0,0,0,0,0,0,0,20,0,0,0,0,50,-80,225,0,0.349999994039536,vehicle.lincoln.mkz2017,"[0, 0, 0]",4,,hero,True,70,84.2932734945379,509,11,100,100,1,177,135,25.6000003814697,155.753167629242,none,WetNight,20,0,50,0.35,225,-80,0,0,0,0
1179,80,RouteScenario_80,Completed,Town01,0,0,0,0,0,0,0,0,0,15,0,0,0,0,0,15,45,0,0.349999994039536,vehicle.lincoln.mkz2017,"[0, 0, 0]",4,,hero,True,70,135.565363838543,840,11,100,100,1,177,136,42.1500006280839,277.125269889832,none,ClearSunset,15,0,0,0.35,45,15,0,0,0,0
1180,81,RouteScenario_81,Completed,Town01,0,0,0,0,0,0,0,0,0,90,0,0,0,60,100,-80,225,0,1,vehicle.lincoln.mkz2017,"[0, 0, 0]",4,,hero,True,70,227.065844694355,3320,11,100,100,1,176,141,166.150002475828,1087.034542799,none,HardRainNight,90,60,100,1,225,-80,0,0,0,0
1181,82,RouteScenario_82,Completed,Town01,0,0,0,0,0,0,0,0,0,90,0,0,0,15,50,-80,270,0,0.349999994039536,vehicle.lincoln.mkz2017,"[0, 0, 0]",4,,hero,True,70,92.6699986967743,2465,11,100,100,1,177,135,123.400001838803,746.902107715607,none,SoftRainNight,90,15,50,0.35,270,-80,0,0,0,0
1182,83,RouteScenario_83,Completed,Town01,0,0,0,0,0,0,0,0,0,90,0,0,0,60,100,75,90,0,1,vehicle.lincoln.mkz2017,"[0, 0, 0]",4,,hero,True,70,153.779977032695,1272,11,100,100,1,177,136,63.750000949949,409.463990688324,none,HardRainNoon,90,60,100,1,90,75,0,0,0,0
1183,84,RouteScenario_84,Completed,Town01,0,0,0,0,0,0,0,0,0,90,0,0,0,60,100,-80,225,0,1,vehicle.lincoln.mkz2017,"[0, 0, 0]",4,,hero,True,70,136.683846129862,7092,11,100,100,1,177,135,354.750005286187,2196.26570820808,none,HardRainNight,90,60,100,1,225,-80,0,0,0,0
1184,85,RouteScenario_85,Failed - Agent got blocked,Town01,0,0,0,0,0,0,0,0,1,15,0,0,0,0,0,75,0,0,0.349999994039536,vehicle.lincoln.mkz2017,"[0, 0, 0]",4,,hero,True,70,56.7774573305317,3747,11,4.83838826526095,4.83838826526095,1,177,132,187.500002793968,1048.0830578804,none,ClearNoon,15,0,0,0.35,0,75,0,0,0,0
1185,86,RouteScenario_86,Failed - Agent got blocked,Town01,0,0,0,0,0,0,0,0,1,90,0,0,0,15,50,15,270,0,0.349999994039536,vehicle.lincoln.mkz2017,"[0, 0, 0]",4,,hero,True,70,140.293209988105,5892,11,98.275651456717,98.275651456717,1,177,134,294.750004392117,1686.7750184536,none,SoftRainSunset,90,15,50,0.35,270,15,0,0,0,0
1186,87,RouteScenario_87,Completed,Town01,0,0,0,0,0,0,0,0,0,90,0,0,0,0,50,15,0,0,0.349999994039536,vehicle.lincoln.mkz2017,"[0, 0, 0]",4,,hero,True,70,130.610807613161,4237,11,100,100,1,177,134,212.000003159046,1296.57223796844,none,WetCloudySunset,90,0,50,0.35,0,15,0,0,0,0
1187,88,RouteScenario_88,Completed,Town01,0,0,0,0,0,0,0,0,0,90,0,0,0,60,100,75,90,0,1,vehicle.lincoln.mkz2017,"[0, 0, 0]",4,,hero,True,70,109.972054901903,2524,11,100,100,1,176,134,126.350001882762,813.783393144607,none,HardRainNoon,90,60,100,1,90,75,0,0,0,0
1188,89,RouteScenario_89,Failed,Town01,1,0,0,0,0,0,0,0,0,90,0,0,0,60,100,-80,225,0,1,vehicle.lincoln.mkz2017,"[0, 0, 0]",4,,hero,True,70,190.574216852156,4563,11,84.4347605403926,54.8825943512552,0.65,177,136,228.300003401935,1567.50858139992,collisions_layout,HardRainNight,90,60,100,1,225,-80,0,0,0,0
1189,9,RouteScenario_9,Completed,Town01,0,0,0,0,0,0,0,0,0,90,0,0,0,60,100,-80,225,0,1,vehicle.lincoln.mkz2017,"[0, 0, 0]",4,,hero,True,70,161.240312550301,2175,11,100,100,1,177,137,108.900001622736,850.990451574326,none,HardRainNight,90,60,100,1,225,-80,0,0,0,0
1190,90,RouteScenario_90,Completed,Town01,0,0,0,0,0,0,0,0,0,90,0,0,0,15,50,15,270,0,0.349999994039536,vehicle.lincoln.mkz2017,"[0, 0, 0]",4,,hero,True,70,212.051471379147,2874,11,100,100,1,176,138,143.850002143532,852.944306850433,none,SoftRainSunset,90,15,50,0.35,270,15,0,0,0,0
1191,91,RouteScenario_91,Completed,Town01,0,0,0,0,0,0,0,0,0,90,0,0,0,15,50,75,315,0,0.349999994039536,vehicle.lincoln.mkz2017,"[0, 0, 0]",4,,hero,True,70,50.1306667090402,288,11,100,100,1,177,135,14.5500002168119,86.658177614212,none,SoftRainNoon,90,15,50,0.35,315,75,0,0,0,0
1192,92,RouteScenario_92,Completed,Town01,0,0,0,0,0,0,0,0,0,90,0,0,0,60,100,75,90,0,1,vehicle.lincoln.mkz2017,"[0, 0, 0]",4,,hero,True,70,9.9037431356277,2087,11,100,100,1,177,134,104.500001557171,676.490150928497,none,HardRainNoon,90,60,100,1,90,75,0,0,0,0
1193,93,RouteScenario_93,Completed,Town01,0,0,0,0,0,0,0,0,0,20,0,0,0,0,50,15,270,0,0.349999994039536,vehicle.lincoln.mkz2017,"[0, 0, 0]",4,,hero,True,70,147.887772506435,2273,11,100,100,1,177,130,113.800001695752,792.286156177521,none,WetSunset,20,0,50,0.35,270,15,0,0,0,0
1194,94,RouteScenario_94,Completed,Town01,0,0,0,0,0,0,0,0,0,15,0,0,0,0,0,-80,0,0,0.349999994039536,vehicle.lincoln.mkz2017,"[0, 0, 0]",4,,hero,True,70,132.450847509141,690,11,100,100,1,177,137,34.6500005163252,218.62181520462,none,ClearNight,15,0,0,0.35,0,-80,0,0,0,0
1195,95,RouteScenario_95,Completed,Town01,0,0,0,0,0,0,0,0,0,15,0,0,0,0,0,75,0,0,0.349999994039536,vehicle.lincoln.mkz2017,"[0, 0, 0]",4,,hero,True,70,175.462139150575,1366,11,100,100,1,177,132,68.4500010199845,434.384839296341,none,ClearNoon,15,0,0,0.35,0,75,0,0,0,0
1196,96,RouteScenario_96,Failed,Town01,0,0,0,0,1,0,0,0,0,80,0,0,0,30,50,-80,225,0,0.400000005960465,vehicle.lincoln.mkz2017,"[0, 0, 0]",4,,hero,True,70,146.502220519111,2104,11,63.2494991743937,44.2746494220756,0.7,177,130,105.350001569837,692.643827199936,red_light,MidRainyNight,80,30,50,0.4,225,-80,0,0,0,0
1197,97,RouteScenario_97,Completed,Town01,0,0,0,0,0,0,0,0,0,20,0,0,0,0,50,15,270,0,0.349999994039536,vehicle.lincoln.mkz2017,"[0, 0, 0]",4,,hero,True,70,97.7891815367876,436,11,100,100,1,177,135,21.9500003270805,154.409031629562,none,WetSunset,20,0,50,0.35,270,15,0,0,0,0
1198,98,RouteScenario_98,Failed - Agent got blocked,Town01,0,0,0,0,0,0,0,0,1,15,0,0,0,0,0,75,0,0,0.349999994039536,vehicle.lincoln.mkz2017,"[0, 0, 0]",4,,hero,True,70,84.7644301521923,4245,11,33.6877671608931,33.6877671608931,1,177,132,212.400003165007,1569.48587203026,none,ClearNoon,15,0,0,0.35,0,75,0,0,0,0
1199,99,RouteScenario_99,Completed,Town01,0,0,0,0,0,0,0,0,0,20,0,0,0,0,50,15,270,0,0.349999994039536,vehicle.lincoln.mkz2017,"[0, 0, 0]",4,,hero,True,70,138.250854519956,1801,11,100,100,1,177,137,90.2000013440847,529.295407056808,none,WetSunset,20,0,50,0.35,270,15,0,0,0,0
0,1,RouteScenario_1_1,Completed,,0,0,0,0,0,0,0,0,0,30,0,0,0,0,0,70,0,0,0,vehicle.bmw.isetta,,,,,,,83.5987382609463,,10,100,100,1,120,0,154.100002296269,986.913251161575,none,Default,30,0,0,0,0,70,0,0,0,0
1,5,RouteScenario_1_5,Completed,,0,0,0,1.49,0,0,0,0,0,30,0,0,0,0,0,70,0,0,0,vehicle.bmw.isetta,,,,,,,326.462894547121,,10,100,98.5061234369623,0.985061234369623,120,0,146.250002179295,884.09125161171,none,Default,30,0,0,0,0,70,0,0,0,0
2,2,RouteScenario_1_2,Failed - Agent got blocked,,0,0,0,0,0,0,0,0,1,30,0,0,0,0,0,70,0,0,0,vehicle.bmw.isetta,,,,,,,310.514999376331,,10,25.262396584636,25.262396584636,1,120,0,332.500004954636,2414.74324369431,none,Default,30,0,0,0,0,70,0,0,0,0
3,4,RouteScenario_1_4,Completed,,0,0,0,81.04,0,0,0,0,0,30,0,0,0,0,0,70,0,0,0,vehicle.bmw.isetta,,,,,,,334.390023293839,,10,100,18.9579268676682,0.189579268676682,120,0,87.800001308322,494.86395573616,none,Default,30,0,0,0,0,70,0,0,0,0
4,3,RouteScenario_1_3,Failed,,1,0,0,0,0,0,0,0,0,30,0,0,0,0,0,70,0,0,0,vehicle.bmw.isetta,,,,,,,78.9935253393565,,10,25.9675989527683,16.8789393192994,0.65,120,0,6.40000009536743,37.2948915958404,collisions_layout,Default,30,0,0,0,0,70,0,0,0,0
5,0,RouteScenario_1_0,Completed,,0,0,0,0,0,0,0,0,0,30,0,0,0,0,0,70,0,0,0,vehicle.bmw.isetta,,,,,,,316.482082994457,,10,100,100,1,120,0,72.7000010833144,428.538261890411,none,Default,30,0,0,0,0,70,0,0,0,0
6,1,RouteScenario_3_1,Completed,,0,0,0,0,0,0,0,0,0,30,0,0,0,0,0,70,0,0,0,vehicle.bmw.isetta,,,,,,,83.5987382609463,,10,100,100,1,120,0,85.6500012762845,540.393406391144,none,Default,30,0,0,0,0,70,0,0,0,0
7,5,RouteScenario_3_5,Completed,,0,0,0,2.37,0,0,0,0,0,30,0,0,0,0,0,70,0,0,0,vehicle.bmw.isetta,,,,,,,326.462894547121,,10,100,97.6252794758168,0.976252794758168,120,0,143.850002143532,864.325731992722,none,Default,30,0,0,0,0,70,0,0,0,0
8,2,RouteScenario_3_2,Failed - Agent got blocked,,0,0,0,0,0,0,0,0,1,30,0,0,0,0,0,70,0,0,0,vehicle.bmw.isetta,,,,,,,310.514999376331,,10,24.7266421866016,24.7266421866016,1,120,0,313.050004664808,2006.19527792931,none,Default,30,0,0,0,0,70,0,0,0,0
9,4,RouteScenario_3_4,Completed,,0,0,0,80.38,0,0,0,0,0,30,0,0,0,0,0,70,0,0,0,vehicle.bmw.isetta,,,,,,,334.390023293839,,10,100,19.6246170018151,0.196246170018151,120,0,537.500008009374,3807.38769173622,none,Default,30,0,0,0,0,70,0,0,0,0
10,3,RouteScenario_3_3,Failed,,1,0,0,0,0,0,0,0,0,30,0,0,0,0,0,70,0,0,0,vehicle.bmw.isetta,,,,,,,78.9935253393565,,10,25.9675989527683,16.8789393192994,0.65,120,0,6.45000009611249,37.8740632534027,collisions_layout,Default,30,0,0,0,0,70,0,0,0,0
11,0,RouteScenario_3_0,Failed,,0,0,1,10.52,0,0,0,0,0,30,0,0,0,0,0,70,0,0,0,vehicle.bmw.isetta,,,,,,,316.482082994457,,10,24.1738992714218,12.9780657709601,0.536862738826032,120,0,30.6000004559755,179.208699226379,collisions_vehicle,Default,30,0,0,0,0,70,0,0,0,0
12,38,RouteScenario_4_38,Completed,,0,0,0,0,0,0,0,0,0,30,0,0,0,0,0,70,0,0,0,vehicle.bmw.isetta,,,,,,,61.9475762241984,,10,100,100,1,120,0,76.7000011429191,485.343246936798,none,Default,30,0,0,0,0,70,0,0,0,0
13,40,RouteScenario_4_40,Failed - Agent got blocked,,0,0,0,34.26,0,0,0,0,1,30,0,0,0,0,0,70,0,0,0,vehicle.bmw.isetta,,,,,,,55.7125183477149,,10,66.4462611128734,43.6798473941284,0.657371034314912,120,0,206.850003082305,1453.18807148933,none,Default,30,0,0,0,0,70,0,0,0,0
14,44,RouteScenario_4_44,Completed,,0,0,0,0,0,0,0,0,0,30,0,0,0,0,0,70,0,0,0,vehicle.bmw.isetta,,,,,,,55.411215562172,,10,100,100,1,120,0,64.7500009648502,373.823751926422,none,Default,30,0,0,0,0,70,0,0,0,0
15,29,RouteScenario_4_29,Completed,,0,0,0,0,0,0,0,0,0,30,0,0,0,0,0,70,0,0,0,vehicle.bmw.isetta,,,,,,,61.58523811689,,10,100,100,1,120,0,46.3000006899238,332.90416765213,none,Default,30,0,0,0,0,70,0,0,0,0
16,27,RouteScenario_4_27,Completed,,0,0,0,0,0,0,0,0,0,30,0,0,0,0,0,70,0,0,0,vehicle.bmw.isetta,,,,,,,60.8562374441557,,10,100,100,1,120,0,31.8000004738569,183.74498462677,none,Default,30,0,0,0,0,70,0,0,0,0
17,47,RouteScenario_4_47,Failed,,0,0,1,0,0,0,0,0,0,30,0,0,0,0,0,70,0,0,0,vehicle.bmw.isetta,,,,,,,60.5713627250422,,10,73.7338182160285,44.2402909296171,0.6,120,0,27.5000004097819,170.955120563507,collisions_vehicle,Default,30,0,0,0,0,70,0,0,0,0
18,43,RouteScenario_4_43,Completed,,0,0,0,0,0,0,0,0,0,30,0,0,0,0,0,70,0,0,0,vehicle.bmw.isetta,,,,,,,61.6855587978245,,10,100,100,1,120,0,47.400000706315,287.460855484009,none,Default,30,0,0,0,0,70,0,0,0,0
19,1,RouteScenario_4_1,Failed,,1,0,0,0,0,0,0,0,0,30,0,0,0,0,0,70,0,0,0,vehicle.bmw.isetta,,,,,,,55.4161604333607,,10,65.3089573215883,42.4508222590324,0.65,120,0,21.6000003218651,150.117683172226,collisions_layout,Default,30,0,0,0,0,70,0,0,0,0
20,15,RouteScenario_4_15,Failed,,1,0,0,0,0,0,0,0,0,30,0,0,0,0,0,70,0,0,0,vehicle.bmw.isetta,,,,,,,55.2958615135455,,10,50.4826880791421,32.8137472514424,0.65,120,0,49.6500007398427,335.826439857483,collisions_layout,Default,30,0,0,0,0,70,0,0,0,0
21,36,RouteScenario_4_36,Completed,,0,0,0,0,0,0,0,0,0,30,0,0,0,0,0,70,0,0,0,vehicle.bmw.isetta,,,,,,,61.0017801850379,,10,100,100,1,120,0,35.9500005356967,211.91205239296,none,Default,30,0,0,0,0,70,0,0,0,0
22,22,RouteScenario_4_22,Failed,,0,0,0,0,1,0,0,0,0,30,0,0,0,0,0,70,0,0,0,vehicle.bmw.isetta,,,,,,,60.8378172631538,,10,37.5166936150463,26.2616855305324,0.7,120,0,55.2500008232892,353.491965532303,red_light,Default,30,0,0,0,0,70,0,0,0,0
23,35,RouteScenario_4_35,Failed,,0,0,1,0,0,0,0,0,0,30,0,0,0,0,0,70,0,0,0,vehicle.bmw.isetta,,,,,,,60.9279205505372,,10,72.808273418213,43.6849640509278,0.6,120,0,27.2500004060566,155.903804302216,collisions_vehicle,Default,30,0,0,0,0,70,0,0,0,0
24,24,RouteScenario_4_24,Completed,,0,0,0,0,0,0,0,0,0,30,0,0,0,0,0,70,0,0,0,vehicle.bmw.isetta,,,,,,,55.246532624805,,10,100,100,1,120,0,26.7500003986061,147.091057777405,none,Default,30,0,0,0,0,70,0,0,0,0
25,5,RouteScenario_4_5,Failed,,1,0,0,0,0,0,0,0,0,30,0,0,0,0,0,70,0,0,0,vehicle.bmw.isetta,,,,,,,55.5982310608942,,10,65.4066800974419,42.5143420633373,0.65,120,0,30.4000004529953,185.748723506928,collisions_layout,Default,30,0,0,0,0,70,0,0,0,0
26,25,RouteScenario_4_25,Completed,,0,0,0,0,0,0,0,0,0,30,0,0,0,0,0,70,0,0,0,vehicle.bmw.isetta,,,,,,,60.9030674753945,,10,100,100,1,120,0,47.0000007003546,327.778599739075,none,Default,30,0,0,0,0,70,0,0,0,0
27,12,RouteScenario_4_12,Completed,,0,0,0,0,0,0,0,0,0,30,0,0,0,0,0,70,0,0,0,vehicle.bmw.isetta,,,,,,,60.6975830730111,,10,100,100,1,120,0,45.4500006772578,274.847285747528,none,Default,30,0,0,0,0,70,0,0,0,0
28,19,RouteScenario_4_19,Completed,,0,0,0,0,0,0,0,0,0,30,0,0,0,0,0,70,0,0,0,vehicle.bmw.isetta,,,,,,,55.9449379255595,,10,100,100,1,120,0,27.2000004053116,152.931540250778,none,Default,30,0,0,0,0,70,0,0,0,0
29,2,RouteScenario_4_2,Completed,,0,0,0,0,0,0,0,0,0,30,0,0,0,0,0,70,0,0,0,vehicle.bmw.isetta,,,,,,,61.0937473931621,,10,100,100,1,120,0,31.9500004760921,240.789273738861,none,Default,30,0,0,0,0,70,0,0,0,0
30,33,RouteScenario_4_33,Completed,,0,0,0,0,0,0,0,0,0,30,0,0,0,0,0,70,0,0,0,vehicle.bmw.isetta,,,,,,,60.9280220394555,,10,100,100,1,120,0,46.8500006981194,263.217428207397,none,Default,30,0,0,0,0,70,0,0,0,0
31,7,RouteScenario_4_7,Completed,,0,0,0,0,0,0,0,0,0,30,0,0,0,0,0,70,0,0,0,vehicle.bmw.isetta,,,,,,,60.4144769282656,,10,100,100,1,120,0,34.6500005163252,204.620594263077,none,Default,30,0,0,0,0,70,0,0,0,0
32,45,RouteScenario_4_45,Completed,,0,0,0,0,0,0,0,0,0,30,0,0,0,0,0,70,0,0,0,vehicle.bmw.isetta,,,,,,,61.0679382908354,,10,100,100,1,120,0,70.2500010468066,542.224472045898,none,Default,30,0,0,0,0,70,0,0,0,0
33,28,RouteScenario_4_28,Completed,,0,0,0,0,0,0,0,0,0,30,0,0,0,0,0,70,0,0,0,vehicle.bmw.isetta,,,,,,,61.2653992918667,,10,100,100,1,120,0,31.6000004708767,184.607000112534,none,Default,30,0,0,0,0,70,0,0,0,0
34,46,RouteScenario_4_46,Completed,,0,0,0,0,0,0,0,0,0,30,0,0,0,0,0,70,0,0,0,vehicle.bmw.isetta,,,,,,,54.9144776048236,,10,100,100,1,120,0,31.4500004686415,197.758743286133,none,Default,30,0,0,0,0,70,0,0,0,0
35,30,RouteScenario_4_30,Completed,,0,0,0,0,0,0,0,0,0,30,0,0,0,0,0,70,0,0,0,vehicle.bmw.isetta,,,,,,,55.9272196240984,,10,100,100,1,120,0,28.2500004209578,161.332158088684,none,Default,30,0,0,0,0,70,0,0,0,0
36,17,RouteScenario_4_17,Failed,,1,0,0,0,0,0,0,0,0,30,0,0,0,0,0,70,0,0,0,vehicle.bmw.isetta,,,,,,,55.2509088469579,,10,51.3912069383934,33.4042845099557,0.65,120,0,12.4000001847744,81.5277106761932,collisions_layout,Default,30,0,0,0,0,70,0,0,0,0
37,18,RouteScenario_4_18,Completed,,0,0,0,0,0,0,0,0,0,30,0,0,0,0,0,70,0,0,0,vehicle.bmw.isetta,,,,,,,61.5983003867138,,10,100,100,1,120,0,61.8000009208918,399.480837106705,none,Default,30,0,0,0,0,70,0,0,0,0
38,34,RouteScenario_4_34,Completed,,0,0,0,0,0,0,0,0,0,30,0,0,0,0,0,70,0,0,0,vehicle.bmw.isetta,,,,,,,55.2693469423156,,10,100,100,1,120,0,18.7000002786517,141.039480209351,none,Default,30,0,0,0,0,70,0,0,0,0
39,11,RouteScenario_4_11,Completed,,0,0,0,30.3,0,0,0,0,0,30,0,0,0,0,0,70,0,0,0,vehicle.bmw.isetta,,,,,,,60.9010176915778,,10,100,69.6952431112805,0.696952431112805,120,0,34.1500005088747,191.952133655548,none,Default,30,0,0,0,0,70,0,0,0,0
40,13,RouteScenario_4_13,Completed,,0,0,0,33.78,0,0,0,0,0,30,0,0,0,0,0,70,0,0,0,vehicle.bmw.isetta,,,,,,,55.0414164576002,,10,100,66.2194975659716,0.662194975659716,120,0,30.9500004611909,191.997850179672,none,Default,30,0,0,0,0,70,0,0,0,0
41,4,RouteScenario_4_4,Failed,,1,0,0,0,0,0,0,0,0,30,0,0,0,0,0,70,0,0,0,vehicle.bmw.isetta,,,,,,,54.7560718433674,,10,58.2648888353989,37.8721777430093,0.65,120,0,13.6000002026558,90.5740733146668,collisions_layout,Default,30,0,0,0,0,70,0,0,0,0
42,6,RouteScenario_4_6,Completed,,0,0,0,0,0,0,0,0,0,30,0,0,0,0,0,70,0,0,0,vehicle.bmw.isetta,,,,,,,61.2532597136652,,10,100,100,1,120,0,45.4000006765127,290.902135133743,none,Default,30,0,0,0,0,70,0,0,0,0
43,16,RouteScenario_4_16,Failed,,1,0,0,0,0,0,0,0,0,30,0,0,0,0,0,70,0,0,0,vehicle.bmw.isetta,,,,,,,60.9108974057898,,10,43.9102475955553,28.541660937111,0.65,120,0,20.1500003002584,110.373786211014,collisions_layout,Default,30,0,0,0,0,70,0,0,0,0
44,23,RouteScenario_4_23,Failed,,1,0,0,4.71,0,0,0,0,0,30,0,0,0,0,0,70,0,0,0,vehicle.bmw.isetta,,,,,,,55.1791221263788,,10,47.8174971051117,29.6182546911057,0.619402028215725,120,0,18.8500002808869,101.605547904968,collisions_layout,Default,30,0,0,0,0,70,0,0,0,0
45,42,RouteScenario_4_42,Completed,,0,0,0,0,0,0,0,0,0,30,0,0,0,0,0,70,0,0,0,vehicle.bmw.isetta,,,,,,,56.0266629865779,,10,100,100,1,120,0,52.1500007770956,311.747396707535,none,Default,30,0,0,0,0,70,0,0,0,0
46,8,RouteScenario_4_8,Completed,,0,0,0,0,0,0,0,0,0,30,0,0,0,0,0,70,0,0,0,vehicle.bmw.isetta,,,,,,,61.7513111190818,,10,100,100,1,120,0,42.2500006295741,266.737580060959,none,Default,30,0,0,0,0,70,0,0,0,0
47,31,RouteScenario_4_31,Failed,,1,0,0,21.25,0,0,0,0,0,30,0,0,0,0,0,70,0,0,0,vehicle.bmw.isetta,,,,,,,55.6100996929839,,10,66.5730973562716,34.0750591995038,0.511844281739637,120,0,13.0000001937151,88.3199598789215,collisions_layout,Default,30,0,0,0,0,70,0,0,0,0
48,39,RouteScenario_4_39,Completed,,0,0,0,0,0,0,0,0,0,30,0,0,0,0,0,70,0,0,0,vehicle.bmw.isetta,,,,,,,56.2904176138406,,10,100,100,1,120,0,31.5000004693866,184.392457723618,none,Default,30,0,0,0,0,70,0,0,0,0
49,14,RouteScenario_4_14,Completed,,0,0,0,0,0,0,0,0,0,30,0,0,0,0,0,70,0,0,0,vehicle.bmw.isetta,,,,,,,60.9533725806078,,10,100,100,1,120,0,31.8000004738569,203.479796171188,none,Default,30,0,0,0,0,70,0,0,0,0
50,20,RouteScenario_4_20,Completed,,0,0,0,0,0,0,0,0,0,30,0,0,0,0,0,70,0,0,0,vehicle.bmw.isetta,,,,,,,61.163920233194,,10,100,100,1,120,0,33.0000004917383,182.196949720383,none,Default,30,0,0,0,0,70,0,0,0,0
51,3,RouteScenario_4_3,Completed,,0,0,0,0,0,0,0,0,0,30,0,0,0,0,0,70,0,0,0,vehicle.bmw.isetta,,,,,,,55.4331178576471,,10,100,100,1,120,0,106.750001590699,671.413475990295,none,Default,30,0,0,0,0,70,0,0,0,0
52,10,RouteScenario_4_10,Completed,,0,0,0,16.33,0,0,0,0,0,30,0,0,0,0,0,70,0,0,0,vehicle.bmw.isetta,,,,,,,55.2446401601069,,10,100,83.6732789398451,0.836732789398451,120,0,18.2000002712011,133.03173995018,none,Default,30,0,0,0,0,70,0,0,0,0
53,21,RouteScenario_4_21,Failed,,0,0,0,0,1,0,0,0,0,30,0,0,0,0,0,70,0,0,0,vehicle.bmw.isetta,,,,,,,55.5078029415204,,10,42.0902918729164,29.4632043110415,0.7,120,0,15.7500002346933,89.3265047073364,red_light,Default,30,0,0,0,0,70,0,0,0,0
54,41,RouteScenario_4_41,Completed,,0,0,0,22.37,0,0,0,0,0,30,0,0,0,0,0,70,0,0,0,vehicle.bmw.isetta,,,,,,,61.3671426310995,,10,100,77.6346401357104,0.776346401357104,120,0,61.0500009097159,345.014107704163,none,Default,30,0,0,0,0,70,0,0,0,0
55,37,RouteScenario_4_37,Completed,,0,0,0,0,0,0,0,0,0,30,0,0,0,0,0,70,0,0,0,vehicle.bmw.isetta,,,,,,,55.3444714488046,,10,100,100,1,120,0,39.5000005885959,307.014680624008,none,Default,30,0,0,0,0,70,0,0,0,0
56,32,RouteScenario_4_32,Completed,,0,0,0,0,0,0,0,0,0,30,0,0,0,0,0,70,0,0,0,vehicle.bmw.isetta,,,,,,,55.2729072870563,,10,100,100,1,120,0,30.9000004604459,189.770793199539,none,Default,30,0,0,0,0,70,0,0,0,0
57,26,RouteScenario_4_26,Completed,,0,0,0,0,0,0,0,0,0,30,0,0,0,0,0,70,0,0,0,vehicle.bmw.isetta,,,,,,,55.1992774726341,,10,100,100,1,120,0,46.8000006973743,297.869545698166,none,Default,30,0,0,0,0,70,0,0,0,0
58,9,RouteScenario_4_9,Completed,,0,0,0,0,0,0,0,0,0,30,0,0,0,0,0,70,0,0,0,vehicle.bmw.isetta,,,,,,,56.0943868973,,10,100,100,1,120,0,28.9000004306436,171.573852777481,none,Default,30,0,0,0,0,70,0,0,0,0
59,0,RouteScenario_4_0,Completed,,0,0,0,0,0,0,0,0,0,30,0,0,0,0,0,70,0,0,0,vehicle.bmw.isetta,,,,,,,61.0692029250401,,10,100,100,1,120,0,64.1500009559095,445.98148393631,none,Default,30,0,0,0,0,70,0,0,0,0
60,40,RouteScenario_7_40,Completed,,0,0,0,0,0,0,0,0,0,30,0,0,0,0,0,70,0,0,0,vehicle.bmw.isetta,,,,,,,82.6000177593693,,10,100,100,1,120,0,23.4500003494322,160.33185005188,none,Default,30,0,0,0,0,70,0,0,0,0
61,27,RouteScenario_7_27,Completed,,0,0,0,0,0,0,0,0,0,30,0,0,0,0,0,70,0,0,0,vehicle.bmw.isetta,,,,,,,83.1199803317866,,10,100,100,1,120,0,24.2500003613532,147.174357891083,none,Default,30,0,0,0,0,70,0,0,0,0
62,43,RouteScenario_7_43,Completed,,0,0,0,0,0,0,0,0,0,30,0,0,0,0,0,70,0,0,0,vehicle.bmw.isetta,,,,,,,83.5100097430599,,10,100,100,1,120,0,31.900000475347,196.595479488373,none,Default,30,0,0,0,0,70,0,0,0,0
63,1,RouteScenario_7_1,Completed,,0,0,0,0,0,0,0,0,0,30,0,0,0,0,0,70,0,0,0,vehicle.bmw.isetta,,,,,,,82.18000091525,,10,100,100,1,120,0,69.8000010401011,451.010998010635,none,Default,30,0,0,0,0,70,0,0,0,0
64,22,RouteScenario_7_22,Completed,,0,0,0,0,0,0,0,0,0,30,0,0,0,0,0,70,0,0,0,vehicle.bmw.isetta,,,,,,,82.0000009476335,,10,100,100,1,120,0,26.700000397861,174.249464035034,none,Default,30,0,0,0,0,70,0,0,0,0
65,65,RouteScenario_7_65,Completed,,0,0,0,0,0,0,0,0,0,30,0,0,0,0,0,70,0,0,0,vehicle.bmw.isetta,,,,,,,82.6099985312579,,10,100,100,1,120,0,61.2500009126961,369.56117272377,none,Default,30,0,0,0,0,70,0,0,0,0
66,64,RouteScenario_7_64,Failed,,1,0,0,3.05,0,0,0,0,0,30,0,0,0,0,0,70,0,0,0,vehicle.bmw.isetta,,,,,,,82.6100023459545,,10,40.251747447545,25.3646980392346,0.630151475343752,120,0,15.1500002257526,101.728461027145,collisions_layout,Default,30,0,0,0,0,70,0,0,0,0
67,33,RouteScenario_7_33,Completed,,0,0,0,0,0,0,0,0,0,30,0,0,0,0,0,70,0,0,0,vehicle.bmw.isetta,,,,,,,81.9791512056177,,10,100,100,1,120,0,40.1000005975366,231.951898097992,none,Default,30,0,0,0,0,70,0,0,0,0
68,7,RouteScenario_7_7,Completed,,0,0,0,0,0,0,0,0,0,30,0,0,0,0,0,70,0,0,0,vehicle.bmw.isetta,,,,,,,81.9999933182391,,10,100,100,1,120,0,54.8000008165836,332.659119367599,none,Default,30,0,0,0,0,70,0,0,0,0
69,56,RouteScenario_7_56,Completed,,0,0,0,0,0,0,0,0,0,30,0,0,0,0,0,70,0,0,0,vehicle.bmw.isetta,,,,,,,83.310857099776,,10,100,100,1,120,0,24.150000359863,139.678635597229,none,Default,30,0,0,0,0,70,0,0,0,0
70,17,RouteScenario_7_17,Failed,,0,0,1,0,0,0,0,0,0,30,0,0,0,0,0,70,0,0,0,vehicle.bmw.isetta,,,,,,,83.089996226047,,10,47.2956937356207,28.3774162413724,0.6,120,0,27.0000004023314,185.439925909042,collisions_vehicle,Default,30,0,0,0,0,70,0,0,0,0
71,6,RouteScenario_7_6,Completed,,0,0,0,0,0,0,0,0,0,30,0,0,0,0,0,70,0,0,0,vehicle.bmw.isetta,,,,,,,81.9999933182391,,10,100,100,1,120,0,32.0000004768372,205.512180566788,none,Default,30,0,0,0,0,70,0,0,0,0
72,57,RouteScenario_7_57,Completed,,0,0,0,0,0,0,0,0,0,30,0,0,0,0,0,70,0,0,0,vehicle.bmw.isetta,,,,,,,83.3091252272636,,10,100,100,1,120,0,30.7000004574656,196.246401309967,none,Default,30,0,0,0,0,70,0,0,0,0
73,16,RouteScenario_7_16,Completed,,0,0,0,0,0,0,0,0,0,30,0,0,0,0,0,70,0,0,0,vehicle.bmw.isetta,,,,,,,83.089996226047,,10,100,100,1,120,0,32.1500004790723,193.115636825562,none,Default,30,0,0,0,0,70,0,0,0,0
74,23,RouteScenario_7_23,Completed,,0,0,0,0,0,0,0,0,0,30,0,0,0,0,0,70,0,0,0,vehicle.bmw.isetta,,,,,,,82.0000009476335,,10,100,100,1,120,0,98.3000014647842,616.942874908447,none,Default,30,0,0,0,0,70,0,0,0,0
75,42,RouteScenario_7_42,Completed,,0,0,0,0,0,0,0,0,0,30,0,0,0,0,0,70,0,0,0,vehicle.bmw.isetta,,,,,,,83.5100097430599,,10,100,100,1,120,0,24.3500003628433,154.957341432571,none,Default,30,0,0,0,0,70,0,0,0,0
76,69,RouteScenario_7_69,Completed,,0,0,0,0,0,0,0,0,0,30,0,0,0,0,0,70,0,0,0,vehicle.bmw.isetta,,,,,,,82.0000047623307,,10,100,100,1,120,0,24.6500003673136,186.643633842468,none,Default,30,0,0,0,0,70,0,0,0,0
77,53,RouteScenario_7_53,Completed,,0,0,0,0,0,0,0,0,0,30,0,0,0,0,0,70,0,0,0,vehicle.bmw.isetta,,,,,,,82.0099792480469,,10,100,100,1,120,0,122.750001829118,925.292496681213,none,Default,30,0,0,0,0,70,0,0,0,0
78,41,RouteScenario_7_41,Completed,,0,0,0,0,0,0,0,0,0,30,0,0,0,0,0,70,0,0,0,vehicle.bmw.isetta,,,,,,,82.6000177588627,,10,100,100,1,120,0,23.4500003494322,124.116479635239,none,Default,30,0,0,0,0,70,0,0,0,0
79,32,RouteScenario_7_32,Completed,,0,0,0,0,0,0,0,0,0,30,0,0,0,0,0,70,0,0,0,vehicle.bmw.isetta,,,,,,,81.9808678192583,,10,100,100,1,120,0,25.000000372529,174.798497676849,none,Default,30,0,0,0,0,70,0,0,0,0
80,52,RouteScenario_7_52,Completed,,0,0,0,0,0,0,0,0,0,30,0,0,0,0,0,70,0,0,0,vehicle.bmw.isetta,,,,,,,82.0099792480469,,10,100,100,1,120,0,27.1500004045665,148.521493673325,none,Default,30,0,0,0,0,70,0,0,0,0
81,26,RouteScenario_7_26,Completed,,0,0,0,0,0,0,0,0,0,30,0,0,0,0,0,70,0,0,0,vehicle.bmw.isetta,,,,,,,83.1199803317866,,10,100,100,1,120,0,35.1000005230308,199.816425085068,none,Default,30,0,0,0,0,70,0,0,0,0
82,68,RouteScenario_7_68,Completed,,0,0,0,0,0,0,0,0,0,30,0,0,0,0,0,70,0,0,0,vehicle.bmw.isetta,,,,,,,82.0000009476335,,10,100,100,1,120,0,106.750001590699,645.765305280685,none,Default,30,0,0,0,0,70,0,0,0,0
83,0,RouteScenario_7_0,Completed,,0,0,0,0,0,0,0,0,0,30,0,0,0,0,0,70,0,0,0,vehicle.bmw.isetta,,,,,,,82.18000091525,,10,100,100,1,120,0,24.2500003613532,174.976695537567,none,Default,30,0,0,0,0,70,0,0,0,0
84,44,RouteScenario_8_44,Completed,,0,0,0,16.94,0,0,0,0,0,30,0,0,0,0,0,70,0,0,0,vehicle.bmw.isetta,,,,,,,61.2653992918667,,10,100,83.0626058466434,0.830626058466434,120,0,32.9500004909933,196.528860807419,none,Default,30,0,0,0,0,70,0,0,0,0
85,15,RouteScenario_8_15,Failed - Agent timed out,,0,0,0,48.46,0,0,1,0,0,30,0,0,0,0,0,70,0,0,0,vehicle.bmw.isetta,,,,,,,60.9010176915778,,10,75.2800349463301,38.7967104268471,0.515365202135024,120,0,328.050004888326,2088.98748612404,none,Default,30,0,0,0,0,70,0,0,0,0
86,58,RouteScenario_8_58,Completed,,0,0,0,0,0,0,0,0,0,30,0,0,0,0,0,70,0,0,0,vehicle.bmw.isetta,,,,,,,61.9475762241984,,10,100,100,1,120,0,76.4000011384487,485.318243503571,none,Default,30,0,0,0,0,70,0,0,0,0
87,24,RouteScenario_8_24,Failed,,1,0,0,0,0,0,0,0,0,30,0,0,0,0,0,70,0,0,0,vehicle.bmw.isetta,,,,,,,60.9108974057898,,10,43.9102475955553,28.541660937111,0.65,120,0,22.3000003322959,140.020421981812,collisions_layout,Default,30,0,0,0,0,70,0,0,0,0
88,49,RouteScenario_8_49,Completed,,0,0,0,0,0,0,0,0,0,30,0,0,0,0,0,70,0,0,0,vehicle.bmw.isetta,,,,,,,60.9280220394555,,10,100,100,1,120,0,26.9000004008412,161.914121866226,none,Default,30,0,0,0,0,70,0,0,0,0
89,12,RouteScenario_8_12,Completed,,0,0,0,0,0,0,0,0,0,30,0,0,0,0,0,70,0,0,0,vehicle.bmw.isetta,,,,,,,61.7513111190818,,10,100,100,1,120,0,23.6500003524125,163.183583974838,none,Default,30,0,0,0,0,70,0,0,0,0
90,2,RouteScenario_8_2,Completed,,0,0,0,0,0,0,0,0,0,30,0,0,0,0,0,70,0,0,0,vehicle.bmw.isetta,,,,,,,61.0692029250401,,10,100,100,1,120,0,64.2500009573996,371.887854337692,none,Default,30,0,0,0,0,70,0,0,0,0
91,45,RouteScenario_8_45,Completed,,0,0,0,0,0,0,0,0,0,30,0,0,0,0,0,70,0,0,0,vehicle.bmw.isetta,,,,,,,61.58523811689,,10,100,100,1,120,0,23.9500003568828,163.708693981171,none,Default,30,0,0,0,0,70,0,0,0,0
92,28,RouteScenario_8_28,Completed,,0,0,0,0,0,0,0,0,0,30,0,0,0,0,0,70,0,0,0,vehicle.bmw.isetta,,,,,,,61.5983003867138,,10,100,100,1,120,0,61.5500009171665,412.211142063141,none,Default,30,0,0,0,0,70,0,0,0,0
93,30,RouteScenario_8_30,Completed,,0,0,0,0,0,0,0,0,0,30,0,0,0,0,0,70,0,0,0,vehicle.bmw.isetta,,,,,,,61.163920233194,,10,100,100,1,120,0,29.1000004336238,173.30579829216,none,Default,30,0,0,0,0,70,0,0,0,0
94,18,RouteScenario_8_18,Completed,,0,0,0,0,0,0,0,0,0,30,0,0,0,0,0,70,0,0,0,vehicle.bmw.isetta,,,,,,,60.6975830730111,,10,100,100,1,120,0,23.5000003501773,161.514447927475,none,Default,30,0,0,0,0,70,0,0,0,0
95,34,RouteScenario_8_34,Completed,,0,0,0,0,0,0,0,0,0,30,0,0,0,0,0,70,0,0,0,vehicle.bmw.isetta,,,,,,,60.8378172631538,,10,100,100,1,120,0,25.850000385195,195.19437289238,none,Default,30,0,0,0,0,70,0,0,0,0
96,11,RouteScenario_8_11,Completed,,0,0,0,0,0,0,0,0,0,30,0,0,0,0,0,70,0,0,0,vehicle.bmw.isetta,,,,,,,60.4144769282656,,10,100,100,1,120,0,32.5500004850328,201.191866397858,none,Default,30,0,0,0,0,70,0,0,0,0
97,4,RouteScenario_8_4,Failed,,1,0,0,0,0,0,0,0,0,30,0,0,0,0,0,70,0,0,0,vehicle.bmw.isetta,,,,,,,61.0937473931621,,10,39.8148119995749,25.8796277997237,0.65,120,0,23.0000003427267,181.333309650421,collisions_layout,Default,30,0,0,0,0,70,0,0,0,0
98,67,RouteScenario_8_67,Completed,,0,0,0,0,0,0,0,0,0,30,0,0,0,0,0,70,0,0,0,vehicle.bmw.isetta,,,,,,,61.0679382908354,,10,100,100,1,120,0,42.3000006303191,319.607130289078,none,Default,30,0,0,0,0,70,0,0,0,0
99,39,RouteScenario_8_39,Completed,,0,0,0,23.66,0,0,0,0,0,30,0,0,0,0,0,70,0,0,0,vehicle.bmw.isetta,,,,,,,60.8562374441557,,10,100,76.3448000405698,0.763448000405698,120,0,26.8000003993511,147.864045143127,none,Default,30,0,0,0,0,70,0,0,0,0
100,71,RouteScenario_8_71,Completed,,0,0,0,0,0,0,0,0,0,30,0,0,0,0,0,70,0,0,0,vehicle.bmw.isetta,,,,,,,60.5713627250422,,10,100,100,1,120,0,31.5000004693866,204.340809345245,none,Default,30,0,0,0,0,70,0,0,0,0
101,20,RouteScenario_8_20,Completed,,0,0,0,0,0,0,0,0,0,30,0,0,0,0,0,70,0,0,0,vehicle.bmw.isetta,,,,,,,60.9533725806078,,10,100,100,1,120,0,31.900000475347,206.567537307739,none,Default,30,0,0,0,0,70,0,0,0,0
102,10,RouteScenario_8_10,Completed,,0,0,0,0,0,0,0,0,0,30,0,0,0,0,0,70,0,0,0,vehicle.bmw.isetta,,,,,,,61.2532597136652,,10,100,100,1,120,0,27.0000004023314,177.773974180222,none,Default,30,0,0,0,0,70,0,0,0,0
103,61,RouteScenario_8_61,Completed,,0,0,0,0,0,0,0,0,0,30,0,0,0,0,0,70,0,0,0,vehicle.bmw.isetta,,,,,,,61.3671426310995,,10,100,100,1,120,0,61.3500009141862,345.332854032516,none,Default,30,0,0,0,0,70,0,0,0,0
104,63,RouteScenario_8_63,Completed,,0,0,0,0,0,0,0,0,0,30,0,0,0,0,0,70,0,0,0,vehicle.bmw.isetta,,,,,,,61.6855587978245,,10,100,100,1,120,0,23.4000003486872,153.716062068939,none,Default,30,0,0,0,0,70,0,0,0,0
105,37,RouteScenario_8_37,Completed,,0,0,0,0,0,0,0,0,0,30,0,0,0,0,0,70,0,0,0,vehicle.bmw.isetta,,,,,,,60.9030674753945,,10,100,100,1,120,0,52.2000007778406,372.746592998505,none,Default,30,0,0,0,0,70,0,0,0,0
106,51,RouteScenario_8_51,Failed,,0,0,1,26.8,0,0,0,0,0,30,0,0,0,0,0,70,0,0,0,vehicle.bmw.isetta,,,,,,,60.9279205505372,,10,72.808273418213,31.9759061421938,0.439179569037754,120,0,26.2000003904104,150.645593643188,collisions_vehicle,Default,30,0,0,0,0,70,0,0,0,0
107,54,RouteScenario_8_54,Completed,,0,0,0,0,0,0,0,0,0,30,0,0,0,0,0,70,0,0,0,vehicle.bmw.isetta,,,,,,,61.0017801850379,,10,100,100,1,120,0,30.6000004559755,178.596043109894,none,Default,30,0,0,0,0,70,0,0,0,0
108,38,RouteScenario_9_38,Completed,,0,0,0,0,0,0,0,0,0,30,0,0,0,0,0,70,0,0,0,vehicle.bmw.isetta,,,,,,,55.1992774726341,,10,100,100,1,120,0,46.8500006981194,305.435517311096,none,Default,30,0,0,0,0,70,0,0,0,0
109,48,RouteScenario_9_48,Failed,,1,0,0,0,0,0,0,0,0,30,0,0,0,0,0,70,0,0,0,vehicle.bmw.isetta,,,,,,,55.2729072870563,,10,54.858857989803,35.658257693372,0.65,120,0,18.4500002749264,99.7371492385864,collisions_layout,Default,30,0,0,0,0,70,0,0,0,0
110,29,RouteScenario_9_29,Completed,,0,0,0,0,0,0,0,0,0,30,0,0,0,0,0,70,0,0,0,vehicle.bmw.isetta,,,,,,,55.9449379255595,,10,100,100,1,120,0,23.0000003427267,122.543901443481,none,Default,30,0,0,0,0,70,0,0,0,0
111,50,RouteScenario_9_50,Completed,,0,0,0,0,0,0,0,0,0,30,0,0,0,0,0,70,0,0,0,vehicle.bmw.isetta,,,,,,,55.2693469423156,,10,100,100,1,120,0,22.350000333041,156.785636663437,none,Default,30,0,0,0,0,70,0,0,0,0
112,47,RouteScenario_9_47,Failed,,1,0,0,18.97,0,0,0,0,0,30,0,0,0,0,0,70,0,0,0,vehicle.bmw.isetta,,,,,,,55.6100996929839,,10,74.5955539907664,39.2896560119254,0.526702382514496,120,0,138.650002066046,967.514796733856,collisions_layout,Default,30,0,0,0,0,70,0,0,0,0
113,62,RouteScenario_9_62,Completed,,0,0,0,0,0,0,0,0,0,30,0,0,0,0,0,70,0,0,0,vehicle.bmw.isetta,,,,,,,56.0266629865779,,10,100,100,1,120,0,52.3500007800758,320.627963781357,none,Default,30,0,0,0,0,70,0,0,0,0
114,36,RouteScenario_9_36,Completed,,0,0,0,2.19,0,0,0,0,0,30,0,0,0,0,0,70,0,0,0,vehicle.bmw.isetta,,,,,,,55.246532624805,,10,100,97.810984928636,0.97810984928636,120,0,123.200001835823,715.567534685135,none,Default,30,0,0,0,0,70,0,0,0,0
115,35,RouteScenario_9_35,Failed,,0,0,1,6.29,0,0,0,0,0,30,0,0,0,0,0,70,0,0,0,vehicle.bmw.isetta,,,,,,,55.1791221263788,,10,43.3156127797862,24.3533551650368,0.562230419983846,120,0,21.1500003151596,140.932551622391,collisions_vehicle,Default,30,0,0,0,0,70,0,0,0,0
116,70,RouteScenario_9_70,Completed,,0,0,0,0,0,0,0,0,0,30,0,0,0,0,0,70,0,0,0,vehicle.bmw.isetta,,,,,,,54.9144776048236,,10,100,100,1,120,0,31.2000004649162,192.800551891327,none,Default,30,0,0,0,0,70,0,0,0,0
117,5,RouteScenario_9_5,Completed,,0,0,0,0,0,0,0,0,0,30,0,0,0,0,0,70,0,0,0,vehicle.bmw.isetta,,,,,,,55.4331178576471,,10,100,100,1,120,0,61.4500009156764,381.876692771912,none,Default,30,0,0,0,0,70,0,0,0,0
118,25,RouteScenario_9_25,Completed,,0,0,0,0,0,0,0,0,0,30,0,0,0,0,0,70,0,0,0,vehicle.bmw.isetta,,,,,,,55.2509088469579,,10,100,100,1,120,0,61.8500009216368,458.74261879921,none,Default,30,0,0,0,0,70,0,0,0,0
119,19,RouteScenario_9_19,Completed,,0,0,0,35.69,0,0,0,0,0,30,0,0,0,0,0,70,0,0,0,vehicle.bmw.isetta,,,,,,,55.0414164576002,,10,100,64.3096644437931,0.643096644437931,120,0,55.9000008329749,361.448152542114,none,Default,30,0,0,0,0,70,0,0,0,0
120,55,RouteScenario_9_55,Completed,,0,0,0,0,0,0,0,0,0,30,0,0,0,0,0,70,0,0,0,vehicle.bmw.isetta,,,,,,,55.3444714488046,,10,100,100,1,120,0,36.5000005438924,254.21710729599,none,Default,30,0,0,0,0,70,0,0,0,0
121,46,RouteScenario_9_46,Failed,,1,0,0,0,0,0,0,0,0,30,0,0,0,0,0,70,0,0,0,vehicle.bmw.isetta,,,,,,,55.9272196240984,,10,63.0516703503576,40.9835857277324,0.65,120,0,19.2500002868474,107.463039636612,collisions_layout,Default,30,0,0,0,0,70,0,0,0,0
122,13,RouteScenario_9_13,Completed,,0,0,0,0,0,0,0,0,0,30,0,0,0,0,0,70,0,0,0,vehicle.bmw.isetta,,,,,,,56.0943868973,,10,100,100,1,120,0,116.900001741946,725.072869062424,none,Default,30,0,0,0,0,70,0,0,0,0
123,8,RouteScenario_9_8,Failed,,1,0,0,0,0,0,0,0,0,30,0,0,0,0,0,70,0,0,0,vehicle.bmw.isetta,,,,,,,54.7560718433674,,10,58.2648888353989,37.8721777430093,0.65,120,0,20.1500003002584,135.846454381943,collisions_layout,Default,30,0,0,0,0,70,0,0,0,0
124,60,RouteScenario_9_60,Failed,,1,0,0,0,0,0,0,0,0,30,0,0,0,0,0,70,0,0,0,vehicle.bmw.isetta,,,,,,,55.7125183477149,,10,47.8439441772139,31.098563715189,0.65,120,0,17.2000002563,122.107338190079,collisions_layout,Default,30,0,0,0,0,70,0,0,0,0
125,31,RouteScenario_9_31,Completed,,0,0,0,0,0,0,0,0,0,30,0,0,0,0,0,70,0,0,0,vehicle.bmw.isetta,,,,,,,55.5078029415204,,10,100,100,1,120,0,23.9000003561378,143.93314909935,none,Default,30,0,0,0,0,70,0,0,0,0
126,14,RouteScenario_9_14,Completed,,0,0,0,11.46,0,0,0,0,0,30,0,0,0,0,0,70,0,0,0,vehicle.bmw.isetta,,,,,,,55.2446401601069,,10,100,88.5364664105729,0.885364664105728,120,0,22.7500003390014,160.116543292999,none,Default,30,0,0,0,0,70,0,0,0,0
127,3,RouteScenario_9_3,Completed,,0,0,0,0,0,0,0,0,0,30,0,0,0,0,0,70,0,0,0,vehicle.bmw.isetta,,,,,,,55.4161604333607,,10,100,100,1,120,0,68.2500010170043,476.7722260952,none,Default,30,0,0,0,0,70,0,0,0,0
128,21,RouteScenario_9_21,Failed,,1,0,0,0,0,0,0,0,0,30,0,0,0,0,0,70,0,0,0,vehicle.bmw.isetta,,,,,,,55.2958615135455,,10,58.973790408004,38.3329637652026,0.65,120,0,21.2500003166497,153.011941194534,collisions_layout,Default,30,0,0,0,0,70,0,0,0,0
129,66,RouteScenario_9_66,Failed,,0,0,1,0,0,0,0,0,0,30,0,0,0,0,0,70,0,0,0,vehicle.bmw.isetta,,,,,,,55.411215562172,,10,37.884951560157,22.7309709360942,0.6,120,0,16.8000002503395,111.755784034729,collisions_vehicle,Default,30,0,0,0,0,70,0,0,0,0
130,9,RouteScenario_9_9,Completed,,0,0,0,18.16,0,0,0,0,0,30,0,0,0,0,0,70,0,0,0,vehicle.bmw.isetta,,,,,,,55.5982310608942,,10,100,81.8399704773209,0.818399704773209,120,0,100.100001491606,609.995562791824,none,Default,30,0,0,0,0,70,0,0,0,0
131,59,RouteScenario_9_59,Completed,,0,0,0,0,0,0,0,0,0,30,0,0,0,0,0,70,0,0,0,vehicle.bmw.isetta,,,,,,,56.2904176138406,,10,100,100,1,120,0,26.3000003919005,154.100821495056,none,Default,30,0,0,0,0,70,0,0,0,0
132,1,RouteScenario_1_1,Completed,,0,0,0,0,0,0,0,0,0,30,0,0,0,0,0,70,0,0,0,vehicle.lincoln.mkz2017,,,,,,,83.5987382609463,,10,100,100,1,120,0,83.2500012405217,584.55480837822,none,Default,30,0,0,0,0,70,0,0,0,0
133,5,RouteScenario_1_5,Completed,,0,0,0,0,0,0,0,0,0,30,0,0,0,0,0,70,0,0,0,vehicle.lincoln.mkz2017,,,,,,,326.462894547121,,10,100,100,1,120,0,100.550001498312,567.009810209274,none,Default,30,0,0,0,0,70,0,0,0,0
134,2,RouteScenario_1_2,Completed,,0,0,0,0,0,0,0,0,0,30,0,0,0,0,0,70,0,0,0,vehicle.lincoln.mkz2017,,,,,,,310.514999376331,,10,100,100,1,120,0,71.7000010684133,424.674761533737,none,Default,30,0,0,0,0,70,0,0,0,0
135,4,RouteScenario_1_4,Completed,,0,0,0,0,0,0,0,0,0,30,0,0,0,0,0,70,0,0,0,vehicle.lincoln.mkz2017,,,,,,,334.390023293839,,10,100,100,1,120,0,96.3000014349818,579.704353570938,none,Default,30,0,0,0,0,70,0,0,0,0
136,3,RouteScenario_1_3,Completed,,0,0,0,0,0,0,0,0,0,30,0,0,0,0,0,70,0,0,0,vehicle.lincoln.mkz2017,,,,,,,78.9935253393565,,10,100,100,1,120,0,49.8000007420778,347.244960546494,none,Default,30,0,0,0,0,70,0,0,0,0
137,0,RouteScenario_1_0,Completed,,0,0,0,0,0,0,0,0,0,30,0,0,0,0,0,70,0,0,0,vehicle.lincoln.mkz2017,,,,,,,316.482082994457,,10,100,100,1,120,0,77.1500011496246,483.093138933182,none,Default,30,0,0,0,0,70,0,0,0,0
138,1,RouteScenario_3_1,Completed,,0,0,0,0,0,0,0,0,0,30,0,0,0,0,0,70,0,0,0,vehicle.lincoln.mkz2017,,,,,,,83.5987382609463,,10,100,100,1,120,0,84.9500012658536,567.354389429092,none,Default,30,0,0,0,0,70,0,0,0,0
139,5,RouteScenario_3_5,Completed,,0,0,0,0,0,0,0,0,0,30,0,0,0,0,0,70,0,0,0,vehicle.lincoln.mkz2017,,,,,,,326.462894547121,,10,100,100,1,120,0,99.3000014796853,557.808388471603,none,Default,30,0,0,0,0,70,0,0,0,0
140,2,RouteScenario_3_2,Completed,,0,0,0,0,0,0,0,0,0,30,0,0,0,0,0,70,0,0,0,vehicle.lincoln.mkz2017,,,,,,,310.514999376331,,10,100,100,1,120,0,68.6500010229647,406.233534097672,none,Default,30,0,0,0,0,70,0,0,0,0
141,4,RouteScenario_3_4,Completed,,0,0,0,0,0,0,0,0,0,30,0,0,0,0,0,70,0,0,0,vehicle.lincoln.mkz2017,,,,,,,334.390023293839,,10,100,100,1,120,0,163.50000243634,1012.45638895035,none,Default,30,0,0,0,0,70,0,0,0,0
142,3,RouteScenario_3_3,Completed,,0,0,0,0,0,0,0,0,0,30,0,0,0,0,0,70,0,0,0,vehicle.lincoln.mkz2017,,,,,,,78.9935253393565,,10,100,100,1,120,0,50.7000007554889,361.684393167496,none,Default,30,0,0,0,0,70,0,0,0,0
143,0,RouteScenario_3_0,Completed,,0,0,0,0,0,0,0,0,0,30,0,0,0,0,0,70,0,0,0,vehicle.lincoln.mkz2017,,,,,,,316.482082994457,,10,100,100,1,120,0,165.550002466887,1003.42629480362,none,Default,30,0,0,0,0,70,0,0,0,0
144,38,RouteScenario_4_38,Completed,,0,0,0,0,0,0,0,0,0,30,0,0,0,0,0,70,0,0,0,vehicle.lincoln.mkz2017,,,,,,,61.9475762241984,,10,100,100,1,120,0,76.7000011429191,476.809023618698,none,Default,30,0,0,0,0,70,0,0,0,0
145,40,RouteScenario_4_40,Completed,,0,0,0,0,0,0,0,0,0,30,0,0,0,0,0,70,0,0,0,vehicle.lincoln.mkz2017,,,,,,,55.7125183477149,,10,100,100,1,120,0,21.3000003173947,144.488447904587,none,Default,30,0,0,0,0,70,0,0,0,0
146,44,RouteScenario_4_44,Completed,,0,0,0,0,0,0,0,0,0,30,0,0,0,0,0,70,0,0,0,vehicle.lincoln.mkz2017,,,,,,,55.411215562172,,10,100,100,1,120,0,64.1000009551644,400.76300406456,none,Default,30,0,0,0,0,70,0,0,0,0
147,29,RouteScenario_4_29,Completed,,0,0,0,0,0,0,0,0,0,30,0,0,0,0,0,70,0,0,0,vehicle.lincoln.mkz2017,,,,,,,61.58523811689,,10,100,100,1,120,0,45.4500006772578,326.00985789299,none,Default,30,0,0,0,0,70,0,0,0,0
148,27,RouteScenario_4_27,Completed,,0,0,0,0,0,0,0,0,0,30,0,0,0,0,0,70,0,0,0,vehicle.lincoln.mkz2017,,,,,,,60.8562374441557,,10,100,100,1,120,0,34.2500005103648,220.208713293076,none,Default,30,0,0,0,0,70,0,0,0,0
149,47,RouteScenario_4_47,Completed,,0,0,0,0,0,0,0,0,0,30,0,0,0,0,0,70,0,0,0,vehicle.lincoln.mkz2017,,,,,,,60.5713627250422,,10,100,100,1,120,0,30.2000004500151,189.762819290161,none,Default,30,0,0,0,0,70,0,0,0,0
150,43,RouteScenario_4_43,Completed,,0,0,0,0,0,0,0,0,0,30,0,0,0,0,0,70,0,0,0,vehicle.lincoln.mkz2017,,,,,,,61.6855587978245,,10,100,100,1,120,0,45.9500006847084,272.098493814468,none,Default,30,0,0,0,0,70,0,0,0,0
151,1,RouteScenario_4_1,Completed,,0,0,0,0,0,0,0,0,0,30,0,0,0,0,0,70,0,0,0,vehicle.lincoln.mkz2017,,,,,,,55.4161604333607,,10,100,100,1,120,0,61.8500009216368,407.722108125687,none,Default,30,0,0,0,0,70,0,0,0,0
152,15,RouteScenario_4_15,Completed,,0,0,0,0,0,0,0,0,0,30,0,0,0,0,0,70,0,0,0,vehicle.lincoln.mkz2017,,,,,,,55.2958615135455,,10,100,100,1,120,0,55.9000008329749,383.673251867294,none,Default,30,0,0,0,0,70,0,0,0,0
153,36,RouteScenario_4_36,Completed,,0,0,0,0,0,0,0,0,0,30,0,0,0,0,0,70,0,0,0,vehicle.lincoln.mkz2017,,,,,,,61.0017801850379,,10,100,100,1,120,0,30.9000004604459,182.972577095032,none,Default,30,0,0,0,0,70,0,0,0,0
154,22,RouteScenario_4_22,Completed,,0,0,0,0,0,0,0,0,0,30,0,0,0,0,0,70,0,0,0,vehicle.lincoln.mkz2017,,,,,,,60.8378172631538,,10,100,100,1,120,0,51.0500007607043,359.234713315964,none,Default,30,0,0,0,0,70,0,0,0,0
155,35,RouteScenario_4_35,Completed,,0,0,0,0,0,0,0,0,0,30,0,0,0,0,0,70,0,0,0,vehicle.lincoln.mkz2017,,,,,,,60.9279205505372,,10,100,100,1,120,0,29.0500004328787,157.357368946075,none,Default,30,0,0,0,0,70,0,0,0,0
156,24,RouteScenario_4_24,Completed,,0,0,0,0,0,0,0,0,0,30,0,0,0,0,0,70,0,0,0,vehicle.lincoln.mkz2017,,,,,,,55.246532624805,,10,100,100,1,120,0,25.9000003859401,137.144618988037,none,Default,30,0,0,0,0,70,0,0,0,0
157,5,RouteScenario_4_5,Completed,,0,0,0,0,0,0,0,0,0,30,0,0,0,0,0,70,0,0,0,vehicle.lincoln.mkz2017,,,,,,,55.5982310608942,,10,100,100,1,120,0,52.7500007860363,317.181694507599,none,Default,30,0,0,0,0,70,0,0,0,0
158,25,RouteScenario_4_25,Completed,,0,0,0,0,0,0,0,0,0,30,0,0,0,0,0,70,0,0,0,vehicle.lincoln.mkz2017,,,,,,,60.9030674753945,,10,100,100,1,120,0,47.2500007040799,348.375916481018,none,Default,30,0,0,0,0,70,0,0,0,0
159,12,RouteScenario_4_12,Completed,,0,0,0,0,0,0,0,0,0,30,0,0,0,0,0,70,0,0,0,vehicle.lincoln.mkz2017,,,,,,,60.6975830730111,,10,100,100,1,120,0,45.8000006824732,277.312205553055,none,Default,30,0,0,0,0,70,0,0,0,0
160,19,RouteScenario_4_19,Completed,,0,0,0,0,0,0,0,0,0,30,0,0,0,0,0,70,0,0,0,vehicle.lincoln.mkz2017,,,,,,,55.9449379255595,,10,100,100,1,120,0,26.2000003904104,143.009828090668,none,Default,30,0,0,0,0,70,0,0,0,0
161,2,RouteScenario_4_2,Completed,,0,0,0,0,0,0,0,0,0,30,0,0,0,0,0,70,0,0,0,vehicle.lincoln.mkz2017,,,,,,,61.0937473931621,,10,100,100,1,120,0,29.8500004447997,206.340127468109,none,Default,30,0,0,0,0,70,0,0,0,0
162,33,RouteScenario_4_33,Completed,,0,0,0,0,0,0,0,0,0,30,0,0,0,0,0,70,0,0,0,vehicle.lincoln.mkz2017,,,,,,,60.9280220394555,,10,100,100,1,120,0,45.9000006839633,257.228423118591,none,Default,30,0,0,0,0,70,0,0,0,0
163,7,RouteScenario_4_7,Completed,,0,0,0,0,0,0,0,0,0,30,0,0,0,0,0,70,0,0,0,vehicle.lincoln.mkz2017,,,,,,,60.4144769282656,,10,100,100,1,120,0,31.2500004656613,192.333905935287,none,Default,30,0,0,0,0,70,0,0,0,0
164,45,RouteScenario_4_45,Completed,,0,0,0,0,0,0,0,0,0,30,0,0,0,0,0,70,0,0,0,vehicle.lincoln.mkz2017,,,,,,,61.0679382908354,,10,100,100,1,120,0,45.5500006787479,321.798539161682,none,Default,30,0,0,0,0,70,0,0,0,0
165,28,RouteScenario_4_28,Completed,,0,0,0,0,0,0,0,0,0,30,0,0,0,0,0,70,0,0,0,vehicle.lincoln.mkz2017,,,,,,,61.2653992918667,,10,100,100,1,120,0,28.3500004224479,162.780618190765,none,Default,30,0,0,0,0,70,0,0,0,0
166,46,RouteScenario_4_46,Completed,,0,0,0,0,0,0,0,0,0,30,0,0,0,0,0,70,0,0,0,vehicle.lincoln.mkz2017,,,,,,,54.9144776048236,,10,100,100,1,120,0,41.2000006139278,293.618356227875,none,Default,30,0,0,0,0,70,0,0,0,0
167,30,RouteScenario_4_30,Completed,,0,0,0,0,0,0,0,0,0,30,0,0,0,0,0,70,0,0,0,vehicle.lincoln.mkz2017,,,,,,,55.9272196240984,,10,100,100,1,120,0,30.2500004507601,187.847406625748,none,Default,30,0,0,0,0,70,0,0,0,0
168,17,RouteScenario_4_17,Completed,,0,0,0,0,0,0,0,0,0,30,0,0,0,0,0,70,0,0,0,vehicle.lincoln.mkz2017,,,,,,,55.2509088469579,,10,100,100,1,120,0,61.0000009089708,418.679307222366,none,Default,30,0,0,0,0,70,0,0,0,0
169,18,RouteScenario_4_18,Completed,,0,0,0,0,0,0,0,0,0,30,0,0,0,0,0,70,0,0,0,vehicle.lincoln.mkz2017,,,,,,,61.5983003867138,,10,100,100,1,120,0,61.8000009208918,397.969860553742,none,Default,30,0,0,0,0,70,0,0,0,0
170,34,RouteScenario_4_34,Completed,,0,0,0,0,0,0,0,0,0,30,0,0,0,0,0,70,0,0,0,vehicle.lincoln.mkz2017,,,,,,,55.2693469423156,,10,100,100,1,120,0,18.100000269711,120.802325725555,none,Default,30,0,0,0,0,70,0,0,0,0
171,11,RouteScenario_4_11,Completed,,0,0,0,0,0,0,0,0,0,30,0,0,0,0,0,70,0,0,0,vehicle.lincoln.mkz2017,,,,,,,60.9010176915778,,10,100,100,1,120,0,29.5500004403293,161.927623271942,none,Default,30,0,0,0,0,70,0,0,0,0
172,13,RouteScenario_4_13,Completed,,0,0,0,0,0,0,0,0,0,30,0,0,0,0,0,70,0,0,0,vehicle.lincoln.mkz2017,,,,,,,55.0414164576002,,10,100,100,1,120,0,47.8500007130206,279.596979379654,none,Default,30,0,0,0,0,70,0,0,0,0
173,4,RouteScenario_4_4,Completed,,0,0,0,0,0,0,0,0,0,30,0,0,0,0,0,70,0,0,0,vehicle.lincoln.mkz2017,,,,,,,54.7560718433674,,10,100,100,1,120,0,19.800000295043,124.524554729462,none,Default,30,0,0,0,0,70,0,0,0,0
174,6,RouteScenario_4_6,Completed,,0,0,0,0,0,0,0,0,0,30,0,0,0,0,0,70,0,0,0,vehicle.lincoln.mkz2017,,,,,,,61.2532597136652,,10,100,100,1,120,0,42.1000006273389,280.039723873138,none,Default,30,0,0,0,0,70,0,0,0,0
175,16,RouteScenario_4_16,Completed,,0,0,0,0,0,0,0,0,0,30,0,0,0,0,0,70,0,0,0,vehicle.lincoln.mkz2017,,,,,,,60.9108974057898,,10,100,100,1,120,0,34.3500005118549,191.248690605164,none,Default,30,0,0,0,0,70,0,0,0,0
176,23,RouteScenario_4_23,Completed,,0,0,0,0,0,0,0,0,0,30,0,0,0,0,0,70,0,0,0,vehicle.lincoln.mkz2017,,,,,,,55.1791221263788,,10,100,100,1,120,0,25.5000003799796,139.755058288574,none,Default,30,0,0,0,0,70,0,0,0,0
177,42,RouteScenario_4_42,Completed,,0,0,0,0,0,0,0,0,0,30,0,0,0,0,0,70,0,0,0,vehicle.lincoln.mkz2017,,,,,,,56.0266629865779,,10,100,100,1,120,0,47.7000007107854,310.332904100418,none,Default,30,0,0,0,0,70,0,0,0,0
178,8,RouteScenario_4_8,Completed,,0,0,0,0,0,0,0,0,0,30,0,0,0,0,0,70,0,0,0,vehicle.lincoln.mkz2017,,,,,,,61.7513111190818,,10,100,100,1,120,0,41.7000006213784,280.086851596832,none,Default,30,0,0,0,0,70,0,0,0,0
179,31,RouteScenario_4_31,Completed,,0,0,0,0,0,0,0,0,0,30,0,0,0,0,0,70,0,0,0,vehicle.lincoln.mkz2017,,,,,,,55.6100996929839,,10,100,100,1,120,0,15.9000002369285,97.7863717079163,none,Default,30,0,0,0,0,70,0,0,0,0
180,39,RouteScenario_4_39,Completed,,0,0,0,0,0,0,0,0,0,30,0,0,0,0,0,70,0,0,0,vehicle.lincoln.mkz2017,,,,,,,56.2904176138406,,10,100,100,1,120,0,26.8000003993511,160.540264129639,none,Default,30,0,0,0,0,70,0,0,0,0
181,14,RouteScenario_4_14,Completed,,0,0,0,0,0,0,0,0,0,30,0,0,0,0,0,70,0,0,0,vehicle.lincoln.mkz2017,,,,,,,60.9533725806078,,10,100,100,1,120,0,30.5500004552305,178.150567531586,none,Default,30,0,0,0,0,70,0,0,0,0
182,20,RouteScenario_4_20,Completed,,0,0,0,0,0,0,0,0,0,30,0,0,0,0,0,70,0,0,0,vehicle.lincoln.mkz2017,,,,,,,61.163920233194,,10,100,100,1,120,0,28.450000423938,170.186044454575,none,Default,30,0,0,0,0,70,0,0,0,0
183,3,RouteScenario_4_3,Completed,,0,0,0,0,0,0,0,0,0,30,0,0,0,0,0,70,0,0,0,vehicle.lincoln.mkz2017,,,,,,,55.4331178576471,,10,100,100,1,120,0,23.3500003479421,152.510910987854,none,Default,30,0,0,0,0,70,0,0,0,0
184,10,RouteScenario_4_10,Completed,,0,0,0,0,0,0,0,0,0,30,0,0,0,0,0,70,0,0,0,vehicle.lincoln.mkz2017,,,,,,,55.2446401601069,,10,100,100,1,120,0,15.3000002279878,109.051967144012,none,Default,30,0,0,0,0,70,0,0,0,0
185,21,RouteScenario_4_21,Completed,,0,0,0,0,0,0,0,0,0,30,0,0,0,0,0,70,0,0,0,vehicle.lincoln.mkz2017,,,,,,,55.5078029415204,,10,100,100,1,120,0,18.0000002682209,109.368900537491,none,Default,30,0,0,0,0,70,0,0,0,0
186,41,RouteScenario_4_41,Completed,,0,0,0,0,0,0,0,0,0,30,0,0,0,0,0,70,0,0,0,vehicle.lincoln.mkz2017,,,,,,,61.3671426310995,,10,100,100,1,120,0,61.2500009126961,343.241137504578,none,Default,30,0,0,0,0,70,0,0,0,0
187,37,RouteScenario_4_37,Completed,,0,0,0,0,0,0,0,0,0,30,0,0,0,0,0,70,0,0,0,vehicle.lincoln.mkz2017,,,,,,,55.3444714488046,,10,100,100,1,120,0,37.2000005543232,259.897162437439,none,Default,30,0,0,0,0,70,0,0,0,0
188,32,RouteScenario_4_32,Completed,,0,0,0,0,0,0,0,0,0,30,0,0,0,0,0,70,0,0,0,vehicle.lincoln.mkz2017,,,,,,,55.2729072870563,,10,100,100,1,120,0,27.1500004045665,152.154162883759,none,Default,30,0,0,0,0,70,0,0,0,0
189,26,RouteScenario_4_26,Completed,,0,0,0,0,0,0,0,0,0,30,0,0,0,0,0,70,0,0,0,vehicle.lincoln.mkz2017,,,,,,,55.1992774726341,,10,100,100,1,120,0,46.500000692904,311.902629137039,none,Default,30,0,0,0,0,70,0,0,0,0
190,9,RouteScenario_4_9,Completed,,0,0,0,0,0,0,0,0,0,30,0,0,0,0,0,70,0,0,0,vehicle.lincoln.mkz2017,,,,,,,56.0943868973,,10,100,100,1,120,0,27.0500004030764,150.882123231888,none,Default,30,0,0,0,0,70,0,0,0,0
191,0,RouteScenario_4_0,Completed,,0,0,0,0,0,0,0,0,0,30,0,0,0,0,0,70,0,0,0,vehicle.lincoln.mkz2017,,,,,,,61.0692029250401,,10,100,100,1,120,0,61.5500009171665,377.976020336151,none,Default,30,0,0,0,0,70,0,0,0,0
192,40,RouteScenario_7_40,Completed,,0,0,0,0,0,0,0,0,0,30,0,0,0,0,0,70,0,0,0,vehicle.lincoln.mkz2017,,,,,,,82.6000177593693,,10,100,100,1,120,0,22.6500003375113,162.433523654938,none,Default,30,0,0,0,0,70,0,0,0,0
193,27,RouteScenario_7_27,Completed,,0,0,0,0,0,0,0,0,0,30,0,0,0,0,0,70,0,0,0,vehicle.lincoln.mkz2017,,,,,,,83.1199803317866,,10,100,100,1,120,0,22.7000003382564,147.331489801407,none,Default,30,0,0,0,0,70,0,0,0,0
194,43,RouteScenario_7_43,Failed,,0,0,1,0,0,0,0,0,0,30,0,0,0,0,0,70,0,0,0,vehicle.lincoln.mkz2017,,,,,,,83.5100097430599,,10,42.4874340321117,25.492460419267,0.6,120,0,48.0000007152557,298.17608833313,collisions_vehicle,Default,30,0,0,0,0,70,0,0,0,0
195,1,RouteScenario_7_1,Completed,,0,0,0,0,0,0,0,0,0,30,0,0,0,0,0,70,0,0,0,vehicle.lincoln.mkz2017,,,,,,,82.18000091525,,10,100,100,1,120,0,70.5000010505319,478.418417930603,none,Default,30,0,0,0,0,70,0,0,0,0
196,22,RouteScenario_7_22,Completed,,0,0,0,0,0,0,0,0,0,30,0,0,0,0,0,70,0,0,0,vehicle.lincoln.mkz2017,,,,,,,82.0000009476335,,10,100,100,1,120,0,24.6500003673136,144.743250131607,none,Default,30,0,0,0,0,70,0,0,0,0
197,65,RouteScenario_7_65,Completed,,0,0,0,0,0,0,0,0,0,30,0,0,0,0,0,70,0,0,0,vehicle.lincoln.mkz2017,,,,,,,82.6099985312579,,10,100,100,1,120,0,25.1500003747642,148.517256259918,none,Default,30,0,0,0,0,70,0,0,0,0
198,64,RouteScenario_7_64,Completed,,0,0,0,0,0,0,0,0,0,30,0,0,0,0,0,70,0,0,0,vehicle.lincoln.mkz2017,,,,,,,82.6100023459545,,10,100,100,1,120,0,49.8500007428229,352.623082637787,none,Default,30,0,0,0,0,70,0,0,0,0
199,33,RouteScenario_7_33,Completed,,0,0,0,0,0,0,0,0,0,30,0,0,0,0,0,70,0,0,0,vehicle.lincoln.mkz2017,,,,,,,81.9791512056177,,10,100,100,1,120,0,36.3500005416572,205.908174514771,none,Default,30,0,0,0,0,70,0,0,0,0
200,7,RouteScenario_7_7,Completed,,0,0,0,0,0,0,0,0,0,30,0,0,0,0,0,70,0,0,0,vehicle.lincoln.mkz2017,,,,,,,81.9999933182391,,10,100,100,1,120,0,53.8500008024275,321.735686779022,none,Default,30,0,0,0,0,70,0,0,0,0
201,56,RouteScenario_7_56,Completed,,0,0,0,0,0,0,0,0,0,30,0,0,0,0,0,70,0,0,0,vehicle.lincoln.mkz2017,,,,,,,83.310857099776,,10,100,100,1,120,0,23.4000003486872,131.031189918518,none,Default,30,0,0,0,0,70,0,0,0,0
202,17,RouteScenario_7_17,Completed,,0,0,0,0,0,0,0,0,0,30,0,0,0,0,0,70,0,0,0,vehicle.lincoln.mkz2017,,,,,,,83.089996226047,,10,100,100,1,120,0,47.9500007145107,279.162411689758,none,Default,30,0,0,0,0,70,0,0,0,0
203,6,RouteScenario_7_6,Completed,,0,0,0,0,0,0,0,0,0,30,0,0,0,0,0,70,0,0,0,vehicle.lincoln.mkz2017,,,,,,,81.9999933182391,,10,100,100,1,120,0,32.0500004775822,197.783085584641,none,Default,30,0,0,0,0,70,0,0,0,0
204,57,RouteScenario_7_57,Completed,,0,0,0,0,0,0,0,0,0,30,0,0,0,0,0,70,0,0,0,vehicle.lincoln.mkz2017,,,,,,,83.3091252272636,,10,100,100,1,120,0,29.5000004395842,195.384012937546,none,Default,30,0,0,0,0,70,0,0,0,0
205,16,RouteScenario_7_16,Completed,,0,0,0,0,0,0,0,0,0,30,0,0,0,0,0,70,0,0,0,vehicle.lincoln.mkz2017,,,,,,,83.089996226047,,10,100,100,1,120,0,32.5000004842877,198.51056432724,none,Default,30,0,0,0,0,70,0,0,0,0
206,23,RouteScenario_7_23,Completed,,0,0,0,0,0,0,0,0,0,30,0,0,0,0,0,70,0,0,0,vehicle.lincoln.mkz2017,,,,,,,82.0000009476335,,10,100,100,1,120,0,100.500001497567,676.802688360214,none,Default,30,0,0,0,0,70,0,0,0,0
207,42,RouteScenario_7_42,Completed,,0,0,0,0,0,0,0,0,0,30,0,0,0,0,0,70,0,0,0,vehicle.lincoln.mkz2017,,,,,,,83.5100097430599,,10,100,100,1,120,0,32.5500004850328,216.270571708679,none,Default,30,0,0,0,0,70,0,0,0,0
208,69,RouteScenario_7_69,Completed,,0,0,0,0,0,0,0,0,0,30,0,0,0,0,0,70,0,0,0,vehicle.lincoln.mkz2017,,,,,,,82.0000047623307,,10,100,100,1,120,0,22.8000003397465,173.419896841049,none,Default,30,0,0,0,0,70,0,0,0,0
209,53,RouteScenario_7_53,Completed,,0,0,0,0,0,0,0,0,0,30,0,0,0,0,0,70,0,0,0,vehicle.lincoln.mkz2017,,,,,,,82.0099792480469,,10,100,100,1,120,0,23.3500003479421,159.907028913498,none,Default,30,0,0,0,0,70,0,0,0,0
210,41,RouteScenario_7_41,Completed,,0,0,0,0,0,0,0,0,0,30,0,0,0,0,0,70,0,0,0,vehicle.lincoln.mkz2017,,,,,,,82.6000177588627,,10,100,100,1,120,0,22.400000333786,118.366615533829,none,Default,30,0,0,0,0,70,0,0,0,0
211,32,RouteScenario_7_32,Completed,,0,0,0,0,0,0,0,0,0,30,0,0,0,0,0,70,0,0,0,vehicle.lincoln.mkz2017,,,,,,,81.9808678192583,,10,100,100,1,120,0,25.0500003732741,164.316201210022,none,Default,30,0,0,0,0,70,0,0,0,0
212,52,RouteScenario_7_52,Completed,,0,0,0,0,0,0,0,0,0,30,0,0,0,0,0,70,0,0,0,vehicle.lincoln.mkz2017,,,,,,,82.0099792480469,,10,100,100,1,120,0,26.8000003993511,147.90039229393,none,Default,30,0,0,0,0,70,0,0,0,0
213,26,RouteScenario_7_26,Completed,,0,0,0,0,0,0,0,0,0,30,0,0,0,0,0,70,0,0,0,vehicle.lincoln.mkz2017,,,,,,,83.1199803317866,,10,100,100,1,120,0,76.7500011436641,460.200251102448,none,Default,30,0,0,0,0,70,0,0,0,0
214,68,RouteScenario_7_68,Completed,,0,0,0,0,0,0,0,0,0,30,0,0,0,0,0,70,0,0,0,vehicle.lincoln.mkz2017,,,,,,,82.0000009476335,,10,100,100,1,120,0,61.9000009223819,346.306144475937,none,Default,30,0,0,0,0,70,0,0,0,0
215,0,RouteScenario_7_0,Completed,,0,0,0,0,0,0,0,0,0,30,0,0,0,0,0,70,0,0,0,vehicle.lincoln.mkz2017,,,,,,,82.18000091525,,10,100,100,1,120,0,22.400000333786,165.761837244034,none,Default,30,0,0,0,0,70,0,0,0,0
216,44,RouteScenario_8_44,Completed,,0,0,0,0,0,0,0,0,0,30,0,0,0,0,0,70,0,0,0,vehicle.lincoln.mkz2017,,,,,,,61.2653992918667,,10,100,100,1,120,0,32.700000487268,200.97195315361,none,Default,30,0,0,0,0,70,0,0,0,0
217,15,RouteScenario_8_15,Completed,,0,0,0,0,0,0,0,0,0,30,0,0,0,0,0,70,0,0,0,vehicle.lincoln.mkz2017,,,,,,,60.9010176915778,,10,100,100,1,120,0,27.4000004082918,160.890816926956,none,Default,30,0,0,0,0,70,0,0,0,0
218,58,RouteScenario_8_58,Completed,,0,0,0,0,0,0,0,0,0,30,0,0,0,0,0,70,0,0,0,vehicle.lincoln.mkz2017,,,,,,,61.9475762241984,,10,100,100,1,120,0,76.6000011414289,522.856932640076,none,Default,30,0,0,0,0,70,0,0,0,0
219,24,RouteScenario_8_24,Completed,,0,0,0,0,0,0,0,0,0,30,0,0,0,0,0,70,0,0,0,vehicle.lincoln.mkz2017,,,,,,,60.9108974057898,,10,100,100,1,120,0,38.9500005804002,239.515615224838,none,Default,30,0,0,0,0,70,0,0,0,0
220,49,RouteScenario_8_49,Completed,,0,0,0,0,0,0,0,0,0,30,0,0,0,0,0,70,0,0,0,vehicle.lincoln.mkz2017,,,,,,,60.9280220394555,,10,100,100,1,120,0,26.6000003963709,164.586626768112,none,Default,30,0,0,0,0,70,0,0,0,0
221,12,RouteScenario_8_12,Completed,,0,0,0,0,0,0,0,0,0,30,0,0,0,0,0,70,0,0,0,vehicle.lincoln.mkz2017,,,,,,,61.7513111190818,,10,100,100,1,120,0,23.0000003427267,150.528535842896,none,Default,30,0,0,0,0,70,0,0,0,0
222,2,RouteScenario_8_2,Completed,,0,0,0,0,0,0,0,0,0,30,0,0,0,0,0,70,0,0,0,vehicle.lincoln.mkz2017,,,,,,,61.0692029250401,,10,100,100,1,120,0,63.5000009462237,402.625429868698,none,Default,30,0,0,0,0,70,0,0,0,0
223,45,RouteScenario_8_45,Completed,,0,0,0,0,0,0,0,0,0,30,0,0,0,0,0,70,0,0,0,vehicle.lincoln.mkz2017,,,,,,,61.58523811689,,10,100,100,1,120,0,23.0500003434718,149.933864831924,none,Default,30,0,0,0,0,70,0,0,0,0
224,28,RouteScenario_8_28,Completed,,0,0,0,0,0,0,0,0,0,30,0,0,0,0,0,70,0,0,0,vehicle.lincoln.mkz2017,,,,,,,61.5983003867138,,10,100,100,1,120,0,61.8500009216368,443.542387723923,none,Default,30,0,0,0,0,70,0,0,0,0
225,30,RouteScenario_8_30,Completed,,0,0,0,0,0,0,0,0,0,30,0,0,0,0,0,70,0,0,0,vehicle.lincoln.mkz2017,,,,,,,61.163920233194,,10,100,100,1,120,0,26.3000003919005,144.96084022522,none,Default,30,0,0,0,0,70,0,0,0,0
226,18,RouteScenario_8_18,Completed,,0,0,0,0,0,0,0,0,0,30,0,0,0,0,0,70,0,0,0,vehicle.lincoln.mkz2017,,,,,,,60.6975830730111,,10,100,100,1,120,0,22.7500003390014,149.702034711838,none,Default,30,0,0,0,0,70,0,0,0,0
227,34,RouteScenario_8_34,Completed,,0,0,0,0,0,0,0,0,0,30,0,0,0,0,0,70,0,0,0,vehicle.lincoln.mkz2017,,,,,,,60.8378172631538,,10,100,100,1,120,0,26.6500003971159,180.540825605392,none,Default,30,0,0,0,0,70,0,0,0,0
228,11,RouteScenario_8_11,Completed,,0,0,0,0,0,0,0,0,0,30,0,0,0,0,0,70,0,0,0,vehicle.lincoln.mkz2017,,,,,,,60.4144769282656,,10,100,100,1,120,0,37.1500005535781,240.172181367874,none,Default,30,0,0,0,0,70,0,0,0,0
229,4,RouteScenario_8_4,Completed,,0,0,0,0,0,0,0,0,0,30,0,0,0,0,0,70,0,0,0,vehicle.lincoln.mkz2017,,,,,,,61.0937473931621,,10,100,100,1,120,0,29.4500004388392,208.564598560333,none,Default,30,0,0,0,0,70,0,0,0,0
230,67,RouteScenario_8_67,Completed,,0,0,0,0,0,0,0,0,0,30,0,0,0,0,0,70,0,0,0,vehicle.lincoln.mkz2017,,,,,,,61.0679382908354,,10,100,100,1,120,0,37.7000005617738,277.27448964119,none,Default,30,0,0,0,0,70,0,0,0,0
231,39,RouteScenario_8_39,Completed,,0,0,0,0,0,0,0,0,0,30,0,0,0,0,0,70,0,0,0,vehicle.lincoln.mkz2017,,,,,,,60.8562374441557,,10,100,100,1,120,0,26.4500003941357,161.452525615692,none,Default,30,0,0,0,0,70,0,0,0,0
232,71,RouteScenario_8_71,Completed,,0,0,0,0,0,0,0,0,0,30,0,0,0,0,0,70,0,0,0,vehicle.lincoln.mkz2017,,,,,,,60.5713627250422,,10,100,100,1,120,0,31.2500004656613,196.4221971035,none,Default,30,0,0,0,0,70,0,0,0,0
233,20,RouteScenario_8_20,Completed,,0,0,0,0,0,0,0,0,0,30,0,0,0,0,0,70,0,0,0,vehicle.lincoln.mkz2017,,,,,,,60.9533725806078,,10,100,100,1,120,0,31.2500004656613,194.206732749939,none,Default,30,0,0,0,0,70,0,0,0,0
234,10,RouteScenario_8_10,Completed,,0,0,0,0,0,0,0,0,0,30,0,0,0,0,0,70,0,0,0,vehicle.lincoln.mkz2017,,,,,,,61.2532597136652,,10,100,100,1,120,0,29.1500004343688,190.202164649963,none,Default,30,0,0,0,0,70,0,0,0,0
235,61,RouteScenario_8_61,Completed,,0,0,0,0,0,0,0,0,0,30,0,0,0,0,0,70,0,0,0,vehicle.lincoln.mkz2017,,,,,,,61.3671426310995,,10,100,100,1,120,0,61.2000009119511,348.349372625351,none,Default,30,0,0,0,0,70,0,0,0,0
236,63,RouteScenario_8_63,Completed,,0,0,0,0,0,0,0,0,0,30,0,0,0,0,0,70,0,0,0,vehicle.lincoln.mkz2017,,,,,,,61.6855587978245,,10,100,100,1,120,0,22.3000003322959,134.105755090714,none,Default,30,0,0,0,0,70,0,0,0,0
237,37,RouteScenario_8_37,Completed,,0,0,0,0,0,0,0,0,0,30,0,0,0,0,0,70,0,0,0,vehicle.lincoln.mkz2017,,,,,,,60.9030674753945,,10,100,100,1,120,0,49.100000731647,330.335065126419,none,Default,30,0,0,0,0,70,0,0,0,0
238,51,RouteScenario_8_51,Completed,,0,0,0,0,0,0,0,0,0,30,0,0,0,0,0,70,0,0,0,vehicle.lincoln.mkz2017,,,,,,,60.9279205505372,,10,100,100,1,120,0,30.5500004552305,166.808418750763,none,Default,30,0,0,0,0,70,0,0,0,0
239,54,RouteScenario_8_54,Completed,,0,0,0,0,0,0,0,0,0,30,0,0,0,0,0,70,0,0,0,vehicle.lincoln.mkz2017,,,,,,,61.0017801850379,,10,100,100,1,120,0,30.0500004477799,161.723998308182,none,Default,30,0,0,0,0,70,0,0,0,0
240,38,RouteScenario_9_38,Completed,,0,0,0,0,0,0,0,0,0,30,0,0,0,0,0,70,0,0,0,vehicle.lincoln.mkz2017,,,,,,,55.1992774726341,,10,100,100,1,120,0,46.7000006958842,304.955240488052,none,Default,30,0,0,0,0,70,0,0,0,0
241,48,RouteScenario_9_48,Completed,,0,0,0,0,0,0,0,0,0,30,0,0,0,0,0,70,0,0,0,vehicle.lincoln.mkz2017,,,,,,,55.2729072870563,,10,100,100,1,120,0,21.8000003248453,128.689540863037,none,Default,30,0,0,0,0,70,0,0,0,0
242,29,RouteScenario_9_29,Completed,,0,0,0,0,0,0,0,0,0,30,0,0,0,0,0,70,0,0,0,vehicle.lincoln.mkz2017,,,,,,,55.9449379255595,,10,100,100,1,120,0,21.2000003159046,114.168944597244,none,Default,30,0,0,0,0,70,0,0,0,0
243,50,RouteScenario_9_50,Completed,,0,0,0,0,0,0,0,0,0,30,0,0,0,0,0,70,0,0,0,vehicle.lincoln.mkz2017,,,,,,,55.2693469423156,,10,100,100,1,120,0,22.1500003300607,155.484257221222,none,Default,30,0,0,0,0,70,0,0,0,0
244,47,RouteScenario_9_47,Completed,,0,0,0,0,0,0,0,0,0,30,0,0,0,0,0,70,0,0,0,vehicle.lincoln.mkz2017,,,,,,,55.6100996929839,,10,100,100,1,120,0,24.5000003650784,160.0981528759,none,Default,30,0,0,0,0,70,0,0,0,0
245,62,RouteScenario_9_62,Completed,,0,0,0,0,0,0,0,0,0,30,0,0,0,0,0,70,0,0,0,vehicle.lincoln.mkz2017,,,,,,,56.0266629865779,,10,100,100,1,120,0,48.6000007241964,284.225314378738,none,Default,30,0,0,0,0,70,0,0,0,0
246,36,RouteScenario_9_36,Completed,,0,0,0,0,0,0,0,0,0,30,0,0,0,0,0,70,0,0,0,vehicle.lincoln.mkz2017,,,,,,,55.246532624805,,10,100,100,1,120,0,21.0000003129244,116.031206130981,none,Default,30,0,0,0,0,70,0,0,0,0
247,35,RouteScenario_9_35,Completed,,0,0,0,0,0,0,0,0,0,30,0,0,0,0,0,70,0,0,0,vehicle.lincoln.mkz2017,,,,,,,55.1791221263788,,10,100,100,1,120,0,24.5500003658235,133.99813747406,none,Default,30,0,0,0,0,70,0,0,0,0
248,70,RouteScenario_9_70,Completed,,0,0,0,0,0,0,0,0,0,30,0,0,0,0,0,70,0,0,0,vehicle.lincoln.mkz2017,,,,,,,54.9144776048236,,10,100,100,1,120,0,41.7500006221235,296.047989606857,none,Default,30,0,0,0,0,70,0,0,0,0
249,5,RouteScenario_9_5,Completed,,0,0,0,0,0,0,0,0,0,30,0,0,0,0,0,70,0,0,0,vehicle.lincoln.mkz2017,,,,,,,55.4331178576471,,10,100,100,1,120,0,61.5000009164214,362.013240814209,none,Default,30,0,0,0,0,70,0,0,0,0
250,25,RouteScenario_9_25,Completed,,0,0,0,0,0,0,0,0,0,30,0,0,0,0,0,70,0,0,0,vehicle.lincoln.mkz2017,,,,,,,55.2509088469579,,10,100,100,1,120,0,61.8500009216368,450.20653796196,none,Default,30,0,0,0,0,70,0,0,0,0
251,19,RouteScenario_9_19,Completed,,0,0,0,0,0,0,0,0,0,30,0,0,0,0,0,70,0,0,0,vehicle.lincoln.mkz2017,,,,,,,55.0414164576002,,10,100,100,1,120,0,53.400000795722,323.790353775024,none,Default,30,0,0,0,0,70,0,0,0,0
252,55,RouteScenario_9_55,Completed,,0,0,0,0,0,0,0,0,0,30,0,0,0,0,0,70,0,0,0,vehicle.lincoln.mkz2017,,,,,,,55.3444714488046,,10,100,100,1,120,0,36.9500005505979,263.840146780014,none,Default,30,0,0,0,0,70,0,0,0,0
253,46,RouteScenario_9_46,Completed,,0,0,0,0,0,0,0,0,0,30,0,0,0,0,0,70,0,0,0,vehicle.lincoln.mkz2017,,,,,,,55.9272196240984,,10,100,100,1,120,0,21.9000003263354,131.379165410995,none,Default,30,0,0,0,0,70,0,0,0,0
254,13,RouteScenario_9_13,Completed,,0,0,0,0,0,0,0,0,0,30,0,0,0,0,0,70,0,0,0,vehicle.lincoln.mkz2017,,,,,,,56.0943868973,,10,100,100,1,120,0,22.3000003322959,130.202263593674,none,Default,30,0,0,0,0,70,0,0,0,0
255,8,RouteScenario_9_8,Completed,,0,0,0,0,0,0,0,0,0,30,0,0,0,0,0,70,0,0,0,vehicle.lincoln.mkz2017,,,,,,,54.7560718433674,,10,100,100,1,120,0,26.5500003956258,190.859426021576,none,Default,30,0,0,0,0,70,0,0,0,0
256,60,RouteScenario_9_60,Completed,,0,0,0,0,0,0,0,0,0,30,0,0,0,0,0,70,0,0,0,vehicle.lincoln.mkz2017,,,,,,,55.7125183477149,,10,100,100,1,120,0,26.4500003941357,193.414006233215,none,Default,30,0,0,0,0,70,0,0,0,0
257,31,RouteScenario_9_31,Completed,,0,0,0,0,0,0,0,0,0,30,0,0,0,0,0,70,0,0,0,vehicle.lincoln.mkz2017,,,,,,,55.5078029415204,,10,100,100,1,120,0,22.1500003300607,144.298007011414,none,Default,30,0,0,0,0,70,0,0,0,0
258,14,RouteScenario_9_14,Completed,,0,0,0,0,0,0,0,0,0,30,0,0,0,0,0,70,0,0,0,vehicle.lincoln.mkz2017,,,,,,,55.2446401601069,,10,100,100,1,120,0,21.3000003173947,149.342787265778,none,Default,30,0,0,0,0,70,0,0,0,0
259,3,RouteScenario_9_3,Completed,,0,0,0,0,0,0,0,0,0,30,0,0,0,0,0,70,0,0,0,vehicle.lincoln.mkz2017,,,,,,,55.4161604333607,,10,100,100,1,120,0,67.8500010110438,489.01330280304,none,Default,30,0,0,0,0,70,0,0,0,0
260,21,RouteScenario_9_21,Completed,,0,0,0,0,0,0,0,0,0,30,0,0,0,0,0,70,0,0,0,vehicle.lincoln.mkz2017,,,,,,,55.2958615135455,,10,100,100,1,120,0,25.7500003837049,182.358755111694,none,Default,30,0,0,0,0,70,0,0,0,0
261,66,RouteScenario_9_66,Completed,,0,0,0,0,0,0,0,0,0,30,0,0,0,0,0,70,0,0,0,vehicle.lincoln.mkz2017,,,,,,,55.411215562172,,10,100,100,1,120,0,61.6500009186566,356.270112276077,none,Default,30,0,0,0,0,70,0,0,0,0
262,9,RouteScenario_9_9,Completed,,0,0,0,0,0,0,0,0,0,30,0,0,0,0,0,70,0,0,0,vehicle.lincoln.mkz2017,,,,,,,55.5982310608942,,10,100,100,1,120,0,53.7500008009374,318.233895778656,none,Default,30,0,0,0,0,70,0,0,0,0
263,59,RouteScenario_9_59,Completed,,0,0,0,0,0,0,0,0,0,30,0,0,0,0,0,70,0,0,0,vehicle.lincoln.mkz2017,,,,,,,56.2904176138406,,10,100,100,1,120,0,23.0500003434718,136.720242977142,none,Default,30,0,0,0,0,70,0,0,0,0
264,1,RouteScenario_1_1,Failed - Agent timed out,,0,0,0,21.32,0,0,1,0,0,30,0,0,0,0,0,70,0,0,0,vehicle.bmw.isetta,,,,,,,83.5987382609463,,11,35.0876475951623,27.6076701282339,0.786820206551559,120,0,398.050005931407,3921.61305332184,none,Default,30,0,0,0,0,70,0,0,0,0
265,5,RouteScenario_1_5,Completed,,0,0,0,0.54,0,0,0,0,0,30,0,0,0,0,0,70,0,0,0,vehicle.bmw.isetta,,,,,,,326.462894547121,,11,100,99.4556752059188,0.994556752059188,120,0,94.5000014081597,735.784065723419,none,Default,30,0,0,0,0,70,0,0,0,0
266,2,RouteScenario_1_2,Completed,,0,0,0,2.42,0,0,0,0,0,30,0,0,0,0,0,70,0,0,0,vehicle.bmw.isetta,,,,,,,310.514999376331,,11,100,97.5799515447936,0.975799515447936,120,0,83.0500012375414,665.566151380539,none,Default,30,0,0,0,0,70,0,0,0,0
267,4,RouteScenario_1_4,Completed,,0,0,0,0,0,0,0,0,0,30,0,0,0,0,0,70,0,0,0,vehicle.bmw.isetta,,,,,,,334.390023293839,,11,100,100,1,120,0,126.450001884252,1059.02158498764,none,Default,30,0,0,0,0,70,0,0,0,0
268,3,RouteScenario_1_3,Failed,,1,0,0,0,0,0,0,0,0,30,0,0,0,0,0,70,0,0,0,vehicle.bmw.isetta,,,,,,,78.9935253393565,,11,25.9675989527683,16.8789393192994,0.65,120,0,6.35000009462237,53.3308515548706,collisions_layout,Default,30,0,0,0,0,70,0,0,0,0
269,0,RouteScenario_1_0,Completed,,0,0,0,0.66,0,0,0,0,0,30,0,0,0,0,0,70,0,0,0,vehicle.bmw.isetta,,,,,,,316.482082994457,,11,100,99.3401868315097,0.993401868315097,120,0,122.300001822412,1080.85926270485,none,Default,30,0,0,0,0,70,0,0,0,0
270,1,RouteScenario_3_1,Failed,,0,0,1,9.04,0,0,0,0,0,30,0,0,0,0,0,70,0,0,0,vehicle.bmw.isetta,,,,,,,83.5987382609463,,11,27.579352350609,15.0516219865949,0.545756905211103,120,0,20.1500003002584,181.14424943924,collisions_vehicle,Default,30,0,0,0,0,70,0,0,0,0
271,5,RouteScenario_3_5,Completed,,0,0,0,1.8,0,0,0,0,0,30,0,0,0,0,0,70,0,0,0,vehicle.bmw.isetta,,,,,,,326.462894547121,,11,100,98.1997665509964,0.981997665509964,120,0,142.850002128631,1173.46886777878,none,Default,30,0,0,0,0,70,0,0,0,0
272,2,RouteScenario_3_2,Failed - Agent got blocked,,0,0,0,0,0,0,0,0,1,30,0,0,0,0,0,70,0,0,0,vehicle.bmw.isetta,,,,,,,310.514999376331,,11,23.6551333905329,23.6551333905329,1,120,0,285.650004256517,2850.61245346069,none,Default,30,0,0,0,0,70,0,0,0,0
273,4,RouteScenario_3_4,Failed,,0,0,1,0,0,0,0,0,0,30,0,0,0,0,0,70,0,0,0,vehicle.bmw.isetta,,,,,,,334.390023293839,,11,0.292198972474333,0.1753193834846,0.6,120,0,3.00000004470348,25.3535313606262,collisions_vehicle,Default,30,0,0,0,0,70,0,0,0,0
274,3,RouteScenario_3_3,Failed,,1,0,0,0,0,0,0,0,0,30,0,0,0,0,0,70,0,0,0,vehicle.bmw.isetta,,,,,,,78.9935253393565,,11,25.9675989527683,16.8789393192994,0.65,120,0,6.40000009536743,51.990754365921,collisions_layout,Default,30,0,0,0,0,70,0,0,0,0
275,0,RouteScenario_3_0,Completed,,0,0,0,0,0,0,0,0,0,30,0,0,0,0,0,70,0,0,0,vehicle.bmw.isetta,,,,,,,316.482082994457,,11,100,100,1,120,0,72.9500010870397,616.718151092529,none,Default,30,0,0,0,0,70,0,0,0,0
276,38,RouteScenario_4_38,Completed,,0,0,0,0,0,0,0,0,0,30,0,0,0,0,0,70,0,0,0,vehicle.bmw.isetta,,,,,,,61.9475762241984,,11,100,100,1,120,0,76.4500011391938,685.21449303627,none,Default,30,0,0,0,0,70,0,0,0,0
277,40,RouteScenario_4_40,Failed,,1,0,0,0,0,0,0,0,0,30,0,0,0,0,0,70,0,0,0,vehicle.bmw.isetta,,,,,,,55.7125183477149,,11,47.8439441772139,31.098563715189,0.65,120,0,9.80000014603138,99.1814529895783,collisions_layout,Default,30,0,0,0,0,70,0,0,0,0
278,44,RouteScenario_4_44,Completed,,0,0,0,0,0,0,0,0,0,30,0,0,0,0,0,70,0,0,0,vehicle.bmw.isetta,,,,,,,55.411215562172,,11,100,100,1,120,0,66.1500009857118,534.138002634048,none,Default,30,0,0,0,0,70,0,0,0,0
279,29,RouteScenario_4_29,Completed,,0,0,0,0,0,0,0,0,0,30,0,0,0,0,0,70,0,0,0,vehicle.bmw.isetta,,,,,,,61.58523811689,,11,100,100,1,120,0,42.2500006295741,341.452480554581,none,Default,30,0,0,0,0,70,0,0,0,0
280,27,RouteScenario_4_27,Completed,,0,0,0,25.76,0,0,0,0,0,30,0,0,0,0,0,70,0,0,0,vehicle.bmw.isetta,,,,,,,60.8562374441557,,11,100,74.2401756475509,0.742401756475509,120,0,32.5000004842877,277.54918050766,none,Default,30,0,0,0,0,70,0,0,0,0
281,47,RouteScenario_4_47,Completed,,0,0,0,0,0,0,0,0,0,30,0,0,0,0,0,70,0,0,0,vehicle.bmw.isetta,,,,,,,60.5713627250422,,11,100,100,1,120,0,34.7000005170703,298.988493442535,none,Default,30,0,0,0,0,70,0,0,0,0
282,43,RouteScenario_4_43,Completed,,0,0,0,0,0,0,0,0,0,30,0,0,0,0,0,70,0,0,0,vehicle.bmw.isetta,,,,,,,61.6855587978245,,11,100,100,1,120,0,44.4500006623566,338.003363609314,none,Default,30,0,0,0,0,70,0,0,0,0
283,1,RouteScenario_4_1,Completed,,0,0,0,0,0,0,0,0,0,30,0,0,0,0,0,70,0,0,0,vehicle.bmw.isetta,,,,,,,55.4161604333607,,11,100,100,1,120,0,61.8500009216368,545.967093229294,none,Default,30,0,0,0,0,70,0,0,0,0
284,15,RouteScenario_4_15,Failed,,1,0,0,0,0,0,0,0,0,30,0,0,0,0,0,70,0,0,0,vehicle.bmw.isetta,,,,,,,55.2958615135455,,11,50.4826880791421,32.8137472514424,0.65,120,0,10.8000001609325,91.6612691879272,collisions_layout,Default,30,0,0,0,0,70,0,0,0,0
285,36,RouteScenario_4_36,Failed,,1,0,0,0,0,0,0,0,0,30,0,0,0,0,0,70,0,0,0,vehicle.bmw.isetta,,,,,,,61.0017801850379,,11,39.4355599044737,25.6331139379079,0.65,120,0,24.7500003688037,189.62588763237,collisions_layout,Default,30,0,0,0,0,70,0,0,0,0
286,22,RouteScenario_4_22,Completed,,0,0,0,0,0,0,0,0,0,30,0,0,0,0,0,70,0,0,0,vehicle.bmw.isetta,,,,,,,60.8378172631538,,11,100,100,1,120,0,45.5000006780028,404.058043479919,none,Default,30,0,0,0,0,70,0,0,0,0
287,35,RouteScenario_4_35,Completed,,0,0,0,12.59,0,0,0,0,0,30,0,0,0,0,0,70,0,0,0,vehicle.bmw.isetta,,,,,,,60.9279205505372,,11,100,87.4095632973023,0.874095632973023,120,0,35.8500005342066,278.049955606461,none,Default,30,0,0,0,0,70,0,0,0,0
288,24,RouteScenario_4_24,Completed,,0,0,0,0,0,0,0,0,0,30,0,0,0,0,0,70,0,0,0,vehicle.bmw.isetta,,,,,,,55.246532624805,,11,100,100,1,120,0,26.6500003971159,202.211414813995,none,Default,30,0,0,0,0,70,0,0,0,0
289,5,RouteScenario_4_5,Completed,,0,0,0,11.97,0,0,0,0,0,30,0,0,0,0,0,70,0,0,0,vehicle.bmw.isetta,,,,,,,55.5982310608942,,11,100,88.0253857506893,0.880253857506892,120,0,96.2000014334917,833.283304691315,none,Default,30,0,0,0,0,70,0,0,0,0
290,25,RouteScenario_4_25,Completed,,0,0,0,0,0,0,0,0,0,30,0,0,0,0,0,70,0,0,0,vehicle.bmw.isetta,,,,,,,60.9030674753945,,11,100,100,1,120,0,46.9000006988645,432.886827230454,none,Default,30,0,0,0,0,70,0,0,0,0
291,12,RouteScenario_4_12,Completed,,0,0,0,0,0,0,0,0,0,30,0,0,0,0,0,70,0,0,0,vehicle.bmw.isetta,,,,,,,60.6975830730111,,11,100,100,1,120,0,45.5500006787479,382.831297874451,none,Default,30,0,0,0,0,70,0,0,0,0
292,19,RouteScenario_4_19,Completed,,0,0,0,0,0,0,0,0,0,30,0,0,0,0,0,70,0,0,0,vehicle.bmw.isetta,,,,,,,55.9449379255595,,11,100,100,1,120,0,27.1500004045665,206.716426372528,none,Default,30,0,0,0,0,70,0,0,0,0
293,2,RouteScenario_4_2,Failed,,0,0,0,0,1,0,0,0,0,30,0,0,0,0,0,70,0,0,0,vehicle.bmw.isetta,,,,,,,61.0937473931621,,11,37.3493467764673,26.1445427435271,0.7,120,0,27.7000004127622,236.625791311264,red_light,Default,30,0,0,0,0,70,0,0,0,0
294,33,RouteScenario_4_33,Completed,,0,0,0,0,0,0,0,0,0,30,0,0,0,0,0,70,0,0,0,vehicle.bmw.isetta,,,,,,,60.9280220394555,,11,100,100,1,120,0,46.4000006914139,351.275156736374,none,Default,30,0,0,0,0,70,0,0,0,0
295,7,RouteScenario_4_7,Completed,,0,0,0,2.67,0,0,0,0,0,30,0,0,0,0,0,70,0,0,0,vehicle.bmw.isetta,,,,,,,60.4144769282656,,11,100,97.3274502224098,0.973274502224098,120,0,32.1000004783273,249.628211259842,none,Default,30,0,0,0,0,70,0,0,0,0
296,45,RouteScenario_4_45,Completed,,0,0,0,0,0,0,0,0,0,30,0,0,0,0,0,70,0,0,0,vehicle.bmw.isetta,,,,,,,61.0679382908354,,11,100,100,1,120,0,44.800000667572,409.722530841827,none,Default,30,0,0,0,0,70,0,0,0,0
297,28,RouteScenario_4_28,Completed,,0,0,0,0,0,0,0,0,0,30,0,0,0,0,0,70,0,0,0,vehicle.bmw.isetta,,,,,,,61.2653992918667,,11,100,100,1,120,0,29.6500004418194,227.40625333786,none,Default,30,0,0,0,0,70,0,0,0,0
298,46,RouteScenario_4_46,Completed,,0,0,0,0,0,0,0,0,0,30,0,0,0,0,0,70,0,0,0,vehicle.bmw.isetta,,,,,,,54.9144776048236,,11,100,100,1,120,0,34.6500005163252,293.604117631912,none,Default,30,0,0,0,0,70,0,0,0,0
299,30,RouteScenario_4_30,Failed,,1,0,0,0,0,0,0,0,0,30,0,0,0,0,0,70,0,0,0,vehicle.bmw.isetta,,,,,,,55.9272196240984,,11,63.0516703503576,40.9835857277324,0.65,120,0,21.9500003270805,167.724073410034,collisions_layout,Default,30,0,0,0,0,70,0,0,0,0
300,17,RouteScenario_4_17,Failed,,1,0,0,0,0,0,0,0,0,30,0,0,0,0,0,70,0,0,0,vehicle.bmw.isetta,,,,,,,55.2509088469579,,11,44.3017374640979,28.7961293516636,0.65,120,0,100.800001502037,915.703494071961,collisions_layout,Default,30,0,0,0,0,70,0,0,0,0
301,18,RouteScenario_4_18,Completed,,0,0,0,0,0,0,0,0,0,30,0,0,0,0,0,70,0,0,0,vehicle.bmw.isetta,,,,,,,61.5983003867138,,11,100,100,1,120,0,61.7000009194017,482.251691818237,none,Default,30,0,0,0,0,70,0,0,0,0
302,34,RouteScenario_4_34,Completed,,0,0,0,0,0,0,0,0,0,30,0,0,0,0,0,70,0,0,0,vehicle.bmw.isetta,,,,,,,55.2693469423156,,11,100,100,1,120,0,17.3000002577901,149.73117351532,none,Default,30,0,0,0,0,70,0,0,0,0
303,11,RouteScenario_4_11,Completed,,0,0,0,29.07,0,0,0,0,0,30,0,0,0,0,0,70,0,0,0,vehicle.bmw.isetta,,,,,,,60.9010176915778,,11,100,70.931241363964,0.70931241363964,120,0,32.9000004902482,283.802957296371,none,Default,30,0,0,0,0,70,0,0,0,0
304,13,RouteScenario_4_13,Completed,,0,0,0,21.97,0,0,0,0,0,30,0,0,0,0,0,70,0,0,0,vehicle.bmw.isetta,,,,,,,55.0414164576002,,11,100,78.0303004782253,0.780303004782253,120,0,50.7000007554889,405.723217725754,none,Default,30,0,0,0,0,70,0,0,0,0
305,4,RouteScenario_4_4,Failed,,1,0,0,0,0,0,0,0,0,30,0,0,0,0,0,70,0,0,0,vehicle.bmw.isetta,,,,,,,54.7560718433674,,11,58.2648888353989,37.8721777430093,0.65,120,0,14.7500002197921,131.746043682098,collisions_layout,Default,30,0,0,0,0,70,0,0,0,0
306,6,RouteScenario_4_6,Completed,,0,0,0,0,0,0,0,0,0,30,0,0,0,0,0,70,0,0,0,vehicle.bmw.isetta,,,,,,,61.2532597136652,,11,100,100,1,120,0,43.950000654906,362.142323255539,none,Default,30,0,0,0,0,70,0,0,0,0
307,16,RouteScenario_4_16,Failed,,1,0,0,0,0,0,0,0,0,30,0,0,0,0,0,70,0,0,0,vehicle.bmw.isetta,,,,,,,60.9108974057898,,11,43.9102475955553,28.541660937111,0.65,120,0,20.4000003039837,147.845678091049,collisions_layout,Default,30,0,0,0,0,70,0,0,0,0
308,23,RouteScenario_4_23,Failed,,1,0,0,7.06,0,0,0,0,0,30,0,0,0,0,0,70,0,0,0,vehicle.bmw.isetta,,,,,,,55.1791221263788,,11,47.8174971051117,28.8866986995206,0.604103109705267,120,0,18.5000002756715,138.794136762619,collisions_layout,Default,30,0,0,0,0,70,0,0,0,0
309,42,RouteScenario_4_42,Completed,,0,0,0,0,0,0,0,0,0,30,0,0,0,0,0,70,0,0,0,vehicle.bmw.isetta,,,,,,,56.0266629865779,,11,100,100,1,120,0,50.6000007539988,445.562042236328,none,Default,30,0,0,0,0,70,0,0,0,0
310,8,RouteScenario_4_8,Completed,,0,0,0,0,0,0,0,0,0,30,0,0,0,0,0,70,0,0,0,vehicle.bmw.isetta,,,,,,,61.7513111190818,,11,100,100,1,120,0,42.1500006280839,382.430814266205,none,Default,30,0,0,0,0,70,0,0,0,0
311,31,RouteScenario_4_31,Failed,,1,0,0,19.64,0,0,0,0,0,30,0,0,0,0,0,70,0,0,0,vehicle.bmw.isetta,,,,,,,55.6100996929839,,11,65.2360212505224,34.0750591995038,0.522335031265122,120,0,11.4500001706183,95.9391417503357,collisions_layout,Default,30,0,0,0,0,70,0,0,0,0
312,39,RouteScenario_4_39,Completed,,0,0,0,0,0,0,0,0,0,30,0,0,0,0,0,70,0,0,0,vehicle.bmw.isetta,,,,,,,56.2904176138406,,11,100,100,1,120,0,27.0500004030764,201.37991809845,none,Default,30,0,0,0,0,70,0,0,0,0
313,14,RouteScenario_4_14,Completed,,0,0,0,0,0,0,0,0,0,30,0,0,0,0,0,70,0,0,0,vehicle.bmw.isetta,,,,,,,60.9533725806078,,11,100,100,1,120,0,36.150000538677,307.528358221054,none,Default,30,0,0,0,0,70,0,0,0,0
314,20,RouteScenario_4_20,Completed,,0,0,0,0,0,0,0,0,0,30,0,0,0,0,0,70,0,0,0,vehicle.bmw.isetta,,,,,,,61.163920233194,,11,100,100,1,120,0,33.2500004954636,268.333370923996,none,Default,30,0,0,0,0,70,0,0,0,0
315,3,RouteScenario_4_3,Completed,,0,0,0,0,0,0,0,0,0,30,0,0,0,0,0,70,0,0,0,vehicle.bmw.isetta,,,,,,,55.4331178576471,,11,100,100,1,120,0,21.8500003255904,191.254474878311,none,Default,30,0,0,0,0,70,0,0,0,0
316,10,RouteScenario_4_10,Failed,,1,0,0,0,0,0,0,0,0,30,0,0,0,0,0,70,0,0,0,vehicle.bmw.isetta,,,,,,,55.2446401601069,,11,49.1206304199987,31.9284097729992,0.65,120,0,9.25000013783574,85.4976997375488,collisions_layout,Default,30,0,0,0,0,70,0,0,0,0
317,21,RouteScenario_4_21,Failed,,0,0,0,0,1,0,0,0,0,30,0,0,0,0,0,70,0,0,0,vehicle.bmw.isetta,,,,,,,55.5078029415204,,11,42.0902918729164,29.4632043110415,0.7,120,0,28.3000004217029,222.704778194427,red_light,Default,30,0,0,0,0,70,0,0,0,0
318,41,RouteScenario_4_41,Completed,,0,0,0,19.59,0,0,0,0,0,30,0,0,0,0,0,70,0,0,0,vehicle.bmw.isetta,,,,,,,61.3671426310995,,11,100,80.4068003400805,0.804068003400805,120,0,61.0500009097159,439.334670543671,none,Default,30,0,0,0,0,70,0,0,0,0
319,37,RouteScenario_4_37,Completed,,0,0,0,33.05,0,0,0,0,0,30,0,0,0,0,0,70,0,0,0,vehicle.bmw.isetta,,,,,,,55.3444714488046,,11,100,66.9460797671974,0.669460797671973,120,0,36.8000005483627,349.018402338028,none,Default,30,0,0,0,0,70,0,0,0,0
320,32,RouteScenario_4_32,Failed,,1,0,0,0,0,0,0,0,0,30,0,0,0,0,0,70,0,0,0,vehicle.bmw.isetta,,,,,,,55.2729072870563,,11,54.858857989803,35.658257693372,0.65,120,0,22.9500003419817,194.247532844543,collisions_layout,Default,30,0,0,0,0,70,0,0,0,0
321,26,RouteScenario_4_26,Completed,,0,0,0,0,0,0,0,0,0,30,0,0,0,0,0,70,0,0,0,vehicle.bmw.isetta,,,,,,,55.1992774726341,,11,100,100,1,120,0,46.3000006899238,374.27468585968,none,Default,30,0,0,0,0,70,0,0,0,0
322,9,RouteScenario_4_9,Completed,,0,0,0,0,0,0,0,0,0,30,0,0,0,0,0,70,0,0,0,vehicle.bmw.isetta,,,,,,,56.0943868973,,11,100,100,1,120,0,31.6500004716217,261.568398475647,none,Default,30,0,0,0,0,70,0,0,0,0
323,0,RouteScenario_4_0,Completed,,0,0,0,0,0,0,0,0,0,30,0,0,0,0,0,70,0,0,0,vehicle.bmw.isetta,,,,,,,61.0692029250401,,11,100,100,1,120,0,64.2000009566546,542.3615899086,none,Default,30,0,0,0,0,70,0,0,0,0
324,40,RouteScenario_7_40,Completed,,0,0,0,0,0,0,0,0,0,30,0,0,0,0,0,70,0,0,0,vehicle.bmw.isetta,,,,,,,82.6000177593693,,11,100,100,1,120,0,23.5000003501773,231.697472572327,none,Default,30,0,0,0,0,70,0,0,0,0
325,27,RouteScenario_7_27,Failed,,1,0,0,3,0,0,0,0,0,30,0,0,0,0,0,70,0,0,0,vehicle.bmw.isetta,,,,,,,83.1199803317866,,11,40.4664350092264,25.5153805342441,0.630531958854952,120,0,15.6000002324581,143.439204454422,collisions_layout,Default,30,0,0,0,0,70,0,0,0,0
326,43,RouteScenario_7_43,Failed,,1,0,0,15.52,0,0,0,0,0,30,0,0,0,0,0,70,0,0,0,vehicle.bmw.isetta,,,,,,,83.5100097430599,,11,54.5927955448144,29.9773776158496,0.54910867481116,120,0,141.250002104789,1095.56534385681,collisions_layout,Default,30,0,0,0,0,70,0,0,0,0
327,1,RouteScenario_7_1,Completed,,0,0,0,0,0,0,0,0,0,30,0,0,0,0,0,70,0,0,0,vehicle.bmw.isetta,,,,,,,82.18000091525,,11,100,100,1,120,0,64.6500009633601,560.710259437561,none,Default,30,0,0,0,0,70,0,0,0,0
328,22,RouteScenario_7_22,Completed,,0,0,0,0,0,0,0,0,0,30,0,0,0,0,0,70,0,0,0,vehicle.bmw.isetta,,,,,,,82.0000009476335,,11,100,100,1,120,0,26.1500003896654,197.644969463348,none,Default,30,0,0,0,0,70,0,0,0,0
329,65,RouteScenario_7_65,Completed,,0,0,0,0,0,0,0,0,0,30,0,0,0,0,0,70,0,0,0,vehicle.bmw.isetta,,,,,,,82.6099985312579,,11,100,100,1,120,0,24.3500003628433,188.734841823578,none,Default,30,0,0,0,0,70,0,0,0,0
330,64,RouteScenario_7_64,Completed,,0,0,0,0,0,0,0,0,0,30,0,0,0,0,0,70,0,0,0,vehicle.bmw.isetta,,,,,,,82.6100023459545,,11,100,100,1,120,0,211.850003156811,2008.50264310837,none,Default,30,0,0,0,0,70,0,0,0,0
331,33,RouteScenario_7_33,Completed,,0,0,0,0,0,0,0,0,0,30,0,0,0,0,0,70,0,0,0,vehicle.bmw.isetta,,,,,,,81.9791512056177,,11,100,100,1,120,0,38.3000005707145,307.419143676758,none,Default,30,0,0,0,0,70,0,0,0,0
332,7,RouteScenario_7_7,Completed,,0,0,0,0,0,0,0,0,0,30,0,0,0,0,0,70,0,0,0,vehicle.bmw.isetta,,,,,,,81.9999933182391,,11,100,100,1,120,0,142.000002115965,1136.80663704872,none,Default,30,0,0,0,0,70,0,0,0,0
333,56,RouteScenario_7_56,Completed,,0,0,0,0,0,0,0,0,0,30,0,0,0,0,0,70,0,0,0,vehicle.bmw.isetta,,,,,,,83.310857099776,,11,100,100,1,120,0,24.3000003620982,191.010744094849,none,Default,30,0,0,0,0,70,0,0,0,0
334,17,RouteScenario_7_17,Completed,,0,0,0,0,0,0,0,0,0,30,0,0,0,0,0,70,0,0,0,vehicle.bmw.isetta,,,,,,,83.089996226047,,11,100,100,1,120,0,138.400002062321,1169.4919962883,none,Default,30,0,0,0,0,70,0,0,0,0
335,6,RouteScenario_7_6,Completed,,0,0,0,0,0,0,0,0,0,30,0,0,0,0,0,70,0,0,0,vehicle.bmw.isetta,,,,,,,81.9999933182391,,11,100,100,1,120,0,35.350000526756,317.73507642746,none,Default,30,0,0,0,0,70,0,0,0,0
336,57,RouteScenario_7_57,Completed,,0,0,0,0,0,0,0,0,0,30,0,0,0,0,0,70,0,0,0,vehicle.bmw.isetta,,,,,,,83.3091252272636,,11,100,100,1,120,0,47.7500007115305,465.755952596664,none,Default,30,0,0,0,0,70,0,0,0,0
337,16,RouteScenario_7_16,Completed,,0,0,0,0,0,0,0,0,0,30,0,0,0,0,0,70,0,0,0,vehicle.bmw.isetta,,,,,,,83.089996226047,,11,100,100,1,120,0,27.8000004142523,224.677947998047,none,Default,30,0,0,0,0,70,0,0,0,0
338,23,RouteScenario_7_23,Completed,,0,0,0,0,0,0,0,0,0,30,0,0,0,0,0,70,0,0,0,vehicle.bmw.isetta,,,,,,,82.0000009476335,,11,100,100,1,120,0,228.950003411621,2171.12688326836,none,Default,30,0,0,0,0,70,0,0,0,0
339,42,RouteScenario_7_42,Completed,,0,0,0,0,0,0,0,0,0,30,0,0,0,0,0,70,0,0,0,vehicle.bmw.isetta,,,,,,,83.5100097430599,,11,100,100,1,120,0,23.1500003449619,196.310788869858,none,Default,30,0,0,0,0,70,0,0,0,0
340,69,RouteScenario_7_69,Completed,,0,0,0,0,0,0,0,0,0,30,0,0,0,0,0,70,0,0,0,vehicle.bmw.isetta,,,,,,,82.0000047623307,,11,100,100,1,120,0,23.3000003471971,220.649909734726,none,Default,30,0,0,0,0,70,0,0,0,0
341,53,RouteScenario_7_53,Completed,,0,0,0,0,0,0,0,0,0,30,0,0,0,0,0,70,0,0,0,vehicle.bmw.isetta,,,,,,,82.0099792480469,,11,100,100,1,120,0,30.3500004522502,286.316069126129,none,Default,30,0,0,0,0,70,0,0,0,0
342,41,RouteScenario_7_41,Failed,,0,0,1,0,0,0,0,0,0,30,0,0,0,0,0,70,0,0,0,vehicle.bmw.isetta,,,,,,,82.6000177588627,,11,58.6553199546262,35.1931919727757,0.6,120,0,18.8500002808869,149.233788490295,collisions_vehicle,Default,30,0,0,0,0,70,0,0,0,0
343,32,RouteScenario_7_32,Failed,,0,0,1,0,0,0,0,0,0,30,0,0,0,0,0,70,0,0,0,vehicle.bmw.isetta,,,,,,,81.9808678192583,,11,55.4300143550733,33.258008613044,0.6,120,0,17.4500002600253,147.015956878662,collisions_vehicle,Default,30,0,0,0,0,70,0,0,0,0
344,52,RouteScenario_7_52,Completed,,0,0,0,0,0,0,0,0,0,30,0,0,0,0,0,70,0,0,0,vehicle.bmw.isetta,,,,,,,82.0099792480469,,11,100,100,1,120,0,26.6500003971159,209.692170143127,none,Default,30,0,0,0,0,70,0,0,0,0
345,26,RouteScenario_7_26,Completed,,0,0,0,0,0,0,0,0,0,30,0,0,0,0,0,70,0,0,0,vehicle.bmw.isetta,,,,,,,83.1199803317866,,11,100,100,1,120,0,34.2500005103648,248.594899654388,none,Default,30,0,0,0,0,70,0,0,0,0
346,68,RouteScenario_7_68,Completed,,0,0,0,0,0,0,0,0,0,30,0,0,0,0,0,70,0,0,0,vehicle.bmw.isetta,,,,,,,82.0000009476335,,11,100,100,1,120,0,61.7000009194017,454.773110151291,none,Default,30,0,0,0,0,70,0,0,0,0
347,0,RouteScenario_7_0,Completed,,0,0,0,0,0,0,0,0,0,30,0,0,0,0,0,70,0,0,0,vehicle.bmw.isetta,,,,,,,82.18000091525,,11,100,100,1,120,0,22.6000003367662,207.629141569138,none,Default,30,0,0,0,0,70,0,0,0,0
348,44,RouteScenario_8_44,Completed,,0,0,0,0,0,0,0,0,0,30,0,0,0,0,0,70,0,0,0,vehicle.bmw.isetta,,,,,,,61.2653992918667,,11,100,100,1,120,0,26.700000397861,208.63383769989,none,Default,30,0,0,0,0,70,0,0,0,0
349,15,RouteScenario_8_15,Completed,,0,0,0,39.02,0,0,0,0,0,30,0,0,0,0,0,70,0,0,0,vehicle.bmw.isetta,,,,,,,60.9010176915778,,11,100,60.9834098715041,0.609834098715041,120,0,325.700004853308,2560.9553899765,none,Default,30,0,0,0,0,70,0,0,0,0
350,58,RouteScenario_8_58,Completed,,0,0,0,0,0,0,0,0,0,30,0,0,0,0,0,70,0,0,0,vehicle.bmw.isetta,,,,,,,61.9475762241984,,11,100,100,1,120,0,78.9500011764467,657.435638904572,none,Default,30,0,0,0,0,70,0,0,0,0
351,24,RouteScenario_8_24,Failed,,1,0,0,0,0,0,0,0,0,30,0,0,0,0,0,70,0,0,0,vehicle.bmw.isetta,,,,,,,60.9108974057898,,11,40.9615862086978,26.6250310356535,0.65,120,0,142.25000211969,1024.1332051754,collisions_layout,Default,30,0,0,0,0,70,0,0,0,0
352,49,RouteScenario_8_49,Completed,,0,0,0,0,0,0,0,0,0,30,0,0,0,0,0,70,0,0,0,vehicle.bmw.isetta,,,,,,,60.9280220394555,,11,100,100,1,120,0,25.850000385195,224.673982620239,none,Default,30,0,0,0,0,70,0,0,0,0
353,12,RouteScenario_8_12,Completed,,0,0,0,0,0,0,0,0,0,30,0,0,0,0,0,70,0,0,0,vehicle.bmw.isetta,,,,,,,61.7513111190818,,11,100,100,1,120,0,23.5500003509223,191.630989313126,none,Default,30,0,0,0,0,70,0,0,0,0
354,2,RouteScenario_8_2,Completed,,0,0,0,0,0,0,0,0,0,30,0,0,0,0,0,70,0,0,0,vehicle.bmw.isetta,,,,,,,61.0692029250401,,11,100,100,1,120,0,64.2000009566546,476.498715162277,none,Default,30,0,0,0,0,70,0,0,0,0
355,45,RouteScenario_8_45,Completed,,0,0,0,0,0,0,0,0,0,30,0,0,0,0,0,70,0,0,0,vehicle.bmw.isetta,,,,,,,61.58523811689,,11,100,100,1,120,0,23.2000003457069,198.880706548691,none,Default,30,0,0,0,0,70,0,0,0,0
356,28,RouteScenario_8_28,Completed,,0,0,0,0,0,0,0,0,0,30,0,0,0,0,0,70,0,0,0,vehicle.bmw.isetta,,,,,,,61.5983003867138,,11,100,100,1,120,0,61.7500009201467,606.018271207809,none,Default,30,0,0,0,0,70,0,0,0,0
357,30,RouteScenario_8_30,Completed,,0,0,0,0,0,0,0,0,0,30,0,0,0,0,0,70,0,0,0,vehicle.bmw.isetta,,,,,,,61.163920233194,,11,100,100,1,120,0,27.2000004053116,218.226619720459,none,Default,30,0,0,0,0,70,0,0,0,0
358,18,RouteScenario_8_18,Completed,,0,0,0,0,0,0,0,0,0,30,0,0,0,0,0,70,0,0,0,vehicle.bmw.isetta,,,,,,,60.6975830730111,,11,100,100,1,120,0,31.1500004641712,238.126810073852,none,Default,30,0,0,0,0,70,0,0,0,0
359,34,RouteScenario_8_34,Completed,,0,0,0,0,0,0,0,0,0,30,0,0,0,0,0,70,0,0,0,vehicle.bmw.isetta,,,,,,,60.8378172631538,,11,100,100,1,120,0,24.0000003576279,229.622079610825,none,Default,30,0,0,0,0,70,0,0,0,0
360,11,RouteScenario_8_11,Completed,,0,0,0,0,0,0,0,0,0,30,0,0,0,0,0,70,0,0,0,vehicle.bmw.isetta,,,,,,,60.4144769282656,,11,100,100,1,120,0,30.5500004552305,242.354029178619,none,Default,30,0,0,0,0,70,0,0,0,0
361,4,RouteScenario_8_4,Completed,,0,0,0,0,0,0,0,0,0,30,0,0,0,0,0,70,0,0,0,vehicle.bmw.isetta,,,,,,,61.0937473931621,,11,100,100,1,120,0,28.8000004291534,343.986949920654,none,Default,30,0,0,0,0,70,0,0,0,0
362,67,RouteScenario_8_67,Completed,,0,0,0,0,0,0,0,0,0,30,0,0,0,0,0,70,0,0,0,vehicle.bmw.isetta,,,,,,,61.0679382908354,,11,100,100,1,120,0,40.3000006005168,392.045661211014,none,Default,30,0,0,0,0,70,0,0,0,0
363,39,RouteScenario_8_39,Completed,,0,0,0,24.31,0,0,0,0,0,30,0,0,0,0,0,70,0,0,0,vehicle.bmw.isetta,,,,,,,60.8562374441557,,11,100,75.688400050802,0.75688400050802,120,0,32.1000004783273,255.421540021896,none,Default,30,0,0,0,0,70,0,0,0,0
364,71,RouteScenario_8_71,Completed,,0,0,0,19.18,0,0,0,0,0,30,0,0,0,0,0,70,0,0,0,vehicle.bmw.isetta,,,,,,,60.5713627250422,,11,100,80.8158347849339,0.808158347849339,120,0,170.300002537668,1559.34281373024,none,Default,30,0,0,0,0,70,0,0,0,0
365,20,RouteScenario_8_20,Completed,,0,0,0,0,0,0,0,0,0,30,0,0,0,0,0,70,0,0,0,vehicle.bmw.isetta,,,,,,,60.9533725806078,,11,100,100,1,120,0,31.2500004656613,242.68714928627,none,Default,30,0,0,0,0,70,0,0,0,0
366,10,RouteScenario_8_10,Completed,,0,0,0,0,0,0,0,0,0,30,0,0,0,0,0,70,0,0,0,vehicle.bmw.isetta,,,,,,,61.2532597136652,,11,100,100,1,120,0,32.3500004820526,282.048949480057,none,Default,30,0,0,0,0,70,0,0,0,0
367,61,RouteScenario_8_61,Completed,,0,0,0,23.88,0,0,0,0,0,30,0,0,0,0,0,70,0,0,0,vehicle.bmw.isetta,,,,,,,61.3671426310995,,11,100,76.1154988537754,0.761154988537754,120,0,61.0000009089708,499.239517688751,none,Default,30,0,0,0,0,70,0,0,0,0
368,63,RouteScenario_8_63,Completed,,0,0,0,0,0,0,0,0,0,30,0,0,0,0,0,70,0,0,0,vehicle.bmw.isetta,,,,,,,61.6855587978245,,11,100,100,1,120,0,22.9000003412366,200.415908336639,none,Default,30,0,0,0,0,70,0,0,0,0
369,37,RouteScenario_8_37,Completed,,0,0,0,0,0,0,0,0,0,30,0,0,0,0,0,70,0,0,0,vehicle.bmw.isetta,,,,,,,60.9030674753945,,11,100,100,1,120,0,93.4500013925135,850.347459316254,none,Default,30,0,0,0,0,70,0,0,0,0
370,51,RouteScenario_8_51,Completed,,0,0,0,17.33,0,0,0,0,0,30,0,0,0,0,0,70,0,0,0,vehicle.bmw.isetta,,,,,,,60.9279205505372,,11,100,82.6658863889252,0.826658863889252,120,0,30.7500004582107,255.17542219162,none,Default,30,0,0,0,0,70,0,0,0,0
371,54,RouteScenario_8_54,Failed,,1,0,0,16.57,0,0,0,0,0,30,0,0,0,0,0,70,0,0,0,vehicle.bmw.isetta,,,,,,,61.0017801850379,,11,64.2928017724886,34.8670195213608,0.542316068986135,120,0,23.1000003442168,198.434582948685,collisions_layout,Default,30,0,0,0,0,70,0,0,0,0
372,38,RouteScenario_9_38,Failed,,1,0,0,0,0,0,0,0,0,30,0,0,0,0,0,70,0,0,0,vehicle.bmw.isetta,,,,,,,55.1992774726341,,11,70.3476710589378,45.7259861883096,0.65,120,0,19.3000002875924,168.415638208389,collisions_layout,Default,30,0,0,0,0,70,0,0,0,0
373,48,RouteScenario_9_48,Failed,,1,0,0,0,0,0,0,0,0,30,0,0,0,0,0,70,0,0,0,vehicle.bmw.isetta,,,,,,,55.2729072870563,,11,51.8096583282124,33.6762779133381,0.65,120,0,18.4000002741814,137.237666606903,collisions_layout,Default,30,0,0,0,0,70,0,0,0,0
374,29,RouteScenario_9_29,Failed - Agent got blocked,,0,0,0,0,0,0,0,0,1,30,0,0,0,0,0,70,0,0,0,vehicle.bmw.isetta,,,,,,,55.9449379255595,,11,39.8129360547011,39.8129360547011,1,120,0,194.850002903491,1543.19040250778,none,Default,30,0,0,0,0,70,0,0,0,0
375,50,RouteScenario_9_50,Completed,,0,0,0,0,0,0,0,0,0,30,0,0,0,0,0,70,0,0,0,vehicle.bmw.isetta,,,,,,,55.2693469423156,,11,100,100,1,120,0,22.2000003308058,220.193892478943,none,Default,30,0,0,0,0,70,0,0,0,0
376,47,RouteScenario_9_47,Failed,,1,0,0,22.81,0,0,0,0,0,30,0,0,0,0,0,70,0,0,0,vehicle.bmw.isetta,,,,,,,55.6100996929839,,11,66.5730973562716,33.4014761541392,0.501726335119852,120,0,230.700003437698,2109.15547990799,collisions_layout,Default,30,0,0,0,0,70,0,0,0,0
377,62,RouteScenario_9_62,Completed,,0,0,0,0,0,0,0,0,0,30,0,0,0,0,0,70,0,0,0,vehicle.bmw.isetta,,,,,,,56.0266629865779,,11,100,100,1,120,0,49.1500007323921,395.800343990326,none,Default,30,0,0,0,0,70,0,0,0,0
378,36,RouteScenario_9_36,Failed,,0,0,1,0,0,0,0,0,0,30,0,0,0,0,0,70,0,0,0,vehicle.bmw.isetta,,,,,,,55.246532624805,,11,37.761217069797,22.6567302418782,0.6,120,0,14.8500002212822,123.89232301712,collisions_vehicle,Default,30,0,0,0,0,70,0,0,0,0
379,35,RouteScenario_9_35,Failed,,1,0,0,6.9,0,0,0,0,0,30,0,0,0,0,0,70,0,0,0,vehicle.bmw.isetta,,,,,,,55.1791221263788,,11,48.943026369763,29.6182546911057,0.605157810784743,120,0,17.0500002540648,128.931170225143,collisions_layout,Default,30,0,0,0,0,70,0,0,0,0
380,70,RouteScenario_9_70,Completed,,0,0,0,0,0,0,0,0,0,30,0,0,0,0,0,70,0,0,0,vehicle.bmw.isetta,,,,,,,54.9144776048236,,11,100,100,1,120,0,36.7000005468726,330.692094802856,none,Default,30,0,0,0,0,70,0,0,0,0
381,5,RouteScenario_9_5,Failed,,1,0,0,0,0,0,0,0,0,30,0,0,0,0,0,70,0,0,0,vehicle.bmw.isetta,,,,,,,55.4331178576471,,11,51.0761928992201,33.1995253844931,0.65,120,0,18.4000002741814,163.535978555679,collisions_layout,Default,30,0,0,0,0,70,0,0,0,0
382,25,RouteScenario_9_25,Completed,,0,0,0,0,0,0,0,0,0,30,0,0,0,0,0,70,0,0,0,vehicle.bmw.isetta,,,,,,,55.2509088469579,,11,100,100,1,120,0,61.3500009141862,591.343804359436,none,Default,30,0,0,0,0,70,0,0,0,0
383,19,RouteScenario_9_19,Completed,,0,0,0,1.34,0,0,0,0,0,30,0,0,0,0,0,70,0,0,0,vehicle.bmw.isetta,,,,,,,55.0414164576002,,11,100,98.6597551975368,0.986597551975368,120,0,281.400004193187,2495.66604709625,none,Default,30,0,0,0,0,70,0,0,0,0
384,55,RouteScenario_9_55,Completed,,0,0,0,0,0,0,0,0,0,30,0,0,0,0,0,70,0,0,0,vehicle.bmw.isetta,,,,,,,55.3444714488046,,11,100,100,1,120,0,36.0500005371869,352.657371044159,none,Default,30,0,0,0,0,70,0,0,0,0
385,46,RouteScenario_9_46,Failed,,1,0,0,1.54,0,0,0,0,0,30,0,0,0,0,0,70,0,0,0,vehicle.bmw.isetta,,,,,,,55.9272196240984,,11,63.0516703503576,40.3540980631633,0.640016320565795,120,0,18.3000002726913,132.431654930115,collisions_layout,Default,30,0,0,0,0,70,0,0,0,0
386,13,RouteScenario_9_13,Failed - Agent got blocked,,0,0,0,10.3,0,0,0,0,1,30,0,0,0,0,0,70,0,0,0,vehicle.bmw.isetta,,,,,,,56.0943868973,,11,38.416449999506,34.4584441109983,0.896971066078241,120,0,196.700002931058,1660.46876978874,none,Default,30,0,0,0,0,70,0,0,0,0
387,8,RouteScenario_9_8,Failed,,1,0,0,0,0,0,0,0,0,30,0,0,0,0,0,70,0,0,0,vehicle.bmw.isetta,,,,,,,54.7560718433674,,11,58.2648888353989,37.8721777430093,0.65,120,0,22.5500003360212,197.546942710877,collisions_layout,Default,30,0,0,0,0,70,0,0,0,0
388,60,RouteScenario_9_60,Failed,,1,0,0,10.52,0,0,0,0,0,30,0,0,0,0,0,70,0,0,0,vehicle.bmw.isetta,,,,,,,55.7125183477149,,11,69.1305602238436,40.2089003247878,0.581637125384085,120,0,20.8500003106892,223.602933883667,collisions_layout,Default,30,0,0,0,0,70,0,0,0,0
389,31,RouteScenario_9_31,Completed,,0,0,0,0,0,0,0,0,0,30,0,0,0,0,0,70,0,0,0,vehicle.bmw.isetta,,,,,,,55.5078029415204,,11,100,100,1,120,0,21.4000003188848,169.366070270538,none,Default,30,0,0,0,0,70,0,0,0,0
390,14,RouteScenario_9_14,Completed,,0,0,0,14.97,0,0,0,0,0,30,0,0,0,0,0,70,0,0,0,vehicle.bmw.isetta,,,,,,,55.2446401601069,,11,100,85.0268436173614,0.850268436173614,120,0,24.6000003665686,227.508820056915,none,Default,30,0,0,0,0,70,0,0,0,0
391,3,RouteScenario_9_3,Failed - Agent got blocked,,0,0,0,0,0,0,0,0,1,30,0,0,0,0,0,70,0,0,0,vehicle.bmw.isetta,,,,,,,55.4161604333607,,11,43.0943393747519,43.0943393747519,1,120,0,227.200003385544,2205.37344765663,none,Default,30,0,0,0,0,70,0,0,0,0
392,21,RouteScenario_9_21,Failed,,1,0,0,0,0,0,0,0,0,30,0,0,0,0,0,70,0,0,0,vehicle.bmw.isetta,,,,,,,55.2958615135455,,11,58.973790408004,38.3329637652026,0.65,120,0,17.5500002615154,168.619753599167,collisions_layout,Default,30,0,0,0,0,70,0,0,0,0
393,66,RouteScenario_9_66,Completed,,0,0,0,0,0,0,0,0,0,30,0,0,0,0,0,70,0,0,0,vehicle.bmw.isetta,,,,,,,55.411215562172,,11,100,100,1,120,0,23.9500003568828,184.025797605515,none,Default,30,0,0,0,0,70,0,0,0,0
394,9,RouteScenario_9_9,Failed,,0,0,1,32.16,0,0,0,0,0,30,0,0,0,0,0,70,0,0,0,vehicle.bmw.isetta,,,,,,,55.5982310608942,,11,88.0253857506893,35.8294089358033,0.407034955089904,120,0,95.0000014156103,764.400433301926,collisions_vehicle,Default,30,0,0,0,0,70,0,0,0,0
395,59,RouteScenario_9_59,Completed,,0,0,0,0,0,0,0,0,0,30,0,0,0,0,0,70,0,0,0,vehicle.bmw.isetta,,,,,,,56.2904176138406,,11,100,100,1,120,0,25.1500003747642,215.524495840073,none,Default,30,0,0,0,0,70,0,0,0,0
396,1,RouteScenario_1_1,Completed,,0,0,0,0,0,0,0,0,0,30,0,0,0,0,0,70,0,0,0,vehicle.lincoln.mkz2017,,,,,,,83.5987382609463,,11,100,100,1,120,0,59.2500008828938,479.449649810791,none,Default,30,0,0,0,0,70,0,0,0,0
397,5,RouteScenario_1_5,Completed,,0,0,0,0,0,0,0,0,0,30,0,0,0,0,0,70,0,0,0,vehicle.lincoln.mkz2017,,,,,,,326.462894547121,,11,100,100,1,120,0,61.6000009179115,457.614160299301,none,Default,30,0,0,0,0,70,0,0,0,0
398,2,RouteScenario_1_2,Completed,,0,0,0,0,0,0,0,0,0,30,0,0,0,0,0,70,0,0,0,vehicle.lincoln.mkz2017,,,,,,,310.514999376331,,11,100,100,1,120,0,69.750001039356,562.308976650238,none,Default,30,0,0,0,0,70,0,0,0,0
399,4,RouteScenario_1_4,Completed,,0,0,0,0,0,0,0,0,0,30,0,0,0,0,0,70,0,0,0,vehicle.lincoln.mkz2017,,,,,,,334.390023293839,,11,100,100,1,120,0,126.050001878291,996.380968093872,none,Default,30,0,0,0,0,70,0,0,0,0
400,3,RouteScenario_1_3,Completed,,0,0,0,0,0,0,0,0,0,30,0,0,0,0,0,70,0,0,0,vehicle.lincoln.mkz2017,,,,,,,78.9935253393565,,11,100,100,1,120,0,50.9000007584691,442.793758392334,none,Default,30,0,0,0,0,70,0,0,0,0
401,0,RouteScenario_1_0,Completed,,0,0,0,0,0,0,0,0,0,30,0,0,0,0,0,70,0,0,0,vehicle.lincoln.mkz2017,,,,,,,316.482082994457,,11,100,100,1,120,0,117.750001754612,1007.03125238419,none,Default,30,0,0,0,0,70,0,0,0,0
402,1,RouteScenario_3_1,Failed,,0,1,0,0,0,0,0,0,0,30,0,0,0,0,0,70,0,0,0,vehicle.lincoln.mkz2017,,,,,,,83.5987382609463,,11,61.4582851676017,30.7291425838008,0.5,120,0,14.4000002145767,125.850030183792,collisions_pedestrian,Default,30,0,0,0,0,70,0,0,0,0
403,5,RouteScenario_3_5,Completed,,0,0,0,0,0,0,0,0,0,30,0,0,0,0,0,70,0,0,0,vehicle.lincoln.mkz2017,,,,,,,326.462894547121,,11,100,100,1,120,0,101.300001509488,783.457098484039,none,Default,30,0,0,0,0,70,0,0,0,0
404,2,RouteScenario_3_2,Completed,,0,0,0,0,0,0,0,0,0,30,0,0,0,0,0,70,0,0,0,vehicle.lincoln.mkz2017,,,,,,,310.514999376331,,11,100,100,1,120,0,87.1000012978911,714.010610103607,none,Default,30,0,0,0,0,70,0,0,0,0
405,4,RouteScenario_3_4,Completed,,0,0,0,0,0,0,0,0,0,30,0,0,0,0,0,70,0,0,0,vehicle.lincoln.mkz2017,,,,,,,334.390023293839,,11,100,100,1,120,0,81.5500012151897,620.398334026337,none,Default,30,0,0,0,0,70,0,0,0,0
406,3,RouteScenario_3_3,Completed,,0,0,0,0,0,0,0,0,0,30,0,0,0,0,0,70,0,0,0,vehicle.lincoln.mkz2017,,,,,,,78.9935253393565,,11,100,100,1,120,0,49.6500007398427,404.117341279984,none,Default,30,0,0,0,0,70,0,0,0,0
407,0,RouteScenario_3_0,Completed,,0,0,0,0,0,0,0,0,0,30,0,0,0,0,0,70,0,0,0,vehicle.lincoln.mkz2017,,,,,,,316.482082994457,,11,100,100,1,120,0,77.0500011481345,666.944863796234,none,Default,30,0,0,0,0,70,0,0,0,0
408,38,RouteScenario_4_38,Completed,,0,0,0,0,0,0,0,0,0,30,0,0,0,0,0,70,0,0,0,vehicle.lincoln.mkz2017,,,,,,,61.9475762241984,,11,100,100,1,120,0,76.5000011399388,657.197121143341,none,Default,30,0,0,0,0,70,0,0,0,0
409,40,RouteScenario_4_40,Completed,,0,0,0,0,0,0,0,0,0,30,0,0,0,0,0,70,0,0,0,vehicle.lincoln.mkz2017,,,,,,,55.7125183477149,,11,100,100,1,120,0,21.8000003248453,220.826501369476,none,Default,30,0,0,0,0,70,0,0,0,0
410,44,RouteScenario_4_44,Completed,,0,0,0,0,0,0,0,0,0,30,0,0,0,0,0,70,0,0,0,vehicle.lincoln.mkz2017,,,,,,,55.411215562172,,11,100,100,1,120,0,61.6000009179115,446.659798622131,none,Default,30,0,0,0,0,70,0,0,0,0
411,29,RouteScenario_4_29,Completed,,0,0,0,0,0,0,0,0,0,30,0,0,0,0,0,70,0,0,0,vehicle.lincoln.mkz2017,,,,,,,61.58523811689,,11,100,100,1,120,0,45.8000006824732,421.199026823044,none,Default,30,0,0,0,0,70,0,0,0,0
412,27,RouteScenario_4_27,Completed,,0,0,0,0,0,0,0,0,0,30,0,0,0,0,0,70,0,0,0,vehicle.lincoln.mkz2017,,,,,,,60.8562374441557,,11,100,100,1,120,0,28.5000004246831,237.82910823822,none,Default,30,0,0,0,0,70,0,0,0,0
413,47,RouteScenario_4_47,Completed,,0,0,0,0,0,0,0,0,0,30,0,0,0,0,0,70,0,0,0,vehicle.lincoln.mkz2017,,,,,,,60.5713627250422,,11,100,100,1,120,0,32.4000004827976,285.652466058731,none,Default,30,0,0,0,0,70,0,0,0,0
414,43,RouteScenario_4_43,Completed,,0,0,0,0,0,0,0,0,0,30,0,0,0,0,0,70,0,0,0,vehicle.lincoln.mkz2017,,,,,,,61.6855587978245,,11,100,100,1,120,0,45.3500006757677,364.380549430847,none,Default,30,0,0,0,0,70,0,0,0,0
415,1,RouteScenario_4_1,Completed,,0,0,0,0,0,0,0,0,0,30,0,0,0,0,0,70,0,0,0,vehicle.lincoln.mkz2017,,,,,,,55.4161604333607,,11,100,100,1,120,0,61.8000009208918,525.814321756363,none,Default,30,0,0,0,0,70,0,0,0,0
416,15,RouteScenario_4_15,Completed,,0,0,0,0,0,0,0,0,0,30,0,0,0,0,0,70,0,0,0,vehicle.lincoln.mkz2017,,,,,,,55.2958615135455,,11,100,100,1,120,0,17.3000002577901,144.226378679276,none,Default,30,0,0,0,0,70,0,0,0,0
417,36,RouteScenario_4_36,Completed,,0,0,0,0,0,0,0,0,0,30,0,0,0,0,0,70,0,0,0,vehicle.lincoln.mkz2017,,,,,,,61.0017801850379,,11,100,100,1,120,0,27.7000004127622,206.838396787643,none,Default,30,0,0,0,0,70,0,0,0,0
418,22,RouteScenario_4_22,Completed,,0,0,0,0,0,0,0,0,0,30,0,0,0,0,0,70,0,0,0,vehicle.lincoln.mkz2017,,,,,,,60.8378172631538,,11,100,100,1,120,0,43.10000064224,380.942457199097,none,Default,30,0,0,0,0,70,0,0,0,0
419,35,RouteScenario_4_35,Completed,,0,0,0,0,0,0,0,0,0,30,0,0,0,0,0,70,0,0,0,vehicle.lincoln.mkz2017,,,,,,,60.9279205505372,,11,100,100,1,120,0,28.5000004246831,209.310798168182,none,Default,30,0,0,0,0,70,0,0,0,0
420,24,RouteScenario_4_24,Completed,,0,0,0,0,0,0,0,0,0,30,0,0,0,0,0,70,0,0,0,vehicle.lincoln.mkz2017,,,,,,,55.246532624805,,11,100,100,1,120,0,25.6500003822148,183.453496694565,none,Default,30,0,0,0,0,70,0,0,0,0
421,5,RouteScenario_4_5,Completed,,0,0,0,0,0,0,0,0,0,30,0,0,0,0,0,70,0,0,0,vehicle.lincoln.mkz2017,,,,,,,55.5982310608942,,11,100,100,1,120,0,50.4000007510185,377.047565937042,none,Default,30,0,0,0,0,70,0,0,0,0
422,25,RouteScenario_4_25,Completed,,0,0,0,0,0,0,0,0,0,30,0,0,0,0,0,70,0,0,0,vehicle.lincoln.mkz2017,,,,,,,60.9030674753945,,11,100,100,1,120,0,52.0000007748604,532.315168380737,none,Default,30,0,0,0,0,70,0,0,0,0
423,12,RouteScenario_4_12,Completed,,0,0,0,0,0,0,0,0,0,30,0,0,0,0,0,70,0,0,0,vehicle.lincoln.mkz2017,,,,,,,60.6975830730111,,11,100,100,1,120,0,44.5500006638467,369.174211978912,none,Default,30,0,0,0,0,70,0,0,0,0
424,19,RouteScenario_4_19,Completed,,0,0,0,0,0,0,0,0,0,30,0,0,0,0,0,70,0,0,0,vehicle.lincoln.mkz2017,,,,,,,55.9449379255595,,11,100,100,1,120,0,26.0500003881752,187.067379951477,none,Default,30,0,0,0,0,70,0,0,0,0
425,2,RouteScenario_4_2,Completed,,0,0,0,0,0,0,0,0,0,30,0,0,0,0,0,70,0,0,0,vehicle.lincoln.mkz2017,,,,,,,61.0937473931621,,11,100,100,1,120,0,29.250000435859,256.810851335526,none,Default,30,0,0,0,0,70,0,0,0,0
426,33,RouteScenario_4_33,Completed,,0,0,0,0,0,0,0,0,0,30,0,0,0,0,0,70,0,0,0,vehicle.lincoln.mkz2017,,,,,,,60.9280220394555,,11,100,100,1,120,0,45.4000006765127,384.19155049324,none,Default,30,0,0,0,0,70,0,0,0,0
427,7,RouteScenario_4_7,Completed,,0,0,0,0,0,0,0,0,0,30,0,0,0,0,0,70,0,0,0,vehicle.lincoln.mkz2017,,,,,,,60.4144769282656,,11,100,100,1,120,0,36.9500005505979,329.381414890289,none,Default,30,0,0,0,0,70,0,0,0,0
428,45,RouteScenario_4_45,Completed,,0,0,0,0,0,0,0,0,0,30,0,0,0,0,0,70,0,0,0,vehicle.lincoln.mkz2017,,,,,,,61.0679382908354,,11,100,100,1,120,0,44.9000006690621,429.898827075958,none,Default,30,0,0,0,0,70,0,0,0,0
429,28,RouteScenario_4_28,Completed,,0,0,0,0,0,0,0,0,0,30,0,0,0,0,0,70,0,0,0,vehicle.lincoln.mkz2017,,,,,,,61.2653992918667,,11,100,100,1,120,0,29.0500004328787,213.232246398926,none,Default,30,0,0,0,0,70,0,0,0,0
430,46,RouteScenario_4_46,Completed,,0,0,0,0,0,0,0,0,0,30,0,0,0,0,0,70,0,0,0,vehicle.lincoln.mkz2017,,,,,,,54.9144776048236,,11,100,100,1,120,0,34.6500005163252,291.068380832672,none,Default,30,0,0,0,0,70,0,0,0,0
431,30,RouteScenario_4_30,Completed,,0,0,0,0,0,0,0,0,0,30,0,0,0,0,0,70,0,0,0,vehicle.lincoln.mkz2017,,,,,,,55.9272196240984,,11,100,100,1,120,0,30.2000004500151,253.244601726532,none,Default,30,0,0,0,0,70,0,0,0,0
432,17,RouteScenario_4_17,Completed,,0,0,0,0,0,0,0,0,0,30,0,0,0,0,0,70,0,0,0,vehicle.lincoln.mkz2017,,,,,,,55.2509088469579,,11,100,100,1,120,0,25.000000372529,222.173544168472,none,Default,30,0,0,0,0,70,0,0,0,0
433,18,RouteScenario_4_18,Completed,,0,0,0,0,0,0,0,0,0,30,0,0,0,0,0,70,0,0,0,vehicle.lincoln.mkz2017,,,,,,,61.5983003867138,,11,100,100,1,120,0,61.7500009201467,524.326552867889,none,Default,30,0,0,0,0,70,0,0,0,0
434,34,RouteScenario_4_34,Completed,,0,0,0,0,0,0,0,0,0,30,0,0,0,0,0,70,0,0,0,vehicle.lincoln.mkz2017,,,,,,,55.2693469423156,,11,100,100,1,120,0,17.6000002622604,160.473498106003,none,Default,30,0,0,0,0,70,0,0,0,0
435,11,RouteScenario_4_11,Completed,,0,0,0,0,0,0,0,0,0,30,0,0,0,0,0,70,0,0,0,vehicle.lincoln.mkz2017,,,,,,,60.9010176915778,,11,100,100,1,120,0,30.4000004529953,246.641157388687,none,Default,30,0,0,0,0,70,0,0,0,0
436,13,RouteScenario_4_13,Completed,,0,0,0,0,0,0,0,0,0,30,0,0,0,0,0,70,0,0,0,vehicle.lincoln.mkz2017,,,,,,,55.0414164576002,,11,100,100,1,120,0,50.5000007525086,383.312861919403,none,Default,30,0,0,0,0,70,0,0,0,0
437,4,RouteScenario_4_4,Completed,,0,0,0,0,0,0,0,0,0,30,0,0,0,0,0,70,0,0,0,vehicle.lincoln.mkz2017,,,,,,,54.7560718433674,,11,100,100,1,120,0,19.6000002920628,163.859672307968,none,Default,30,0,0,0,0,70,0,0,0,0
438,6,RouteScenario_4_6,Completed,,0,0,0,0,0,0,0,0,0,30,0,0,0,0,0,70,0,0,0,vehicle.lincoln.mkz2017,,,,,,,61.2532597136652,,11,100,100,1,120,0,41.9000006243587,357.165875434875,none,Default,30,0,0,0,0,70,0,0,0,0
439,16,RouteScenario_4_16,Completed,,0,0,0,0,0,0,0,0,0,30,0,0,0,0,0,70,0,0,0,vehicle.lincoln.mkz2017,,,,,,,60.9108974057898,,11,100,100,1,120,0,34.4000005125999,259.108448505402,none,Default,30,0,0,0,0,70,0,0,0,0
440,23,RouteScenario_4_23,Completed,,0,0,0,0,0,0,0,0,0,30,0,0,0,0,0,70,0,0,0,vehicle.lincoln.mkz2017,,,,,,,55.1791221263788,,11,100,100,1,120,0,25.4000003784895,182.821693181992,none,Default,30,0,0,0,0,70,0,0,0,0
441,42,RouteScenario_4_42,Completed,,0,0,0,0,0,0,0,0,0,30,0,0,0,0,0,70,0,0,0,vehicle.lincoln.mkz2017,,,,,,,56.0266629865779,,11,100,100,1,120,0,28.450000423938,220.663819551468,none,Default,30,0,0,0,0,70,0,0,0,0
442,8,RouteScenario_4_8,Completed,,0,0,0,0,0,0,0,0,0,30,0,0,0,0,0,70,0,0,0,vehicle.lincoln.mkz2017,,,,,,,61.7513111190818,,11,100,100,1,120,0,41.6000006198883,335.889027357101,none,Default,30,0,0,0,0,70,0,0,0,0
443,31,RouteScenario_4_31,Completed,,0,0,0,0,0,0,0,0,0,30,0,0,0,0,0,70,0,0,0,vehicle.lincoln.mkz2017,,,,,,,55.6100996929839,,11,100,100,1,120,0,15.4000002294779,144.370117664337,none,Default,30,0,0,0,0,70,0,0,0,0
444,39,RouteScenario_4_39,Completed,,0,0,0,0,0,0,0,0,0,30,0,0,0,0,0,70,0,0,0,vehicle.lincoln.mkz2017,,,,,,,56.2904176138406,,11,100,100,1,120,0,26.5500003956258,210.631145954132,none,Default,30,0,0,0,0,70,0,0,0,0
445,14,RouteScenario_4_14,Completed,,0,0,0,0,0,0,0,0,0,30,0,0,0,0,0,70,0,0,0,vehicle.lincoln.mkz2017,,,,,,,60.9533725806078,,11,100,100,1,120,0,39.650000590831,301.068088531494,none,Default,30,0,0,0,0,70,0,0,0,0
446,20,RouteScenario_4_20,Completed,,0,0,0,0,0,0,0,0,0,30,0,0,0,0,0,70,0,0,0,vehicle.lincoln.mkz2017,,,,,,,61.163920233194,,11,100,100,1,120,0,29.300000436604,236.304516792297,none,Default,30,0,0,0,0,70,0,0,0,0
447,3,RouteScenario_4_3,Completed,,0,0,0,0,0,0,0,0,0,30,0,0,0,0,0,70,0,0,0,vehicle.lincoln.mkz2017,,,,,,,55.4331178576471,,11,100,100,1,120,0,18.7500002793968,145.175754070282,none,Default,30,0,0,0,0,70,0,0,0,0
448,10,RouteScenario_4_10,Completed,,0,0,0,0,0,0,0,0,0,30,0,0,0,0,0,70,0,0,0,vehicle.lincoln.mkz2017,,,,,,,55.2446401601069,,11,100,100,1,120,0,15.1000002250075,141.042360067368,none,Default,30,0,0,0,0,70,0,0,0,0
449,21,RouteScenario_4_21,Failed,,0,0,0,0,1,0,0,0,0,30,0,0,0,0,0,70,0,0,0,vehicle.lincoln.mkz2017,,,,,,,55.5078029415204,,11,43.1973026510288,30.2381118557201,0.7,120,0,20.3500003032386,167.100972652435,red_light,Default,30,0,0,0,0,70,0,0,0,0
450,41,RouteScenario_4_41,Completed,,0,0,0,0,0,0,0,0,0,30,0,0,0,0,0,70,0,0,0,vehicle.lincoln.mkz2017,,,,,,,61.3671426310995,,11,100,100,1,120,0,61.0000009089708,451.297224998474,none,Default,30,0,0,0,0,70,0,0,0,0
451,37,RouteScenario_4_37,Completed,,0,0,0,0,0,0,0,0,0,30,0,0,0,0,0,70,0,0,0,vehicle.lincoln.mkz2017,,,,,,,55.3444714488046,,11,100,100,1,120,0,36.9500005505979,311.635825157166,none,Default,30,0,0,0,0,70,0,0,0,0
452,32,RouteScenario_4_32,Completed,,0,0,0,0,0,0,0,0,0,30,0,0,0,0,0,70,0,0,0,vehicle.lincoln.mkz2017,,,,,,,55.2729072870563,,11,100,100,1,120,0,28.3000004217029,234.831769704819,none,Default,30,0,0,0,0,70,0,0,0,0
453,26,RouteScenario_4_26,Completed,,0,0,0,0,0,0,0,0,0,30,0,0,0,0,0,70,0,0,0,vehicle.lincoln.mkz2017,,,,,,,55.1992774726341,,11,100,100,1,120,0,45.9000006839633,392.89611697197,none,Default,30,0,0,0,0,70,0,0,0,0
454,9,RouteScenario_4_9,Completed,,0,0,0,0,0,0,0,0,0,30,0,0,0,0,0,70,0,0,0,vehicle.lincoln.mkz2017,,,,,,,56.0943868973,,11,100,100,1,120,0,26.9000004008412,206.291673898697,none,Default,30,0,0,0,0,70,0,0,0,0
455,0,RouteScenario_4_0,Completed,,0,0,0,0,0,0,0,0,0,30,0,0,0,0,0,70,0,0,0,vehicle.lincoln.mkz2017,,,,,,,61.0692029250401,,11,100,100,1,120,0,64.3500009588897,582.529595136642,none,Default,30,0,0,0,0,70,0,0,0,0
456,40,RouteScenario_7_40,Completed,,0,0,0,0,0,0,0,0,0,30,0,0,0,0,0,70,0,0,0,vehicle.lincoln.mkz2017,,,,,,,82.6000177593693,,11,100,100,1,120,0,23.8500003553927,239.935947418213,none,Default,30,0,0,0,0,70,0,0,0,0
457,27,RouteScenario_7_27,Completed,,0,0,0,0,0,0,0,0,0,30,0,0,0,0,0,70,0,0,0,vehicle.lincoln.mkz2017,,,,,,,83.1199803317866,,11,100,100,1,120,0,31.5500004701316,290.586831569672,none,Default,30,0,0,0,0,70,0,0,0,0
458,43,RouteScenario_7_43,Completed,,0,0,0,0,0,0,0,0,0,30,0,0,0,0,0,70,0,0,0,vehicle.lincoln.mkz2017,,,,,,,83.5100097430599,,11,100,100,1,120,0,29.9000004455447,235.233091592789,none,Default,30,0,0,0,0,70,0,0,0,0
459,1,RouteScenario_7_1,Failed,,0,0,1,0,0,0,0,0,0,30,0,0,0,0,0,70,0,0,0,vehicle.lincoln.mkz2017,,,,,,,82.18000091525,,11,53.0312393826843,31.8187436296105,0.6,120,0,18.3000002726913,167.3840072155,collisions_vehicle,Default,30,0,0,0,0,70,0,0,0,0
460,22,RouteScenario_7_22,Completed,,0,0,0,0,0,0,0,0,0,30,0,0,0,0,0,70,0,0,0,vehicle.lincoln.mkz2017,,,,,,,82.0000009476335,,11,100,100,1,120,0,26.1000003889203,211.161954641342,none,Default,30,0,0,0,0,70,0,0,0,0
461,65,RouteScenario_7_65,Completed,,0,0,0,0,0,0,0,0,0,30,0,0,0,0,0,70,0,0,0,vehicle.lincoln.mkz2017,,,,,,,82.6099985312579,,11,100,100,1,120,0,24.2500003613532,193.219458580017,none,Default,30,0,0,0,0,70,0,0,0,0
462,64,RouteScenario_7_64,Completed,,0,0,0,0,0,0,0,0,0,30,0,0,0,0,0,70,0,0,0,vehicle.lincoln.mkz2017,,,,,,,82.6100023459545,,11,100,100,1,120,0,25.2000003755093,235.608271598816,none,Default,30,0,0,0,0,70,0,0,0,0
463,33,RouteScenario_7_33,Completed,,0,0,0,0,0,0,0,0,0,30,0,0,0,0,0,70,0,0,0,vehicle.lincoln.mkz2017,,,,,,,81.9791512056177,,11,100,100,1,120,0,38.4000005722046,309.531523942947,none,Default,30,0,0,0,0,70,0,0,0,0
464,7,RouteScenario_7_7,Completed,,0,0,0,0,0,0,0,0,0,30,0,0,0,0,0,70,0,0,0,vehicle.lincoln.mkz2017,,,,,,,81.9999933182391,,11,100,100,1,120,0,98.5000014677644,836.822150707245,none,Default,30,0,0,0,0,70,0,0,0,0
465,56,RouteScenario_7_56,Completed,,0,0,0,0,0,0,0,0,0,30,0,0,0,0,0,70,0,0,0,vehicle.lincoln.mkz2017,,,,,,,83.310857099776,,11,100,100,1,120,0,23.4000003486872,182.411278247833,none,Default,30,0,0,0,0,70,0,0,0,0
466,17,RouteScenario_7_17,Completed,,0,0,0,0,0,0,0,0,0,30,0,0,0,0,0,70,0,0,0,vehicle.lincoln.mkz2017,,,,,,,83.089996226047,,11,100,100,1,120,0,50.3500007502735,451.439367055893,none,Default,30,0,0,0,0,70,0,0,0,0
467,6,RouteScenario_7_6,Completed,,0,0,0,0,0,0,0,0,0,30,0,0,0,0,0,70,0,0,0,vehicle.lincoln.mkz2017,,,,,,,81.9999933182391,,11,100,100,1,120,0,30.8000004589558,267.574529647827,none,Default,30,0,0,0,0,70,0,0,0,0
468,57,RouteScenario_7_57,Completed,,0,0,0,0,0,0,0,0,0,30,0,0,0,0,0,70,0,0,0,vehicle.lincoln.mkz2017,,,,,,,83.3091252272636,,11,100,100,1,120,0,28.1000004187226,251.132008075714,none,Default,30,0,0,0,0,70,0,0,0,0
469,16,RouteScenario_7_16,Completed,,0,0,0,0,0,0,0,0,0,30,0,0,0,0,0,70,0,0,0,vehicle.lincoln.mkz2017,,,,,,,83.089996226047,,11,100,100,1,120,0,27.0000004023314,227.86382651329,none,Default,30,0,0,0,0,70,0,0,0,0
470,23,RouteScenario_7_23,Completed,,0,0,0,0,0,0,0,0,0,30,0,0,0,0,0,70,0,0,0,vehicle.lincoln.mkz2017,,,,,,,82.0000009476335,,11,100,100,1,120,0,57.6500008590519,505.183691740036,none,Default,30,0,0,0,0,70,0,0,0,0
471,42,RouteScenario_7_42,Completed,,0,0,0,0,0,0,0,0,0,30,0,0,0,0,0,70,0,0,0,vehicle.lincoln.mkz2017,,,,,,,83.5100097430599,,11,100,100,1,120,0,31.900000475347,283.940442323685,none,Default,30,0,0,0,0,70,0,0,0,0
472,69,RouteScenario_7_69,Completed,,0,0,0,0,0,0,0,0,0,30,0,0,0,0,0,70,0,0,0,vehicle.lincoln.mkz2017,,,,,,,82.0000047623307,,11,100,100,1,120,0,34.9500005207956,293.564512491226,none,Default,30,0,0,0,0,70,0,0,0,0
473,53,RouteScenario_7_53,Completed,,0,0,0,0,0,0,0,0,0,30,0,0,0,0,0,70,0,0,0,vehicle.lincoln.mkz2017,,,,,,,82.0099792480469,,11,100,100,1,120,0,29.4500004388392,268.907379388809,none,Default,30,0,0,0,0,70,0,0,0,0
474,41,RouteScenario_7_41,Completed,,0,0,0,0,0,0,0,0,0,30,0,0,0,0,0,70,0,0,0,vehicle.lincoln.mkz2017,,,,,,,82.6000177588627,,11,100,100,1,120,0,23.4500003494322,192.111810207367,none,Default,30,0,0,0,0,70,0,0,0,0
475,32,RouteScenario_7_32,Completed,,0,0,0,0,0,0,0,0,0,30,0,0,0,0,0,70,0,0,0,vehicle.lincoln.mkz2017,,,,,,,81.9808678192583,,11,100,100,1,120,0,23.2000003457069,207.858365297318,none,Default,30,0,0,0,0,70,0,0,0,0
476,52,RouteScenario_7_52,Completed,,0,0,0,0,0,0,0,0,0,30,0,0,0,0,0,70,0,0,0,vehicle.lincoln.mkz2017,,,,,,,82.0099792480469,,11,100,100,1,120,0,26.9500004015863,197.882693052292,none,Default,30,0,0,0,0,70,0,0,0,0
477,26,RouteScenario_7_26,Completed,,0,0,0,0,0,0,0,0,0,30,0,0,0,0,0,70,0,0,0,vehicle.lincoln.mkz2017,,,,,,,83.1199803317866,,11,100,100,1,120,0,77.2500011511147,661.028533220291,none,Default,30,0,0,0,0,70,0,0,0,0
478,68,RouteScenario_7_68,Completed,,0,0,0,0,0,0,0,0,0,30,0,0,0,0,0,70,0,0,0,vehicle.lincoln.mkz2017,,,,,,,82.0000009476335,,11,100,100,1,120,0,64.1500009559095,483.802934408188,none,Default,30,0,0,0,0,70,0,0,0,0
479,0,RouteScenario_7_0,Completed,,0,0,0,0,0,0,0,0,0,30,0,0,0,0,0,70,0,0,0,vehicle.lincoln.mkz2017,,,,,,,82.18000091525,,11,100,100,1,120,0,22.0000003278255,200.550693750381,none,Default,30,0,0,0,0,70,0,0,0,0
480,44,RouteScenario_8_44,Completed,,0,0,0,0,0,0,0,0,0,30,0,0,0,0,0,70,0,0,0,vehicle.lincoln.mkz2017,,,,,,,61.2653992918667,,11,100,100,1,120,0,31.850000474602,256.54422545433,none,Default,30,0,0,0,0,70,0,0,0,0
481,15,RouteScenario_8_15,Completed,,0,0,0,0,0,0,0,0,0,30,0,0,0,0,0,70,0,0,0,vehicle.lincoln.mkz2017,,,,,,,60.9010176915778,,11,100,100,1,120,0,27.0500004030764,214.789657592773,none,Default,30,0,0,0,0,70,0,0,0,0
482,58,RouteScenario_8_58,Failed,,0,0,1,0,0,0,0,0,0,30,0,0,0,0,0,70,0,0,0,vehicle.lincoln.mkz2017,,,,,,,61.9475762241984,,11,53.2642870490583,31.958572229435,0.6,120,0,16.5000002458692,125.480329990387,collisions_vehicle,Default,30,0,0,0,0,70,0,0,0,0
483,24,RouteScenario_8_24,Completed,,0,0,0,0,0,0,0,0,0,30,0,0,0,0,0,70,0,0,0,vehicle.lincoln.mkz2017,,,,,,,60.9108974057898,,11,100,100,1,120,0,34.3500005118549,267.90277504921,none,Default,30,0,0,0,0,70,0,0,0,0
484,49,RouteScenario_8_49,Completed,,0,0,0,0,0,0,0,0,0,30,0,0,0,0,0,70,0,0,0,vehicle.lincoln.mkz2017,,,,,,,60.9280220394555,,11,100,100,1,120,0,25.2000003755093,193.897156476974,none,Default,30,0,0,0,0,70,0,0,0,0
485,12,RouteScenario_8_12,Completed,,0,0,0,0,0,0,0,0,0,30,0,0,0,0,0,70,0,0,0,vehicle.lincoln.mkz2017,,,,,,,61.7513111190818,,11,100,100,1,120,0,23.5500003509223,199.276216268539,none,Default,30,0,0,0,0,70,0,0,0,0
486,2,RouteScenario_8_2,Completed,,0,0,0,0,0,0,0,0,0,30,0,0,0,0,0,70,0,0,0,vehicle.lincoln.mkz2017,,,,,,,61.0692029250401,,11,100,100,1,120,0,61.3500009141862,460.872910261154,none,Default,30,0,0,0,0,70,0,0,0,0
487,45,RouteScenario_8_45,Completed,,0,0,0,0,0,0,0,0,0,30,0,0,0,0,0,70,0,0,0,vehicle.lincoln.mkz2017,,,,,,,61.58523811689,,11,100,100,1,120,0,23.8000003546476,245.76163983345,none,Default,30,0,0,0,0,70,0,0,0,0
488,28,RouteScenario_8_28,Completed,,0,0,0,0,0,0,0,0,0,30,0,0,0,0,0,70,0,0,0,vehicle.lincoln.mkz2017,,,,,,,61.5983003867138,,11,100,100,1,120,0,61.1000009104609,517.607745885849,none,Default,30,0,0,0,0,70,0,0,0,0
489,30,RouteScenario_8_30,Completed,,0,0,0,0,0,0,0,0,0,30,0,0,0,0,0,70,0,0,0,vehicle.lincoln.mkz2017,,,,,,,61.163920233194,,11,100,100,1,120,0,26.0500003881752,194.187991142273,none,Default,30,0,0,0,0,70,0,0,0,0
490,18,RouteScenario_8_18,Completed,,0,0,0,0,0,0,0,0,0,30,0,0,0,0,0,70,0,0,0,vehicle.lincoln.mkz2017,,,,,,,60.6975830730111,,11,100,100,1,120,0,36.0500005371869,285.454831600189,none,Default,30,0,0,0,0,70,0,0,0,0
491,34,RouteScenario_8_34,Completed,,0,0,0,0,0,0,0,0,0,30,0,0,0,0,0,70,0,0,0,vehicle.lincoln.mkz2017,,,,,,,60.8378172631538,,11,100,100,1,120,0,25.5500003807247,241.324878931046,none,Default,30,0,0,0,0,70,0,0,0,0
492,11,RouteScenario_8_11,Completed,,0,0,0,0,0,0,0,0,0,30,0,0,0,0,0,70,0,0,0,vehicle.lincoln.mkz2017,,,,,,,60.4144769282656,,11,100,100,1,120,0,35.5500005297363,326.425138473511,none,Default,30,0,0,0,0,70,0,0,0,0
493,4,RouteScenario_8_4,Completed,,0,0,0,0,0,0,0,0,0,30,0,0,0,0,0,70,0,0,0,vehicle.lincoln.mkz2017,,,,,,,61.0937473931621,,11,100,100,1,120,0,29.0000004321337,251.679495811462,none,Default,30,0,0,0,0,70,0,0,0,0
494,67,RouteScenario_8_67,Completed,,0,0,0,0,0,0,0,0,0,30,0,0,0,0,0,70,0,0,0,vehicle.lincoln.mkz2017,,,,,,,61.0679382908354,,11,100,100,1,120,0,34.6000005155802,303.189946174622,none,Default,30,0,0,0,0,70,0,0,0,0
495,39,RouteScenario_8_39,Completed,,0,0,0,0,0,0,0,0,0,30,0,0,0,0,0,70,0,0,0,vehicle.lincoln.mkz2017,,,,,,,60.8562374441557,,11,100,100,1,120,0,28.0500004179776,216.574327468872,none,Default,30,0,0,0,0,70,0,0,0,0
496,71,RouteScenario_8_71,Completed,,0,0,0,0,0,0,0,0,0,30,0,0,0,0,0,70,0,0,0,vehicle.lincoln.mkz2017,,,,,,,60.5713627250422,,11,100,100,1,120,0,28.5500004254281,255.451637506485,none,Default,30,0,0,0,0,70,0,0,0,0
497,20,RouteScenario_8_20,Completed,,0,0,0,0,0,0,0,0,0,30,0,0,0,0,0,70,0,0,0,vehicle.lincoln.mkz2017,,,,,,,60.9533725806078,,11,100,100,1,120,0,31.2500004656613,255.207710981369,none,Default,30,0,0,0,0,70,0,0,0,0
498,10,RouteScenario_8_10,Completed,,0,0,0,0,0,0,0,0,0,30,0,0,0,0,0,70,0,0,0,vehicle.lincoln.mkz2017,,,,,,,61.2532597136652,,11,100,100,1,120,0,32.3500004820526,280.943138360977,none,Default,30,0,0,0,0,70,0,0,0,0
499,61,RouteScenario_8_61,Completed,,0,0,0,0,0,0,0,0,0,30,0,0,0,0,0,70,0,0,0,vehicle.lincoln.mkz2017,,,,,,,61.3671426310995,,11,100,100,1,120,0,61.150000911206,431.252510070801,none,Default,30,0,0,0,0,70,0,0,0,0
500,63,RouteScenario_8_63,Completed,,0,0,0,0,0,0,0,0,0,30,0,0,0,0,0,70,0,0,0,vehicle.lincoln.mkz2017,,,,,,,61.6855587978245,,11,100,100,1,120,0,22.350000333041,188.835819959641,none,Default,30,0,0,0,0,70,0,0,0,0
501,37,RouteScenario_8_37,Completed,,0,0,0,0,0,0,0,0,0,30,0,0,0,0,0,70,0,0,0,vehicle.lincoln.mkz2017,,,,,,,60.9030674753945,,11,100,100,1,120,0,51.9500007741153,464.686954498291,none,Default,30,0,0,0,0,70,0,0,0,0
502,51,RouteScenario_8_51,Completed,,0,0,0,0,0,0,0,0,0,30,0,0,0,0,0,70,0,0,0,vehicle.lincoln.mkz2017,,,,,,,60.9279205505372,,11,100,100,1,120,0,30.8000004589558,223.998859167099,none,Default,30,0,0,0,0,70,0,0,0,0
503,54,RouteScenario_8_54,Completed,,0,0,0,0,0,0,0,0,0,30,0,0,0,0,0,70,0,0,0,vehicle.lincoln.mkz2017,,,,,,,61.0017801850379,,11,100,100,1,120,0,30.15000044927,251.294260501862,none,Default,30,0,0,0,0,70,0,0,0,0
504,38,RouteScenario_9_38,Completed,,0,0,0,0,0,0,0,0,0,30,0,0,0,0,0,70,0,0,0,vehicle.lincoln.mkz2017,,,,,,,55.1992774726341,,11,100,100,1,120,0,46.4500006921589,402.626179933548,none,Default,30,0,0,0,0,70,0,0,0,0
505,48,RouteScenario_9_48,Completed,,0,0,0,0,0,0,0,0,0,30,0,0,0,0,0,70,0,0,0,vehicle.lincoln.mkz2017,,,,,,,55.2729072870563,,11,100,100,1,120,0,22.0500003285706,195.303860187531,none,Default,30,0,0,0,0,70,0,0,0,0
506,29,RouteScenario_9_29,Completed,,0,0,0,0,0,0,0,0,0,30,0,0,0,0,0,70,0,0,0,vehicle.lincoln.mkz2017,,,,,,,55.9449379255595,,11,100,100,1,120,0,21.1000003144145,151.691998243332,none,Default,30,0,0,0,0,70,0,0,0,0
507,50,RouteScenario_9_50,Completed,,0,0,0,0,0,0,0,0,0,30,0,0,0,0,0,70,0,0,0,vehicle.lincoln.mkz2017,,,,,,,55.2693469423156,,11,100,100,1,120,0,22.2000003308058,217.745950460434,none,Default,30,0,0,0,0,70,0,0,0,0
508,47,RouteScenario_9_47,Completed,,0,0,0,0,0,0,0,0,0,30,0,0,0,0,0,70,0,0,0,vehicle.lincoln.mkz2017,,,,,,,55.6100996929839,,11,100,100,1,120,0,27.3500004075468,238.363319396973,none,Default,30,0,0,0,0,70,0,0,0,0
509,62,RouteScenario_9_62,Completed,,0,0,0,0,0,0,0,0,0,30,0,0,0,0,0,70,0,0,0,vehicle.lincoln.mkz2017,,,,,,,56.0266629865779,,11,100,100,1,120,0,24.950000371784,228.471563339233,none,Default,30,0,0,0,0,70,0,0,0,0
510,36,RouteScenario_9_36,Completed,,0,0,0,0,0,0,0,0,0,30,0,0,0,0,0,70,0,0,0,vehicle.lincoln.mkz2017,,,,,,,55.246532624805,,11,100,100,1,120,0,21.0000003129244,163.091325521469,none,Default,30,0,0,0,0,70,0,0,0,0
511,35,RouteScenario_9_35,Completed,,0,0,0,0,0,0,0,0,0,30,0,0,0,0,0,70,0,0,0,vehicle.lincoln.mkz2017,,,,,,,55.1791221263788,,11,100,100,1,120,0,24.5000003650784,200.939776182175,none,Default,30,0,0,0,0,70,0,0,0,0
512,70,RouteScenario_9_70,Completed,,0,0,0,0,0,0,0,0,0,30,0,0,0,0,0,70,0,0,0,vehicle.lincoln.mkz2017,,,,,,,54.9144776048236,,11,100,100,1,120,0,31.7500004731119,254.253670930862,none,Default,30,0,0,0,0,70,0,0,0,0
513,5,RouteScenario_9_5,Completed,,0,0,0,0,0,0,0,0,0,30,0,0,0,0,0,70,0,0,0,vehicle.lincoln.mkz2017,,,,,,,55.4331178576471,,11,100,100,1,120,0,61.0000009089708,521.692154169083,none,Default,30,0,0,0,0,70,0,0,0,0
514,25,RouteScenario_9_25,Completed,,0,0,0,0,0,0,0,0,0,30,0,0,0,0,0,70,0,0,0,vehicle.lincoln.mkz2017,,,,,,,55.2509088469579,,11,100,100,1,120,0,61.0500009097159,603.412909030914,none,Default,30,0,0,0,0,70,0,0,0,0
515,19,RouteScenario_9_19,Completed,,0,0,0,0,0,0,0,0,0,30,0,0,0,0,0,70,0,0,0,vehicle.lincoln.mkz2017,,,,,,,55.0414164576002,,11,100,100,1,120,0,47.1500007025898,369.062631130218,none,Default,30,0,0,0,0,70,0,0,0,0
516,55,RouteScenario_9_55,Completed,,0,0,0,0,0,0,0,0,0,30,0,0,0,0,0,70,0,0,0,vehicle.lincoln.mkz2017,,,,,,,55.3444714488046,,11,100,100,1,120,0,36.4500005431473,383.554354667664,none,Default,30,0,0,0,0,70,0,0,0,0
517,46,RouteScenario_9_46,Completed,,0,0,0,0,0,0,0,0,0,30,0,0,0,0,0,70,0,0,0,vehicle.lincoln.mkz2017,,,,,,,55.9272196240984,,11,100,100,1,120,0,21.2500003166497,158.85796380043,none,Default,30,0,0,0,0,70,0,0,0,0
518,13,RouteScenario_9_13,Completed,,0,0,0,0,0,0,0,0,0,30,0,0,0,0,0,70,0,0,0,vehicle.lincoln.mkz2017,,,,,,,56.0943868973,,11,100,100,1,120,0,21.8500003255904,163.380528926849,none,Default,30,0,0,0,0,70,0,0,0,0
519,8,RouteScenario_9_8,Completed,,0,0,0,0,0,0,0,0,0,30,0,0,0,0,0,70,0,0,0,vehicle.lincoln.mkz2017,,,,,,,54.7560718433674,,11,100,100,1,120,0,28.450000423938,283.808963775635,none,Default,30,0,0,0,0,70,0,0,0,0
520,60,RouteScenario_9_60,Completed,,0,0,0,0,0,0,0,0,0,30,0,0,0,0,0,70,0,0,0,vehicle.lincoln.mkz2017,,,,,,,55.7125183477149,,11,100,100,1,120,0,26.3000003919005,277.818673372269,none,Default,30,0,0,0,0,70,0,0,0,0
521,31,RouteScenario_9_31,Completed,,0,0,0,0,0,0,0,0,0,30,0,0,0,0,0,70,0,0,0,vehicle.lincoln.mkz2017,,,,,,,55.5078029415204,,11,100,100,1,120,0,21.8000003248453,198.792324304581,none,Default,30,0,0,0,0,70,0,0,0,0
522,14,RouteScenario_9_14,Completed,,0,0,0,0,0,0,0,0,0,30,0,0,0,0,0,70,0,0,0,vehicle.lincoln.mkz2017,,,,,,,55.2446401601069,,11,100,100,1,120,0,21.2000003159046,191.293654441834,none,Default,30,0,0,0,0,70,0,0,0,0
523,3,RouteScenario_9_3,Completed,,0,0,0,0,0,0,0,0,0,30,0,0,0,0,0,70,0,0,0,vehicle.lincoln.mkz2017,,,,,,,55.4161604333607,,11,100,100,1,120,0,24.0500003583729,210.808143377304,none,Default,30,0,0,0,0,70,0,0,0,0
524,21,RouteScenario_9_21,Completed,,0,0,0,0,0,0,0,0,0,30,0,0,0,0,0,70,0,0,0,vehicle.lincoln.mkz2017,,,,,,,55.2958615135455,,11,100,100,1,120,0,21.9000003263354,231.11888384819,none,Default,30,0,0,0,0,70,0,0,0,0
525,66,RouteScenario_9_66,Completed,,0,0,0,0,0,0,0,0,0,30,0,0,0,0,0,70,0,0,0,vehicle.lincoln.mkz2017,,,,,,,55.411215562172,,11,100,100,1,120,0,61.6000009179115,523.478228569031,none,Default,30,0,0,0,0,70,0,0,0,0
526,9,RouteScenario_9_9,Completed,,0,0,0,0,0,0,0,0,0,30,0,0,0,0,0,70,0,0,0,vehicle.lincoln.mkz2017,,,,,,,55.5982310608942,,11,100,100,1,120,0,93.1500013880432,777.796336650848,none,Default,30,0,0,0,0,70,0,0,0,0
527,59,RouteScenario_9_59,Completed,,0,0,0,0,0,0,0,0,0,30,0,0,0,0,0,70,0,0,0,vehicle.lincoln.mkz2017,,,,,,,56.2904176138406,,11,100,100,1,120,0,22.8000003397465,177.541605234146,none,Default,30,0,0,0,0,70,0,0,0,0
0,1,RouteScenario_1_1,Completed,,0,0,0,0,0,0,0,0,0,30,0,0,0,0,0,70,0,0,0,vehicle.bmw.isetta,,,,,,,83.5987382609463,,10,100,100,1,120,0,35.7000005319715,359.460097312927,none,Default,30,0,0,0,0,70,0,0,0,0
1,5,RouteScenario_1_5,Completed,,0,0,0,0,0,0,0,0,0,30,0,0,0,0,0,70,0,0,0,vehicle.bmw.isetta,,,,,,,326.462894547121,,10,100,100,1,120,0,129.950001936406,1021.26421380043,none,Default,30,0,0,0,0,70,0,0,0,0
2,2,RouteScenario_1_2,Completed,,0,0,0,0,0,0,0,0,0,30,0,0,0,0,0,70,0,0,0,vehicle.bmw.isetta,,,,,,,310.514999376331,,10,100,100,1,120,0,83.4000012427569,564.356910943985,none,Default,30,0,0,0,0,70,0,0,0,0
3,4,RouteScenario_1_4,Completed,,0,0,0,0,0,0,0,0,0,30,0,0,0,0,0,70,0,0,0,vehicle.bmw.isetta,,,,,,,334.390023293839,,10,100,100,1,120,0,145.300002165139,1432.53820300102,none,Default,30,0,0,0,0,70,0,0,0,0
4,3,RouteScenario_1_3,Completed,,0,0,0,0,0,0,0,0,0,30,0,0,0,0,0,70,0,0,0,vehicle.bmw.isetta,,,,,,,78.9935253393565,,10,100,100,1,120,0,47.0000007003546,502.520216703415,none,Default,30,0,0,0,0,70,0,0,0,0
5,0,RouteScenario_1_0,Completed,,0,0,0,0,0,0,0,0,0,30,0,0,0,0,0,70,0,0,0,vehicle.bmw.isetta,,,,,,,316.482082994457,,10,100,100,1,120,0,85.3000012710691,534.883131980896,none,Default,30,0,0,0,0,70,0,0,0,0
6,1,RouteScenario_3_1,Completed,,0,0,0,0,0,0,0,0,0,30,0,0,0,0,0,70,0,0,0,vehicle.bmw.isetta,,,,,,,83.5987382609463,,10,100,100,1,120,0,80.0000011920929,588.172196865082,none,Default,30,0,0,0,0,70,0,0,0,0
7,5,RouteScenario_3_5,Completed,,0,0,0,0,0,0,0,0,0,30,0,0,0,0,0,70,0,0,0,vehicle.bmw.isetta,,,,,,,326.462894547121,,10,100,100,1,120,0,68.000001013279,526.860135316849,none,Default,30,0,0,0,0,70,0,0,0,0
8,2,RouteScenario_3_2,Completed,,0,0,0,0,0,0,0,0,0,30,0,0,0,0,0,70,0,0,0,vehicle.bmw.isetta,,,,,,,310.514999376331,,10,100,100,1,120,0,62.0500009246171,561.847188472748,none,Default,30,0,0,0,0,70,0,0,0,0
9,4,RouteScenario_3_4,Completed,,0,0,0,0,0,0,0,0,0,30,0,0,0,0,0,70,0,0,0,vehicle.bmw.isetta,,,,,,,334.390023293839,,10,100,100,1,120,0,61.0500009097159,482.290207386017,none,Default,30,0,0,0,0,70,0,0,0,0
10,3,RouteScenario_3_3,Completed,,0,0,0,0,0,0,0,0,0,30,0,0,0,0,0,70,0,0,0,vehicle.bmw.isetta,,,,,,,78.9935253393565,,10,100,100,1,120,0,46.6500006951392,345.69225859642,none,Default,30,0,0,0,0,70,0,0,0,0
11,0,RouteScenario_3_0,Completed,,0,0,0,0,0,0,0,0,0,30,0,0,0,0,0,70,0,0,0,vehicle.bmw.isetta,,,,,,,316.482082994457,,10,100,100,1,120,0,64.9500009678304,483.688011407852,none,Default,30,0,0,0,0,70,0,0,0,0
12,38,RouteScenario_4_38,Completed,,0,0,0,0,0,0,0,0,0,30,0,0,0,0,0,70,0,0,0,vehicle.bmw.isetta,,,,,,,61.9475762241984,,10,100,100,1,120,0,42.0500006265938,259.466636896133,none,Default,30,0,0,0,0,70,0,0,0,0
13,40,RouteScenario_4_40,Completed,,0,0,0,0,0,0,0,0,0,30,0,0,0,0,0,70,0,0,0,vehicle.bmw.isetta,,,,,,,55.7125183477149,,10,100,100,1,120,0,15.8000002354384,193.661223173141,none,Default,30,0,0,0,0,70,0,0,0,0
14,44,RouteScenario_4_44,Completed,,0,0,0,0,0,0,0,0,0,30,0,0,0,0,0,70,0,0,0,vehicle.bmw.isetta,,,,,,,55.411215562172,,10,100,100,1,120,0,28.9000004306436,271.28030371666,none,Default,30,0,0,0,0,70,0,0,0,0
15,29,RouteScenario_4_29,Completed,,0,0,0,0,0,0,0,0,0,30,0,0,0,0,0,70,0,0,0,vehicle.bmw.isetta,,,,,,,61.58523811689,,10,100,100,1,120,0,39.9000005945563,371.528284072876,none,Default,30,0,0,0,0,70,0,0,0,0
16,27,RouteScenario_4_27,Completed,,0,0,0,0,0,0,0,0,0,30,0,0,0,0,0,70,0,0,0,vehicle.bmw.isetta,,,,,,,60.8562374441557,,10,100,100,1,120,0,27.600000411272,186.388094186783,none,Default,30,0,0,0,0,70,0,0,0,0
17,47,RouteScenario_4_47,Completed,,0,0,0,0,0,0,0,0,0,30,0,0,0,0,0,70,0,0,0,vehicle.bmw.isetta,,,,,,,60.5713627250422,,10,100,100,1,120,0,28.9000004306436,258.42795753479,none,Default,30,0,0,0,0,70,0,0,0,0
18,43,RouteScenario_4_43,Completed,,0,0,0,0,0,0,0,0,0,30,0,0,0,0,0,70,0,0,0,vehicle.bmw.isetta,,,,,,,61.6855587978245,,10,100,100,1,120,0,43.10000064224,310.159868001938,none,Default,30,0,0,0,0,70,0,0,0,0
19,1,RouteScenario_4_1,Completed,,0,0,0,0,0,0,0,0,0,30,0,0,0,0,0,70,0,0,0,vehicle.bmw.isetta,,,,,,,55.4161604333607,,10,100,100,1,120,0,34.6500005163252,261.420111894608,none,Default,30,0,0,0,0,70,0,0,0,0
20,15,RouteScenario_4_15,Completed,,0,0,0,0,0,0,0,0,0,30,0,0,0,0,0,70,0,0,0,vehicle.bmw.isetta,,,,,,,55.2958615135455,,10,100,100,1,120,0,15.0500002242625,184.126901865005,none,Default,30,0,0,0,0,70,0,0,0,0
21,36,RouteScenario_4_36,Completed,,0,0,0,0,0,0,0,0,0,30,0,0,0,0,0,70,0,0,0,vehicle.bmw.isetta,,,,,,,61.0017801850379,,10,100,100,1,120,0,43.10000064224,318.261921405792,none,Default,30,0,0,0,0,70,0,0,0,0
22,22,RouteScenario_4_22,Completed,,0,0,0,0,0,0,0,0,0,30,0,0,0,0,0,70,0,0,0,vehicle.bmw.isetta,,,,,,,60.8378172631538,,10,100,100,1,120,0,40.9500006102026,298.68795800209,none,Default,30,0,0,0,0,70,0,0,0,0
23,35,RouteScenario_4_35,Completed,,0,0,0,0,0,0,0,0,0,30,0,0,0,0,0,70,0,0,0,vehicle.bmw.isetta,,,,,,,60.9279205505372,,10,100,100,1,120,0,28.8500004298985,235.263961315155,none,Default,30,0,0,0,0,70,0,0,0,0
24,24,RouteScenario_4_24,Completed,,0,0,0,0,0,0,0,0,0,30,0,0,0,0,0,70,0,0,0,vehicle.bmw.isetta,,,,,,,55.246532624805,,10,100,100,1,120,0,24.8500003702939,144.332339763641,none,Default,30,0,0,0,0,70,0,0,0,0
25,5,RouteScenario_4_5,Completed,,0,0,0,0,0,0,0,0,0,30,0,0,0,0,0,70,0,0,0,vehicle.bmw.isetta,,,,,,,55.5982310608942,,10,100,100,1,120,0,28.7000004276633,208.46852517128,none,Default,30,0,0,0,0,70,0,0,0,0
26,25,RouteScenario_4_25,Completed,,0,0,0,0,0,0,0,0,0,30,0,0,0,0,0,70,0,0,0,vehicle.bmw.isetta,,,,,,,60.9030674753945,,10,100,100,1,120,0,48.9500007294118,375.920527696609,none,Default,30,0,0,0,0,70,0,0,0,0
27,12,RouteScenario_4_12,Completed,,0,0,0,0,0,0,0,0,0,30,0,0,0,0,0,70,0,0,0,vehicle.bmw.isetta,,,,,,,60.6975830730111,,10,100,100,1,120,0,43.1500006429851,269.880279779434,none,Default,30,0,0,0,0,70,0,0,0,0
28,19,RouteScenario_4_19,Completed,,0,0,0,0,0,0,0,0,0,30,0,0,0,0,0,70,0,0,0,vehicle.bmw.isetta,,,,,,,55.9449379255595,,10,100,100,1,120,0,27.7500004135072,218.827246904373,none,Default,30,0,0,0,0,70,0,0,0,0
29,2,RouteScenario_4_2,Completed,,0,0,0,0,0,0,0,0,0,30,0,0,0,0,0,70,0,0,0,vehicle.bmw.isetta,,,,,,,61.0937473931621,,10,100,100,1,120,0,25.6000003814697,211.40408706665,none,Default,30,0,0,0,0,70,0,0,0,0
30,33,RouteScenario_4_33,Completed,,0,0,0,0,0,0,0,0,0,30,0,0,0,0,0,70,0,0,0,vehicle.bmw.isetta,,,,,,,60.9280220394555,,10,100,100,1,120,0,48.3000007197261,312.41440987587,none,Default,30,0,0,0,0,70,0,0,0,0
31,7,RouteScenario_4_7,Completed,,0,0,0,0,0,0,0,0,0,30,0,0,0,0,0,70,0,0,0,vehicle.bmw.isetta,,,,,,,60.4144769282656,,10,100,100,1,120,0,25.850000385195,256.816116809845,none,Default,30,0,0,0,0,70,0,0,0,0
32,45,RouteScenario_4_45,Completed,,0,0,0,0,0,0,0,0,0,30,0,0,0,0,0,70,0,0,0,vehicle.bmw.isetta,,,,,,,61.0679382908354,,10,100,100,1,120,0,43.7000006511807,370.579687833786,none,Default,30,0,0,0,0,70,0,0,0,0
33,28,RouteScenario_4_28,Completed,,0,0,0,0,0,0,0,0,0,30,0,0,0,0,0,70,0,0,0,vehicle.bmw.isetta,,,,,,,61.2653992918667,,10,100,100,1,120,0,28.7000004276633,200.440351247787,none,Default,30,0,0,0,0,70,0,0,0,0
34,46,RouteScenario_4_46,Completed,,0,0,0,0,0,0,0,0,0,30,0,0,0,0,0,70,0,0,0,vehicle.bmw.isetta,,,,,,,54.9144776048236,,10,100,100,1,120,0,38.0500005669892,294.816398859024,none,Default,30,0,0,0,0,70,0,0,0,0
35,30,RouteScenario_4_30,Completed,,0,0,0,0,0,0,0,0,0,30,0,0,0,0,0,70,0,0,0,vehicle.bmw.isetta,,,,,,,55.9272196240984,,10,100,100,1,120,0,27.0500004030764,181.752006292343,none,Default,30,0,0,0,0,70,0,0,0,0
36,17,RouteScenario_4_17,Completed,,0,0,0,0,0,0,0,0,0,30,0,0,0,0,0,70,0,0,0,vehicle.bmw.isetta,,,,,,,55.2509088469579,,10,100,100,1,120,0,54.6500008143485,595.236251592636,none,Default,30,0,0,0,0,70,0,0,0,0
37,18,RouteScenario_4_18,Completed,,0,0,0,0,0,0,0,0,0,30,0,0,0,0,0,70,0,0,0,vehicle.bmw.isetta,,,,,,,61.5983003867138,,10,100,100,1,120,0,40.0500005967915,279.90442609787,none,Default,30,0,0,0,0,70,0,0,0,0
38,34,RouteScenario_4_34,Completed,,0,0,0,0,0,0,0,0,0,30,0,0,0,0,0,70,0,0,0,vehicle.bmw.isetta,,,,,,,55.2693469423156,,10,100,100,1,120,0,15.9000002369285,174.775811433792,none,Default,30,0,0,0,0,70,0,0,0,0
39,11,RouteScenario_4_11,Completed,,0,0,0,0,0,0,0,0,0,30,0,0,0,0,0,70,0,0,0,vehicle.bmw.isetta,,,,,,,60.9010176915778,,10,100,100,1,120,0,29.4000004380941,243.936041116714,none,Default,30,0,0,0,0,70,0,0,0,0
40,13,RouteScenario_4_13,Completed,,0,0,0,0,0,0,0,0,0,30,0,0,0,0,0,70,0,0,0,vehicle.bmw.isetta,,,,,,,55.0414164576002,,10,100,100,1,120,0,23.3000003471971,232.888239860535,none,Default,30,0,0,0,0,70,0,0,0,0
41,4,RouteScenario_4_4,Completed,,0,0,0,0,0,0,0,0,0,30,0,0,0,0,0,70,0,0,0,vehicle.bmw.isetta,,,,,,,54.7560718433674,,10,100,100,1,120,0,17.4500002600253,142.343720674515,none,Default,30,0,0,0,0,70,0,0,0,0
42,6,RouteScenario_4_6,Completed,,0,0,0,0,0,0,0,0,0,30,0,0,0,0,0,70,0,0,0,vehicle.bmw.isetta,,,,,,,61.2532597136652,,10,100,100,1,120,0,43.3500006459653,298.512184858322,none,Default,30,0,0,0,0,70,0,0,0,0
43,16,RouteScenario_4_16,Completed,,0,0,0,0,0,0,0,0,0,30,0,0,0,0,0,70,0,0,0,vehicle.bmw.isetta,,,,,,,60.9108974057898,,10,100,100,1,120,0,34.8500005193055,197.35120844841,none,Default,30,0,0,0,0,70,0,0,0,0
44,23,RouteScenario_4_23,Completed,,0,0,0,0,0,0,0,0,0,30,0,0,0,0,0,70,0,0,0,vehicle.bmw.isetta,,,,,,,55.1791221263788,,10,100,100,1,120,0,26.5000003948808,174.620262384415,none,Default,30,0,0,0,0,70,0,0,0,0
45,42,RouteScenario_4_42,Completed,,0,0,0,0,0,0,0,0,0,30,0,0,0,0,0,70,0,0,0,vehicle.bmw.isetta,,,,,,,56.0266629865779,,10,100,100,1,120,0,25.2500003762543,179.971977472305,none,Default,30,0,0,0,0,70,0,0,0,0
46,8,RouteScenario_4_8,Completed,,0,0,0,0,0,0,0,0,0,30,0,0,0,0,0,70,0,0,0,vehicle.bmw.isetta,,,,,,,61.7513111190818,,10,100,100,1,120,0,39.0000005811453,260.97197508812,none,Default,30,0,0,0,0,70,0,0,0,0
47,31,RouteScenario_4_31,Completed,,0,0,0,0,0,0,0,0,0,30,0,0,0,0,0,70,0,0,0,vehicle.bmw.isetta,,,,,,,55.6100996929839,,10,100,100,1,120,0,13.3500001989305,95.1805245876312,none,Default,30,0,0,0,0,70,0,0,0,0
48,39,RouteScenario_4_39,Completed,,0,0,0,0,0,0,0,0,0,30,0,0,0,0,0,70,0,0,0,vehicle.bmw.isetta,,,,,,,56.2904176138406,,10,100,100,1,120,0,24.7000003680587,157.788197278976,none,Default,30,0,0,0,0,70,0,0,0,0
49,14,RouteScenario_4_14,Completed,,0,0,0,0,0,0,0,0,0,30,0,0,0,0,0,70,0,0,0,vehicle.bmw.isetta,,,,,,,60.9533725806078,,10,100,100,1,120,0,37.8000005632639,350.384426355362,none,Default,30,0,0,0,0,70,0,0,0,0
50,20,RouteScenario_4_20,Completed,,0,0,0,0,0,0,0,0,0,30,0,0,0,0,0,70,0,0,0,vehicle.bmw.isetta,,,,,,,61.163920233194,,10,100,100,1,120,0,27.1000004038215,157.448278188705,none,Default,30,0,0,0,0,70,0,0,0,0
51,3,RouteScenario_4_3,Completed,,0,0,0,0,0,0,0,0,0,30,0,0,0,0,0,70,0,0,0,vehicle.bmw.isetta,,,,,,,55.4331178576471,,10,100,100,1,120,0,18.3000002726913,128.684363365173,none,Default,30,0,0,0,0,70,0,0,0,0
52,10,RouteScenario_4_10,Completed,,0,0,0,0,0,0,0,0,0,30,0,0,0,0,0,70,0,0,0,vehicle.bmw.isetta,,,,,,,55.2446401601069,,10,100,100,1,120,0,14.1500002108514,167.98438167572,none,Default,30,0,0,0,0,70,0,0,0,0
53,21,RouteScenario_4_21,Completed,,0,0,0,0,0,0,0,0,0,30,0,0,0,0,0,70,0,0,0,vehicle.bmw.isetta,,,,,,,55.5078029415204,,10,100,100,1,120,0,16.1000002399087,104.156147956848,none,Default,30,0,0,0,0,70,0,0,0,0
54,41,RouteScenario_4_41,Completed,,0,0,0,0,0,0,0,0,0,30,0,0,0,0,0,70,0,0,0,vehicle.bmw.isetta,,,,,,,61.3671426310995,,10,100,100,1,120,0,28.8000004291534,195.284292459488,none,Default,30,0,0,0,0,70,0,0,0,0
55,37,RouteScenario_4_37,Completed,,0,0,0,0,0,0,0,0,0,30,0,0,0,0,0,70,0,0,0,vehicle.bmw.isetta,,,,,,,55.3444714488046,,10,100,100,1,120,0,39.2500005848706,343.368110179901,none,Default,30,0,0,0,0,70,0,0,0,0
56,32,RouteScenario_4_32,Completed,,0,0,0,0,0,0,0,0,0,30,0,0,0,0,0,70,0,0,0,vehicle.bmw.isetta,,,,,,,55.2729072870563,,10,100,100,1,120,0,26.8500004000962,168.628635168076,none,Default,30,0,0,0,0,70,0,0,0,0
57,26,RouteScenario_4_26,Completed,,0,0,0,0,0,0,0,0,0,30,0,0,0,0,0,70,0,0,0,vehicle.bmw.isetta,,,,,,,55.1992774726341,,10,100,100,1,120,0,18.6500002779067,140.964341163635,none,Default,30,0,0,0,0,70,0,0,0,0
58,9,RouteScenario_4_9,Completed,,0,0,0,0,0,0,0,0,0,30,0,0,0,0,0,70,0,0,0,vehicle.bmw.isetta,,,,,,,56.0943868973,,10,100,100,1,120,0,27.8500004149973,219.772532939911,none,Default,30,0,0,0,0,70,0,0,0,0
59,0,RouteScenario_4_0,Completed,,0,0,0,0,0,0,0,0,0,30,0,0,0,0,0,70,0,0,0,vehicle.bmw.isetta,,,,,,,61.0692029250401,,10,100,100,1,120,0,40.6000006049871,319.148365259171,none,Default,30,0,0,0,0,70,0,0,0,0
60,40,RouteScenario_7_40,Completed,,0,0,0,0,0,0,0,0,0,30,0,0,0,0,0,70,0,0,0,vehicle.bmw.isetta,,,,,,,82.6000177593693,,10,100,100,1,120,0,22.350000333041,173.323875665665,none,Default,30,0,0,0,0,70,0,0,0,0
61,27,RouteScenario_7_27,Completed,,0,0,0,0,0,0,0,0,0,30,0,0,0,0,0,70,0,0,0,vehicle.bmw.isetta,,,,,,,83.1199803317866,,10,100,100,1,120,0,25.5500003807247,183.820214748383,none,Default,30,0,0,0,0,70,0,0,0,0
62,43,RouteScenario_7_43,Completed,,0,0,0,0,0,0,0,0,0,30,0,0,0,0,0,70,0,0,0,vehicle.bmw.isetta,,,,,,,83.5100097430599,,10,100,100,1,120,0,28.5500004254281,223.35204744339,none,Default,30,0,0,0,0,70,0,0,0,0
63,1,RouteScenario_7_1,Completed,,0,0,0,0,0,0,0,0,0,30,0,0,0,0,0,70,0,0,0,vehicle.bmw.isetta,,,,,,,82.18000091525,,10,100,100,1,120,0,21.1000003144145,151.196044683456,none,Default,30,0,0,0,0,70,0,0,0,0
64,22,RouteScenario_7_22,Completed,,0,0,0,0,0,0,0,0,0,30,0,0,0,0,0,70,0,0,0,vehicle.bmw.isetta,,,,,,,82.0000009476335,,10,100,100,1,120,0,32.0500004775822,247.722934484482,none,Default,30,0,0,0,0,70,0,0,0,0
65,65,RouteScenario_7_65,Completed,,0,0,0,0,0,0,0,0,0,30,0,0,0,0,0,70,0,0,0,vehicle.bmw.isetta,,,,,,,82.6099985312579,,10,100,100,1,120,0,20.9500003121793,132.855991601944,none,Default,30,0,0,0,0,70,0,0,0,0
66,64,RouteScenario_7_64,Completed,,0,0,0,0,0,0,0,0,0,30,0,0,0,0,0,70,0,0,0,vehicle.bmw.isetta,,,,,,,82.6100023459545,,10,100,100,1,120,0,26.3500003926456,236.705099344254,none,Default,30,0,0,0,0,70,0,0,0,0
67,33,RouteScenario_7_33,Completed,,0,0,0,0,0,0,0,0,0,30,0,0,0,0,0,70,0,0,0,vehicle.bmw.isetta,,,,,,,81.9791512056177,,10,100,100,1,120,0,25.5000003799796,203.043198108673,none,Default,30,0,0,0,0,70,0,0,0,0
68,7,RouteScenario_7_7,Completed,,0,0,0,0,0,0,0,0,0,30,0,0,0,0,0,70,0,0,0,vehicle.bmw.isetta,,,,,,,81.9999933182391,,10,100,100,1,120,0,50.3000007495284,430.399889945984,none,Default,30,0,0,0,0,70,0,0,0,0
69,56,RouteScenario_7_56,Completed,,0,0,0,0,0,0,0,0,0,30,0,0,0,0,0,70,0,0,0,vehicle.bmw.isetta,,,,,,,83.310857099776,,10,100,100,1,120,0,22.1000003293157,143.675896167755,none,Default,30,0,0,0,0,70,0,0,0,0
70,17,RouteScenario_7_17,Completed,,0,0,0,0,0,0,0,0,0,30,0,0,0,0,0,70,0,0,0,vehicle.bmw.isetta,,,,,,,83.089996226047,,10,100,100,1,120,0,36.150000538677,379.452976465225,none,Default,30,0,0,0,0,70,0,0,0,0
71,6,RouteScenario_7_6,Completed,,0,0,0,0,0,0,0,0,0,30,0,0,0,0,0,70,0,0,0,vehicle.bmw.isetta,,,,,,,81.9999933182391,,10,100,100,1,120,0,23.6500003524125,161.911092281342,none,Default,30,0,0,0,0,70,0,0,0,0
72,57,RouteScenario_7_57,Completed,,0,0,0,0,0,0,0,0,0,30,0,0,0,0,0,70,0,0,0,vehicle.bmw.isetta,,,,,,,83.3091252272636,,10,100,100,1,120,0,21.2500003166497,208.908052444458,none,Default,30,0,0,0,0,70,0,0,0,0
73,16,RouteScenario_7_16,Completed,,0,0,0,0,0,0,0,0,0,30,0,0,0,0,0,70,0,0,0,vehicle.bmw.isetta,,,,,,,83.089996226047,,10,100,100,1,120,0,22.7000003382564,153.70951795578,none,Default,30,0,0,0,0,70,0,0,0,0
74,23,RouteScenario_7_23,Completed,,0,0,0,0,0,0,0,0,0,30,0,0,0,0,0,70,0,0,0,vehicle.bmw.isetta,,,,,,,82.0000009476335,,10,100,100,1,120,0,24.2000003606081,186.964189291,none,Default,30,0,0,0,0,70,0,0,0,0
75,42,RouteScenario_7_42,Completed,,0,0,0,0,0,0,0,0,0,30,0,0,0,0,0,70,0,0,0,vehicle.bmw.isetta,,,,,,,83.5100097430599,,10,100,100,1,120,0,20.4000003039837,160.924198389053,none,Default,30,0,0,0,0,70,0,0,0,0
76,69,RouteScenario_7_69,Completed,,0,0,0,0,0,0,0,0,0,30,0,0,0,0,0,70,0,0,0,vehicle.bmw.isetta,,,,,,,82.0000047623307,,10,100,100,1,120,0,34.3500005118549,347.884367465973,none,Default,30,0,0,0,0,70,0,0,0,0
77,53,RouteScenario_7_53,Failed,,0,0,1,0,0,0,0,0,0,30,0,0,0,0,0,70,0,0,0,vehicle.bmw.isetta,,,,,,,82.0099792480469,,10,44.758132802684,26.8548796816104,0.6,120,0,28.3000004217029,212.845730543137,collisions_vehicle,Default,30,0,0,0,0,70,0,0,0,0
78,41,RouteScenario_7_41,Completed,,0,0,0,0,0,0,0,0,0,30,0,0,0,0,0,70,0,0,0,vehicle.bmw.isetta,,,,,,,82.6000177588627,,10,100,100,1,120,0,23.5500003509223,149.299715518951,none,Default,30,0,0,0,0,70,0,0,0,0
79,32,RouteScenario_7_32,Completed,,0,0,0,0,0,0,0,0,0,30,0,0,0,0,0,70,0,0,0,vehicle.bmw.isetta,,,,,,,81.9808678192583,,10,100,100,1,120,0,22.0000003278255,157.288107872009,none,Default,30,0,0,0,0,70,0,0,0,0
80,52,RouteScenario_7_52,Completed,,0,0,0,0,0,0,0,0,0,30,0,0,0,0,0,70,0,0,0,vehicle.bmw.isetta,,,,,,,82.0099792480469,,10,100,100,1,120,0,25.4500003792346,142.072420358658,none,Default,30,0,0,0,0,70,0,0,0,0
81,26,RouteScenario_7_26,Completed,,0,0,0,0,0,0,0,0,0,30,0,0,0,0,0,70,0,0,0,vehicle.bmw.isetta,,,,,,,83.1199803317866,,10,100,100,1,120,0,37.000000551343,246.780118227005,none,Default,30,0,0,0,0,70,0,0,0,0
82,68,RouteScenario_7_68,Failed,,0,0,1,0,0,0,0,0,0,30,0,0,0,0,0,70,0,0,0,vehicle.bmw.isetta,,,,,,,82.0000009476335,,10,44.3124741497019,26.5874844898211,0.6,120,0,27.8500004149973,162.560056447983,collisions_vehicle,Default,30,0,0,0,0,70,0,0,0,0
83,0,RouteScenario_7_0,Completed,,0,0,0,0,0,0,0,0,0,30,0,0,0,0,0,70,0,0,0,vehicle.bmw.isetta,,,,,,,82.18000091525,,10,100,100,1,120,0,20.9500003121793,177.051356077194,none,Default,30,0,0,0,0,70,0,0,0,0
84,44,RouteScenario_8_44,Completed,,0,0,0,0,0,0,0,0,0,30,0,0,0,0,0,70,0,0,0,vehicle.bmw.isetta,,,,,,,61.2653992918667,,10,100,100,1,120,0,28.2000004202127,313.26833486557,none,Default,30,0,0,0,0,70,0,0,0,0
85,15,RouteScenario_8_15,Completed,,0,0,0,0,0,0,0,0,0,30,0,0,0,0,0,70,0,0,0,vehicle.bmw.isetta,,,,,,,60.9010176915778,,10,100,100,1,120,0,25.1500003747642,171.676035642624,none,Default,30,0,0,0,0,70,0,0,0,0
86,58,RouteScenario_8_58,Completed,,0,0,0,0,0,0,0,0,0,30,0,0,0,0,0,70,0,0,0,vehicle.bmw.isetta,,,,,,,61.9475762241984,,10,100,100,1,120,0,38.8000005781651,358.243310213089,none,Default,30,0,0,0,0,70,0,0,0,0
87,24,RouteScenario_8_24,Completed,,0,0,0,0,0,0,0,0,0,30,0,0,0,0,0,70,0,0,0,vehicle.bmw.isetta,,,,,,,60.9108974057898,,10,100,100,1,120,0,34.0000005066395,271.760092258453,none,Default,30,0,0,0,0,70,0,0,0,0
88,49,RouteScenario_8_49,Completed,,0,0,0,0,0,0,0,0,0,30,0,0,0,0,0,70,0,0,0,vehicle.bmw.isetta,,,,,,,60.9280220394555,,10,100,100,1,120,0,30.15000044927,255.61620759964,none,Default,30,0,0,0,0,70,0,0,0,0
89,12,RouteScenario_8_12,Completed,,0,0,0,0,0,0,0,0,0,30,0,0,0,0,0,70,0,0,0,vehicle.bmw.isetta,,,,,,,61.7513111190818,,10,100,100,1,120,0,20.5000003054738,214.504266500473,none,Default,30,0,0,0,0,70,0,0,0,0
90,2,RouteScenario_8_2,Completed,,0,0,0,0,0,0,0,0,0,30,0,0,0,0,0,70,0,0,0,vehicle.bmw.isetta,,,,,,,61.0692029250401,,10,100,100,1,120,0,21.1500003151596,233.951947927475,none,Default,30,0,0,0,0,70,0,0,0,0
91,45,RouteScenario_8_45,Completed,,0,0,0,0,0,0,0,0,0,30,0,0,0,0,0,70,0,0,0,vehicle.bmw.isetta,,,,,,,61.58523811689,,10,100,100,1,120,0,21.6500003226101,175.068051338196,none,Default,30,0,0,0,0,70,0,0,0,0
92,28,RouteScenario_8_28,Completed,,0,0,0,0,0,0,0,0,0,30,0,0,0,0,0,70,0,0,0,vehicle.bmw.isetta,,,,,,,61.5983003867138,,10,100,100,1,120,0,21.3500003181398,138.984246015549,none,Default,30,0,0,0,0,70,0,0,0,0
93,30,RouteScenario_8_30,Completed,,0,0,0,0,0,0,0,0,0,30,0,0,0,0,0,70,0,0,0,vehicle.bmw.isetta,,,,,,,61.163920233194,,10,100,100,1,120,0,27.4500004090369,157.656234741211,none,Default,30,0,0,0,0,70,0,0,0,0
94,18,RouteScenario_8_18,Completed,,0,0,0,0,0,0,0,0,0,30,0,0,0,0,0,70,0,0,0,vehicle.bmw.isetta,,,,,,,60.6975830730111,,10,100,100,1,120,0,31.1500004641712,202.481126308441,none,Default,30,0,0,0,0,70,0,0,0,0
95,34,RouteScenario_8_34,Completed,,0,0,0,0,0,0,0,0,0,30,0,0,0,0,0,70,0,0,0,vehicle.bmw.isetta,,,,,,,60.8378172631538,,10,100,100,1,120,0,25.80000038445,201.328142166138,none,Default,30,0,0,0,0,70,0,0,0,0
96,11,RouteScenario_8_11,Completed,,0,0,0,0,0,0,0,0,0,30,0,0,0,0,0,70,0,0,0,vehicle.bmw.isetta,,,,,,,60.4144769282656,,10,100,100,1,120,0,33.2000004947186,243.504021406174,none,Default,30,0,0,0,0,70,0,0,0,0
97,4,RouteScenario_8_4,Completed,,0,0,0,0,0,0,0,0,0,30,0,0,0,0,0,70,0,0,0,vehicle.bmw.isetta,,,,,,,61.0937473931621,,10,100,100,1,120,0,24.7500003688037,202.780038118362,none,Default,30,0,0,0,0,70,0,0,0,0
98,67,RouteScenario_8_67,Completed,,0,0,0,0,0,0,0,0,0,30,0,0,0,0,0,70,0,0,0,vehicle.bmw.isetta,,,,,,,61.0679382908354,,10,100,100,1,120,0,37.900000564754,300.848213434219,none,Default,30,0,0,0,0,70,0,0,0,0
99,39,RouteScenario_8_39,Completed,,0,0,0,0,0,0,0,0,0,30,0,0,0,0,0,70,0,0,0,vehicle.bmw.isetta,,,,,,,60.8562374441557,,10,100,100,1,120,0,25.1000003740191,198.724189043045,none,Default,30,0,0,0,0,70,0,0,0,0
100,71,RouteScenario_8_71,Completed,,0,0,0,0,0,0,0,0,0,30,0,0,0,0,0,70,0,0,0,vehicle.bmw.isetta,,,,,,,60.5713627250422,,10,100,100,1,120,0,27.0500004030764,179.948161840439,none,Default,30,0,0,0,0,70,0,0,0,0
101,20,RouteScenario_8_20,Completed,,0,0,0,0,0,0,0,0,0,30,0,0,0,0,0,70,0,0,0,vehicle.bmw.isetta,,,,,,,60.9533725806078,,10,100,100,1,120,0,27.8500004149973,167.276077508926,none,Default,30,0,0,0,0,70,0,0,0,0
102,10,RouteScenario_8_10,Completed,,0,0,0,0,0,0,0,0,0,30,0,0,0,0,0,70,0,0,0,vehicle.bmw.isetta,,,,,,,61.2532597136652,,10,100,100,1,120,0,21.8000003248453,193.964252710342,none,Default,30,0,0,0,0,70,0,0,0,0
103,61,RouteScenario_8_61,Completed,,0,0,0,0,0,0,0,0,0,30,0,0,0,0,0,70,0,0,0,vehicle.bmw.isetta,,,,,,,61.3671426310995,,10,100,100,1,120,0,28.0000004172325,265.612100362778,none,Default,30,0,0,0,0,70,0,0,0,0
104,63,RouteScenario_8_63,Completed,,0,0,0,0,0,0,0,0,0,30,0,0,0,0,0,70,0,0,0,vehicle.bmw.isetta,,,,,,,61.6855587978245,,10,100,100,1,120,0,21.3500003181398,168.587797641754,none,Default,30,0,0,0,0,70,0,0,0,0
105,37,RouteScenario_8_37,Completed,,0,0,0,0,0,0,0,0,0,30,0,0,0,0,0,70,0,0,0,vehicle.bmw.isetta,,,,,,,60.9030674753945,,10,100,100,1,120,0,48.5000007227063,495.20133972168,none,Default,30,0,0,0,0,70,0,0,0,0
106,51,RouteScenario_8_51,Completed,,0,0,0,0,0,0,0,0,0,30,0,0,0,0,0,70,0,0,0,vehicle.bmw.isetta,,,,,,,60.9279205505372,,10,100,100,1,120,0,27.9500004164874,164.484202384949,none,Default,30,0,0,0,0,70,0,0,0,0
107,54,RouteScenario_8_54,Completed,,0,0,0,0,0,0,0,0,0,30,0,0,0,0,0,70,0,0,0,vehicle.bmw.isetta,,,,,,,61.0017801850379,,10,100,100,1,120,0,24.8000003695488,125.81246471405,none,Default,30,0,0,0,0,70,0,0,0,0
108,38,RouteScenario_9_38,Completed,,0,0,0,0,0,0,0,0,0,30,0,0,0,0,0,70,0,0,0,vehicle.bmw.isetta,,,,,,,55.1992774726341,,10,100,100,1,120,0,21.8000003248453,149.699669837952,none,Default,30,0,0,0,0,70,0,0,0,0
109,48,RouteScenario_9_48,Completed,,0,0,0,0,0,0,0,0,0,30,0,0,0,0,0,70,0,0,0,vehicle.bmw.isetta,,,,,,,55.2729072870563,,10,100,100,1,120,0,20.0000002980232,130.788182497025,none,Default,30,0,0,0,0,70,0,0,0,0
110,29,RouteScenario_9_29,Completed,,0,0,0,0,0,0,0,0,0,30,0,0,0,0,0,70,0,0,0,vehicle.bmw.isetta,,,,,,,55.9449379255595,,10,100,100,1,120,0,19.8500002957881,118.683996915817,none,Default,30,0,0,0,0,70,0,0,0,0
111,50,RouteScenario_9_50,Completed,,0,0,0,0,0,0,0,0,0,30,0,0,0,0,0,70,0,0,0,vehicle.bmw.isetta,,,,,,,55.2693469423156,,10,100,100,1,120,0,20.5500003062189,157.972068071365,none,Default,30,0,0,0,0,70,0,0,0,0
112,47,RouteScenario_9_47,Completed,,0,0,0,0,0,0,0,0,0,30,0,0,0,0,0,70,0,0,0,vehicle.bmw.isetta,,,,,,,55.6100996929839,,10,100,100,1,120,0,22.1000003293157,154.13111448288,none,Default,30,0,0,0,0,70,0,0,0,0
113,62,RouteScenario_9_62,Completed,,0,0,0,0,0,0,0,0,0,30,0,0,0,0,0,70,0,0,0,vehicle.bmw.isetta,,,,,,,56.0266629865779,,10,100,100,1,120,0,24.7500003688037,178.928143262863,none,Default,30,0,0,0,0,70,0,0,0,0
114,36,RouteScenario_9_36,Completed,,0,0,0,0,0,0,0,0,0,30,0,0,0,0,0,70,0,0,0,vehicle.bmw.isetta,,,,,,,55.246532624805,,10,100,100,1,120,0,19.5500002913177,125.414446592331,none,Default,30,0,0,0,0,70,0,0,0,0
115,35,RouteScenario_9_35,Completed,,0,0,0,0,0,0,0,0,0,30,0,0,0,0,0,70,0,0,0,vehicle.bmw.isetta,,,,,,,55.1791221263788,,10,100,100,1,120,0,26.5000003948808,138.328191995621,none,Default,30,0,0,0,0,70,0,0,0,0
116,70,RouteScenario_9_70,Completed,,0,0,0,0,0,0,0,0,0,30,0,0,0,0,0,70,0,0,0,vehicle.bmw.isetta,,,,,,,54.9144776048236,,10,100,100,1,120,0,37.4000005573034,339.884039878845,none,Default,30,0,0,0,0,70,0,0,0,0
117,5,RouteScenario_9_5,Completed,,0,0,0,0,0,0,0,0,0,30,0,0,0,0,0,70,0,0,0,vehicle.bmw.isetta,,,,,,,55.4331178576471,,10,100,100,1,120,0,23.9500003568828,165.000175714493,none,Default,30,0,0,0,0,70,0,0,0,0
118,25,RouteScenario_9_25,Completed,,0,0,0,0,0,0,0,0,0,30,0,0,0,0,0,70,0,0,0,vehicle.bmw.isetta,,,,,,,55.2509088469579,,10,100,100,1,120,0,20.1000002995133,144.544300794601,none,Default,30,0,0,0,0,70,0,0,0,0
119,19,RouteScenario_9_19,Completed,,0,0,0,0,0,0,0,0,0,30,0,0,0,0,0,70,0,0,0,vehicle.bmw.isetta,,,,,,,55.0414164576002,,10,100,100,1,120,0,51.1500007621944,421.372400760651,none,Default,30,0,0,0,0,70,0,0,0,0
120,55,RouteScenario_9_55,Completed,,0,0,0,0,0,0,0,0,0,30,0,0,0,0,0,70,0,0,0,vehicle.bmw.isetta,,,,,,,55.3444714488046,,10,100,100,1,120,0,33.6500005014241,359.284313678741,none,Default,30,0,0,0,0,70,0,0,0,0
121,46,RouteScenario_9_46,Completed,,0,0,0,0,0,0,0,0,0,30,0,0,0,0,0,70,0,0,0,vehicle.bmw.isetta,,,,,,,55.9272196240984,,10,100,100,1,120,0,24.0000003576279,167.975546836853,none,Default,30,0,0,0,0,70,0,0,0,0
122,13,RouteScenario_9_13,Completed,,0,0,0,0,0,0,0,0,0,30,0,0,0,0,0,70,0,0,0,vehicle.bmw.isetta,,,,,,,56.0943868973,,10,100,100,1,120,0,18.9000002816319,123.984541893005,none,Default,30,0,0,0,0,70,0,0,0,0
123,8,RouteScenario_9_8,Completed,,0,0,0,0,0,0,0,0,0,30,0,0,0,0,0,70,0,0,0,vehicle.bmw.isetta,,,,,,,54.7560718433674,,10,100,100,1,120,0,20.0000002980232,141.776065587997,none,Default,30,0,0,0,0,70,0,0,0,0
124,60,RouteScenario_9_60,Completed,,0,0,0,0,0,0,0,0,0,30,0,0,0,0,0,70,0,0,0,vehicle.bmw.isetta,,,,,,,55.7125183477149,,10,100,100,1,120,0,22.4500003345311,274.438714027405,none,Default,30,0,0,0,0,70,0,0,0,0
125,31,RouteScenario_9_31,Completed,,0,0,0,0,0,0,0,0,0,30,0,0,0,0,0,70,0,0,0,vehicle.bmw.isetta,,,,,,,55.5078029415204,,10,100,100,1,120,0,21.4500003196299,139.12257361412,none,Default,30,0,0,0,0,70,0,0,0,0
126,14,RouteScenario_9_14,Completed,,0,0,0,0,0,0,0,0,0,30,0,0,0,0,0,70,0,0,0,vehicle.bmw.isetta,,,,,,,55.2446401601069,,10,100,100,1,120,0,19.9500002972782,167.46001458168,none,Default,30,0,0,0,0,70,0,0,0,0
127,3,RouteScenario_9_3,Completed,,0,0,0,0,0,0,0,0,0,30,0,0,0,0,0,70,0,0,0,vehicle.bmw.isetta,,,,,,,55.4161604333607,,10,100,100,1,120,0,22.350000333041,192.612231492996,none,Default,30,0,0,0,0,70,0,0,0,0
128,21,RouteScenario_9_21,Completed,,0,0,0,0,0,0,0,0,0,30,0,0,0,0,0,70,0,0,0,vehicle.bmw.isetta,,,,,,,55.2958615135455,,10,100,100,1,120,0,20.5000003054738,188.580185651779,none,Default,30,0,0,0,0,70,0,0,0,0
129,66,RouteScenario_9_66,Completed,,0,0,0,0,0,0,0,0,0,30,0,0,0,0,0,70,0,0,0,vehicle.bmw.isetta,,,,,,,55.411215562172,,10,100,100,1,120,0,19.5000002905726,113.491980075836,none,Default,30,0,0,0,0,70,0,0,0,0
130,9,RouteScenario_9_9,Completed,,0,0,0,0,0,0,0,0,0,30,0,0,0,0,0,70,0,0,0,vehicle.bmw.isetta,,,,,,,55.5982310608942,,10,100,100,1,120,0,28.1500004194677,176.240208625793,none,Default,30,0,0,0,0,70,0,0,0,0
131,59,RouteScenario_9_59,Completed,,0,0,0,0,0,0,0,0,0,30,0,0,0,0,0,70,0,0,0,vehicle.bmw.isetta,,,,,,,56.2904176138406,,10,100,100,1,120,0,20.6000003069639,135.320169687271,none,Default,30,0,0,0,0,70,0,0,0,0
132,1,RouteScenario_1_1,Completed,,0,0,0,0,0,0,0,0,0,30,0,0,0,0,0,70,0,0,0,vehicle.lincoln.mkz2017,,,,,,,83.5987382609463,,10,100,100,1,120,0,33.2000004947186,329.332206964493,none,Default,30,0,0,0,0,70,0,0,0,0
133,5,RouteScenario_1_5,Completed,,0,0,0,0,0,0,0,0,0,30,0,0,0,0,0,70,0,0,0,vehicle.lincoln.mkz2017,,,,,,,326.462894547121,,10,100,100,1,120,0,148.550002213567,960.772403478623,none,Default,30,0,0,0,0,70,0,0,0,0
134,2,RouteScenario_1_2,Completed,,0,0,0,0,0,0,0,0,0,30,0,0,0,0,0,70,0,0,0,vehicle.lincoln.mkz2017,,,,,,,310.514999376331,,10,100,100,1,120,0,119.700001783669,771.736211776733,none,Default,30,0,0,0,0,70,0,0,0,0
135,4,RouteScenario_1_4,Completed,,0,0,0,0,0,0,0,0,0,30,0,0,0,0,0,70,0,0,0,vehicle.lincoln.mkz2017,,,,,,,334.390023293839,,10,100,100,1,120,0,68.5500010214746,476.075789690018,none,Default,30,0,0,0,0,70,0,0,0,0
136,3,RouteScenario_1_3,Completed,,0,0,0,0,0,0,0,0,0,30,0,0,0,0,0,70,0,0,0,vehicle.lincoln.mkz2017,,,,,,,78.9935253393565,,10,100,100,1,120,0,13.6500002034009,91.2362952232361,none,Default,30,0,0,0,0,70,0,0,0,0
137,0,RouteScenario_1_0,Completed,,0,0,0,0,0,0,0,0,0,30,0,0,0,0,0,70,0,0,0,vehicle.lincoln.mkz2017,,,,,,,316.482082994457,,10,100,100,1,120,0,76.2500011362135,474.388151407242,none,Default,30,0,0,0,0,70,0,0,0,0
138,1,RouteScenario_3_1,Completed,,0,0,0,0,0,0,0,0,0,30,0,0,0,0,0,70,0,0,0,vehicle.lincoln.mkz2017,,,,,,,83.5987382609463,,10,100,100,1,120,0,41.0500006116927,485.52424287796,none,Default,30,0,0,0,0,70,0,0,0,0
139,5,RouteScenario_3_5,Completed,,0,0,0,0,0,0,0,0,0,30,0,0,0,0,0,70,0,0,0,vehicle.lincoln.mkz2017,,,,,,,326.462894547121,,10,100,100,1,120,0,138.700002066791,1359.92427611351,none,Default,30,0,0,0,0,70,0,0,0,0
140,2,RouteScenario_3_2,Completed,,0,0,0,0,0,0,0,0,0,30,0,0,0,0,0,70,0,0,0,vehicle.lincoln.mkz2017,,,,,,,310.514999376331,,10,100,100,1,120,0,71.2000010609627,468.283933401108,none,Default,30,0,0,0,0,70,0,0,0,0
141,4,RouteScenario_3_4,Completed,,0,0,0,0,0,0,0,0,0,30,0,0,0,0,0,70,0,0,0,vehicle.lincoln.mkz2017,,,,,,,334.390023293839,,10,100,100,1,120,0,81.2000012099743,635.58796787262,none,Default,30,0,0,0,0,70,0,0,0,0
142,3,RouteScenario_3_3,Completed,,0,0,0,0,0,0,0,0,0,30,0,0,0,0,0,70,0,0,0,vehicle.lincoln.mkz2017,,,,,,,78.9935253393565,,10,100,100,1,120,0,47.7500007115305,512.864264965057,none,Default,30,0,0,0,0,70,0,0,0,0
143,0,RouteScenario_3_0,Completed,,0,0,0,0,0,0,0,0,0,30,0,0,0,0,0,70,0,0,0,vehicle.lincoln.mkz2017,,,,,,,316.482082994457,,10,100,100,1,120,0,70.4500010497868,532.788259983063,none,Default,30,0,0,0,0,70,0,0,0,0
144,38,RouteScenario_4_38,Completed,,0,0,0,0,0,0,0,0,0,30,0,0,0,0,0,70,0,0,0,vehicle.lincoln.mkz2017,,,,,,,61.9475762241984,,10,100,100,1,120,0,42.8500006385148,326.796228170395,none,Default,30,0,0,0,0,70,0,0,0,0
145,40,RouteScenario_4_40,Completed,,0,0,0,0,0,0,0,0,0,30,0,0,0,0,0,70,0,0,0,vehicle.lincoln.mkz2017,,,,,,,55.7125183477149,,10,100,100,1,120,0,15.9000002369285,136.743943691254,none,Default,30,0,0,0,0,70,0,0,0,0
146,44,RouteScenario_4_44,Completed,,0,0,0,0,0,0,0,0,0,30,0,0,0,0,0,70,0,0,0,vehicle.lincoln.mkz2017,,,,,,,55.411215562172,,10,100,100,1,120,0,25.9000003859401,253.476220369339,none,Default,30,0,0,0,0,70,0,0,0,0
147,29,RouteScenario_4_29,Completed,,0,0,0,0,0,0,0,0,0,30,0,0,0,0,0,70,0,0,0,vehicle.lincoln.mkz2017,,,,,,,61.58523811689,,10,100,100,1,120,0,39.4000005871057,322.26825928688,none,Default,30,0,0,0,0,70,0,0,0,0
148,27,RouteScenario_4_27,Completed,,0,0,0,0,0,0,0,0,0,30,0,0,0,0,0,70,0,0,0,vehicle.lincoln.mkz2017,,,,,,,60.8562374441557,,10,100,100,1,120,0,27.6500004120171,163.920065402985,none,Default,30,0,0,0,0,70,0,0,0,0
149,47,RouteScenario_4_47,Completed,,0,0,0,0,0,0,0,0,0,30,0,0,0,0,0,70,0,0,0,vehicle.lincoln.mkz2017,,,,,,,60.5713627250422,,10,100,100,1,120,0,27.600000411272,175.268300056458,none,Default,30,0,0,0,0,70,0,0,0,0
150,43,RouteScenario_4_43,Completed,,0,0,0,0,0,0,0,0,0,30,0,0,0,0,0,70,0,0,0,vehicle.lincoln.mkz2017,,,,,,,61.6855587978245,,10,100,100,1,120,0,42.6000006347895,358.97989654541,none,Default,30,0,0,0,0,70,0,0,0,0
151,1,RouteScenario_4_1,Completed,,0,0,0,0,0,0,0,0,0,30,0,0,0,0,0,70,0,0,0,vehicle.lincoln.mkz2017,,,,,,,55.4161604333607,,10,100,100,1,120,0,28.2000004202127,247.52837896347,none,Default,30,0,0,0,0,70,0,0,0,0
152,15,RouteScenario_4_15,Completed,,0,0,0,0,0,0,0,0,0,30,0,0,0,0,0,70,0,0,0,vehicle.lincoln.mkz2017,,,,,,,55.2958615135455,,10,100,100,1,120,0,15.8000002354384,127.640241861343,none,Default,30,0,0,0,0,70,0,0,0,0
153,36,RouteScenario_4_36,Completed,,0,0,0,0,0,0,0,0,0,30,0,0,0,0,0,70,0,0,0,vehicle.lincoln.mkz2017,,,,,,,61.0017801850379,,10,100,100,1,120,0,26.2000003904104,159.636245727539,none,Default,30,0,0,0,0,70,0,0,0,0
154,22,RouteScenario_4_22,Completed,,0,0,0,0,0,0,0,0,0,30,0,0,0,0,0,70,0,0,0,vehicle.lincoln.mkz2017,,,,,,,60.8378172631538,,10,100,100,1,120,0,43.3000006452203,314.531699419022,none,Default,30,0,0,0,0,70,0,0,0,0
155,35,RouteScenario_4_35,Completed,,0,0,0,0,0,0,0,0,0,30,0,0,0,0,0,70,0,0,0,vehicle.lincoln.mkz2017,,,,,,,60.9279205505372,,10,100,100,1,120,0,28.450000423938,230.216153144836,none,Default,30,0,0,0,0,70,0,0,0,0
156,24,RouteScenario_4_24,Completed,,0,0,0,0,0,0,0,0,0,30,0,0,0,0,0,70,0,0,0,vehicle.lincoln.mkz2017,,,,,,,55.246532624805,,10,100,100,1,120,0,24.3000003620982,138.894017457962,none,Default,30,0,0,0,0,70,0,0,0,0
157,5,RouteScenario_4_5,Completed,,0,0,0,0,0,0,0,0,0,30,0,0,0,0,0,70,0,0,0,vehicle.lincoln.mkz2017,,,,,,,55.5982310608942,,10,100,100,1,120,0,28.400000423193,196.704163789749,none,Default,30,0,0,0,0,70,0,0,0,0
158,25,RouteScenario_4_25,Completed,,0,0,0,0,0,0,0,0,0,30,0,0,0,0,0,70,0,0,0,vehicle.lincoln.mkz2017,,,,,,,60.9030674753945,,10,100,100,1,120,0,42.3000006303191,366.17648601532,none,Default,30,0,0,0,0,70,0,0,0,0
159,12,RouteScenario_4_12,Completed,,0,0,0,0,0,0,0,0,0,30,0,0,0,0,0,70,0,0,0,vehicle.lincoln.mkz2017,,,,,,,60.6975830730111,,10,100,100,1,120,0,43.050000641495,311.544349193573,none,Default,30,0,0,0,0,70,0,0,0,0
160,19,RouteScenario_4_19,Completed,,0,0,0,0,0,0,0,0,0,30,0,0,0,0,0,70,0,0,0,vehicle.lincoln.mkz2017,,,,,,,55.9449379255595,,10,100,100,1,120,0,27.600000411272,218.784447908401,none,Default,30,0,0,0,0,70,0,0,0,0
161,2,RouteScenario_4_2,Completed,,0,0,0,0,0,0,0,0,0,30,0,0,0,0,0,70,0,0,0,vehicle.lincoln.mkz2017,,,,,,,61.0937473931621,,10,100,100,1,120,0,28.2000004202127,325.660096406937,none,Default,30,0,0,0,0,70,0,0,0,0
162,33,RouteScenario_4_33,Completed,,0,0,0,0,0,0,0,0,0,30,0,0,0,0,0,70,0,0,0,vehicle.lincoln.mkz2017,,,,,,,60.9280220394555,,10,100,100,1,120,0,42.4000006318092,354.919909000397,none,Default,30,0,0,0,0,70,0,0,0,0
163,7,RouteScenario_4_7,Completed,,0,0,0,0,0,0,0,0,0,30,0,0,0,0,0,70,0,0,0,vehicle.lincoln.mkz2017,,,,,,,60.4144769282656,,10,100,100,1,120,0,30.4500004537404,273.473312616348,none,Default,30,0,0,0,0,70,0,0,0,0
164,45,RouteScenario_4_45,Completed,,0,0,0,0,0,0,0,0,0,30,0,0,0,0,0,70,0,0,0,vehicle.lincoln.mkz2017,,,,,,,61.0679382908354,,10,100,100,1,120,0,43.050000641495,324.222150564194,none,Default,30,0,0,0,0,70,0,0,0,0
165,28,RouteScenario_4_28,Completed,,0,0,0,0,0,0,0,0,0,30,0,0,0,0,0,70,0,0,0,vehicle.lincoln.mkz2017,,,,,,,61.2653992918667,,10,100,100,1,120,0,70.8000010550022,457.484172821045,none,Default,30,0,0,0,0,70,0,0,0,0
166,46,RouteScenario_4_46,Completed,,0,0,0,0,0,0,0,0,0,30,0,0,0,0,0,70,0,0,0,vehicle.lincoln.mkz2017,,,,,,,54.9144776048236,,10,100,100,1,120,0,13.800000205636,129.36433839798,none,Default,30,0,0,0,0,70,0,0,0,0
167,30,RouteScenario_4_30,Completed,,0,0,0,0,0,0,0,0,0,30,0,0,0,0,0,70,0,0,0,vehicle.lincoln.mkz2017,,,,,,,55.9272196240984,,10,100,100,1,120,0,24.2500003613532,245.284017086029,none,Default,30,0,0,0,0,70,0,0,0,0
168,17,RouteScenario_4_17,Completed,,0,0,0,0,0,0,0,0,0,30,0,0,0,0,0,70,0,0,0,vehicle.lincoln.mkz2017,,,,,,,55.2509088469579,,10,100,100,1,120,0,23.1000003442168,204.564213275909,none,Default,30,0,0,0,0,70,0,0,0,0
169,18,RouteScenario_4_18,Completed,,0,0,0,0,0,0,0,0,0,30,0,0,0,0,0,70,0,0,0,vehicle.lincoln.mkz2017,,,,,,,61.5983003867138,,10,100,100,1,120,0,62.2000009268522,593.304343223572,none,Default,30,0,0,0,0,70,0,0,0,0
170,34,RouteScenario_4_34,Completed,,0,0,0,0,0,0,0,0,0,30,0,0,0,0,0,70,0,0,0,vehicle.lincoln.mkz2017,,,,,,,55.2693469423156,,10,100,100,1,120,0,16.350000243634,202.883559465408,none,Default,30,0,0,0,0,70,0,0,0,0
171,11,RouteScenario_4_11,Completed,,0,0,0,0,0,0,0,0,0,30,0,0,0,0,0,70,0,0,0,vehicle.lincoln.mkz2017,,,,,,,60.9010176915778,,10,100,100,1,120,0,42.5000006332994,284.368094682693,none,Default,30,0,0,0,0,70,0,0,0,0
172,13,RouteScenario_4_13,Completed,,0,0,0,0,0,0,0,0,0,30,0,0,0,0,0,70,0,0,0,vehicle.lincoln.mkz2017,,,,,,,55.0414164576002,,10,100,100,1,120,0,49.7500007413328,520.58141374588,none,Default,30,0,0,0,0,70,0,0,0,0
173,4,RouteScenario_4_4,Completed,,0,0,0,0,0,0,0,0,0,30,0,0,0,0,0,70,0,0,0,vehicle.lincoln.mkz2017,,,,,,,54.7560718433674,,10,100,100,1,120,0,13.4500002004206,102.404248952866,none,Default,30,0,0,0,0,70,0,0,0,0
174,6,RouteScenario_4_6,Completed,,0,0,0,0,0,0,0,0,0,30,0,0,0,0,0,70,0,0,0,vehicle.lincoln.mkz2017,,,,,,,61.2532597136652,,10,100,100,1,120,0,44.5000006631017,324.012194395065,none,Default,30,0,0,0,0,70,0,0,0,0
175,16,RouteScenario_4_16,Completed,,0,0,0,0,0,0,0,0,0,30,0,0,0,0,0,70,0,0,0,vehicle.lincoln.mkz2017,,,,,,,60.9108974057898,,10,100,100,1,120,0,37.5000005587935,293.191059350967,none,Default,30,0,0,0,0,70,0,0,0,0
176,23,RouteScenario_4_23,Completed,,0,0,0,0,0,0,0,0,0,30,0,0,0,0,0,70,0,0,0,vehicle.lincoln.mkz2017,,,,,,,55.1791221263788,,10,100,100,1,120,0,27.4500004090369,151.44805431366,none,Default,30,0,0,0,0,70,0,0,0,0
177,42,RouteScenario_4_42,Completed,,0,0,0,0,0,0,0,0,0,30,0,0,0,0,0,70,0,0,0,vehicle.lincoln.mkz2017,,,,,,,56.0266629865779,,10,100,100,1,120,0,24.4000003635883,185.957508563995,none,Default,30,0,0,0,0,70,0,0,0,0
178,8,RouteScenario_4_8,Completed,,0,0,0,0,0,0,0,0,0,30,0,0,0,0,0,70,0,0,0,vehicle.lincoln.mkz2017,,,,,,,61.7513111190818,,10,100,100,1,120,0,39.3000005856156,264.228374958038,none,Default,30,0,0,0,0,70,0,0,0,0
179,31,RouteScenario_4_31,Completed,,0,0,0,0,0,0,0,0,0,30,0,0,0,0,0,70,0,0,0,vehicle.lincoln.mkz2017,,,,,,,55.6100996929839,,10,100,100,1,120,0,13.7000002041459,92.3084201812744,none,Default,30,0,0,0,0,70,0,0,0,0
180,39,RouteScenario_4_39,Completed,,0,0,0,0,0,0,0,0,0,30,0,0,0,0,0,70,0,0,0,vehicle.lincoln.mkz2017,,,,,,,56.2904176138406,,10,100,100,1,120,0,24.150000359863,139.180402040482,none,Default,30,0,0,0,0,70,0,0,0,0
181,14,RouteScenario_4_14,Completed,,0,0,0,0,0,0,0,0,0,30,0,0,0,0,0,70,0,0,0,vehicle.lincoln.mkz2017,,,,,,,60.9533725806078,,10,100,100,1,120,0,25.2000003755093,148.167904853821,none,Default,30,0,0,0,0,70,0,0,0,0
182,20,RouteScenario_4_20,Completed,,0,0,0,0,0,0,0,0,0,30,0,0,0,0,0,70,0,0,0,vehicle.lincoln.mkz2017,,,,,,,61.163920233194,,10,100,100,1,120,0,28.1000004187226,194.128377914429,none,Default,30,0,0,0,0,70,0,0,0,0
183,3,RouteScenario_4_3,Completed,,0,0,0,0,0,0,0,0,0,30,0,0,0,0,0,70,0,0,0,vehicle.lincoln.mkz2017,,,,,,,55.4331178576471,,10,100,100,1,120,0,18.2000002712011,121.344235181808,none,Default,30,0,0,0,0,70,0,0,0,0
184,10,RouteScenario_4_10,Completed,,0,0,0,0,0,0,0,0,0,30,0,0,0,0,0,70,0,0,0,vehicle.lincoln.mkz2017,,,,,,,55.2446401601069,,10,100,100,1,120,0,13.4000001996756,98.3963115215302,none,Default,30,0,0,0,0,70,0,0,0,0
185,21,RouteScenario_4_21,Completed,,0,0,0,0,0,0,0,0,0,30,0,0,0,0,0,70,0,0,0,vehicle.lincoln.mkz2017,,,,,,,55.5078029415204,,10,100,100,1,120,0,13.5000002011657,89.7239639759064,none,Default,30,0,0,0,0,70,0,0,0,0
186,41,RouteScenario_4_41,Completed,,0,0,0,0,0,0,0,0,0,30,0,0,0,0,0,70,0,0,0,vehicle.lincoln.mkz2017,,,,,,,61.3671426310995,,10,100,100,1,120,0,25.2000003755093,222.020206451416,none,Default,30,0,0,0,0,70,0,0,0,0
187,37,RouteScenario_4_37,Completed,,0,0,0,0,0,0,0,0,0,30,0,0,0,0,0,70,0,0,0,vehicle.lincoln.mkz2017,,,,,,,55.3444714488046,,10,100,100,1,120,0,31.6000004708767,238.956086397171,none,Default,30,0,0,0,0,70,0,0,0,0
188,32,RouteScenario_4_32,Completed,,0,0,0,0,0,0,0,0,0,30,0,0,0,0,0,70,0,0,0,vehicle.lincoln.mkz2017,,,,,,,55.2729072870563,,10,100,100,1,120,0,24.6000003665686,146.048347711563,none,Default,30,0,0,0,0,70,0,0,0,0
189,26,RouteScenario_4_26,Completed,,0,0,0,0,0,0,0,0,0,30,0,0,0,0,0,70,0,0,0,vehicle.lincoln.mkz2017,,,,,,,55.1992774726341,,10,100,100,1,120,0,46.8500006981194,474.09264922142,none,Default,30,0,0,0,0,70,0,0,0,0
190,9,RouteScenario_4_9,Completed,,0,0,0,0,0,0,0,0,0,30,0,0,0,0,0,70,0,0,0,vehicle.lincoln.mkz2017,,,,,,,56.0943868973,,10,100,100,1,120,0,24.4500003643334,186.308599948883,none,Default,30,0,0,0,0,70,0,0,0,0
191,0,RouteScenario_4_0,Completed,,0,0,0,0,0,0,0,0,0,30,0,0,0,0,0,70,0,0,0,vehicle.lincoln.mkz2017,,,,,,,61.0692029250401,,10,100,100,1,120,0,61.6000009179115,614.056154489517,none,Default,30,0,0,0,0,70,0,0,0,0
192,40,RouteScenario_7_40,Completed,,0,0,0,0,0,0,0,0,0,30,0,0,0,0,0,70,0,0,0,vehicle.lincoln.mkz2017,,,,,,,82.6000177593693,,10,100,100,1,120,0,22.7500003390014,170.256183862686,none,Default,30,0,0,0,0,70,0,0,0,0
193,27,RouteScenario_7_27,Completed,,0,0,0,0,0,0,0,0,0,30,0,0,0,0,0,70,0,0,0,vehicle.lincoln.mkz2017,,,,,,,83.1199803317866,,10,100,100,1,120,0,27.1500004045665,184.136504173279,none,Default,30,0,0,0,0,70,0,0,0,0
194,43,RouteScenario_7_43,Failed,,0,0,1,0,0,0,0,0,0,30,0,0,0,0,0,70,0,0,0,vehicle.lincoln.mkz2017,,,,,,,83.5100097430599,,10,42.4874340321117,25.492460419267,0.6,120,0,20.0000002980232,123.440338611603,collisions_vehicle,Default,30,0,0,0,0,70,0,0,0,0
195,1,RouteScenario_7_1,Completed,,0,0,0,0,0,0,0,0,0,30,0,0,0,0,0,70,0,0,0,vehicle.lincoln.mkz2017,,,,,,,82.18000091525,,10,100,100,1,120,0,20.3000003024936,145.613182544708,none,Default,30,0,0,0,0,70,0,0,0,0
196,22,RouteScenario_7_22,Completed,,0,0,0,0,0,0,0,0,0,30,0,0,0,0,0,70,0,0,0,vehicle.lincoln.mkz2017,,,,,,,82.0000009476335,,10,100,100,1,120,0,21.1000003144145,126.02784538269,none,Default,30,0,0,0,0,70,0,0,0,0
197,65,RouteScenario_7_65,Completed,,0,0,0,0,0,0,0,0,0,30,0,0,0,0,0,70,0,0,0,vehicle.lincoln.mkz2017,,,,,,,82.6099985312579,,10,100,100,1,120,0,20.1500003002584,129.035917520523,none,Default,30,0,0,0,0,70,0,0,0,0
198,64,RouteScenario_7_64,Completed,,0,0,0,0,0,0,0,0,0,30,0,0,0,0,0,70,0,0,0,vehicle.lincoln.mkz2017,,,,,,,82.6100023459545,,10,100,100,1,120,0,20.650000307709,207.083954811096,none,Default,30,0,0,0,0,70,0,0,0,0
199,33,RouteScenario_7_33,Failed,,0,0,0,0,1,0,0,0,0,30,0,0,0,0,0,70,0,0,0,vehicle.lincoln.mkz2017,,,,,,,81.9791512056177,,10,38.4461379513868,26.9122965659707,0.7,120,0,12.7500001899898,73.1070146560669,red_light,Default,30,0,0,0,0,70,0,0,0,0
200,7,RouteScenario_7_7,Completed,,0,0,0,0,0,0,0,0,0,30,0,0,0,0,0,70,0,0,0,vehicle.lincoln.mkz2017,,,,,,,81.9999933182391,,10,100,100,1,120,0,20.3500003032386,168.892250537872,none,Default,30,0,0,0,0,70,0,0,0,0
201,56,RouteScenario_7_56,Completed,,0,0,0,0,0,0,0,0,0,30,0,0,0,0,0,70,0,0,0,vehicle.lincoln.mkz2017,,,,,,,83.310857099776,,10,100,100,1,120,0,21.0000003129244,122.896252632141,none,Default,30,0,0,0,0,70,0,0,0,0
202,17,RouteScenario_7_17,Failed,,0,0,1,0,0,0,0,0,0,30,0,0,0,0,0,70,0,0,0,vehicle.lincoln.mkz2017,,,,,,,83.089996226047,,10,42.4032165139199,25.4419299083519,0.6,120,0,29.5000004395842,267.212676763535,collisions_vehicle,Default,30,0,0,0,0,70,0,0,0,0
203,6,RouteScenario_7_6,Completed,,0,0,0,0,0,0,0,0,0,30,0,0,0,0,0,70,0,0,0,vehicle.lincoln.mkz2017,,,,,,,81.9999933182391,,10,100,100,1,120,0,21.1500003151596,255.240019083023,none,Default,30,0,0,0,0,70,0,0,0,0
204,57,RouteScenario_7_57,Completed,,0,0,0,0,0,0,0,0,0,30,0,0,0,0,0,70,0,0,0,vehicle.lincoln.mkz2017,,,,,,,83.3091252272636,,10,100,100,1,120,0,27.600000411272,212.119607448578,none,Default,30,0,0,0,0,70,0,0,0,0
205,16,RouteScenario_7_16,Completed,,0,0,0,0,0,0,0,0,0,30,0,0,0,0,0,70,0,0,0,vehicle.lincoln.mkz2017,,,,,,,83.089996226047,,10,100,100,1,120,0,21.8500003255904,139.456150531769,none,Default,30,0,0,0,0,70,0,0,0,0
206,23,RouteScenario_7_23,Completed,,0,0,0,0,0,0,0,0,0,30,0,0,0,0,0,70,0,0,0,vehicle.lincoln.mkz2017,,,,,,,82.0000009476335,,10,100,100,1,120,0,21.7000003233552,169.932156562805,none,Default,30,0,0,0,0,70,0,0,0,0
207,42,RouteScenario_7_42,Completed,,0,0,0,0,0,0,0,0,0,30,0,0,0,0,0,70,0,0,0,vehicle.lincoln.mkz2017,,,,,,,83.5100097430599,,10,100,100,1,120,0,21.1500003151596,266.834689378738,none,Default,30,0,0,0,0,70,0,0,0,0
208,69,RouteScenario_7_69,Completed,,0,0,0,0,0,0,0,0,0,30,0,0,0,0,0,70,0,0,0,vehicle.lincoln.mkz2017,,,,,,,82.0000047623307,,10,100,100,1,120,0,37.4000005573034,292.59708070755,none,Default,30,0,0,0,0,70,0,0,0,0
209,53,RouteScenario_7_53,Failed,,0,0,1,0,0,0,0,0,0,30,0,0,0,0,0,70,0,0,0,vehicle.lincoln.mkz2017,,,,,,,82.0099792480469,,10,42.3034830507754,25.3820898304652,0.6,120,0,28.9500004313886,246.527672052383,collisions_vehicle,Default,30,0,0,0,0,70,0,0,0,0
210,41,RouteScenario_7_41,Completed,,0,0,0,0,0,0,0,0,0,30,0,0,0,0,0,70,0,0,0,vehicle.lincoln.mkz2017,,,,,,,82.6000177588627,,10,100,100,1,120,0,20.3000003024936,135.699905633926,none,Default,30,0,0,0,0,70,0,0,0,0
211,32,RouteScenario_7_32,Completed,,0,0,0,0,0,0,0,0,0,30,0,0,0,0,0,70,0,0,0,vehicle.lincoln.mkz2017,,,,,,,81.9808678192583,,10,100,100,1,120,0,21.7000003233552,149.348368167877,none,Default,30,0,0,0,0,70,0,0,0,0
212,52,RouteScenario_7_52,Completed,,0,0,0,0,0,0,0,0,0,30,0,0,0,0,0,70,0,0,0,vehicle.lincoln.mkz2017,,,,,,,82.0099792480469,,10,100,100,1,120,0,24.0500003583729,153.320101499558,none,Default,30,0,0,0,0,70,0,0,0,0
213,26,RouteScenario_7_26,Completed,,0,0,0,0,0,0,0,0,0,30,0,0,0,0,0,70,0,0,0,vehicle.lincoln.mkz2017,,,,,,,83.1199803317866,,10,100,100,1,120,0,21.0500003136694,131.860418081284,none,Default,30,0,0,0,0,70,0,0,0,0
214,68,RouteScenario_7_68,Completed,,0,0,0,0,0,0,0,0,0,30,0,0,0,0,0,70,0,0,0,vehicle.lincoln.mkz2017,,,,,,,82.0000009476335,,10,100,100,1,120,0,20.1500003002584,113.88415646553,none,Default,30,0,0,0,0,70,0,0,0,0
215,0,RouteScenario_7_0,Completed,,0,0,0,0,0,0,0,0,0,30,0,0,0,0,0,70,0,0,0,vehicle.lincoln.mkz2017,,,,,,,82.18000091525,,10,100,100,1,120,0,20.2500003017485,165.048043012619,none,Default,30,0,0,0,0,70,0,0,0,0
216,44,RouteScenario_8_44,Completed,,0,0,0,0,0,0,0,0,0,30,0,0,0,0,0,70,0,0,0,vehicle.lincoln.mkz2017,,,,,,,61.2653992918667,,10,100,100,1,120,0,28.1500004194677,192.000104427338,none,Default,30,0,0,0,0,70,0,0,0,0
217,15,RouteScenario_8_15,Completed,,0,0,0,0,0,0,0,0,0,30,0,0,0,0,0,70,0,0,0,vehicle.lincoln.mkz2017,,,,,,,60.9010176915778,,10,100,100,1,120,0,24.950000371784,226.8959441185,none,Default,30,0,0,0,0,70,0,0,0,0
218,58,RouteScenario_8_58,Completed,,0,0,0,0,0,0,0,0,0,30,0,0,0,0,0,70,0,0,0,vehicle.lincoln.mkz2017,,,,,,,61.9475762241984,,10,100,100,1,120,0,32.1000004783273,253.092295646667,none,Default,30,0,0,0,0,70,0,0,0,0
219,24,RouteScenario_8_24,Completed,,0,0,0,0,0,0,0,0,0,30,0,0,0,0,0,70,0,0,0,vehicle.lincoln.mkz2017,,,,,,,60.9108974057898,,10,100,100,1,120,0,24.8500003702939,136.552093505859,none,Default,30,0,0,0,0,70,0,0,0,0
220,49,RouteScenario_8_49,Completed,,0,0,0,0,0,0,0,0,0,30,0,0,0,0,0,70,0,0,0,vehicle.lincoln.mkz2017,,,,,,,60.9280220394555,,10,100,100,1,120,0,25.9500003866851,179.87194609642,none,Default,30,0,0,0,0,70,0,0,0,0
221,12,RouteScenario_8_12,Completed,,0,0,0,0,0,0,0,0,0,30,0,0,0,0,0,70,0,0,0,vehicle.lincoln.mkz2017,,,,,,,61.7513111190818,,10,100,100,1,120,0,20.650000307709,162.624824047089,none,Default,30,0,0,0,0,70,0,0,0,0
222,2,RouteScenario_8_2,Completed,,0,0,0,0,0,0,0,0,0,30,0,0,0,0,0,70,0,0,0,vehicle.lincoln.mkz2017,,,,,,,61.0692029250401,,10,100,100,1,120,0,20.3500003032386,153.90018248558,none,Default,30,0,0,0,0,70,0,0,0,0
223,45,RouteScenario_8_45,Completed,,0,0,0,0,0,0,0,0,0,30,0,0,0,0,0,70,0,0,0,vehicle.lincoln.mkz2017,,,,,,,61.58523811689,,10,100,100,1,120,0,22.8500003404915,228.655951499939,none,Default,30,0,0,0,0,70,0,0,0,0
224,28,RouteScenario_8_28,Completed,,0,0,0,0,0,0,0,0,0,30,0,0,0,0,0,70,0,0,0,vehicle.lincoln.mkz2017,,,,,,,61.5983003867138,,10,100,100,1,120,0,22.6500003375113,152.208088874817,none,Default,30,0,0,0,0,70,0,0,0,0
225,30,RouteScenario_8_30,Completed,,0,0,0,0,0,0,0,0,0,30,0,0,0,0,0,70,0,0,0,vehicle.lincoln.mkz2017,,,,,,,61.163920233194,,10,100,100,1,120,0,26.8500004000962,167.528030872345,none,Default,30,0,0,0,0,70,0,0,0,0
226,18,RouteScenario_8_18,Completed,,0,0,0,0,0,0,0,0,0,30,0,0,0,0,0,70,0,0,0,vehicle.lincoln.mkz2017,,,,,,,60.6975830730111,,10,100,100,1,120,0,35.8000005334616,308.73233127594,none,Default,30,0,0,0,0,70,0,0,0,0
227,34,RouteScenario_8_34,Completed,,0,0,0,0,0,0,0,0,0,30,0,0,0,0,0,70,0,0,0,vehicle.lincoln.mkz2017,,,,,,,60.8378172631538,,10,100,100,1,120,0,39.7000005915761,354.559992074966,none,Default,30,0,0,0,0,70,0,0,0,0
228,11,RouteScenario_8_11,Completed,,0,0,0,0,0,0,0,0,0,30,0,0,0,0,0,70,0,0,0,vehicle.lincoln.mkz2017,,,,,,,60.4144769282656,,10,100,100,1,120,0,28.0000004172325,264.908284902573,none,Default,30,0,0,0,0,70,0,0,0,0
229,4,RouteScenario_8_4,Completed,,0,0,0,0,0,0,0,0,0,30,0,0,0,0,0,70,0,0,0,vehicle.lincoln.mkz2017,,,,,,,61.0937473931621,,10,100,100,1,120,0,27.2500004060566,221.719437599182,none,Default,30,0,0,0,0,70,0,0,0,0
230,67,RouteScenario_8_67,Completed,,0,0,0,0,0,0,0,0,0,30,0,0,0,0,0,70,0,0,0,vehicle.lincoln.mkz2017,,,,,,,61.0679382908354,,10,100,100,1,120,0,79.8500011898577,634.380162000656,none,Default,30,0,0,0,0,70,0,0,0,0
231,39,RouteScenario_8_39,Completed,,0,0,0,0,0,0,0,0,0,30,0,0,0,0,0,70,0,0,0,vehicle.lincoln.mkz2017,,,,,,,60.8562374441557,,10,100,100,1,120,0,24.6500003673136,233.716324567795,none,Default,30,0,0,0,0,70,0,0,0,0
232,71,RouteScenario_8_71,Completed,,0,0,0,0,0,0,0,0,0,30,0,0,0,0,0,70,0,0,0,vehicle.lincoln.mkz2017,,,,,,,60.5713627250422,,10,100,100,1,120,0,27.3000004068017,175.59620141983,none,Default,30,0,0,0,0,70,0,0,0,0
233,20,RouteScenario_8_20,Completed,,0,0,0,0,0,0,0,0,0,30,0,0,0,0,0,70,0,0,0,vehicle.lincoln.mkz2017,,,,,,,60.9533725806078,,10,100,100,1,120,0,28.0500004179776,171.927973031998,none,Default,30,0,0,0,0,70,0,0,0,0
234,10,RouteScenario_8_10,Completed,,0,0,0,0,0,0,0,0,0,30,0,0,0,0,0,70,0,0,0,vehicle.lincoln.mkz2017,,,,,,,61.2532597136652,,10,100,100,1,120,0,22.2000003308058,173.92814874649,none,Default,30,0,0,0,0,70,0,0,0,0
235,61,RouteScenario_8_61,Completed,,0,0,0,0,0,0,0,0,0,30,0,0,0,0,0,70,0,0,0,vehicle.lincoln.mkz2017,,,,,,,61.3671426310995,,10,100,100,1,120,0,24.8000003695488,199.482065677643,none,Default,30,0,0,0,0,70,0,0,0,0
236,63,RouteScenario_8_63,Completed,,0,0,0,0,0,0,0,0,0,30,0,0,0,0,0,70,0,0,0,vehicle.lincoln.mkz2017,,,,,,,61.6855587978245,,10,100,100,1,120,0,322.250004801899,2007.06782269478,none,Default,30,0,0,0,0,70,0,0,0,0
237,37,RouteScenario_8_37,Completed,,0,0,0,0,0,0,0,0,0,30,0,0,0,0,0,70,0,0,0,vehicle.lincoln.mkz2017,,,,,,,60.9030674753945,,10,100,100,1,120,0,52.8000007867813,412.187833786011,none,Default,30,0,0,0,0,70,0,0,0,0
238,51,RouteScenario_8_51,Completed,,0,0,0,0,0,0,0,0,0,30,0,0,0,0,0,70,0,0,0,vehicle.lincoln.mkz2017,,,,,,,60.9279205505372,,10,100,100,1,120,0,28.9000004306436,166.792107343674,none,Default,30,0,0,0,0,70,0,0,0,0
239,54,RouteScenario_8_54,Completed,,0,0,0,0,0,0,0,0,0,30,0,0,0,0,0,70,0,0,0,vehicle.lincoln.mkz2017,,,,,,,61.0017801850379,,10,100,100,1,120,0,28.450000423938,179.891965389252,none,Default,30,0,0,0,0,70,0,0,0,0
240,38,RouteScenario_9_38,Completed,,0,0,0,0,0,0,0,0,0,30,0,0,0,0,0,70,0,0,0,vehicle.lincoln.mkz2017,,,,,,,55.1992774726341,,10,100,100,1,120,0,46.7500006966293,364.591944217682,none,Default,30,0,0,0,0,70,0,0,0,0
241,48,RouteScenario_9_48,Completed,,0,0,0,0,0,0,0,0,0,30,0,0,0,0,0,70,0,0,0,vehicle.lincoln.mkz2017,,,,,,,55.2729072870563,,10,100,100,1,120,0,20.4000003039837,150.638836860657,none,Default,30,0,0,0,0,70,0,0,0,0
242,29,RouteScenario_9_29,Completed,,0,0,0,0,0,0,0,0,0,30,0,0,0,0,0,70,0,0,0,vehicle.lincoln.mkz2017,,,,,,,55.9449379255595,,10,100,100,1,120,0,19.7000002935529,104.864153146744,none,Default,30,0,0,0,0,70,0,0,0,0
243,50,RouteScenario_9_50,Completed,,0,0,0,0,0,0,0,0,0,30,0,0,0,0,0,70,0,0,0,vehicle.lincoln.mkz2017,,,,,,,55.2693469423156,,10,100,100,1,120,0,21.0000003129244,256.442313432693,none,Default,30,0,0,0,0,70,0,0,0,0
244,47,RouteScenario_9_47,Completed,,0,0,0,0,0,0,0,0,0,30,0,0,0,0,0,70,0,0,0,vehicle.lincoln.mkz2017,,,,,,,55.6100996929839,,10,100,100,1,120,0,21.4000003188848,141.232182025909,none,Default,30,0,0,0,0,70,0,0,0,0
245,62,RouteScenario_9_62,Completed,,0,0,0,0,0,0,0,0,0,30,0,0,0,0,0,70,0,0,0,vehicle.lincoln.mkz2017,,,,,,,56.0266629865779,,10,100,100,1,120,0,21.8000003248453,170.275335073471,none,Default,30,0,0,0,0,70,0,0,0,0
246,36,RouteScenario_9_36,Completed,,0,0,0,0,0,0,0,0,0,30,0,0,0,0,0,70,0,0,0,vehicle.lincoln.mkz2017,,,,,,,55.246532624805,,10,100,100,1,120,0,18.8500002808869,111.744168758392,none,Default,30,0,0,0,0,70,0,0,0,0
247,35,RouteScenario_9_35,Completed,,0,0,0,0,0,0,0,0,0,30,0,0,0,0,0,70,0,0,0,vehicle.lincoln.mkz2017,,,,,,,55.1791221263788,,10,100,100,1,120,0,32.8000004887581,232.576339960098,none,Default,30,0,0,0,0,70,0,0,0,0
248,70,RouteScenario_9_70,Completed,,0,0,0,0,0,0,0,0,0,30,0,0,0,0,0,70,0,0,0,vehicle.lincoln.mkz2017,,,,,,,54.9144776048236,,10,100,100,1,120,0,33.9500005058944,315.064305067062,none,Default,30,0,0,0,0,70,0,0,0,0
249,5,RouteScenario_9_5,Completed,,0,0,0,0,0,0,0,0,0,30,0,0,0,0,0,70,0,0,0,vehicle.lincoln.mkz2017,,,,,,,55.4331178576471,,10,100,100,1,120,0,23.1000003442168,208.760382413864,none,Default,30,0,0,0,0,70,0,0,0,0
250,25,RouteScenario_9_25,Completed,,0,0,0,0,0,0,0,0,0,30,0,0,0,0,0,70,0,0,0,vehicle.lincoln.mkz2017,,,,,,,55.2509088469579,,10,100,100,1,120,0,20.0500002987683,180.252145051956,none,Default,30,0,0,0,0,70,0,0,0,0
251,19,RouteScenario_9_19,Completed,,0,0,0,0,0,0,0,0,0,30,0,0,0,0,0,70,0,0,0,vehicle.lincoln.mkz2017,,,,,,,55.0414164576002,,10,100,100,1,120,0,24.4500003643334,168.972306489944,none,Default,30,0,0,0,0,70,0,0,0,0
252,55,RouteScenario_9_55,Completed,,0,0,0,0,0,0,0,0,0,30,0,0,0,0,0,70,0,0,0,vehicle.lincoln.mkz2017,,,,,,,55.3444714488046,,10,100,100,1,120,0,38.3000005707145,405.822371006012,none,Default,30,0,0,0,0,70,0,0,0,0
253,46,RouteScenario_9_46,Completed,,0,0,0,0,0,0,0,0,0,30,0,0,0,0,0,70,0,0,0,vehicle.lincoln.mkz2017,,,,,,,55.9272196240984,,10,100,100,1,120,0,19.2000002861023,133.507969141006,none,Default,30,0,0,0,0,70,0,0,0,0
254,13,RouteScenario_9_13,Completed,,0,0,0,0,0,0,0,0,0,30,0,0,0,0,0,70,0,0,0,vehicle.lincoln.mkz2017,,,,,,,56.0943868973,,10,100,100,1,120,0,19.3000002875924,129.879932403564,none,Default,30,0,0,0,0,70,0,0,0,0
255,8,RouteScenario_9_8,Completed,,0,0,0,0,0,0,0,0,0,30,0,0,0,0,0,70,0,0,0,vehicle.lincoln.mkz2017,,,,,,,54.7560718433674,,10,100,100,1,120,0,23.5500003509223,171.184673309326,none,Default,30,0,0,0,0,70,0,0,0,0
256,60,RouteScenario_9_60,Completed,,0,0,0,0,0,0,0,0,0,30,0,0,0,0,0,70,0,0,0,vehicle.lincoln.mkz2017,,,,,,,55.7125183477149,,10,100,100,1,120,0,19.3000002875924,157.257078647614,none,Default,30,0,0,0,0,70,0,0,0,0
257,31,RouteScenario_9_31,Completed,,0,0,0,0,0,0,0,0,0,30,0,0,0,0,0,70,0,0,0,vehicle.lincoln.mkz2017,,,,,,,55.5078029415204,,10,100,100,1,120,0,21.2500003166497,159.139789581299,none,Default,30,0,0,0,0,70,0,0,0,0
258,14,RouteScenario_9_14,Completed,,0,0,0,0,0,0,0,0,0,30,0,0,0,0,0,70,0,0,0,vehicle.lincoln.mkz2017,,,,,,,55.2446401601069,,10,100,100,1,120,0,19.1500002853572,188.658524990082,none,Default,30,0,0,0,0,70,0,0,0,0
259,3,RouteScenario_9_3,Completed,,0,0,0,0,0,0,0,0,0,30,0,0,0,0,0,70,0,0,0,vehicle.lincoln.mkz2017,,,,,,,55.4161604333607,,10,100,100,1,120,0,20.5000003054738,160.72799038887,none,Default,30,0,0,0,0,70,0,0,0,0
260,21,RouteScenario_9_21,Completed,,0,0,0,0,0,0,0,0,0,30,0,0,0,0,0,70,0,0,0,vehicle.lincoln.mkz2017,,,,,,,55.2958615135455,,10,100,100,1,120,0,21.0500003136694,192.55214881897,none,Default,30,0,0,0,0,70,0,0,0,0
261,66,RouteScenario_9_66,Completed,,0,0,0,0,0,0,0,0,0,30,0,0,0,0,0,70,0,0,0,vehicle.lincoln.mkz2017,,,,,,,55.411215562172,,10,100,100,1,120,0,18.7500002793968,173.25221157074,none,Default,30,0,0,0,0,70,0,0,0,0
262,9,RouteScenario_9_9,Completed,,0,0,0,0,0,0,0,0,0,30,0,0,0,0,0,70,0,0,0,vehicle.lincoln.mkz2017,,,,,,,55.5982310608942,,10,100,100,1,120,0,49.2500007338822,367.803663730621,none,Default,30,0,0,0,0,70,0,0,0,0
263,59,RouteScenario_9_59,Completed,,0,0,0,0,0,0,0,0,0,30,0,0,0,0,0,70,0,0,0,vehicle.lincoln.mkz2017,,,,,,,56.2904176138406,,10,100,100,1,120,0,20.4000003039837,116.024212121964,none,Default,30,0,0,0,0,70,0,0,0,0
264,1,RouteScenario_1_1,Completed,,0,0,0,0,0,0,0,0,0,30,0,0,0,0,0,70,0,0,0,vehicle.bmw.isetta,,,,,,,83.5987382609463,,11,100,100,1,120,0,78.2000011652708,731.360351800919,none,Default,30,0,0,0,0,70,0,0,0,0
265,5,RouteScenario_1_5,Completed,,0,0,0,0,0,0,0,0,0,30,0,0,0,0,0,70,0,0,0,vehicle.bmw.isetta,,,,,,,326.462894547121,,11,100,100,1,120,0,59.400000885129,477.656055450439,none,Default,30,0,0,0,0,70,0,0,0,0
266,2,RouteScenario_1_2,Completed,,0,0,0,0,0,0,0,0,0,30,0,0,0,0,0,70,0,0,0,vehicle.bmw.isetta,,,,,,,310.514999376331,,11,100,100,1,120,0,61.3500009141862,562.252831697464,none,Default,30,0,0,0,0,70,0,0,0,0
267,4,RouteScenario_1_4,Completed,,0,0,0,0,0,0,0,0,0,30,0,0,0,0,0,70,0,0,0,vehicle.bmw.isetta,,,,,,,334.390023293839,,11,100,100,1,120,0,83.2000012397766,601.063945293427,none,Default,30,0,0,0,0,70,0,0,0,0
268,3,RouteScenario_1_3,Completed,,0,0,0,0,0,0,0,0,0,30,0,0,0,0,0,70,0,0,0,vehicle.bmw.isetta,,,,,,,78.9935253393565,,11,100,100,1,120,0,46.9000006988645,432.803976774216,none,Default,30,0,0,0,0,70,0,0,0,0
269,0,RouteScenario_1_0,Completed,,0,0,0,0,0,0,0,0,0,30,0,0,0,0,0,70,0,0,0,vehicle.bmw.isetta,,,,,,,316.482082994457,,11,100,100,1,120,0,73.1500010900199,527.992213487625,none,Default,30,0,0,0,0,70,0,0,0,0
270,1,RouteScenario_3_1,Completed,,0,0,0,0,0,0,0,0,0,30,0,0,0,0,0,70,0,0,0,vehicle.bmw.isetta,,,,,,,83.5987382609463,,11,100,100,1,120,0,41.5000006183982,367.103975057602,none,Default,30,0,0,0,0,70,0,0,0,0
271,5,RouteScenario_3_5,Completed,,0,0,0,0,0,0,0,0,0,30,0,0,0,0,0,70,0,0,0,vehicle.bmw.isetta,,,,,,,326.462894547121,,11,100,100,1,120,0,101.550001513213,897.844394207001,none,Default,30,0,0,0,0,70,0,0,0,0
272,2,RouteScenario_3_2,Completed,,0,0,0,0,0,0,0,0,0,30,0,0,0,0,0,70,0,0,0,vehicle.bmw.isetta,,,,,,,310.514999376331,,11,100,100,1,120,0,59.0500008799136,427.756024599075,none,Default,30,0,0,0,0,70,0,0,0,0
273,4,RouteScenario_3_4,Completed,,0,0,0,0,0,0,0,0,0,30,0,0,0,0,0,70,0,0,0,vehicle.bmw.isetta,,,,,,,334.390023293839,,11,100,100,1,120,0,65.7500009797514,596.243953943253,none,Default,30,0,0,0,0,70,0,0,0,0
274,3,RouteScenario_3_3,Completed,,0,0,0,0,0,0,0,0,0,30,0,0,0,0,0,70,0,0,0,vehicle.bmw.isetta,,,,,,,78.9935253393565,,11,100,100,1,120,0,18.2000002712011,183.37237071991,none,Default,30,0,0,0,0,70,0,0,0,0
275,0,RouteScenario_3_0,Completed,,0,0,0,0,0,0,0,0,0,30,0,0,0,0,0,70,0,0,0,vehicle.bmw.isetta,,,,,,,316.482082994457,,11,100,100,1,120,0,74.7500011138618,537.82739853859,none,Default,30,0,0,0,0,70,0,0,0,0
276,38,RouteScenario_4_38,Completed,,0,0,0,0,0,0,0,0,0,30,0,0,0,0,0,70,0,0,0,vehicle.bmw.isetta,,,,,,,61.9475762241984,,11,100,100,1,120,0,42.2500006295741,307.516387939453,none,Default,30,0,0,0,0,70,0,0,0,0
277,40,RouteScenario_4_40,Completed,,0,0,0,0,0,0,0,0,0,30,0,0,0,0,0,70,0,0,0,vehicle.bmw.isetta,,,,,,,55.7125183477149,,11,100,100,1,120,0,12.95000019297,136.46799826622,none,Default,30,0,0,0,0,70,0,0,0,0
278,44,RouteScenario_4_44,Completed,,0,0,0,0,0,0,0,0,0,30,0,0,0,0,0,70,0,0,0,vehicle.bmw.isetta,,,,,,,55.411215562172,,11,100,100,1,120,0,26.6000003963709,181.556251049042,none,Default,30,0,0,0,0,70,0,0,0,0
279,29,RouteScenario_4_29,Completed,,0,0,0,0,0,0,0,0,0,30,0,0,0,0,0,70,0,0,0,vehicle.bmw.isetta,,,,,,,61.58523811689,,11,100,100,1,120,0,42.9000006392598,592.448301315308,none,Default,30,0,0,0,0,70,0,0,0,0
280,27,RouteScenario_4_27,Completed,,0,0,0,0,0,0,0,0,0,30,0,0,0,0,0,70,0,0,0,vehicle.bmw.isetta,,,,,,,60.8562374441557,,11,100,100,1,120,0,24.6500003673136,184.296196699142,none,Default,30,0,0,0,0,70,0,0,0,0
281,47,RouteScenario_4_47,Completed,,0,0,0,0,0,0,0,0,0,30,0,0,0,0,0,70,0,0,0,vehicle.bmw.isetta,,,,,,,60.5713627250422,,11,100,100,1,120,0,27.4000004082918,192.692089319229,none,Default,30,0,0,0,0,70,0,0,0,0
282,43,RouteScenario_4_43,Completed,,0,0,0,0,0,0,0,0,0,30,0,0,0,0,0,70,0,0,0,vehicle.bmw.isetta,,,,,,,61.6855587978245,,11,100,100,1,120,0,39.2000005841255,335.052030324936,none,Default,30,0,0,0,0,70,0,0,0,0
283,1,RouteScenario_4_1,Completed,,0,0,0,0,0,0,0,0,0,30,0,0,0,0,0,70,0,0,0,vehicle.bmw.isetta,,,,,,,55.4161604333607,,11,100,100,1,120,0,22.7000003382564,209.843914270401,none,Default,30,0,0,0,0,70,0,0,0,0
284,15,RouteScenario_4_15,Completed,,0,0,0,0,0,0,0,0,0,30,0,0,0,0,0,70,0,0,0,vehicle.bmw.isetta,,,,,,,55.2958615135455,,11,100,100,1,120,0,14.8500002212822,139.07213640213,none,Default,30,0,0,0,0,70,0,0,0,0
285,36,RouteScenario_4_36,Completed,,0,0,0,0,0,0,0,0,0,30,0,0,0,0,0,70,0,0,0,vehicle.bmw.isetta,,,,,,,61.0017801850379,,11,100,100,1,120,0,24.150000359863,172.592017889023,none,Default,30,0,0,0,0,70,0,0,0,0
286,22,RouteScenario_4_22,Completed,,0,0,0,0,0,0,0,0,0,30,0,0,0,0,0,70,0,0,0,vehicle.bmw.isetta,,,,,,,60.8378172631538,,11,100,100,1,120,0,42.2500006295741,521.263949871063,none,Default,30,0,0,0,0,70,0,0,0,0
287,35,RouteScenario_4_35,Completed,,0,0,0,0,0,0,0,0,0,30,0,0,0,0,0,70,0,0,0,vehicle.bmw.isetta,,,,,,,60.9279205505372,,11,100,100,1,120,0,25.000000372529,158.26012635231,none,Default,30,0,0,0,0,70,0,0,0,0
288,24,RouteScenario_4_24,Completed,,0,0,0,0,0,0,0,0,0,30,0,0,0,0,0,70,0,0,0,vehicle.bmw.isetta,,,,,,,55.246532624805,,11,100,100,1,120,0,24.3500003628433,185.280059337616,none,Default,30,0,0,0,0,70,0,0,0,0
289,5,RouteScenario_4_5,Completed,,0,0,0,0,0,0,0,0,0,30,0,0,0,0,0,70,0,0,0,vehicle.bmw.isetta,,,,,,,55.5982310608942,,11,100,100,1,120,0,51.5000007674098,368.544218063355,none,Default,30,0,0,0,0,70,0,0,0,0
290,25,RouteScenario_4_25,Completed,,0,0,0,0,0,0,0,0,0,30,0,0,0,0,0,70,0,0,0,vehicle.bmw.isetta,,,,,,,60.9030674753945,,11,100,100,1,120,0,48.6000007241964,463.53214597702,none,Default,30,0,0,0,0,70,0,0,0,0
291,12,RouteScenario_4_12,Completed,,0,0,0,0,0,0,0,0,0,30,0,0,0,0,0,70,0,0,0,vehicle.bmw.isetta,,,,,,,60.6975830730111,,11,100,100,1,120,0,41.350000616163,433.868563890457,none,Default,30,0,0,0,0,70,0,0,0,0
292,19,RouteScenario_4_19,Completed,,0,0,0,0,0,0,0,0,0,30,0,0,0,0,0,70,0,0,0,vehicle.bmw.isetta,,,,,,,55.9449379255595,,11,100,100,1,120,0,25.3500003777444,151.96005153656,none,Default,30,0,0,0,0,70,0,0,0,0
293,2,RouteScenario_4_2,Completed,,0,0,0,0,0,0,0,0,0,30,0,0,0,0,0,70,0,0,0,vehicle.bmw.isetta,,,,,,,61.0937473931621,,11,100,100,1,120,0,27.5000004097819,364.795885801315,none,Default,30,0,0,0,0,70,0,0,0,0
294,33,RouteScenario_4_33,Completed,,0,0,0,0,0,0,0,0,0,30,0,0,0,0,0,70,0,0,0,vehicle.bmw.isetta,,,,,,,60.9280220394555,,11,100,100,1,120,0,44.1000006571412,352.887838602066,none,Default,30,0,0,0,0,70,0,0,0,0
295,7,RouteScenario_4_7,Completed,,0,0,0,0,0,0,0,0,0,30,0,0,0,0,0,70,0,0,0,vehicle.bmw.isetta,,,,,,,60.4144769282656,,11,100,100,1,120,0,27.4500004090369,213.40802693367,none,Default,30,0,0,0,0,70,0,0,0,0
296,45,RouteScenario_4_45,Completed,,0,0,0,0,0,0,0,0,0,30,0,0,0,0,0,70,0,0,0,vehicle.bmw.isetta,,,,,,,61.0679382908354,,11,100,100,1,120,0,39.0500005818903,520.224604606628,none,Default,30,0,0,0,0,70,0,0,0,0
297,28,RouteScenario_4_28,Completed,,0,0,0,0,0,0,0,0,0,30,0,0,0,0,0,70,0,0,0,vehicle.bmw.isetta,,,,,,,61.2653992918667,,11,100,100,1,120,0,26.7500003986061,230.160444974899,none,Default,30,0,0,0,0,70,0,0,0,0
298,46,RouteScenario_4_46,Completed,,0,0,0,0,0,0,0,0,0,30,0,0,0,0,0,70,0,0,0,vehicle.bmw.isetta,,,,,,,54.9144776048236,,11,100,100,1,120,0,53.1000007912517,380.10799074173,none,Default,30,0,0,0,0,70,0,0,0,0
299,30,RouteScenario_4_30,Completed,,0,0,0,0,0,0,0,0,0,30,0,0,0,0,0,70,0,0,0,vehicle.bmw.isetta,,,,,,,55.9272196240984,,11,100,100,1,120,0,27.1000004038215,185.2352206707,none,Default,30,0,0,0,0,70,0,0,0,0
300,17,RouteScenario_4_17,Completed,,0,0,0,0,0,0,0,0,0,30,0,0,0,0,0,70,0,0,0,vehicle.bmw.isetta,,,,,,,55.2509088469579,,11,100,100,1,120,0,14.5500002168119,135.192552804947,none,Default,30,0,0,0,0,70,0,0,0,0
301,18,RouteScenario_4_18,Completed,,0,0,0,0,0,0,0,0,0,30,0,0,0,0,0,70,0,0,0,vehicle.bmw.isetta,,,,,,,61.5983003867138,,11,100,100,1,120,0,39.4000005871057,398.924274682999,none,Default,30,0,0,0,0,70,0,0,0,0
302,34,RouteScenario_4_34,Completed,,0,0,0,0,0,0,0,0,0,30,0,0,0,0,0,70,0,0,0,vehicle.bmw.isetta,,,,,,,55.2693469423156,,11,100,100,1,120,0,12.900000192225,137.491982460022,none,Default,30,0,0,0,0,70,0,0,0,0
303,11,RouteScenario_4_11,Completed,,0,0,0,0,0,0,0,0,0,30,0,0,0,0,0,70,0,0,0,vehicle.bmw.isetta,,,,,,,60.9010176915778,,11,100,100,1,120,0,24.7000003680587,227.512075424194,none,Default,30,0,0,0,0,70,0,0,0,0
304,13,RouteScenario_4_13,Completed,,0,0,0,0,0,0,0,0,0,30,0,0,0,0,0,70,0,0,0,vehicle.bmw.isetta,,,,,,,55.0414164576002,,11,100,100,1,120,0,22.7000003382564,162.068253993988,none,Default,30,0,0,0,0,70,0,0,0,0
305,4,RouteScenario_4_4,Completed,,0,0,0,0,0,0,0,0,0,30,0,0,0,0,0,70,0,0,0,vehicle.bmw.isetta,,,,,,,54.7560718433674,,11,100,100,1,120,0,17.4000002592802,151.603930711746,none,Default,30,0,0,0,0,70,0,0,0,0
306,6,RouteScenario_4_6,Completed,,0,0,0,0,0,0,0,0,0,30,0,0,0,0,0,70,0,0,0,vehicle.bmw.isetta,,,,,,,61.2532597136652,,11,100,100,1,120,0,39.4000005871057,385.472381830215,none,Default,30,0,0,0,0,70,0,0,0,0
307,16,RouteScenario_4_16,Completed,,0,0,0,0,0,0,0,0,0,30,0,0,0,0,0,70,0,0,0,vehicle.bmw.isetta,,,,,,,60.9108974057898,,11,100,100,1,120,0,36.7500005476177,302.020521640778,none,Default,30,0,0,0,0,70,0,0,0,0
308,23,RouteScenario_4_23,Completed,,0,0,0,0,0,0,0,0,0,30,0,0,0,0,0,70,0,0,0,vehicle.bmw.isetta,,,,,,,55.1791221263788,,11,100,100,1,120,0,26.2500003911555,159.18881726265,none,Default,30,0,0,0,0,70,0,0,0,0
309,42,RouteScenario_4_42,Completed,,0,0,0,0,0,0,0,0,0,30,0,0,0,0,0,70,0,0,0,vehicle.bmw.isetta,,,,,,,56.0266629865779,,11,100,100,1,120,0,28.400000423193,227.424142837524,none,Default,30,0,0,0,0,70,0,0,0,0
310,8,RouteScenario_4_8,Completed,,0,0,0,0,0,0,0,0,0,30,0,0,0,0,0,70,0,0,0,vehicle.bmw.isetta,,,,,,,61.7513111190818,,11,100,100,1,120,0,38.9000005796552,304.76807308197,none,Default,30,0,0,0,0,70,0,0,0,0
311,31,RouteScenario_4_31,Completed,,0,0,0,0,0,0,0,0,0,30,0,0,0,0,0,70,0,0,0,vehicle.bmw.isetta,,,,,,,55.6100996929839,,11,100,100,1,120,0,13.0000001937151,130.308268547058,none,Default,30,0,0,0,0,70,0,0,0,0
312,39,RouteScenario_4_39,Completed,,0,0,0,0,0,0,0,0,0,30,0,0,0,0,0,70,0,0,0,vehicle.bmw.isetta,,,,,,,56.2904176138406,,11,100,100,1,120,0,26.0000003874302,191.864405393601,none,Default,30,0,0,0,0,70,0,0,0,0
313,14,RouteScenario_4_14,Completed,,0,0,0,0,0,0,0,0,0,30,0,0,0,0,0,70,0,0,0,vehicle.bmw.isetta,,,,,,,60.9533725806078,,11,100,100,1,120,0,25.000000372529,163.81202173233,none,Default,30,0,0,0,0,70,0,0,0,0
314,20,RouteScenario_4_20,Completed,,0,0,0,0,0,0,0,0,0,30,0,0,0,0,0,70,0,0,0,vehicle.bmw.isetta,,,,,,,61.163920233194,,11,100,100,1,120,0,24.2500003613532,167.036093235016,none,Default,30,0,0,0,0,70,0,0,0,0
315,3,RouteScenario_4_3,Completed,,0,0,0,0,0,0,0,0,0,30,0,0,0,0,0,70,0,0,0,vehicle.bmw.isetta,,,,,,,55.4331178576471,,11,100,100,1,120,0,17.9000002667308,124.108122825623,none,Default,30,0,0,0,0,70,0,0,0,0
316,10,RouteScenario_4_10,Completed,,0,0,0,0,0,0,0,0,0,30,0,0,0,0,0,70,0,0,0,vehicle.bmw.isetta,,,,,,,55.2446401601069,,11,100,100,1,120,0,12.8500001914799,108.0082218647,none,Default,30,0,0,0,0,70,0,0,0,0
317,21,RouteScenario_4_21,Completed,,0,0,0,0,0,0,0,0,0,30,0,0,0,0,0,70,0,0,0,vehicle.bmw.isetta,,,,,,,55.5078029415204,,11,100,100,1,120,0,14.7000002190471,108.487927675247,none,Default,30,0,0,0,0,70,0,0,0,0
318,41,RouteScenario_4_41,Completed,,0,0,0,0,0,0,0,0,0,30,0,0,0,0,0,70,0,0,0,vehicle.bmw.isetta,,,,,,,61.3671426310995,,11,100,100,1,120,0,26.9000004008412,244.756438732147,none,Default,30,0,0,0,0,70,0,0,0,0
319,37,RouteScenario_4_37,Completed,,0,0,0,0,0,0,0,0,0,30,0,0,0,0,0,70,0,0,0,vehicle.bmw.isetta,,,,,,,55.3444714488046,,11,100,100,1,120,0,15.9500002376735,155.784649372101,none,Default,30,0,0,0,0,70,0,0,0,0
320,32,RouteScenario_4_32,Completed,,0,0,0,0,0,0,0,0,0,30,0,0,0,0,0,70,0,0,0,vehicle.bmw.isetta,,,,,,,55.2729072870563,,11,100,100,1,120,0,25.2000003755093,211.468319892883,none,Default,30,0,0,0,0,70,0,0,0,0
321,26,RouteScenario_4_26,Completed,,0,0,0,0,0,0,0,0,0,30,0,0,0,0,0,70,0,0,0,vehicle.bmw.isetta,,,,,,,55.1992774726341,,11,100,100,1,120,0,17.8500002659857,175.408386945724,none,Default,30,0,0,0,0,70,0,0,0,0
322,9,RouteScenario_4_9,Completed,,0,0,0,0,0,0,0,0,0,30,0,0,0,0,0,70,0,0,0,vehicle.bmw.isetta,,,,,,,56.0943868973,,11,100,100,1,120,0,24.4000003635883,219.772375822067,none,Default,30,0,0,0,0,70,0,0,0,0
323,0,RouteScenario_4_0,Completed,,0,0,0,0,0,0,0,0,0,30,0,0,0,0,0,70,0,0,0,vehicle.bmw.isetta,,,,,,,61.0692029250401,,11,100,100,1,120,0,43.0000006407499,477.344028949738,none,Default,30,0,0,0,0,70,0,0,0,0
324,40,RouteScenario_7_40,Completed,,0,0,0,0,0,0,0,0,0,30,0,0,0,0,0,70,0,0,0,vehicle.bmw.isetta,,,,,,,82.6000177593693,,11,100,100,1,120,0,21.3000003173947,218.656021356583,none,Default,30,0,0,0,0,70,0,0,0,0
325,27,RouteScenario_7_27,Completed,,0,0,0,0,0,0,0,0,0,30,0,0,0,0,0,70,0,0,0,vehicle.bmw.isetta,,,,,,,83.1199803317866,,11,100,100,1,120,0,26.3000003919005,219.764279842377,none,Default,30,0,0,0,0,70,0,0,0,0
326,43,RouteScenario_7_43,Completed,,0,0,0,0,0,0,0,0,0,30,0,0,0,0,0,70,0,0,0,vehicle.bmw.isetta,,,,,,,83.5100097430599,,11,100,100,1,120,0,20.9500003121793,140.75985121727,none,Default,30,0,0,0,0,70,0,0,0,0
327,1,RouteScenario_7_1,Completed,,0,0,0,0,0,0,0,0,0,30,0,0,0,0,0,70,0,0,0,vehicle.bmw.isetta,,,,,,,82.18000091525,,11,100,100,1,120,0,22.0500003285706,257.10804438591,none,Default,30,0,0,0,0,70,0,0,0,0
328,22,RouteScenario_7_22,Completed,,0,0,0,0,0,0,0,0,0,30,0,0,0,0,0,70,0,0,0,vehicle.bmw.isetta,,,,,,,82.0000009476335,,11,100,100,1,120,0,21.0000003129244,140.475928068161,none,Default,30,0,0,0,0,70,0,0,0,0
329,65,RouteScenario_7_65,Completed,,0,0,0,0,0,0,0,0,0,30,0,0,0,0,0,70,0,0,0,vehicle.bmw.isetta,,,,,,,82.6099985312579,,11,100,100,1,120,0,20.2500003017485,136.55221581459,none,Default,30,0,0,0,0,70,0,0,0,0
330,64,RouteScenario_7_64,Completed,,0,0,0,0,0,0,0,0,0,30,0,0,0,0,0,70,0,0,0,vehicle.bmw.isetta,,,,,,,82.6100023459545,,11,100,100,1,120,0,21.3000003173947,180.03985786438,none,Default,30,0,0,0,0,70,0,0,0,0
331,33,RouteScenario_7_33,Failed - Agent got blocked,,0,0,0,0,0,0,0,0,1,30,0,0,0,0,0,70,0,0,0,vehicle.bmw.isetta,,,,,,,81.9791512056177,,11,45.8355583602196,45.8355583602196,1,120,0,197.200002938509,1301.99644207954,none,Default,30,0,0,0,0,70,0,0,0,0
332,7,RouteScenario_7_7,Completed,,0,0,0,0,0,0,0,0,0,30,0,0,0,0,0,70,0,0,0,vehicle.bmw.isetta,,,,,,,81.9999933182391,,11,100,100,1,120,0,48.6000007241964,388.324078083038,none,Default,30,0,0,0,0,70,0,0,0,0
333,56,RouteScenario_7_56,Completed,,0,0,0,0,0,0,0,0,0,30,0,0,0,0,0,70,0,0,0,vehicle.bmw.isetta,,,,,,,83.310857099776,,11,100,100,1,120,0,21.3000003173947,164.648388147354,none,Default,30,0,0,0,0,70,0,0,0,0
334,17,RouteScenario_7_17,Failed,,0,0,1,0,0,0,0,0,0,30,0,0,0,0,0,70,0,0,0,vehicle.bmw.isetta,,,,,,,83.089996226047,,11,43.6263381340383,26.175802880423,0.6,120,0,33.0000004917383,224.384440422058,collisions_vehicle,Default,30,0,0,0,0,70,0,0,0,0
335,6,RouteScenario_7_6,Completed,,0,0,0,0,0,0,0,0,0,30,0,0,0,0,0,70,0,0,0,vehicle.bmw.isetta,,,,,,,81.9999933182391,,11,100,100,1,120,0,20.3500003032386,157.544226169586,none,Default,30,0,0,0,0,70,0,0,0,0
336,57,RouteScenario_7_57,Completed,,0,0,0,0,0,0,0,0,0,30,0,0,0,0,0,70,0,0,0,vehicle.bmw.isetta,,,,,,,83.3091252272636,,11,100,100,1,120,0,25.6000003814697,318.800489664078,none,Default,30,0,0,0,0,70,0,0,0,0
337,16,RouteScenario_7_16,Completed,,0,0,0,0,0,0,0,0,0,30,0,0,0,0,0,70,0,0,0,vehicle.bmw.isetta,,,,,,,83.089996226047,,11,100,100,1,120,0,20.5000003054738,186.580013275147,none,Default,30,0,0,0,0,70,0,0,0,0
338,23,RouteScenario_7_23,Completed,,0,0,0,0,0,0,0,0,0,30,0,0,0,0,0,70,0,0,0,vehicle.bmw.isetta,,,,,,,82.0000009476335,,11,100,100,1,120,0,55.5000008270144,748.996465206146,none,Default,30,0,0,0,0,70,0,0,0,0
339,42,RouteScenario_7_42,Completed,,0,0,0,0,0,0,0,0,0,30,0,0,0,0,0,70,0,0,0,vehicle.bmw.isetta,,,,,,,83.5100097430599,,11,100,100,1,120,0,20.4000003039837,190.336268901825,none,Default,30,0,0,0,0,70,0,0,0,0
340,69,RouteScenario_7_69,Completed,,0,0,0,0,0,0,0,0,0,30,0,0,0,0,0,70,0,0,0,vehicle.bmw.isetta,,,,,,,82.0000047623307,,11,100,100,1,120,0,20.2500003017485,189.668256998062,none,Default,30,0,0,0,0,70,0,0,0,0
341,53,RouteScenario_7_53,Completed,,0,0,0,0,0,0,0,0,0,30,0,0,0,0,0,70,0,0,0,vehicle.bmw.isetta,,,,,,,82.0099792480469,,11,100,100,1,120,0,34.1000005081296,310.392129659653,none,Default,30,0,0,0,0,70,0,0,0,0
342,41,RouteScenario_7_41,Completed,,0,0,0,0,0,0,0,0,0,30,0,0,0,0,0,70,0,0,0,vehicle.bmw.isetta,,,,,,,82.6000177588627,,11,100,100,1,120,0,21.0000003129244,164.804287433624,none,Default,30,0,0,0,0,70,0,0,0,0
343,32,RouteScenario_7_32,Completed,,0,0,0,0,0,0,0,0,0,30,0,0,0,0,0,70,0,0,0,vehicle.bmw.isetta,,,,,,,81.9808678192583,,11,100,100,1,120,0,23.4000003486872,210.444540262222,none,Default,30,0,0,0,0,70,0,0,0,0
344,52,RouteScenario_7_52,Completed,,0,0,0,0,0,0,0,0,0,30,0,0,0,0,0,70,0,0,0,vehicle.bmw.isetta,,,,,,,82.0099792480469,,11,100,100,1,120,0,22.2500003315508,138.272124290466,none,Default,30,0,0,0,0,70,0,0,0,0
345,26,RouteScenario_7_26,Completed,,0,0,0,0,0,0,0,0,0,30,0,0,0,0,0,70,0,0,0,vehicle.bmw.isetta,,,,,,,83.1199803317866,,11,100,100,1,120,0,20.1000002995133,149.072151422501,none,Default,30,0,0,0,0,70,0,0,0,0
346,68,RouteScenario_7_68,Completed,,0,0,0,0,0,0,0,0,0,30,0,0,0,0,0,70,0,0,0,vehicle.bmw.isetta,,,,,,,82.0000009476335,,11,100,100,1,120,0,23.2000003457069,166.932415723801,none,Default,30,0,0,0,0,70,0,0,0,0
347,0,RouteScenario_7_0,Completed,,0,0,0,0,0,0,0,0,0,30,0,0,0,0,0,70,0,0,0,vehicle.bmw.isetta,,,,,,,82.18000091525,,11,100,100,1,120,0,20.3000003024936,202.999960660934,none,Default,30,0,0,0,0,70,0,0,0,0
348,44,RouteScenario_8_44,Completed,,0,0,0,0,0,0,0,0,0,30,0,0,0,0,0,70,0,0,0,vehicle.bmw.isetta,,,,,,,61.2653992918667,,11,100,100,1,120,0,26.5500003956258,233.536394119263,none,Default,30,0,0,0,0,70,0,0,0,0
349,15,RouteScenario_8_15,Completed,,0,0,0,0,0,0,0,0,0,30,0,0,0,0,0,70,0,0,0,vehicle.bmw.isetta,,,,,,,60.9010176915778,,11,100,100,1,120,0,24.7500003688037,183.063902378082,none,Default,30,0,0,0,0,70,0,0,0,0
350,58,RouteScenario_8_58,Completed,,0,0,0,0,0,0,0,0,0,30,0,0,0,0,0,70,0,0,0,vehicle.bmw.isetta,,,,,,,61.9475762241984,,11,100,100,1,120,0,32.5000004842877,401.516101837158,none,Default,30,0,0,0,0,70,0,0,0,0
351,24,RouteScenario_8_24,Completed,,0,0,0,0,0,0,0,0,0,30,0,0,0,0,0,70,0,0,0,vehicle.bmw.isetta,,,,,,,60.9108974057898,,11,100,100,1,120,0,36.8500005491078,226.100025415421,none,Default,30,0,0,0,0,70,0,0,0,0
352,49,RouteScenario_8_49,Completed,,0,0,0,0,0,0,0,0,0,30,0,0,0,0,0,70,0,0,0,vehicle.bmw.isetta,,,,,,,60.9280220394555,,11,100,100,1,120,0,24.0500003583729,258.788938999176,none,Default,30,0,0,0,0,70,0,0,0,0
353,12,RouteScenario_8_12,Completed,,0,0,0,0,0,0,0,0,0,30,0,0,0,0,0,70,0,0,0,vehicle.bmw.isetta,,,,,,,61.7513111190818,,11,100,100,1,120,0,20.4000003039837,164.576127529144,none,Default,30,0,0,0,0,70,0,0,0,0
354,2,RouteScenario_8_2,Completed,,0,0,0,0,0,0,0,0,0,30,0,0,0,0,0,70,0,0,0,vehicle.bmw.isetta,,,,,,,61.0692029250401,,11,100,100,1,120,0,27.6500004120171,324.47233247757,none,Default,30,0,0,0,0,70,0,0,0,0
355,45,RouteScenario_8_45,Completed,,0,0,0,0,0,0,0,0,0,30,0,0,0,0,0,70,0,0,0,vehicle.bmw.isetta,,,,,,,61.58523811689,,11,100,100,1,120,0,20.5000003054738,203.124535322189,none,Default,30,0,0,0,0,70,0,0,0,0
356,28,RouteScenario_8_28,Completed,,0,0,0,0,0,0,0,0,0,30,0,0,0,0,0,70,0,0,0,vehicle.bmw.isetta,,,,,,,61.5983003867138,,11,100,100,1,120,0,23.1000003442168,181.880377292633,none,Default,30,0,0,0,0,70,0,0,0,0
357,30,RouteScenario_8_30,Completed,,0,0,0,0,0,0,0,0,0,30,0,0,0,0,0,70,0,0,0,vehicle.bmw.isetta,,,,,,,61.163920233194,,11,100,100,1,120,0,26.1500003896654,169.064423084259,none,Default,30,0,0,0,0,70,0,0,0,0
358,18,RouteScenario_8_18,Completed,,0,0,0,0,0,0,0,0,0,30,0,0,0,0,0,70,0,0,0,vehicle.bmw.isetta,,,,,,,60.6975830730111,,11,100,100,1,120,0,29.7500004433095,287.20009636879,none,Default,30,0,0,0,0,70,0,0,0,0
359,34,RouteScenario_8_34,Completed,,0,0,0,0,0,0,0,0,0,30,0,0,0,0,0,70,0,0,0,vehicle.bmw.isetta,,,,,,,60.8378172631538,,11,100,100,1,120,0,35.0000005215406,462.90794634819,none,Default,30,0,0,0,0,70,0,0,0,0
360,11,RouteScenario_8_11,Completed,,0,0,0,0,0,0,0,0,0,30,0,0,0,0,0,70,0,0,0,vehicle.bmw.isetta,,,,,,,60.4144769282656,,11,100,100,1,120,0,28.2000004202127,209.656143426895,none,Default,30,0,0,0,0,70,0,0,0,0
361,4,RouteScenario_8_4,Completed,,0,0,0,0,0,0,0,0,0,30,0,0,0,0,0,70,0,0,0,vehicle.bmw.isetta,,,,,,,61.0937473931621,,11,100,100,1,120,0,24.0500003583729,342.355894565582,none,Default,30,0,0,0,0,70,0,0,0,0
362,67,RouteScenario_8_67,Completed,,0,0,0,0,0,0,0,0,0,30,0,0,0,0,0,70,0,0,0,vehicle.bmw.isetta,,,,,,,61.0679382908354,,11,100,100,1,120,0,33.8000005036592,352.999946117401,none,Default,30,0,0,0,0,70,0,0,0,0
363,39,RouteScenario_8_39,Completed,,0,0,0,0,0,0,0,0,0,30,0,0,0,0,0,70,0,0,0,vehicle.bmw.isetta,,,,,,,60.8562374441557,,11,100,100,1,120,0,24.7000003680587,150.388252973557,none,Default,30,0,0,0,0,70,0,0,0,0
364,71,RouteScenario_8_71,Completed,,0,0,0,0,0,0,0,0,0,30,0,0,0,0,0,70,0,0,0,vehicle.bmw.isetta,,,,,,,60.5713627250422,,11,100,100,1,120,0,26.4500003941357,223.808209180832,none,Default,30,0,0,0,0,70,0,0,0,0
365,20,RouteScenario_8_20,Completed,,0,0,0,0,0,0,0,0,0,30,0,0,0,0,0,70,0,0,0,vehicle.bmw.isetta,,,,,,,60.9533725806078,,11,100,100,1,120,0,28.2500004209578,198.876115083695,none,Default,30,0,0,0,0,70,0,0,0,0
366,10,RouteScenario_8_10,Completed,,0,0,0,0,0,0,0,0,0,30,0,0,0,0,0,70,0,0,0,vehicle.bmw.isetta,,,,,,,61.2532597136652,,11,100,100,1,120,0,20.6000003069639,179.043992996216,none,Default,30,0,0,0,0,70,0,0,0,0
367,61,RouteScenario_8_61,Completed,,0,0,0,0,0,0,0,0,0,30,0,0,0,0,0,70,0,0,0,vehicle.bmw.isetta,,,,,,,61.3671426310995,,11,100,100,1,120,0,26.8000003993511,258.544212341309,none,Default,30,0,0,0,0,70,0,0,0,0
368,63,RouteScenario_8_63,Completed,,0,0,0,0,0,0,0,0,0,30,0,0,0,0,0,70,0,0,0,vehicle.bmw.isetta,,,,,,,61.6855587978245,,11,100,100,1,120,0,20.6000003069639,215.743415355682,none,Default,30,0,0,0,0,70,0,0,0,0
369,37,RouteScenario_8_37,Completed,,0,0,0,0,0,0,0,0,0,30,0,0,0,0,0,70,0,0,0,vehicle.bmw.isetta,,,,,,,60.9030674753945,,11,100,100,1,120,0,20.9500003121793,202.012243032455,none,Default,30,0,0,0,0,70,0,0,0,0
370,51,RouteScenario_8_51,Completed,,0,0,0,0,0,0,0,0,0,30,0,0,0,0,0,70,0,0,0,vehicle.bmw.isetta,,,,,,,60.9279205505372,,11,100,100,1,120,0,24.0500003583729,203.172286272049,none,Default,30,0,0,0,0,70,0,0,0,0
371,54,RouteScenario_8_54,Completed,,0,0,0,0,0,0,0,0,0,30,0,0,0,0,0,70,0,0,0,vehicle.bmw.isetta,,,,,,,61.0017801850379,,11,100,100,1,120,0,28.0000004172325,204.220211744308,none,Default,30,0,0,0,0,70,0,0,0,0
372,38,RouteScenario_9_38,Completed,,0,0,0,0,0,0,0,0,0,30,0,0,0,0,0,70,0,0,0,vehicle.bmw.isetta,,,,,,,55.1992774726341,,11,100,100,1,120,0,19.3500002883375,203.804463148117,none,Default,30,0,0,0,0,70,0,0,0,0
373,48,RouteScenario_9_48,Completed,,0,0,0,0,0,0,0,0,0,30,0,0,0,0,0,70,0,0,0,vehicle.bmw.isetta,,,,,,,55.2729072870563,,11,100,100,1,120,0,19.1000002846122,129.804026603699,none,Default,30,0,0,0,0,70,0,0,0,0
374,29,RouteScenario_9_29,Completed,,0,0,0,0,0,0,0,0,0,30,0,0,0,0,0,70,0,0,0,vehicle.bmw.isetta,,,,,,,55.9449379255595,,11,100,100,1,120,0,19.2000002861023,136.388155221939,none,Default,30,0,0,0,0,70,0,0,0,0
375,50,RouteScenario_9_50,Completed,,0,0,0,0,0,0,0,0,0,30,0,0,0,0,0,70,0,0,0,vehicle.bmw.isetta,,,,,,,55.2693469423156,,11,100,100,1,120,0,19.6000002920628,280.146657466888,none,Default,30,0,0,0,0,70,0,0,0,0
376,47,RouteScenario_9_47,Completed,,0,0,0,0,0,0,0,0,0,30,0,0,0,0,0,70,0,0,0,vehicle.bmw.isetta,,,,,,,55.6100996929839,,11,100,100,1,120,0,21.8000003248453,175.868187904358,none,Default,30,0,0,0,0,70,0,0,0,0
377,62,RouteScenario_9_62,Completed,,0,0,0,0,0,0,0,0,0,30,0,0,0,0,0,70,0,0,0,vehicle.bmw.isetta,,,,,,,56.0266629865779,,11,100,100,1,120,0,21.6000003218651,196.108023881912,none,Default,30,0,0,0,0,70,0,0,0,0
378,36,RouteScenario_9_36,Completed,,0,0,0,0,0,0,0,0,0,30,0,0,0,0,0,70,0,0,0,vehicle.bmw.isetta,,,,,,,55.246532624805,,11,100,100,1,120,0,18.950000282377,130.372160673141,none,Default,30,0,0,0,0,70,0,0,0,0
379,35,RouteScenario_9_35,Completed,,0,0,0,0,0,0,0,0,0,30,0,0,0,0,0,70,0,0,0,vehicle.bmw.isetta,,,,,,,55.1791221263788,,11,100,100,1,120,0,24.4500003643334,161.696432590485,none,Default,30,0,0,0,0,70,0,0,0,0
380,70,RouteScenario_9_70,Completed,,0,0,0,0,0,0,0,0,0,30,0,0,0,0,0,70,0,0,0,vehicle.bmw.isetta,,,,,,,54.9144776048236,,11,100,100,1,120,0,34.7000005170703,311.156297683716,none,Default,30,0,0,0,0,70,0,0,0,0
381,5,RouteScenario_9_5,Completed,,0,0,0,0,0,0,0,0,0,30,0,0,0,0,0,70,0,0,0,vehicle.bmw.isetta,,,,,,,55.4331178576471,,11,100,100,1,120,0,22.6500003375113,214.256354093552,none,Default,30,0,0,0,0,70,0,0,0,0
382,25,RouteScenario_9_25,Completed,,0,0,0,0,0,0,0,0,0,30,0,0,0,0,0,70,0,0,0,vehicle.bmw.isetta,,,,,,,55.2509088469579,,11,100,100,1,120,0,19.4500002898276,185.652327060699,none,Default,30,0,0,0,0,70,0,0,0,0
383,19,RouteScenario_9_19,Completed,,0,0,0,0,0,0,0,0,0,30,0,0,0,0,0,70,0,0,0,vehicle.bmw.isetta,,,,,,,55.0414164576002,,11,100,100,1,120,0,50.0500007458031,660.798894643784,none,Default,30,0,0,0,0,70,0,0,0,0
384,55,RouteScenario_9_55,Completed,,0,0,0,0,0,0,0,0,0,30,0,0,0,0,0,70,0,0,0,vehicle.bmw.isetta,,,,,,,55.3444714488046,,11,100,100,1,120,0,33.0000004917383,343.712193965912,none,Default,30,0,0,0,0,70,0,0,0,0
385,46,RouteScenario_9_46,Completed,,0,0,0,0,0,0,0,0,0,30,0,0,0,0,0,70,0,0,0,vehicle.bmw.isetta,,,,,,,55.9272196240984,,11,100,100,1,120,0,19.1500002853572,140.351972818375,none,Default,30,0,0,0,0,70,0,0,0,0
386,13,RouteScenario_9_13,Completed,,0,0,0,0,0,0,0,0,0,30,0,0,0,0,0,70,0,0,0,vehicle.bmw.isetta,,,,,,,56.0943868973,,11,100,100,1,120,0,23.5000003501773,247.444206953049,none,Default,30,0,0,0,0,70,0,0,0,0
387,8,RouteScenario_9_8,Completed,,0,0,0,0,0,0,0,0,0,30,0,0,0,0,0,70,0,0,0,vehicle.bmw.isetta,,,,,,,54.7560718433674,,11,100,100,1,120,0,21.6000003218651,188.996324539185,none,Default,30,0,0,0,0,70,0,0,0,0
388,60,RouteScenario_9_60,Completed,,0,0,0,0,0,0,0,0,0,30,0,0,0,0,0,70,0,0,0,vehicle.bmw.isetta,,,,,,,55.7125183477149,,11,100,100,1,120,0,19.3500002883375,272.700147628784,none,Default,30,0,0,0,0,70,0,0,0,0
389,31,RouteScenario_9_31,Completed,,0,0,0,0,0,0,0,0,0,30,0,0,0,0,0,70,0,0,0,vehicle.bmw.isetta,,,,,,,55.5078029415204,,11,100,100,1,120,0,19.3000002875924,156.240147829056,none,Default,30,0,0,0,0,70,0,0,0,0
390,14,RouteScenario_9_14,Completed,,0,0,0,0,0,0,0,0,0,30,0,0,0,0,0,70,0,0,0,vehicle.bmw.isetta,,,,,,,55.2446401601069,,11,100,100,1,120,0,19.3000002875924,198.308652877808,none,Default,30,0,0,0,0,70,0,0,0,0
391,3,RouteScenario_9_3,Completed,,0,0,0,0,0,0,0,0,0,30,0,0,0,0,0,70,0,0,0,vehicle.bmw.isetta,,,,,,,55.4161604333607,,11,100,100,1,120,0,20.700000308454,175.572159051895,none,Default,30,0,0,0,0,70,0,0,0,0
392,21,RouteScenario_9_21,Completed,,0,0,0,0,0,0,0,0,0,30,0,0,0,0,0,70,0,0,0,vehicle.bmw.isetta,,,,,,,55.2958615135455,,11,100,100,1,120,0,21.500000320375,258.900338172913,none,Default,30,0,0,0,0,70,0,0,0,0
393,66,RouteScenario_9_66,Completed,,0,0,0,0,0,0,0,0,0,30,0,0,0,0,0,70,0,0,0,vehicle.bmw.isetta,,,,,,,55.411215562172,,11,100,100,1,120,0,18.950000282377,176.368279695511,none,Default,30,0,0,0,0,70,0,0,0,0
394,9,RouteScenario_9_9,Completed,,0,0,0,0,0,0,0,0,0,30,0,0,0,0,0,70,0,0,0,vehicle.bmw.isetta,,,,,,,55.5982310608942,,11,100,100,1,120,0,48.6500007249415,423.400527000427,none,Default,30,0,0,0,0,70,0,0,0,0
395,59,RouteScenario_9_59,Completed,,0,0,0,0,0,0,0,0,0,30,0,0,0,0,0,70,0,0,0,vehicle.bmw.isetta,,,,,,,56.2904176138406,,11,100,100,1,120,0,19.6000002920628,149.164443254471,none,Default,30,0,0,0,0,70,0,0,0,0
396,1,RouteScenario_1_1,Completed,,0,0,0,0,0,0,0,0,0,30,0,0,0,0,0,70,0,0,0,vehicle.lincoln.mkz2017,,,,,,,83.5987382609463,,11,100,100,1,120,0,40.6500006057322,456.204031229019,none,Default,30,0,0,0,0,70,0,0,0,0
397,5,RouteScenario_1_5,Completed,,0,0,0,0,0,0,0,0,0,30,0,0,0,0,0,70,0,0,0,vehicle.lincoln.mkz2017,,,,,,,326.462894547121,,11,100,100,1,120,0,100.000001490116,675.599840641022,none,Default,30,0,0,0,0,70,0,0,0,0
398,2,RouteScenario_1_2,Completed,,0,0,0,0,0,0,0,0,0,30,0,0,0,0,0,70,0,0,0,vehicle.lincoln.mkz2017,,,,,,,310.514999376331,,11,100,100,1,120,0,60.9000009074807,536.731929302216,none,Default,30,0,0,0,0,70,0,0,0,0
399,4,RouteScenario_1_4,Completed,,0,0,0,0,0,0,0,0,0,30,0,0,0,0,0,70,0,0,0,vehicle.lincoln.mkz2017,,,,,,,334.390023293839,,11,100,100,1,120,0,82.0000012218952,611.383852005005,none,Default,30,0,0,0,0,70,0,0,0,0
400,3,RouteScenario_1_3,Completed,,0,0,0,0,0,0,0,0,0,30,0,0,0,0,0,70,0,0,0,vehicle.lincoln.mkz2017,,,,,,,78.9935253393565,,11,100,100,1,120,0,13.5000002011657,126.076062440872,none,Default,30,0,0,0,0,70,0,0,0,0
401,0,RouteScenario_1_0,Completed,,0,0,0,0,0,0,0,0,0,30,0,0,0,0,0,70,0,0,0,vehicle.lincoln.mkz2017,,,,,,,316.482082994457,,11,100,100,1,120,0,77.1000011488795,596.471882343292,none,Default,30,0,0,0,0,70,0,0,0,0
402,1,RouteScenario_3_1,Completed,,0,0,0,0,0,0,0,0,0,30,0,0,0,0,0,70,0,0,0,vehicle.lincoln.mkz2017,,,,,,,83.5987382609463,,11,100,100,1,120,0,35.6500005312264,328.47629737854,none,Default,30,0,0,0,0,70,0,0,0,0
403,5,RouteScenario_3_5,Completed,,0,0,0,0,0,0,0,0,0,30,0,0,0,0,0,70,0,0,0,vehicle.lincoln.mkz2017,,,,,,,326.462894547121,,11,100,100,1,120,0,101.900001518428,803.20410656929,none,Default,30,0,0,0,0,70,0,0,0,0
404,2,RouteScenario_3_2,Completed,,0,0,0,0,0,0,0,0,0,30,0,0,0,0,0,70,0,0,0,vehicle.lincoln.mkz2017,,,,,,,310.514999376331,,11,100,100,1,120,0,96.8000014424324,769.788024902344,none,Default,30,0,0,0,0,70,0,0,0,0
405,4,RouteScenario_3_4,Completed,,0,0,0,0,0,0,0,0,0,30,0,0,0,0,0,70,0,0,0,vehicle.lincoln.mkz2017,,,,,,,334.390023293839,,11,100,100,1,120,0,139.250002074987,1163.62394285202,none,Default,30,0,0,0,0,70,0,0,0,0
406,3,RouteScenario_3_3,Completed,,0,0,0,0,0,0,0,0,0,30,0,0,0,0,0,70,0,0,0,vehicle.lincoln.mkz2017,,,,,,,78.9935253393565,,11,100,100,1,120,0,48.0500007160008,452.108250379562,none,Default,30,0,0,0,0,70,0,0,0,0
407,0,RouteScenario_3_0,Completed,,0,0,0,0,0,0,0,0,0,30,0,0,0,0,0,70,0,0,0,vehicle.lincoln.mkz2017,,,,,,,316.482082994457,,11,100,100,1,120,0,70.5000010505319,478.475893259049,none,Default,30,0,0,0,0,70,0,0,0,0
408,38,RouteScenario_4_38,Completed,,0,0,0,0,0,0,0,0,0,30,0,0,0,0,0,70,0,0,0,vehicle.lincoln.mkz2017,,,,,,,61.9475762241984,,11,100,100,1,120,0,39.7500005923212,261.480420351028,none,Default,30,0,0,0,0,70,0,0,0,0
409,40,RouteScenario_4_40,Completed,,0,0,0,0,0,0,0,0,0,30,0,0,0,0,0,70,0,0,0,vehicle.lincoln.mkz2017,,,,,,,55.7125183477149,,11,100,100,1,120,0,12.6000001877546,127.619243383408,none,Default,30,0,0,0,0,70,0,0,0,0
410,44,RouteScenario_4_44,Completed,,0,0,0,0,0,0,0,0,0,30,0,0,0,0,0,70,0,0,0,vehicle.lincoln.mkz2017,,,,,,,55.411215562172,,11,100,100,1,120,0,61.3000009134412,391.660346746445,none,Default,30,0,0,0,0,70,0,0,0,0
411,29,RouteScenario_4_29,Completed,,0,0,0,0,0,0,0,0,0,30,0,0,0,0,0,70,0,0,0,vehicle.lincoln.mkz2017,,,,,,,61.58523811689,,11,100,100,1,120,0,39.0000005811453,458.364392995834,none,Default,30,0,0,0,0,70,0,0,0,0
412,27,RouteScenario_4_27,Completed,,0,0,0,0,0,0,0,0,0,30,0,0,0,0,0,70,0,0,0,vehicle.lincoln.mkz2017,,,,,,,60.8562374441557,,11,100,100,1,120,0,24.4000003635883,163.99631023407,none,Default,30,0,0,0,0,70,0,0,0,0
413,47,RouteScenario_4_47,Completed,,0,0,0,0,0,0,0,0,0,30,0,0,0,0,0,70,0,0,0,vehicle.lincoln.mkz2017,,,,,,,60.5713627250422,,11,100,100,1,120,0,25.3000003769994,190.688272237778,none,Default,30,0,0,0,0,70,0,0,0,0
414,43,RouteScenario_4_43,Completed,,0,0,0,0,0,0,0,0,0,30,0,0,0,0,0,70,0,0,0,vehicle.lincoln.mkz2017,,,,,,,61.6855587978245,,11,100,100,1,120,0,39.3500005863607,376.519982814789,none,Default,30,0,0,0,0,70,0,0,0,0
415,1,RouteScenario_4_1,Completed,,0,0,0,0,0,0,0,0,0,30,0,0,0,0,0,70,0,0,0,vehicle.lincoln.mkz2017,,,,,,,55.4161604333607,,11,100,100,1,120,0,22.9000003412366,204.788008928299,none,Default,30,0,0,0,0,70,0,0,0,0
416,15,RouteScenario_4_15,Completed,,0,0,0,0,0,0,0,0,0,30,0,0,0,0,0,70,0,0,0,vehicle.lincoln.mkz2017,,,,,,,55.2958615135455,,11,100,100,1,120,0,13.750000204891,184.536344528198,none,Default,30,0,0,0,0,70,0,0,0,0
417,36,RouteScenario_4_36,Completed,,0,0,0,0,0,0,0,0,0,30,0,0,0,0,0,70,0,0,0,vehicle.lincoln.mkz2017,,,,,,,61.0017801850379,,11,100,100,1,120,0,28.3500004224479,190.028038740158,none,Default,30,0,0,0,0,70,0,0,0,0
418,22,RouteScenario_4_22,Completed,,0,0,0,0,0,0,0,0,0,30,0,0,0,0,0,70,0,0,0,vehicle.lincoln.mkz2017,,,,,,,60.8378172631538,,11,100,100,1,120,0,39.650000590831,338.188109636307,none,Default,30,0,0,0,0,70,0,0,0,0
419,35,RouteScenario_4_35,Completed,,0,0,0,0,0,0,0,0,0,30,0,0,0,0,0,70,0,0,0,vehicle.lincoln.mkz2017,,,,,,,60.9279205505372,,11,100,100,1,120,0,24.0500003583729,181.69642162323,none,Default,30,0,0,0,0,70,0,0,0,0
420,24,RouteScenario_4_24,Completed,,0,0,0,0,0,0,0,0,0,30,0,0,0,0,0,70,0,0,0,vehicle.lincoln.mkz2017,,,,,,,55.246532624805,,11,100,100,1,120,0,24.2500003613532,155.176154851913,none,Default,30,0,0,0,0,70,0,0,0,0
421,5,RouteScenario_4_5,Completed,,0,0,0,0,0,0,0,0,0,30,0,0,0,0,0,70,0,0,0,vehicle.lincoln.mkz2017,,,,,,,55.5982310608942,,11,100,100,1,120,0,28.3500004224479,286.064453840256,none,Default,30,0,0,0,0,70,0,0,0,0
422,25,RouteScenario_4_25,Completed,,0,0,0,0,0,0,0,0,0,30,0,0,0,0,0,70,0,0,0,vehicle.lincoln.mkz2017,,,,,,,60.9030674753945,,11,100,100,1,120,0,47.35000070557,462.251957893372,none,Default,30,0,0,0,0,70,0,0,0,0
423,12,RouteScenario_4_12,Completed,,0,0,0,0,0,0,0,0,0,30,0,0,0,0,0,70,0,0,0,vehicle.lincoln.mkz2017,,,,,,,60.6975830730111,,11,100,100,1,120,0,39.8500005938113,397.928506851196,none,Default,30,0,0,0,0,70,0,0,0,0
424,19,RouteScenario_4_19,Completed,,0,0,0,0,0,0,0,0,0,30,0,0,0,0,0,70,0,0,0,vehicle.lincoln.mkz2017,,,,,,,55.9449379255595,,11,100,100,1,120,0,27.4000004082918,172.428408145905,none,Default,30,0,0,0,0,70,0,0,0,0
425,2,RouteScenario_4_2,Completed,,0,0,0,0,0,0,0,0,0,30,0,0,0,0,0,70,0,0,0,vehicle.lincoln.mkz2017,,,,,,,61.0937473931621,,11,100,100,1,120,0,27.7500004135072,424.064227104187,none,Default,30,0,0,0,0,70,0,0,0,0
426,33,RouteScenario_4_33,Completed,,0,0,0,0,0,0,0,0,0,30,0,0,0,0,0,70,0,0,0,vehicle.lincoln.mkz2017,,,,,,,60.9280220394555,,11,100,100,1,120,0,42.2500006295741,284.911932468414,none,Default,30,0,0,0,0,70,0,0,0,0
427,7,RouteScenario_4_7,Completed,,0,0,0,0,0,0,0,0,0,30,0,0,0,0,0,70,0,0,0,vehicle.lincoln.mkz2017,,,,,,,60.4144769282656,,11,100,100,1,120,0,25.3000003769994,173.716203689575,none,Default,30,0,0,0,0,70,0,0,0,0
428,45,RouteScenario_4_45,Completed,,0,0,0,0,0,0,0,0,0,30,0,0,0,0,0,70,0,0,0,vehicle.lincoln.mkz2017,,,,,,,61.0679382908354,,11,100,100,1,120,0,42.3500006310642,446.420078992844,none,Default,30,0,0,0,0,70,0,0,0,0
429,28,RouteScenario_4_28,Completed,,0,0,0,0,0,0,0,0,0,30,0,0,0,0,0,70,0,0,0,vehicle.lincoln.mkz2017,,,,,,,61.2653992918667,,11,100,100,1,120,0,27.7500004135072,201.980233192444,none,Default,30,0,0,0,0,70,0,0,0,0
430,46,RouteScenario_4_46,Completed,,0,0,0,0,0,0,0,0,0,30,0,0,0,0,0,70,0,0,0,vehicle.lincoln.mkz2017,,,,,,,54.9144776048236,,11,100,100,1,120,0,53.0000007897615,371.244546890259,none,Default,30,0,0,0,0,70,0,0,0,0
431,30,RouteScenario_4_30,Completed,,0,0,0,0,0,0,0,0,0,30,0,0,0,0,0,70,0,0,0,vehicle.lincoln.mkz2017,,,,,,,55.9272196240984,,11,100,100,1,120,0,29.0000004321337,193.308109760284,none,Default,30,0,0,0,0,70,0,0,0,0
432,17,RouteScenario_4_17,Completed,,0,0,0,0,0,0,0,0,0,30,0,0,0,0,0,70,0,0,0,vehicle.lincoln.mkz2017,,,,,,,55.2509088469579,,11,100,100,1,120,0,21.9500003270805,224.884173154831,none,Default,30,0,0,0,0,70,0,0,0,0
433,18,RouteScenario_4_18,Completed,,0,0,0,0,0,0,0,0,0,30,0,0,0,0,0,70,0,0,0,vehicle.lincoln.mkz2017,,,,,,,61.5983003867138,,11,100,100,1,120,0,46.500000692904,372.328494787216,none,Default,30,0,0,0,0,70,0,0,0,0
434,34,RouteScenario_4_34,Completed,,0,0,0,0,0,0,0,0,0,30,0,0,0,0,0,70,0,0,0,vehicle.lincoln.mkz2017,,,,,,,55.2693469423156,,11,100,100,1,120,0,15.7000002339482,212.495957612991,none,Default,30,0,0,0,0,70,0,0,0,0
435,11,RouteScenario_4_11,Completed,,0,0,0,0,0,0,0,0,0,30,0,0,0,0,0,70,0,0,0,vehicle.lincoln.mkz2017,,,,,,,60.9010176915778,,11,100,100,1,120,0,33.1000004932284,283.340070486069,none,Default,30,0,0,0,0,70,0,0,0,0
436,13,RouteScenario_4_13,Completed,,0,0,0,0,0,0,0,0,0,30,0,0,0,0,0,70,0,0,0,vehicle.lincoln.mkz2017,,,,,,,55.0414164576002,,11,100,100,1,120,0,26.0500003881752,247.324387788773,none,Default,30,0,0,0,0,70,0,0,0,0
437,4,RouteScenario_4_4,Completed,,0,0,0,0,0,0,0,0,0,30,0,0,0,0,0,70,0,0,0,vehicle.lincoln.mkz2017,,,,,,,54.7560718433674,,11,100,100,1,120,0,52.6000007838011,417.41203546524,none,Default,30,0,0,0,0,70,0,0,0,0
438,6,RouteScenario_4_6,Completed,,0,0,0,0,0,0,0,0,0,30,0,0,0,0,0,70,0,0,0,vehicle.lincoln.mkz2017,,,,,,,61.2532597136652,,11,100,100,1,120,0,40.2000005990267,344.444094657898,none,Default,30,0,0,0,0,70,0,0,0,0
439,16,RouteScenario_4_16,Completed,,0,0,0,0,0,0,0,0,0,30,0,0,0,0,0,70,0,0,0,vehicle.lincoln.mkz2017,,,,,,,60.9108974057898,,11,100,100,1,120,0,33.8000005036592,220.372151374817,none,Default,30,0,0,0,0,70,0,0,0,0
440,23,RouteScenario_4_23,Completed,,0,0,0,0,0,0,0,0,0,30,0,0,0,0,0,70,0,0,0,vehicle.lincoln.mkz2017,,,,,,,55.1791221263788,,11,100,100,1,120,0,26.8500004000962,155.996034622192,none,Default,30,0,0,0,0,70,0,0,0,0
441,42,RouteScenario_4_42,Completed,,0,0,0,0,0,0,0,0,0,30,0,0,0,0,0,70,0,0,0,vehicle.lincoln.mkz2017,,,,,,,56.0266629865779,,11,100,100,1,120,0,28.9000004306436,306.828134536743,none,Default,30,0,0,0,0,70,0,0,0,0
442,8,RouteScenario_4_8,Completed,,0,0,0,0,0,0,0,0,0,30,0,0,0,0,0,70,0,0,0,vehicle.lincoln.mkz2017,,,,,,,61.7513111190818,,11,100,100,1,120,0,39.0000005811453,346.691893339157,none,Default,30,0,0,0,0,70,0,0,0,0
443,31,RouteScenario_4_31,Completed,,0,0,0,0,0,0,0,0,0,30,0,0,0,0,0,70,0,0,0,vehicle.lincoln.mkz2017,,,,,,,55.6100996929839,,11,100,100,1,120,0,13.0500001944602,151.848345279694,none,Default,30,0,0,0,0,70,0,0,0,0
444,39,RouteScenario_4_39,Completed,,0,0,0,0,0,0,0,0,0,30,0,0,0,0,0,70,0,0,0,vehicle.lincoln.mkz2017,,,,,,,56.2904176138406,,11,100,100,1,120,0,27.0500004030764,175.59211063385,none,Default,30,0,0,0,0,70,0,0,0,0
445,14,RouteScenario_4_14,Completed,,0,0,0,0,0,0,0,0,0,30,0,0,0,0,0,70,0,0,0,vehicle.lincoln.mkz2017,,,,,,,60.9533725806078,,11,100,100,1,120,0,24.0500003583729,168.60796713829,none,Default,30,0,0,0,0,70,0,0,0,0
446,20,RouteScenario_4_20,Completed,,0,0,0,0,0,0,0,0,0,30,0,0,0,0,0,70,0,0,0,vehicle.lincoln.mkz2017,,,,,,,61.163920233194,,11,100,100,1,120,0,26.9000004008412,169.316425085068,none,Default,30,0,0,0,0,70,0,0,0,0
447,3,RouteScenario_4_3,Completed,,0,0,0,0,0,0,0,0,0,30,0,0,0,0,0,70,0,0,0,vehicle.lincoln.mkz2017,,,,,,,55.4331178576471,,11,100,100,1,120,0,16.1000002399087,154.144531011581,none,Default,30,0,0,0,0,70,0,0,0,0
448,10,RouteScenario_4_10,Completed,,0,0,0,0,0,0,0,0,0,30,0,0,0,0,0,70,0,0,0,vehicle.lincoln.mkz2017,,,,,,,55.2446401601069,,11,100,100,1,120,0,12.4000001847744,106.012528657913,none,Default,30,0,0,0,0,70,0,0,0,0
449,21,RouteScenario_4_21,Completed,,0,0,0,0,0,0,0,0,0,30,0,0,0,0,0,70,0,0,0,vehicle.lincoln.mkz2017,,,,,,,55.5078029415204,,11,100,100,1,120,0,15.1500002257526,158.95211148262,none,Default,30,0,0,0,0,70,0,0,0,0
450,41,RouteScenario_4_41,Completed,,0,0,0,0,0,0,0,0,0,30,0,0,0,0,0,70,0,0,0,vehicle.lincoln.mkz2017,,,,,,,61.3671426310995,,11,100,100,1,120,0,24.5000003650784,204.495969772339,none,Default,30,0,0,0,0,70,0,0,0,0
451,37,RouteScenario_4_37,Completed,,0,0,0,0,0,0,0,0,0,30,0,0,0,0,0,70,0,0,0,vehicle.lincoln.mkz2017,,,,,,,55.3444714488046,,11,100,100,1,120,0,33.6500005014241,311.12021946907,none,Default,30,0,0,0,0,70,0,0,0,0
452,32,RouteScenario_4_32,Completed,,0,0,0,0,0,0,0,0,0,30,0,0,0,0,0,70,0,0,0,vehicle.lincoln.mkz2017,,,,,,,55.2729072870563,,11,100,100,1,120,0,25.6500003822148,162.148252487183,none,Default,30,0,0,0,0,70,0,0,0,0
453,26,RouteScenario_4_26,Completed,,0,0,0,0,0,0,0,0,0,30,0,0,0,0,0,70,0,0,0,vehicle.lincoln.mkz2017,,,,,,,55.1992774726341,,11,100,100,1,120,0,46.6000006943941,425.924316644669,none,Default,30,0,0,0,0,70,0,0,0,0
454,9,RouteScenario_4_9,Completed,,0,0,0,0,0,0,0,0,0,30,0,0,0,0,0,70,0,0,0,vehicle.lincoln.mkz2017,,,,,,,56.0943868973,,11,100,100,1,120,0,24.3500003628433,173.720256328583,none,Default,30,0,0,0,0,70,0,0,0,0
455,0,RouteScenario_4_0,Completed,,0,0,0,0,0,0,0,0,0,30,0,0,0,0,0,70,0,0,0,vehicle.lincoln.mkz2017,,,,,,,61.0692029250401,,11,100,100,1,120,0,43.10000064224,524.720462799072,none,Default,30,0,0,0,0,70,0,0,0,0
456,40,RouteScenario_7_40,Completed,,0,0,0,0,0,0,0,0,0,30,0,0,0,0,0,70,0,0,0,vehicle.lincoln.mkz2017,,,,,,,82.6000177593693,,11,100,100,1,120,0,19.9500002972782,196.527954101563,none,Default,30,0,0,0,0,70,0,0,0,0
457,27,RouteScenario_7_27,Completed,,0,0,0,0,0,0,0,0,0,30,0,0,0,0,0,70,0,0,0,vehicle.lincoln.mkz2017,,,,,,,83.1199803317866,,11,100,100,1,120,0,23.1000003442168,185.284548997879,none,Default,30,0,0,0,0,70,0,0,0,0
458,43,RouteScenario_7_43,Completed,,0,0,0,0,0,0,0,0,0,30,0,0,0,0,0,70,0,0,0,vehicle.lincoln.mkz2017,,,,,,,83.5100097430599,,11,100,100,1,120,0,24.150000359863,152.38799905777,none,Default,30,0,0,0,0,70,0,0,0,0
459,1,RouteScenario_7_1,Completed,,0,0,0,0,0,0,0,0,0,30,0,0,0,0,0,70,0,0,0,vehicle.lincoln.mkz2017,,,,,,,82.18000091525,,11,100,100,1,120,0,19.8500002957881,166.410906791687,none,Default,30,0,0,0,0,70,0,0,0,0
460,22,RouteScenario_7_22,Completed,,0,0,0,0,0,0,0,0,0,30,0,0,0,0,0,70,0,0,0,vehicle.lincoln.mkz2017,,,,,,,82.0000009476335,,11,100,100,1,120,0,21.7000003233552,135.707914590836,none,Default,30,0,0,0,0,70,0,0,0,0
461,65,RouteScenario_7_65,Completed,,0,0,0,0,0,0,0,0,0,30,0,0,0,0,0,70,0,0,0,vehicle.lincoln.mkz2017,,,,,,,82.6099985312579,,11,100,100,1,120,0,19.6500002928078,139.38431596756,none,Default,30,0,0,0,0,70,0,0,0,0
462,64,RouteScenario_7_64,Completed,,0,0,0,0,0,0,0,0,0,30,0,0,0,0,0,70,0,0,0,vehicle.lincoln.mkz2017,,,,,,,82.6100023459545,,11,100,100,1,120,0,24.950000371784,219.171926736832,none,Default,30,0,0,0,0,70,0,0,0,0
463,33,RouteScenario_7_33,Completed,,0,0,0,0,0,0,0,0,0,30,0,0,0,0,0,70,0,0,0,vehicle.lincoln.mkz2017,,,,,,,81.9791512056177,,11,100,100,1,120,0,20.0000002980232,160.507833719254,none,Default,30,0,0,0,0,70,0,0,0,0
464,7,RouteScenario_7_7,Completed,,0,0,0,0,0,0,0,0,0,30,0,0,0,0,0,70,0,0,0,vehicle.lincoln.mkz2017,,,,,,,81.9999933182391,,11,100,100,1,120,0,115.300001718104,809.616426229477,none,Default,30,0,0,0,0,70,0,0,0,0
465,56,RouteScenario_7_56,Completed,,0,0,0,0,0,0,0,0,0,30,0,0,0,0,0,70,0,0,0,vehicle.lincoln.mkz2017,,,,,,,83.310857099776,,11,100,100,1,120,0,23.3000003471971,155.704058647156,none,Default,30,0,0,0,0,70,0,0,0,0
466,17,RouteScenario_7_17,Failed,,0,0,1,0,0,0,0,0,0,30,0,0,0,0,0,70,0,0,0,vehicle.lincoln.mkz2017,,,,,,,83.089996226047,,11,41.1800948938016,24.7080569362809,0.6,120,0,24.8500003702939,178.180422067642,collisions_vehicle,Default,30,0,0,0,0,70,0,0,0,0
467,6,RouteScenario_7_6,Completed,,0,0,0,0,0,0,0,0,0,30,0,0,0,0,0,70,0,0,0,vehicle.lincoln.mkz2017,,,,,,,81.9999933182391,,11,100,100,1,120,0,21.2500003166497,151.308565855026,none,Default,30,0,0,0,0,70,0,0,0,0
468,57,RouteScenario_7_57,Completed,,0,0,0,0,0,0,0,0,0,30,0,0,0,0,0,70,0,0,0,vehicle.lincoln.mkz2017,,,,,,,83.3091252272636,,11,100,100,1,120,0,21.0500003136694,204.232218503952,none,Default,30,0,0,0,0,70,0,0,0,0
469,16,RouteScenario_7_16,Completed,,0,0,0,0,0,0,0,0,0,30,0,0,0,0,0,70,0,0,0,vehicle.lincoln.mkz2017,,,,,,,83.089996226047,,11,100,100,1,120,0,19.9500002972782,187.491936683655,none,Default,30,0,0,0,0,70,0,0,0,0
470,23,RouteScenario_7_23,Failed,,0,0,1,0,0,0,0,0,0,30,0,0,0,0,0,70,0,0,0,vehicle.lincoln.mkz2017,,,,,,,82.0000009476335,,11,42.0383045796054,25.2229827477633,0.6,120,0,28.2500004209578,284.823039293289,collisions_vehicle,Default,30,0,0,0,0,70,0,0,0,0
471,42,RouteScenario_7_42,Completed,,0,0,0,0,0,0,0,0,0,30,0,0,0,0,0,70,0,0,0,vehicle.lincoln.mkz2017,,,,,,,83.5100097430599,,11,100,100,1,120,0,23.0000003427267,283.140416622162,none,Default,30,0,0,0,0,70,0,0,0,0
472,69,RouteScenario_7_69,Completed,,0,0,0,0,0,0,0,0,0,30,0,0,0,0,0,70,0,0,0,vehicle.lincoln.mkz2017,,,,,,,82.0000047623307,,11,100,100,1,120,0,21.4000003188848,188.880053758621,none,Default,30,0,0,0,0,70,0,0,0,0
473,53,RouteScenario_7_53,Completed,,0,0,0,0,0,0,0,0,0,30,0,0,0,0,0,70,0,0,0,vehicle.lincoln.mkz2017,,,,,,,82.0099792480469,,11,100,100,1,120,0,26.0000003874302,255.436367034912,none,Default,30,0,0,0,0,70,0,0,0,0
474,41,RouteScenario_7_41,Completed,,0,0,0,0,0,0,0,0,0,30,0,0,0,0,0,70,0,0,0,vehicle.lincoln.mkz2017,,,,,,,82.6000177588627,,11,100,100,1,120,0,19.800000295043,132.208561897278,none,Default,30,0,0,0,0,70,0,0,0,0
475,32,RouteScenario_7_32,Completed,,0,0,0,0,0,0,0,0,0,30,0,0,0,0,0,70,0,0,0,vehicle.lincoln.mkz2017,,,,,,,81.9808678192583,,11,100,100,1,120,0,21.6500003226101,236.711904764175,none,Default,30,0,0,0,0,70,0,0,0,0
476,52,RouteScenario_7_52,Completed,,0,0,0,0,0,0,0,0,0,30,0,0,0,0,0,70,0,0,0,vehicle.lincoln.mkz2017,,,,,,,82.0099792480469,,11,100,100,1,120,0,19.7500002942979,121.200158119202,none,Default,30,0,0,0,0,70,0,0,0,0
477,26,RouteScenario_7_26,Completed,,0,0,0,0,0,0,0,0,0,30,0,0,0,0,0,70,0,0,0,vehicle.lincoln.mkz2017,,,,,,,83.1199803317866,,11,100,100,1,120,0,41.4500006176531,315.020452976227,none,Default,30,0,0,0,0,70,0,0,0,0
478,68,RouteScenario_7_68,Completed,,0,0,0,0,0,0,0,0,0,30,0,0,0,0,0,70,0,0,0,vehicle.lincoln.mkz2017,,,,,,,82.0000009476335,,11,100,100,1,120,0,22.1500003300607,155.532162189484,none,Default,30,0,0,0,0,70,0,0,0,0
479,0,RouteScenario_7_0,Completed,,0,0,0,0,0,0,0,0,0,30,0,0,0,0,0,70,0,0,0,vehicle.lincoln.mkz2017,,,,,,,82.18000091525,,11,100,100,1,120,0,19.7000002935529,173.324008226395,none,Default,30,0,0,0,0,70,0,0,0,0
480,44,RouteScenario_8_44,Completed,,0,0,0,0,0,0,0,0,0,30,0,0,0,0,0,70,0,0,0,vehicle.lincoln.mkz2017,,,,,,,61.2653992918667,,11,100,100,1,120,0,27.5000004097819,195.756164550781,none,Default,30,0,0,0,0,70,0,0,0,0
481,15,RouteScenario_8_15,Completed,,0,0,0,0,0,0,0,0,0,30,0,0,0,0,0,70,0,0,0,vehicle.lincoln.mkz2017,,,,,,,60.9010176915778,,11,100,100,1,120,0,24.7500003688037,228.568002700806,none,Default,30,0,0,0,0,70,0,0,0,0
482,58,RouteScenario_8_58,Completed,,0,0,0,0,0,0,0,0,0,30,0,0,0,0,0,70,0,0,0,vehicle.lincoln.mkz2017,,,,,,,61.9475762241984,,11,100,100,1,120,0,38.9500005804002,482.604321956635,none,Default,30,0,0,0,0,70,0,0,0,0
483,24,RouteScenario_8_24,Completed,,0,0,0,0,0,0,0,0,0,30,0,0,0,0,0,70,0,0,0,vehicle.lincoln.mkz2017,,,,,,,60.9108974057898,,11,100,100,1,120,0,34.3000005111098,210.548191070557,none,Default,30,0,0,0,0,70,0,0,0,0
484,49,RouteScenario_8_49,Completed,,0,0,0,0,0,0,0,0,0,30,0,0,0,0,0,70,0,0,0,vehicle.lincoln.mkz2017,,,,,,,60.9280220394555,,11,100,100,1,120,0,24.6000003665686,180.316830635071,none,Default,30,0,0,0,0,70,0,0,0,0
485,12,RouteScenario_8_12,Completed,,0,0,0,0,0,0,0,0,0,30,0,0,0,0,0,70,0,0,0,vehicle.lincoln.mkz2017,,,,,,,61.7513111190818,,11,100,100,1,120,0,21.6000003218651,190.680163383484,none,Default,30,0,0,0,0,70,0,0,0,0
486,2,RouteScenario_8_2,Completed,,0,0,0,0,0,0,0,0,0,30,0,0,0,0,0,70,0,0,0,vehicle.lincoln.mkz2017,,,,,,,61.0692029250401,,11,100,100,1,120,0,21.1000003144145,179.976097345352,none,Default,30,0,0,0,0,70,0,0,0,0
487,45,RouteScenario_8_45,Completed,,0,0,0,0,0,0,0,0,0,30,0,0,0,0,0,70,0,0,0,vehicle.lincoln.mkz2017,,,,,,,61.58523811689,,11,100,100,1,120,0,32.2000004798174,318.096259832382,none,Default,30,0,0,0,0,70,0,0,0,0
488,28,RouteScenario_8_28,Completed,,0,0,0,0,0,0,0,0,0,30,0,0,0,0,0,70,0,0,0,vehicle.lincoln.mkz2017,,,,,,,61.5983003867138,,11,100,100,1,120,0,24.7500003688037,205.41233420372,none,Default,30,0,0,0,0,70,0,0,0,0
489,30,RouteScenario_8_30,Completed,,0,0,0,0,0,0,0,0,0,30,0,0,0,0,0,70,0,0,0,vehicle.lincoln.mkz2017,,,,,,,61.163920233194,,11,100,100,1,120,0,24.0000003576279,169.37221121788,none,Default,30,0,0,0,0,70,0,0,0,0
490,18,RouteScenario_8_18,Completed,,0,0,0,0,0,0,0,0,0,30,0,0,0,0,0,70,0,0,0,vehicle.lincoln.mkz2017,,,,,,,60.6975830730111,,11,100,100,1,120,0,25.1000003740191,268.856208562851,none,Default,30,0,0,0,0,70,0,0,0,0
491,34,RouteScenario_8_34,Completed,,0,0,0,0,0,0,0,0,0,30,0,0,0,0,0,70,0,0,0,vehicle.lincoln.mkz2017,,,,,,,60.8378172631538,,11,100,100,1,120,0,40.1500005982816,604.088242769241,none,Default,30,0,0,0,0,70,0,0,0,0
492,11,RouteScenario_8_11,Completed,,0,0,0,0,0,0,0,0,0,30,0,0,0,0,0,70,0,0,0,vehicle.lincoln.mkz2017,,,,,,,60.4144769282656,,11,100,100,1,120,0,27.600000411272,192.176125764847,none,Default,30,0,0,0,0,70,0,0,0,0
493,4,RouteScenario_8_4,Completed,,0,0,0,0,0,0,0,0,0,30,0,0,0,0,0,70,0,0,0,vehicle.lincoln.mkz2017,,,,,,,61.0937473931621,,11,100,100,1,120,0,26.8500004000962,282.511957645416,none,Default,30,0,0,0,0,70,0,0,0,0
494,67,RouteScenario_8_67,Completed,,0,0,0,0,0,0,0,0,0,30,0,0,0,0,0,70,0,0,0,vehicle.lincoln.mkz2017,,,,,,,61.0679382908354,,11,100,100,1,120,0,34.7000005170703,372.788339853287,none,Default,30,0,0,0,0,70,0,0,0,0
495,39,RouteScenario_8_39,Completed,,0,0,0,0,0,0,0,0,0,30,0,0,0,0,0,70,0,0,0,vehicle.lincoln.mkz2017,,,,,,,60.8562374441557,,11,100,100,1,120,0,24.4000003635883,167.384278774261,none,Default,30,0,0,0,0,70,0,0,0,0
496,71,RouteScenario_8_71,Completed,,0,0,0,0,0,0,0,0,0,30,0,0,0,0,0,70,0,0,0,vehicle.lincoln.mkz2017,,,,,,,60.5713627250422,,11,100,100,1,120,0,24.100000359118,240.456092357635,none,Default,30,0,0,0,0,70,0,0,0,0
497,20,RouteScenario_8_20,Completed,,0,0,0,0,0,0,0,0,0,30,0,0,0,0,0,70,0,0,0,vehicle.lincoln.mkz2017,,,,,,,60.9533725806078,,11,100,100,1,120,0,28.450000423938,186.556113481522,none,Default,30,0,0,0,0,70,0,0,0,0
498,10,RouteScenario_8_10,Completed,,0,0,0,0,0,0,0,0,0,30,0,0,0,0,0,70,0,0,0,vehicle.lincoln.mkz2017,,,,,,,61.2532597136652,,11,100,100,1,120,0,24.3000003620982,200.944117307663,none,Default,30,0,0,0,0,70,0,0,0,0
499,61,RouteScenario_8_61,Completed,,0,0,0,0,0,0,0,0,0,30,0,0,0,0,0,70,0,0,0,vehicle.lincoln.mkz2017,,,,,,,61.3671426310995,,11,100,100,1,120,0,26.9500004015863,339.652183055878,none,Default,30,0,0,0,0,70,0,0,0,0
500,63,RouteScenario_8_63,Completed,,0,0,0,0,0,0,0,0,0,30,0,0,0,0,0,70,0,0,0,vehicle.lincoln.mkz2017,,,,,,,61.6855587978245,,11,100,100,1,120,0,20.1500003002584,210.055984258652,none,Default,30,0,0,0,0,70,0,0,0,0
501,37,RouteScenario_8_37,Failed,,0,0,1,0,0,0,0,0,0,30,0,0,0,0,0,70,0,0,0,vehicle.lincoln.mkz2017,,,,,,,60.9030674753945,,11,0,0,0.6,120,0,0.100000001490116,0.980004787445068,collisions_vehicle,Default,30,0,0,0,0,70,0,0,0,0
502,51,RouteScenario_8_51,Completed,,0,0,0,0,0,0,0,0,0,30,0,0,0,0,0,70,0,0,0,vehicle.lincoln.mkz2017,,,,,,,60.9279205505372,,11,100,100,1,120,0,24.150000359863,162.264016628265,none,Default,30,0,0,0,0,70,0,0,0,0
503,54,RouteScenario_8_54,Completed,,0,0,0,0,0,0,0,0,0,30,0,0,0,0,0,70,0,0,0,vehicle.lincoln.mkz2017,,,,,,,61.0017801850379,,11,100,100,1,120,0,32.3500004820526,262.08816409111,none,Default,30,0,0,0,0,70,0,0,0,0
504,38,RouteScenario_9_38,Completed,,0,0,0,0,0,0,0,0,0,30,0,0,0,0,0,70,0,0,0,vehicle.lincoln.mkz2017,,,,,,,55.1992774726341,,11,100,100,1,120,0,18.8500002808869,168.460365533829,none,Default,30,0,0,0,0,70,0,0,0,0
505,48,RouteScenario_9_48,Completed,,0,0,0,0,0,0,0,0,0,30,0,0,0,0,0,70,0,0,0,vehicle.lincoln.mkz2017,,,,,,,55.2729072870563,,11,100,100,1,120,0,19.9000002965331,142.148217201233,none,Default,30,0,0,0,0,70,0,0,0,0
506,29,RouteScenario_9_29,Completed,,0,0,0,0,0,0,0,0,0,30,0,0,0,0,0,70,0,0,0,vehicle.lincoln.mkz2017,,,,,,,55.9449379255595,,11,100,100,1,120,0,18.6000002771616,123.620531082153,none,Default,30,0,0,0,0,70,0,0,0,0
507,50,RouteScenario_9_50,Completed,,0,0,0,0,0,0,0,0,0,30,0,0,0,0,0,70,0,0,0,vehicle.lincoln.mkz2017,,,,,,,55.2693469423156,,11,100,100,1,120,0,20.5500003062189,205.607956647873,none,Default,30,0,0,0,0,70,0,0,0,0
508,47,RouteScenario_9_47,Completed,,0,0,0,0,0,0,0,0,0,30,0,0,0,0,0,70,0,0,0,vehicle.lincoln.mkz2017,,,,,,,55.6100996929839,,11,100,100,1,120,0,28.0000004172325,266.844381570816,none,Default,30,0,0,0,0,70,0,0,0,0
509,62,RouteScenario_9_62,Completed,,0,0,0,0,0,0,0,0,0,30,0,0,0,0,0,70,0,0,0,vehicle.lincoln.mkz2017,,,,,,,56.0266629865779,,11,100,100,1,120,0,18.7000002786517,165.460019826889,none,Default,30,0,0,0,0,70,0,0,0,0
510,36,RouteScenario_9_36,Completed,,0,0,0,0,0,0,0,0,0,30,0,0,0,0,0,70,0,0,0,vehicle.lincoln.mkz2017,,,,,,,55.246532624805,,11,100,100,1,120,0,18.4000002741814,149.292772531509,none,Default,30,0,0,0,0,70,0,0,0,0
511,35,RouteScenario_9_35,Completed,,0,0,0,0,0,0,0,0,0,30,0,0,0,0,0,70,0,0,0,vehicle.lincoln.mkz2017,,,,,,,55.1791221263788,,11,100,100,1,120,0,18.4500002749264,127.436196565628,none,Default,30,0,0,0,0,70,0,0,0,0
512,70,RouteScenario_9_70,Completed,,0,0,0,0,0,0,0,0,0,30,0,0,0,0,0,70,0,0,0,vehicle.lincoln.mkz2017,,,,,,,54.9144776048236,,11,100,100,1,120,0,41.2000006139278,514.580221652985,none,Default,30,0,0,0,0,70,0,0,0,0
513,5,RouteScenario_9_5,Completed,,0,0,0,0,0,0,0,0,0,30,0,0,0,0,0,70,0,0,0,vehicle.lincoln.mkz2017,,,,,,,55.4331178576471,,11,100,100,1,120,0,64.1000009551644,503.544089317322,none,Default,30,0,0,0,0,70,0,0,0,0
514,25,RouteScenario_9_25,Completed,,0,0,0,0,0,0,0,0,0,30,0,0,0,0,0,70,0,0,0,vehicle.lincoln.mkz2017,,,,,,,55.2509088469579,,11,100,100,1,120,0,22.350000333041,257.524159193039,none,Default,30,0,0,0,0,70,0,0,0,0
515,19,RouteScenario_9_19,Completed,,0,0,0,0,0,0,0,0,0,30,0,0,0,0,0,70,0,0,0,vehicle.lincoln.mkz2017,,,,,,,55.0414164576002,,11,100,100,1,120,0,94.8500014133751,1250.33998584747,none,Default,30,0,0,0,0,70,0,0,0,0
516,55,RouteScenario_9_55,Completed,,0,0,0,0,0,0,0,0,0,30,0,0,0,0,0,70,0,0,0,vehicle.lincoln.mkz2017,,,,,,,55.3444714488046,,11,100,100,1,120,0,36.3500005416572,396.332225084305,none,Default,30,0,0,0,0,70,0,0,0,0
517,46,RouteScenario_9_46,Completed,,0,0,0,0,0,0,0,0,0,30,0,0,0,0,0,70,0,0,0,vehicle.lincoln.mkz2017,,,,,,,55.9272196240984,,11,100,100,1,120,0,20.1500003002584,159.728025197983,none,Default,30,0,0,0,0,70,0,0,0,0
518,13,RouteScenario_9_13,Completed,,0,0,0,0,0,0,0,0,0,30,0,0,0,0,0,70,0,0,0,vehicle.lincoln.mkz2017,,,,,,,56.0943868973,,11,100,100,1,120,0,18.6500002779067,178.292367219925,none,Default,30,0,0,0,0,70,0,0,0,0
519,8,RouteScenario_9_8,Completed,,0,0,0,0,0,0,0,0,0,30,0,0,0,0,0,70,0,0,0,vehicle.lincoln.mkz2017,,,,,,,54.7560718433674,,11,100,100,1,120,0,20.0500002987683,214.344583034515,none,Default,30,0,0,0,0,70,0,0,0,0
520,60,RouteScenario_9_60,Completed,,0,0,0,0,0,0,0,0,0,30,0,0,0,0,0,70,0,0,0,vehicle.lincoln.mkz2017,,,,,,,55.7125183477149,,11,100,100,1,120,0,18.8000002801418,287.327306032181,none,Default,30,0,0,0,0,70,0,0,0,0
521,31,RouteScenario_9_31,Completed,,0,0,0,0,0,0,0,0,0,30,0,0,0,0,0,70,0,0,0,vehicle.lincoln.mkz2017,,,,,,,55.5078029415204,,11,100,100,1,120,0,21.3000003173947,190.535497188568,none,Default,30,0,0,0,0,70,0,0,0,0
522,14,RouteScenario_9_14,Completed,,0,0,0,0,0,0,0,0,0,30,0,0,0,0,0,70,0,0,0,vehicle.lincoln.mkz2017,,,,,,,55.2446401601069,,11,100,100,1,120,0,18.8000002801418,192.472335577011,none,Default,30,0,0,0,0,70,0,0,0,0
523,3,RouteScenario_9_3,Completed,,0,0,0,0,0,0,0,0,0,30,0,0,0,0,0,70,0,0,0,vehicle.lincoln.mkz2017,,,,,,,55.4161604333607,,11,100,100,1,120,0,19.8500002957881,240.719585180283,none,Default,30,0,0,0,0,70,0,0,0,0
524,21,RouteScenario_9_21,Completed,,0,0,0,0,0,0,0,0,0,30,0,0,0,0,0,70,0,0,0,vehicle.lincoln.mkz2017,,,,,,,55.2958615135455,,11,100,100,1,120,0,20.5500003062189,202.432261228561,none,Default,30,0,0,0,0,70,0,0,0,0
525,66,RouteScenario_9_66,Completed,,0,0,0,0,0,0,0,0,0,30,0,0,0,0,0,70,0,0,0,vehicle.lincoln.mkz2017,,,,,,,55.411215562172,,11,100,100,1,120,0,19.800000295043,160.400045394897,none,Default,30,0,0,0,0,70,0,0,0,0
526,9,RouteScenario_9_9,Completed,,0,0,0,0,0,0,0,0,0,30,0,0,0,0,0,70,0,0,0,vehicle.lincoln.mkz2017,,,,,,,55.5982310608942,,11,100,100,1,120,0,54.250000808388,422.152183532715,none,Default,30,0,0,0,0,70,0,0,0,0
527,59,RouteScenario_9_59,Completed,,0,0,0,0,0,0,0,0,0,30,0,0,0,0,0,70,0,0,0,vehicle.lincoln.mkz2017,,,,,,,56.2904176138406,,11,100,100,1,120,0,20.4500003047287,136.924188375473,none,Default,30,0,0,0,0,70,0,0,0,0
