technique,repetition,road_type,road_ID,scenario_length,vehicle_in_front,vehicle_in_adjcent_lane,vehicle_in_opposite_lane,vehicle_in_front_two_wheeled,vehicle_in_adjacent_two_wheeled,vehicle_in_opposite_two_wheeled,time_of_day,weather,pedestrian,vehicle_target_speed,presence_of_trees,presence_of_buildings,driving_task,max_dist_center_of_the_lane,min_dist_with_other_vehicles,min_dist_with_pedestrians,min_dist_static_obstacles,dist_traveled
CART-A-39,1,2,2,0,1,1,0,0,1,0,1,0,1,40,1,1,0,0.4703,0.0,15.93,1.74,1.0
CART-A-39,1,1,1,0,1,0,0,0,0,0,0,6,1,20,0,0,0,0.3285,22.36,3.32,10.15,1.0
CART-A-39,1,2,1,0,0,0,1,1,1,1,0,6,1,20,1,1,0,0.3889,1000.0,2.88,5.43,1.0
CART-A-39,1,3,0,0,1,0,0,0,1,1,1,6,1,30,1,1,1,0.0002,0.0,3.86,6.28,0.2545
CART-A-39,1,2,1,0,1,0,1,0,1,0,2,6,1,20,1,1,0,0.4292,16.46,2.87,5.61,1.0
CART-A-39,1,0,0,0,0,0,0,1,0,0,0,2,1,40,0,1,0,0.0011,1000.0,3.22,12.07,1.0
CART-A-39,1,0,0,0,1,0,0,1,0,0,0,6,1,40,0,1,0,0.0344,0.0,3.19,12.07,1.0
CART-A-39,1,2,2,0,0,1,1,0,1,0,0,1,1,30,0,1,0,0.3075,1000.0,15.93,1.72,1.0
CART-A-39,1,2,0,0,1,0,1,0,1,0,0,3,1,20,1,1,0,0.4587,20.21,2.81,6.3,1.0
CART-A-39,1,3,0,0,0,0,0,0,1,0,1,6,1,40,1,0,1,0.0002,1000.0,3.86,6.28,0.2606
CART-A-39,1,0,0,0,0,0,1,1,1,0,2,6,1,30,0,1,0,0.0171,1000.0,3.22,12.07,1.0
CART-A-39,1,3,0,0,0,0,0,0,0,0,1,2,1,20,0,1,1,0.0001,1000.0,3.86,6.28,0.2511
CART-A-39,1,2,3,0,1,0,0,1,0,0,2,6,1,20,1,1,0,0.6321,33.48,4.77,0.06,1.0
CART-A-39,1,1,0,0,1,0,1,1,0,0,2,6,1,20,0,1,0,0.3519,0.0,3.22,6.4,1.0
CART-A-39,1,2,0,0,1,0,1,0,0,0,0,3,1,30,0,0,0,0.4307,17.25,2.82,6.32,1.0
CART-A-39,1,0,0,0,1,0,0,0,0,0,2,1,1,30,0,0,0,0.0177,2.14,3.22,12.07,1.0
CART-A-39,1,2,2,0,1,1,0,1,0,0,0,4,1,30,1,1,0,0.3226,0.0,15.93,1.72,1.0
CART-A-100,1,3,0,0,1,0,0,1,1,1,1,1,1,40,1,0,0,0.0182,0.0,3.86,6.28,0.418
CART-A-100,1,3,1,0,1,0,1,1,1,0,1,1,1,40,0,1,2,0.4609,0.0,7.25,8.86,0.6851
CART-A-100,1,3,2,0,1,0,1,0,0,0,0,2,1,40,1,1,2,0.4137,1.46,6.26,8.71,1.0
CART-A-100,1,3,0,0,0,0,0,1,1,1,1,1,1,40,1,1,2,0.0003,1000.0,7.28,9.74,0.3847
CART-A-100,1,2,3,0,0,1,1,1,0,1,2,2,1,40,1,0,0,0.6321,1000.0,4.75,0.1,1.0
CART-A-100,1,2,0,0,0,0,0,0,0,0,2,4,1,20,1,0,0,0.539,1000.0,2.77,6.3,1.0
CART-A-100,1,3,0,0,0,1,0,1,0,0,1,6,0,30,0,0,2,0.0003,1000.0,998.8,9.74,0.3625
CART-A-100,1,2,2,0,1,0,0,1,1,1,1,1,1,40,1,0,0,0.3564,0.0,15.93,1.74,1.0
CART-A-100,1,1,2,0,0,1,1,1,0,1,2,2,1,40,1,1,0,0.2841,1000.0,8.22,9.5,1.0
CART-A-100,1,2,1,0,0,1,1,1,1,1,2,2,1,40,1,1,0,1.5,1000.0,3.07,5.57,1.0
CART-A-100,1,1,1,0,0,1,0,0,0,0,2,6,1,30,1,0,0,0.4236,1000.0,3.35,10.15,1.0
CART-A-100,1,2,1,0,0,0,1,1,1,0,1,1,1,40,0,1,0,0.4738,1000.0,2.82,5.55,1.0
CART-A-100,1,2,1,0,0,0,1,1,0,1,0,1,1,20,1,1,0,0.4225,1000.0,2.83,5.57,1.0
CART-A-100,1,0,3,0,0,0,1,0,1,0,1,4,0,40,0,1,0,0.1334,1000.0,998.8,38.66,1.0
CART-A-100,1,2,2,0,0,1,0,0,1,0,2,6,1,30,1,0,0,0.3064,1000.0,15.93,1.72,1.0
CART-A-100,1,2,2,0,1,0,1,1,0,0,1,1,1,40,0,1,0,0.3744,0.0,15.93,1.74,1.0
SAMOTAI-A-39,1,1,1,0,1,0,0,1,1,1,2,1,1,20,1,0,0,0.3289,16.25,3.32,10.15,1.0
SAMOTAI-A-39,1,3,1,0,1,1,0,0,1,0,0,6,1,40,1,1,1,0.6939,1.92,3.77,4.34,1.0
SAMOTAI-A-39,1,0,3,0,0,1,1,0,1,1,1,2,0,40,0,1,0,0.1334,1000.0,998.8,38.66,1.0
SAMOTAI-A-39,1,0,1,0,1,1,0,1,0,1,1,6,1,30,0,1,0,0.0355,12.35,3.23,40.18,1.0
SAMOTAI-A-39,1,3,3,0,0,1,1,0,1,1,2,4,0,40,0,0,2,0.0015,1000.0,998.8,15.52,0.3894
SAMOTAI-A-39,1,2,0,0,1,1,1,1,1,1,1,0,0,40,1,1,0,1.5,6.36,998.8,6.32,1.0
SAMOTAI-A-39,1,3,1,0,1,0,0,1,0,1,1,5,0,40,0,0,2,0.4633,0.0,998.8,8.89,1.0
SAMOTAI-A-39,1,1,1,0,1,1,0,1,0,1,1,1,1,20,1,1,0,0.3289,16.25,3.32,10.15,1.0
SAMOTAI-A-39,1,3,2,0,1,1,0,0,0,1,0,1,1,20,1,1,0,0.0877,9.83,2.86,20.02,0.2839
SAMOTAI-A-39,1,3,1,0,1,0,0,1,0,1,1,1,0,30,1,1,2,0.411,0.0,998.8,8.87,0.8235
SAMOTAI-A-39,1,3,1,0,1,0,0,1,0,1,1,6,0,40,1,0,2,0.5134,0.0,998.8,8.84,0.7255
SAMOTAI-A-39,1,2,2,0,0,0,0,0,0,0,1,2,1,20,1,0,0,0.2726,1000.0,15.93,1.69,1.0
SAMOTAI-A-39,1,2,0,0,0,0,0,0,1,0,0,4,1,20,1,0,0,0.539,1000.0,2.77,6.3,1.0
SAMOTAI-A-39,1,2,2,0,1,1,1,0,0,0,1,0,0,30,0,1,0,0.3546,2.08,998.8,1.72,1.0
SAMOTAI-A-39,1,2,2,0,1,0,1,0,1,1,0,0,1,40,0,0,0,0.3662,0.0,15.93,1.74,1.0
SAMOTAI-A-100,1,3,0,0,0,1,1,1,1,0,2,5,1,30,1,0,1,0.0001,1000.0,3.86,6.28,0.2552
SAMOTAI-A-100,1,3,2,0,0,1,1,1,0,1,2,0,1,40,1,1,1,0.1362,1000.0,2.82,15.22,0.3225
SAMOTAI-A-100,1,0,0,0,1,1,1,0,1,0,0,2,1,30,0,0,0,0.0294,2.54,3.22,12.07,1.0
SAMOTAI-A-100,1,0,3,0,0,0,1,1,1,1,1,5,1,20,0,0,0,0.1496,1000.0,4.74,38.66,1.0
SAMOTAI-A-100,1,2,1,0,1,1,1,0,0,0,1,3,0,40,0,0,0,0.4349,4.93,998.8,5.54,1.0
SAMOTAI-A-100,1,0,0,0,0,1,1,1,1,1,2,6,0,30,0,1,0,0.0171,1000.0,998.8,12.07,1.0
SAMOTAI-A-100,1,3,0,0,0,0,0,0,0,0,2,6,0,40,0,1,2,0.0003,1000.0,998.8,9.74,0.3832
SAMOTAI-A-100,1,0,1,0,0,0,0,0,0,1,2,5,1,30,1,1,0,0.0098,1000.0,3.23,40.18,1.0
SAMOTAI-A-100,1,1,1,0,1,0,1,0,1,0,0,0,1,40,1,0,0,0.4521,15.53,3.32,10.15,1.0
SAMOTAI-A-100,1,3,3,0,1,0,1,1,1,1,2,6,1,40,1,1,0,0.0043,0.0,2.83,14.46,0.2411
SAMOTAI-A-100,1,3,3,0,1,0,1,1,1,1,2,6,0,40,1,1,0,0.0015,2.56,998.8,17.18,0.1957
SAMOTAI-A-100,1,3,2,0,1,0,0,1,1,1,0,1,1,30,1,0,2,0.0682,2.99,6.28,15.47,0.4209
SAMOTAI-A-100,1,2,2,0,0,0,0,0,0,0,1,2,1,11,1,0,0,0.2867,1000.0,15.93,1.66,0.9518
CART-F-39,1,3,2,0,1,1,0,1,0,1,1,1,1,40,1,1,1,0.0665,0.0,2.82,18.0,0.3003
CART-F-39,1,3,1,0,1,0,0,0,0,1,2,5,1,20,0,1,1,0.468,2.79,3.83,4.55,1.0
CART-F-39,1,3,1,0,1,0,1,1,1,0,1,2,1,30,0,0,1,0.5642,0.0,3.81,4.42,1.0
CART-F-39,1,1,1,0,1,1,1,1,0,0,1,2,1,30,0,0,0,0.4297,9.58,3.36,10.15,1.0
CART-F-39,1,3,3,0,1,0,1,1,1,0,1,2,1,30,0,0,1,0.0,1.58,2.83,16.28,0.3146
CART-F-39,1,2,2,0,1,1,0,1,0,1,1,1,1,40,1,1,0,0.3458,0.0,15.93,1.74,1.0
CART-F-39,1,2,1,0,1,0,0,0,0,1,2,5,1,20,0,1,0,0.438,16.31,2.84,5.54,1.0
CART-F-39,1,3,0,0,0,1,0,1,0,1,0,5,1,30,1,1,0,0.0001,1000.0,3.86,6.28,0.3955
CART-F-39,1,2,3,0,1,0,1,1,1,0,1,2,1,30,0,0,0,0.6321,0.0,4.76,0.17,1.0
CART-F-39,1,3,1,0,1,0,0,1,0,1,1,1,1,40,1,1,1,0.8575,0.0,3.78,4.21,1.0
CART-F-39,1,3,2,0,1,0,0,0,0,1,2,5,1,20,0,1,1,0.0826,10.72,2.87,20.99,0.2728
CART-F-39,1,0,1,0,1,1,1,0,0,1,2,4,0,20,0,1,0,0.0544,35.35,998.8,40.18,1.0
CART-F-100,1,3,0,0,1,0,0,1,1,1,1,1,1,40,1,1,0,0.0182,0.0,3.86,6.28,0.418
CART-F-100,1,3,1,0,1,0,1,1,0,0,1,1,1,40,0,0,0,0.0671,0.0,7.25,8.71,0.855
CART-F-100,1,3,2,0,1,0,1,0,0,0,0,2,1,40,1,1,0,0.1475,2.57,2.82,5.1,1.0
CART-F-100,1,0,3,0,1,0,1,1,0,0,1,3,0,30,1,0,0,0.1334,0.0,998.8,38.66,1.0
CART-F-100,1,3,2,0,1,0,1,0,1,0,0,2,1,40,1,1,0,0.1419,2.66,2.82,13.34,0.3653
CART-F-100,1,2,2,0,1,0,0,1,1,1,1,1,1,40,1,0,0,0.3613,0.0,15.93,1.74,1.0
CART-F-100,1,3,2,0,1,0,1,1,0,0,1,1,1,40,0,0,0,0.1068,0.0,2.82,18.6,0.3011
CART-F-100,1,0,0,0,0,1,0,0,1,0,1,6,0,40,1,0,0,0.0011,1000.0,998.8,12.07,1.0
CART-F-100,1,3,2,0,1,0,1,0,0,0,0,2,1,40,1,0,0,0.1035,4.48,2.82,15.21,0.3421
CART-F-100,1,3,2,0,1,0,0,1,0,1,1,1,1,40,1,0,0,0.0793,0.0,2.83,18.62,0.3007
CART-F-100,1,3,2,0,1,0,1,1,0,0,1,1,1,40,0,1,0,0.1053,0.0,2.82,18.68,0.3001
CART-F-100,1,0,3,0,1,0,1,1,1,1,1,0,0,40,1,0,0,0.1334,0.0,998.8,38.66,1.0
SAMOTAI-F-39,1,0,0,0,1,1,1,1,1,1,1,0,0,20,0,0,0,0.0756,10.18,998.8,12.07,1.0
SAMOTAI-F-39,1,1,2,0,1,1,0,0,1,1,0,3,1,40,1,1,0,0.2556,6.75,8.22,9.5,1.0
SAMOTAI-F-39,1,0,2,0,0,1,1,1,0,1,2,6,1,20,0,0,0,0.0392,1000.0,4.77,4.93,1.0
SAMOTAI-F-39,1,1,1,0,1,0,0,1,0,0,2,2,1,20,1,0,0,0.3289,16.25,3.32,10.15,1.0
SAMOTAI-F-39,1,2,0,0,0,1,0,0,1,1,0,6,1,30,1,0,0,0.5204,1000.0,2.76,6.32,1.0
SAMOTAI-F-39,1,3,1,0,0,0,1,1,1,1,1,3,0,20,1,1,0,0.1396,1000.0,998.8,8.76,1.0
SAMOTAI-F-39,1,3,0,0,0,0,1,1,1,1,2,6,0,40,0,0,0,0.0,1000.0,998.8,6.28,0.4083
SAMOTAI-F-39,1,3,3,0,1,0,1,1,0,0,0,6,1,40,0,0,0,0.0024,0.0,2.83,14.45,0.2413
SAMOTAI-F-39,1,3,3,0,1,0,1,1,1,1,2,6,1,40,1,1,0,0.0053,0.0,2.83,14.4,0.2422
SAMOTAI-F-39,1,3,3,0,1,0,1,1,1,1,2,6,1,40,1,1,2,0.0007,3.07,6.26,19.76,0.2622
SAMOTAI-F-39,1,3,3,0,1,1,1,1,0,1,2,0,0,40,1,1,2,0.0004,3.82,998.8,19.53,0.2847
SAMOTAI-F-39,1,0,1,0,0,0,0,0,0,1,0,2,1,40,1,0,0,0.0047,1000.0,3.22,40.18,1.0
SAMOTAI-F-39,1,3,0,0,0,0,1,1,1,1,2,6,1,40,1,0,2,0.0003,1000.0,7.28,9.74,0.3763
SAMOTAI-F-100,1,2,2,0,1,1,0,0,1,1,1,1,1,30,1,1,0,0.5024,1.47,15.93,1.72,1.0
SAMOTAI-F-100,1,0,1,0,1,0,0,0,1,0,2,6,1,30,1,0,0,0.0168,18.87,3.23,40.18,1.0
SAMOTAI-F-100,1,1,3,0,0,1,1,0,0,0,0,3,0,20,0,1,0,0.4202,1000.0,998.8,6.0,0.7667
SAMOTAI-F-100,1,3,2,0,1,1,1,1,0,1,0,5,1,40,0,1,0,0.0794,0.0,2.82,18.95,0.2967
SAMOTAI-F-100,1,2,3,0,1,0,0,0,0,0,1,5,0,40,1,0,0,0.6321,2.14,998.8,0.09,1.0
SAMOTAI-F-100,1,1,0,0,0,0,0,0,1,1,2,3,0,30,1,0,0,0.4098,1000.0,998.8,6.42,1.0
SAMOTAI-F-100,1,2,3,0,0,1,0,1,0,0,2,6,0,40,0,0,0,0.6321,1000.0,998.8,0.1,1.0
SAMOTAI-F-100,1,3,3,0,0,1,1,0,1,0,1,6,0,40,1,0,0,0.0005,1000.0,998.8,13.41,0.2593
SAMOTAI-F-100,1,2,1,0,0,0,1,0,1,1,1,6,1,30,0,0,0,0.4346,1000.0,3.07,5.36,1.0
SAMOTAI-F-100,1,2,3,0,1,0,1,1,1,1,2,6,0,40,0,0,0,0.6321,0.0,998.8,0.07,1.0
SAMOTAI-F-100,1,3,3,0,0,1,1,0,0,0,0,4,1,20,0,1,2,0.0015,1000.0,6.26,16.31,0.3686
SAMOTAI-F-100,1,2,0,0,1,1,0,0,1,0,0,3,0,40,0,1,0,0.5212,13.04,998.8,6.32,1.0
SAMOTAI-F-100,1,3,3,0,0,1,1,0,1,1,2,6,1,40,0,1,2,0.0002,1000.0,6.26,15.52,0.3894
SAMOTAI-F-100,1,3,3,0,0,1,1,0,0,0,0,6,1,30,0,0,2,0.0,1000.0,6.26,16.11,0.3735
SAMOTAE-A,1,0,2,0,1,0,1,1,1,1,1,0,1,20,1,1,0,0.0392,23.83,4.77,4.93,1.0
SAMOTAE-A,1,3,2,0,1,1,0,1,0,0,1,3,0,40,1,0,1,0.0674,0.0,998.8,18.08,0.2998
SAMOTAE-A,1,1,0,0,0,0,0,0,0,0,0,0,0,20,1,0,0,0.3526,1000.0,998.8,6.4,1.0
SAMOTAE-A,1,3,3,0,1,1,1,1,1,1,2,6,1,40,1,1,2,0.0001,3.06,6.26,19.76,0.2619
SAMOTAE-A,1,1,0,0,0,0,0,0,1,0,0,3,1,20,1,0,0,0.3526,1000.0,3.22,6.4,1.0
SAMOTAE-A,1,3,3,0,1,1,1,0,1,0,2,6,0,40,1,0,2,0.0001,1.4,998.8,15.52,0.3891
SAMOTAE-A,1,0,0,0,0,0,0,1,0,1,2,3,1,20,1,1,0,0.0613,1000.0,3.22,12.07,1.0
SAMOTAE-A,1,0,3,0,1,1,1,0,1,1,2,6,0,40,1,0,0,0.1334,0.0,998.8,38.66,1.0
SAMOTAE-A,1,3,0,0,0,1,1,1,1,0,2,3,1,20,1,1,2,0.0003,1000.0,7.28,9.74,0.3625
SAMOTAE-A,1,2,2,0,1,1,1,0,0,0,1,0,0,30,0,1,0,0.4558,1.67,998.8,1.72,1.0
SAMOTAE-A,1,3,3,0,0,1,0,0,0,0,0,4,0,20,0,0,1,0.0008,1000.0,998.8,14.43,0.3532
SAMOTAE-A,1,0,0,0,1,1,0,0,1,1,1,3,0,20,1,0,0,0.0682,18.29,998.8,12.07,1.0
SAMOTAE-A,1,0,3,0,1,0,1,0,1,0,1,4,1,40,1,0,0,0.1335,0.0,4.74,38.66,1.0
SAMOTAE-A,1,0,2,0,0,0,0,0,0,0,1,2,1,20,1,0,0,0.0392,1000.0,4.77,4.93,1.0
SAMOTAE-A,1,3,3,0,0,0,0,1,0,1,2,0,0,30,1,1,1,0.0,1000.0,998.8,14.2,0.3579
SAMOTAE-F,1,3,0,0,0,1,0,1,0,1,1,5,0,20,0,0,2,0.0003,1000.0,998.8,9.74,0.3625
SAMOTAE-F,1,1,0,0,1,0,0,1,1,1,2,0,0,20,0,1,0,0.283,0.0,998.8,6.4,1.0
SAMOTAE-F,1,0,2,0,0,0,1,1,1,0,1,6,0,40,1,0,0,0.1094,1000.0,998.8,4.9,1.0
SAMOTAE-F,1,0,1,0,1,1,1,0,0,1,1,2,1,40,1,0,0,0.0047,13.38,3.22,40.18,1.0
SAMOTAE-F,1,2,3,0,1,1,1,0,1,0,2,4,1,40,1,0,0,0.6321,2.54,4.75,0.08,1.0
SAMOTAE-F,1,1,2,0,1,0,1,1,0,0,0,0,1,30,1,1,0,0.2727,3.09,8.22,9.5,1.0
SAMOTAE-F,1,3,3,0,1,1,1,0,1,0,2,6,1,40,1,0,0,0.0011,0.0,2.83,16.03,0.2148
SAMOTAE-F,1,3,3,0,1,1,1,1,1,1,2,6,1,40,1,1,2,0.0001,4.4,6.26,19.76,0.2681
SAMOTAE-F,1,3,3,0,1,1,1,1,1,0,1,5,1,40,1,0,2,0.0005,4.68,6.26,19.76,0.2593
SAMOTAE-F,1,3,1,0,0,1,0,1,0,1,0,6,0,20,1,0,2,0.2377,1000.0,998.8,8.86,1.0
SAMOTAE-F,1,3,3,0,1,1,1,0,1,1,2,6,1,30,1,1,1,0.0,1.98,2.83,16.75,0.3043
SAMOTAE-F,1,3,3,0,0,1,0,1,0,1,1,6,0,20,0,0,2,0.0003,1000.0,998.8,16.3,0.3686
MOSA-A,1,1,1,0,1,1,1,0,0,0,2,3,0,40,1,0,0,0.4521,15.52,998.8,10.15,1.0
MOSA-A,1,1,1,0,0,0,1,0,1,1,2,6,1,30,1,1,0,0.4236,1000.0,3.35,10.15,1.0
MOSA-A,1,1,2,0,0,1,1,0,0,1,0,4,1,30,1,1,0,0.2774,1000.0,8.22,9.5,1.0
MOSA-A,1,1,2,0,1,0,1,1,1,1,2,6,1,30,1,1,0,0.2732,4.51,8.22,9.5,1.0
MOSA-A,1,1,2,0,1,0,1,1,1,0,0,0,1,30,1,1,0,0.2332,5.29,8.22,9.5,1.0
MOSA-A,1,1,1,0,0,0,1,0,1,0,0,0,1,30,1,1,0,0.4236,1000.0,3.35,10.15,1.0
MOSA-A,1,1,2,0,1,0,1,1,0,0,0,0,1,30,1,1,0,0.2315,4.84,8.22,9.5,1.0
MOSA-A,1,3,3,0,1,1,1,1,1,0,1,3,1,20,1,1,0,0.0004,5.22,2.99,20.92,0.1352
MOSA-A,1,1,2,0,0,1,1,0,0,1,0,4,1,40,1,1,0,0.2896,1000.0,8.22,9.5,1.0
MOSA-A,1,1,1,0,0,0,1,0,1,1,2,6,0,20,1,1,0,0.3289,1000.0,998.8,10.15,1.0
MOSA-A,1,1,1,0,0,0,1,0,1,1,2,6,1,40,1,1,0,0.4521,1000.0,3.32,10.15,1.0
MOSA-A,1,3,2,0,1,1,0,0,1,1,0,5,0,20,1,1,2,0.2211,6.88,998.8,8.7,1.0
MOSA-A,1,1,2,0,0,1,1,0,1,1,0,4,1,40,1,1,0,0.2653,1000.0,8.22,9.5,1.0
MOSA-A,1,3,2,0,1,1,0,0,1,1,0,5,1,30,1,1,2,0.3672,3.08,6.28,8.7,1.0
MOSA-A,1,3,2,0,1,1,0,0,1,1,0,5,0,20,1,0,2,0.2184,6.64,998.8,8.7,1.0
MOSA-F,1,3,0,0,0,0,0,1,0,1,1,0,0,30,0,0,2,0.0003,1000.0,998.8,9.74,0.3636
MOSA-F,1,1,0,0,1,0,1,1,0,1,1,1,0,30,0,0,0,0.4591,0.0,998.8,6.42,1.0
MOSA-F,1,0,3,0,1,1,0,0,0,0,0,2,0,30,0,0,0,0.1334,2.08,998.8,38.66,1.0
MOSA-F,1,0,1,0,1,0,1,1,0,1,2,1,0,30,0,0,0,0.0304,12.69,998.8,40.18,1.0
MOSA-F,1,1,0,0,1,0,1,1,0,1,1,1,0,20,0,0,0,0.3489,0.09,998.8,6.4,1.0
MOSA-F,1,1,0,0,1,0,1,1,0,1,1,1,0,30,1,0,0,0.4698,0.0,998.8,6.43,1.0
FITEST-A,1,1,3,0,0,1,0,0,0,0,2,2,0,20,0,0,0,0.4267,1000.0,998.8,6.0,0.8558
FITEST-A,1,0,0,0,1,0,1,0,1,1,2,4,1,20,1,1,0,0.0614,18.82,3.22,12.07,1.0
FITEST-A,1,0,0,0,0,0,1,0,1,1,1,5,0,30,1,1,0,0.0171,1000.0,998.8,12.07,1.0
FITEST-A,1,1,1,0,0,1,1,0,0,0,2,3,1,20,0,0,0,0.3078,1000.0,3.32,10.15,1.0
FITEST-A,1,1,1,0,0,1,1,1,0,0,2,3,1,20,0,1,0,0.326,1000.0,3.32,10.15,1.0
FITEST-A,1,1,1,0,0,0,0,1,1,0,0,6,1,30,1,0,0,0.4236,1000.0,3.35,10.15,1.0
FITEST-A,1,3,1,0,0,1,1,1,0,0,0,2,0,40,0,1,2,0.4389,1000.0,998.8,8.84,1.0
FITEST-A,1,0,2,0,1,1,1,0,0,0,1,1,1,40,1,1,0,0.108,20.78,4.74,4.9,1.0
FITEST-A,1,0,1,0,0,0,1,0,0,1,1,6,0,40,1,1,0,0.0047,1000.0,998.8,40.18,1.0
FITEST-A,1,1,1,0,0,0,0,1,1,0,0,6,1,20,1,0,0,0.3289,1000.0,3.32,10.15,1.0
FITEST-A,1,1,3,0,0,1,1,0,0,0,2,2,1,20,0,0,0,0.4591,1000.0,4.74,6.0,0.8345
FITEST-A,1,0,0,0,0,0,1,0,0,1,1,4,0,20,1,1,0,0.0614,1000.0,998.8,12.07,1.0
FITEST-F,1,2,0,0,1,1,1,0,1,0,0,1,0,30,0,1,0,0.4689,17.04,998.8,6.32,1.0
FITEST-F,1,0,0,0,0,1,0,1,1,1,2,6,0,20,1,0,0,0.0613,1000.0,998.8,12.07,1.0
FITEST-F,1,1,3,0,0,1,0,1,1,0,1,3,1,40,0,0,0,0.3997,1000.0,4.74,6.0,1.0
FITEST-F,1,2,2,0,0,0,1,1,1,1,2,0,1,40,1,1,0,0.317,1000.0,15.93,1.74,1.0
FITEST-F,1,3,3,0,0,1,0,1,1,0,1,6,1,30,1,1,1,0.0,1000.0,2.83,14.19,0.3582
FITEST-F,1,1,0,0,0,0,1,0,0,0,2,4,1,30,1,1,0,0.4098,1000.0,3.22,6.42,1.0
FITEST-F,1,1,2,0,0,1,0,0,1,0,0,2,0,30,0,0,0,0.2406,1000.0,998.8,9.5,1.0
FITEST-F,1,1,0,0,0,1,0,0,1,0,0,1,0,30,0,0,0,0.4098,1000.0,998.8,6.42,1.0
FITEST-F,1,1,0,0,0,0,0,0,0,0,1,3,1,30,0,0,0,0.4098,1000.0,3.22,6.42,1.0
FITEST-F,1,1,2,0,0,0,0,0,0,0,1,3,1,30,0,0,0,0.2334,1000.0,8.22,9.5,1.0
FITEST-F,1,2,0,0,1,1,1,0,1,1,0,0,0,30,0,1,0,0.4867,16.12,998.8,6.32,1.0
FITEST-F,1,0,0,0,0,0,1,0,0,1,2,4,1,30,1,1,0,0.0171,1000.0,3.22,12.07,1.0
FITEST-F,1,2,3,0,0,1,0,1,1,0,1,6,1,30,1,1,0,0.6321,1000.0,4.76,0.15,1.0
FITEST-F,1,1,0,0,1,1,1,0,1,0,0,1,0,30,0,1,0,0.7422,0.0,998.8,6.44,1.0
FITEST-F,1,1,2,0,0,1,0,0,1,0,0,5,0,30,0,1,0,0.2382,1000.0,998.8,9.5,1.0
FITEST-F,1,1,0,0,0,1,0,0,1,0,0,1,0,30,0,1,0,0.4098,1000.0,998.8,6.42,1.0
FITEST-F,1,3,3,0,0,1,0,1,1,0,1,6,1,30,1,1,0,0.0002,1000.0,2.83,14.18,0.246
RANDOM,1,3,1,0,0,1,0,1,1,0,0,5,0,30,0,0,1,0.4809,1000.0,998.8,4.42,1.0
RANDOM,1,3,2,0,0,1,0,0,0,0,0,5,0,40,1,1,1,0.1552,1000.0,998.8,14.82,0.3252
RANDOM,1,2,2,0,1,0,0,1,1,0,0,4,1,20,0,1,0,0.2726,13.35,15.93,1.69,1.0
RANDOM,1,0,0,0,0,1,0,0,0,1,1,6,1,30,0,1,0,0.0171,1000.0,3.22,12.07,1.0
RANDOM,1,3,3,0,1,1,1,1,0,0,2,3,0,30,1,0,0,0.0014,2.72,998.8,17.68,0.1876
RANDOM,1,3,3,0,0,0,1,1,1,0,2,5,1,20,0,0,0,0.0001,1000.0,2.83,14.27,0.2445
RANDOM,1,2,2,0,0,0,1,0,1,0,0,2,0,40,1,0,0,0.317,1000.0,998.8,1.74,1.0
RANDOM,1,2,1,0,0,1,0,0,0,1,2,1,0,20,1,0,0,0.438,1000.0,998.8,5.54,1.0
RANDOM,1,0,1,0,0,0,0,1,0,1,0,3,1,40,1,0,0,0.0047,1000.0,3.22,40.18,1.0
RANDOM,1,3,2,0,1,0,1,0,0,0,0,2,1,40,1,1,1,0.2079,4.44,2.83,15.25,0.321
RANDOM,1,0,3,0,1,1,0,0,0,1,0,6,1,40,0,1,0,0.1337,0.0,4.74,38.66,1.0
RANDOM,1,3,1,0,0,1,0,0,1,1,2,1,0,20,1,0,2,0.2363,1000.0,998.8,8.86,0.8849
RANDOM,1,2,1,0,1,0,0,0,0,1,0,3,0,40,0,0,0,0.4263,4.41,998.8,5.5,1.0
RANDOM,1,0,0,0,0,1,1,0,1,1,2,2,1,20,0,0,0,0.0741,1000.0,3.22,12.07,1.0
RANDOM,1,3,1,0,0,1,0,0,0,0,2,0,0,40,1,1,0,0.083,1000.0,998.8,8.71,1.0
CART-A-39,2,3,2,0,1,1,1,1,1,1,1,6,1,40,0,1,1,0.0904,0.0,2.82,19.0,0.2912
CART-A-39,2,1,0,0,1,0,0,1,0,0,0,5,1,20,0,0,0,0.3524,0.0,3.22,6.4,1.0
CART-A-39,2,1,0,0,1,0,0,1,0,0,2,1,1,20,0,1,0,0.3537,0.0,3.22,6.4,1.0
CART-A-39,2,3,0,0,1,0,1,0,1,1,0,1,1,20,0,0,1,0.0001,1.89,3.86,6.28,0.2504
CART-A-39,2,0,2,0,1,0,1,0,1,0,2,3,1,20,0,1,0,0.0393,32.32,4.77,4.93,1.0
CART-A-39,2,1,1,0,0,0,0,1,0,1,1,6,1,40,1,0,0,0.4521,1000.0,3.32,10.15,1.0
CART-A-39,2,3,0,0,1,0,1,0,1,1,0,3,1,30,0,1,1,0.0002,0.0,3.86,6.28,0.2545
CART-A-39,2,3,3,0,0,1,1,1,1,0,1,4,1,40,1,1,0,0.0005,1000.0,2.83,13.18,0.2631
CART-A-39,2,1,1,0,0,0,1,1,1,0,0,1,1,40,0,1,0,0.4521,1000.0,3.32,10.15,1.0
CART-A-39,2,2,0,0,0,0,1,0,0,1,2,6,1,40,1,0,0,0.5002,1000.0,2.82,6.32,1.0
CART-A-39,2,1,1,0,0,0,1,1,0,1,1,3,1,40,0,1,0,0.4521,1000.0,3.32,10.15,1.0
CART-A-39,2,1,0,0,0,0,1,0,1,0,1,1,1,30,0,0,0,0.4098,1000.0,3.22,6.42,1.0
CART-A-39,2,0,3,0,1,0,0,1,0,1,2,1,1,40,0,0,0,0.1334,0.0,4.74,38.66,1.0
CART-A-39,2,2,2,0,0,1,0,0,0,1,2,6,0,20,1,1,0,0.2728,1000.0,998.8,1.69,1.0
CART-A-39,2,2,3,0,0,1,0,1,1,0,2,4,0,30,1,0,0,0.6321,1000.0,998.8,0.14,1.0
CART-A-39,2,1,0,0,0,0,1,1,1,1,1,4,1,40,0,0,0,0.4217,1000.0,3.22,6.43,1.0
CART-A-100,2,3,0,0,1,0,0,1,1,1,1,1,1,40,1,1,0,0.0182,0.0,3.86,6.28,0.418
CART-A-100,2,3,1,0,1,0,1,1,1,0,1,1,1,40,0,1,2,0.4609,0.0,7.25,8.86,0.6851
CART-A-100,2,3,2,0,1,0,1,0,1,0,0,2,1,40,1,1,2,0.5124,0.0,6.26,8.26,1.0
CART-A-100,2,3,0,0,0,0,0,1,1,1,1,1,1,40,1,1,2,0.0003,1000.0,7.28,9.74,0.3847
CART-A-100,2,1,3,0,0,1,1,1,0,1,2,2,1,40,1,0,0,0.466,1000.0,4.74,6.0,1.0
CART-A-100,2,2,0,0,0,0,0,0,0,0,2,4,1,20,1,0,0,0.539,1000.0,2.77,6.3,1.0
CART-A-100,2,1,1,0,1,0,1,1,1,0,2,0,0,30,1,0,0,0.4236,9.66,998.8,10.15,1.0
CART-A-100,2,2,0,0,1,0,0,1,0,1,1,1,1,40,1,1,0,0.5212,5.95,2.81,6.32,1.0
CART-A-100,2,1,3,0,1,1,1,1,1,1,2,2,1,40,1,1,0,0.4002,0.0,4.74,6.0,1.0
CART-A-100,2,2,0,0,0,0,0,0,1,0,2,4,1,20,1,1,0,0.539,1000.0,2.77,6.3,1.0
CART-A-100,2,0,2,0,0,0,1,1,0,0,1,1,0,30,1,1,0,0.0438,1000.0,998.8,4.91,1.0
CART-A-100,2,2,0,0,1,0,0,1,1,1,1,1,1,40,1,0,0,0.5212,5.95,2.81,6.32,1.0
CART-A-100,2,2,3,0,0,1,1,1,0,1,2,2,1,40,1,0,0,0.6321,1000.0,4.75,0.1,1.0
CART-A-100,2,2,0,0,1,0,0,0,1,0,2,4,1,20,1,0,0,0.5236,20.25,2.77,6.3,1.0
CART-A-100,2,3,1,0,0,0,0,1,1,0,1,4,0,40,1,0,2,0.41,1000.0,998.8,8.85,1.0
CART-A-100,2,2,0,0,1,0,0,1,0,1,1,1,1,40,1,0,0,0.5212,5.95,2.81,6.32,1.0
CART-A-100,2,2,3,0,0,1,1,1,1,1,2,2,1,40,1,1,0,0.6321,1000.0,4.75,0.1,1.0
SAMOTAI-A-39,2,0,2,0,1,1,1,0,1,0,1,3,1,40,1,1,0,0.1082,20.78,4.74,4.9,1.0
SAMOTAI-A-39,2,3,0,0,0,0,1,1,0,0,2,4,1,40,0,1,0,0.0001,1000.0,3.86,6.28,0.418
SAMOTAI-A-39,2,2,3,0,0,0,1,0,1,1,1,5,1,20,0,1,0,0.6321,1000.0,4.77,0.06,1.0
SAMOTAI-A-39,2,2,1,0,0,1,1,1,0,1,2,0,0,30,0,0,0,0.4205,1000.0,998.8,5.36,1.0
SAMOTAI-A-39,2,1,3,0,0,0,0,1,1,0,0,0,0,40,0,1,0,0.4585,1000.0,998.8,6.0,1.0
SAMOTAI-A-39,2,0,3,0,0,1,0,1,0,1,2,3,1,20,0,0,0,0.1511,1000.0,4.71,38.66,1.0
SAMOTAI-A-39,2,2,3,0,1,0,0,0,1,1,2,6,1,40,0,0,0,0.6321,2.1,4.75,0.1,1.0
SAMOTAI-A-39,2,3,2,0,1,0,0,1,0,1,0,4,1,40,0,0,2,0.4947,0.0,6.26,8.7,1.0
SAMOTAI-A-39,2,3,3,0,1,1,1,1,1,1,2,6,1,40,1,1,2,0.0004,2.71,6.26,19.61,0.2827
SAMOTAI-A-39,2,3,3,0,1,0,1,1,1,1,2,6,1,40,1,1,0,0.0058,0.0,2.83,14.46,0.2413
SAMOTAI-A-39,2,1,2,0,0,0,1,0,1,1,0,0,0,40,1,0,0,0.2648,1000.0,998.8,9.5,1.0
SAMOTAI-A-39,2,3,3,0,1,0,0,0,1,1,2,6,1,40,1,0,2,0.0003,0.0,6.26,15.33,0.3942
SAMOTAI-A-39,2,2,1,0,1,0,0,1,1,1,2,4,0,30,1,0,0,0.4566,0.0,998.8,5.55,1.0
SAMOTAI-A-39,2,2,2,0,0,0,0,0,0,0,1,3,1,20,1,0,0,0.2727,1000.0,15.93,1.69,1.0
SAMOTAI-A-100,2,1,2,0,0,0,0,1,0,0,2,0,0,40,0,0,0,0.2583,1000.0,998.8,9.5,1.0
SAMOTAI-A-100,2,1,1,0,0,0,1,1,1,0,1,6,1,20,1,1,0,0.3289,1000.0,3.32,10.15,1.0
SAMOTAI-A-100,2,3,3,0,1,0,1,0,0,0,2,3,0,40,0,1,0,0.0021,0.0,998.8,16.01,0.2151
SAMOTAI-A-100,2,1,0,0,0,1,1,0,1,1,0,0,1,30,1,0,0,0.4098,1000.0,3.22,6.42,1.0
SAMOTAI-A-100,2,0,3,0,1,0,0,1,0,0,1,4,1,40,0,0,0,0.1334,0.0,4.74,38.66,1.0
SAMOTAI-A-100,2,1,2,0,1,1,1,1,0,0,0,3,1,20,1,0,0,0.2531,33.61,8.22,9.5,0.6478
SAMOTAI-A-100,2,0,3,0,0,0,1,0,0,0,2,6,0,40,0,0,0,0.1334,1000.0,998.8,38.66,1.0
SAMOTAI-A-100,2,0,2,0,0,0,1,1,1,1,1,2,0,30,1,0,0,0.0428,1000.0,998.8,4.91,1.0
SAMOTAI-A-100,2,1,2,0,1,0,0,0,1,1,0,6,0,40,0,1,0,0.2613,8.41,998.8,9.5,1.0
SAMOTAI-A-100,2,3,3,0,1,1,1,1,1,1,2,6,1,40,0,1,0,0.0022,0.0,2.83,14.45,0.2413
SAMOTAI-A-100,2,0,3,0,1,1,0,1,1,0,1,6,0,40,0,1,0,0.1334,0.0,998.8,38.66,1.0
SAMOTAI-A-100,2,0,0,0,1,0,1,0,1,0,0,2,0,30,0,1,0,0.0171,1.97,998.8,12.07,1.0
SAMOTAI-A-100,2,2,2,0,0,0,0,0,0,0,1,2,1,11,1,0,0,0.2867,1000.0,15.93,1.66,0.9518
CART-F-39,2,3,2,0,1,1,0,1,0,1,1,1,1,40,1,1,1,0.0665,0.0,2.82,18.0,0.3003
CART-F-39,2,3,1,0,1,0,0,0,0,1,2,5,1,20,0,1,1,0.468,2.79,3.83,4.55,1.0
CART-F-39,2,3,3,0,1,1,1,1,1,0,1,2,1,30,0,0,1,0.0007,3.27,2.83,18.69,0.2616
CART-F-39,2,0,3,0,1,0,1,0,0,0,2,0,1,30,0,1,0,0.1334,1.63,4.74,38.66,1.0
CART-F-39,2,3,0,0,1,0,0,1,0,1,1,1,1,40,1,1,1,0.0182,0.0,3.86,6.28,0.2606
CART-F-39,2,0,3,0,0,1,0,1,1,0,1,4,0,40,1,1,0,0.1335,1000.0,998.8,38.66,1.0
CART-F-39,2,2,2,0,1,1,0,1,0,1,1,1,1,40,1,1,0,0.3458,0.0,15.93,1.74,1.0
CART-F-39,2,3,0,0,1,0,0,0,0,1,2,5,1,20,0,1,1,0.0001,1.9,3.86,6.28,0.2505
CART-F-39,2,0,3,0,0,0,0,0,0,1,1,5,0,30,1,0,0,0.1334,1000.0,998.8,38.66,1.0
CART-F-39,2,3,3,0,1,1,0,1,0,1,1,1,1,40,1,1,1,0.0002,1.7,2.83,17.2,0.2945
CART-F-39,2,3,1,0,1,0,0,1,0,1,1,1,1,40,1,1,1,0.8575,0.0,3.78,4.21,1.0
CART-F-39,2,2,0,0,1,0,0,0,0,1,2,5,1,20,0,1,0,0.5347,19.96,2.77,6.3,1.0
CART-F-39,2,1,3,0,0,0,1,0,1,1,0,2,0,20,1,1,0,0.4646,1000.0,998.8,6.0,0.8508
CART-F-100,2,3,0,0,1,0,0,1,1,1,1,1,1,40,1,0,0,0.0228,0.0,3.86,6.28,0.418
CART-F-100,2,3,1,0,1,0,1,1,0,0,1,1,1,40,0,0,0,0.0671,0.0,7.25,8.71,0.855
CART-F-100,2,3,2,0,1,0,1,0,0,0,0,2,1,40,1,0,0,0.1035,4.48,2.82,15.21,0.3421
CART-F-100,2,3,0,0,0,1,0,0,0,1,0,5,0,40,1,0,2,0.0003,1000.0,998.8,9.74,0.3862
CART-F-100,2,3,0,0,1,0,1,1,0,1,1,1,1,40,1,1,0,0.0179,0.0,3.86,6.28,0.418
CART-F-100,2,3,1,0,1,0,0,1,1,0,1,1,1,40,0,0,0,0.0622,0.0,7.25,8.72,1.0
CART-F-100,2,3,2,0,1,0,1,0,0,0,0,2,1,40,1,1,0,0.1475,2.57,2.82,5.1,1.0
CART-F-100,2,0,3,0,0,1,1,1,0,1,2,5,0,20,1,0,0,0.1443,1000.0,998.8,38.66,1.0
CART-F-100,2,3,2,0,1,0,0,1,1,1,1,1,1,40,1,0,0,0.0809,0.0,2.83,18.76,0.299
CART-F-100,2,2,2,0,1,0,1,0,1,0,0,2,1,40,1,1,0,0.7932,0.0,15.93,1.74,1.0
SAMOTAI-F-39,2,2,1,0,0,0,1,0,0,1,0,1,0,30,0,1,0,0.5111,1000.0,998.8,5.39,1.0
SAMOTAI-F-39,2,2,2,0,1,1,0,0,0,1,2,6,0,30,1,1,0,0.3018,1.95,998.8,1.72,1.0
SAMOTAI-F-39,2,3,3,0,0,0,0,0,0,1,2,0,1,20,1,1,2,0.0,1000.0,6.26,16.12,0.3732
SAMOTAI-F-39,2,3,3,0,1,1,0,1,1,1,0,2,0,40,1,1,2,0.0,3.42,998.8,19.76,0.2468
SAMOTAI-F-39,2,0,0,0,1,1,1,0,1,1,0,1,1,40,1,1,0,0.0166,0.0,3.22,12.07,1.0
SAMOTAI-F-39,2,0,0,0,1,1,1,1,1,0,2,5,0,40,1,1,0,0.0225,0.0,998.8,12.07,1.0
SAMOTAI-F-39,2,3,0,0,1,0,0,0,1,0,0,6,0,40,0,0,0,0.001,0.0,998.8,6.28,0.4024
SAMOTAI-F-39,2,3,0,0,1,0,0,1,0,1,1,0,1,40,1,1,2,0.0195,0.0,7.28,9.74,0.3608
SAMOTAI-F-39,2,3,3,0,1,1,1,1,1,1,2,6,1,40,1,1,0,0.0016,0.0,2.83,14.45,0.2414
SAMOTAI-F-39,2,3,3,0,1,0,1,1,1,1,2,6,1,40,1,1,0,0.0053,0.0,2.83,14.4,0.2422
SAMOTAI-F-39,2,3,0,0,1,0,1,1,0,1,2,3,1,40,1,1,2,0.0229,0.0,7.28,9.74,0.3602
SAMOTAI-F-39,2,3,2,0,0,1,0,0,1,0,0,3,1,30,1,1,2,0.349,1000.0,6.27,8.69,1.0
SAMOTAI-F-100,2,3,0,0,0,0,1,1,0,0,0,4,1,30,1,0,1,0.0001,1000.0,3.86,6.28,0.2552
SAMOTAI-F-100,2,0,0,0,0,0,0,0,0,1,2,1,1,40,0,1,0,0.0011,1000.0,3.22,12.07,1.0
SAMOTAI-F-100,2,0,1,0,1,1,1,0,0,0,2,6,0,40,0,0,0,0.014,15.67,998.8,40.18,1.0
SAMOTAI-F-100,2,3,1,0,0,0,0,0,0,1,2,0,1,40,0,1,2,0.3901,1000.0,7.25,8.83,1.0
SAMOTAI-F-100,2,2,0,0,1,0,1,0,0,0,0,0,1,20,1,0,0,0.5186,20.14,2.81,6.3,1.0
SAMOTAI-F-100,2,1,2,0,1,1,0,0,0,0,1,4,0,30,1,0,0,0.253,10.57,998.8,9.5,1.0
SAMOTAI-F-100,2,1,3,0,0,0,1,0,0,1,2,6,0,40,0,1,0,0.4071,1000.0,998.8,6.0,1.0
SAMOTAI-F-100,2,0,1,0,0,1,1,0,1,0,2,3,0,30,1,0,0,0.0097,1000.0,998.8,40.18,1.0
SAMOTAI-F-100,2,0,3,0,1,0,1,0,0,1,1,3,0,20,0,0,0,0.1495,15.08,998.8,38.66,1.0
SAMOTAI-F-100,2,3,3,0,1,1,1,1,1,0,2,6,1,40,1,1,0,0.0056,0.0,2.83,14.44,0.2416
SAMOTAI-F-100,2,3,3,0,0,1,1,1,0,0,0,1,1,40,1,1,2,0.0001,1000.0,6.26,15.52,0.3891
SAMOTAI-F-100,2,3,0,0,1,1,1,1,0,0,2,6,1,40,1,1,0,0.0226,0.0,3.86,6.28,0.4087
SAMOTAI-F-100,2,1,2,0,1,0,1,1,0,1,1,3,1,40,1,1,0,0.2915,0.0,8.22,9.5,1.0
SAMOTAE-A,2,2,2,0,1,1,1,0,0,0,1,6,1,40,1,0,0,0.4796,0.0,15.93,1.74,1.0
SAMOTAE-A,2,0,3,0,1,0,1,1,0,0,2,4,1,40,0,0,0,0.1334,0.0,4.74,38.66,1.0
SAMOTAE-A,2,0,2,0,1,1,1,1,0,0,1,2,1,40,0,0,0,0.0794,12.97,4.74,4.9,1.0
SAMOTAE-A,2,3,0,0,1,1,1,0,0,0,2,6,1,40,1,0,2,0.0022,0.0,7.28,9.74,0.3426
SAMOTAE-A,2,0,0,0,1,0,1,0,1,0,0,3,0,20,0,0,0,0.0701,18.95,998.8,12.07,1.0
SAMOTAE-A,2,3,3,0,1,0,0,1,1,0,0,0,0,20,1,1,2,0.0001,5.22,998.8,19.76,0.2593
SAMOTAE-A,2,3,3,0,1,1,1,1,1,1,2,6,1,40,1,1,2,0.0003,3.62,6.26,19.52,0.2849
SAMOTAE-A,2,3,2,0,1,1,1,0,0,1,0,0,1,40,0,1,0,0.1824,4.46,2.83,15.25,0.3419
SAMOTAE-A,2,2,3,0,1,0,0,1,1,0,0,2,0,20,1,1,0,0.6321,33.97,998.8,0.06,1.0
SAMOTAE-A,2,0,1,0,0,0,1,1,1,1,2,0,0,20,1,1,0,0.0346,1000.0,998.8,40.18,1.0
SAMOTAE-A,2,1,3,0,1,0,0,0,0,0,1,2,1,20,1,0,0,0.4156,34.57,4.74,6.0,1.0
SAMOTAE-A,2,1,3,0,1,0,0,0,0,0,1,2,0,20,0,1,0,0.4544,34.57,998.8,6.0,0.959
SAMOTAE-A,2,3,3,0,1,1,1,0,0,0,2,5,1,40,0,0,2,0.0002,1.4,6.26,15.52,0.3891
SAMOTAE-F,2,3,0,0,1,0,0,0,0,0,1,2,1,30,1,0,0,0.0001,0.0,3.86,6.28,0.4021
SAMOTAE-F,2,1,2,0,0,0,1,0,0,0,0,6,0,20,1,0,0,0.2722,1000.0,998.8,9.5,0.9101
SAMOTAE-F,2,2,1,0,0,0,0,1,1,1,2,4,0,30,1,1,0,0.4813,1000.0,998.8,5.59,1.0
SAMOTAE-F,2,1,3,0,1,0,1,0,1,1,0,4,1,40,1,1,0,0.4457,3.98,4.74,6.0,1.0
SAMOTAE-F,2,2,3,0,1,1,0,0,1,0,1,2,0,20,1,1,0,0.6321,30.92,998.8,0.06,1.0
SAMOTAE-F,2,1,0,0,1,0,1,0,1,0,1,0,0,20,0,0,0,0.35,2.72,998.8,6.4,1.0
SAMOTAE-F,2,3,0,0,0,0,0,1,1,1,2,4,0,20,1,1,2,0.0003,1000.0,998.8,9.74,0.3566
SAMOTAE-F,2,3,0,0,1,1,0,0,0,0,2,1,1,40,1,0,2,0.0003,4.85,7.28,9.74,0.3832
SAMOTAE-F,2,3,1,0,0,0,0,0,0,0,2,6,1,40,0,0,1,0.1726,1000.0,3.8,13.84,0.5347
SAMOTAE-F,2,3,1,0,1,1,0,0,0,0,2,6,1,40,0,0,1,0.3304,0.0,3.79,4.49,0.9389
SAMOTAE-F,2,3,0,0,1,1,0,0,0,0,2,0,1,40,1,0,2,0.0047,0.0,7.28,9.74,0.343
MOSA-A,2,3,0,0,0,1,0,0,0,1,0,1,1,20,0,0,2,0.0003,1000.0,7.28,9.74,0.3631
MOSA-A,2,1,3,0,1,1,1,1,1,1,1,2,1,30,1,1,0,0.3961,0.41,4.74,6.0,1.0
MOSA-F,2,0,3,0,0,1,1,1,1,1,1,6,0,30,0,0,0,0.1334,1000.0,998.8,38.66,1.0
MOSA-F,2,3,3,0,1,1,0,0,1,1,1,6,1,20,0,1,1,0.0009,2.41,2.83,17.13,0.2961
MOSA-F,2,3,3,0,1,0,1,1,1,1,1,4,0,40,0,1,0,0.006,0.0,998.8,14.45,0.2413
MOSA-F,2,0,3,0,0,0,1,0,1,0,2,5,1,40,0,1,0,0.1334,1000.0,4.74,38.66,1.0
MOSA-F,2,0,3,0,0,0,1,0,1,0,2,5,1,40,0,0,0,0.1334,1000.0,4.74,38.66,1.0
MOSA-F,2,0,3,0,0,1,1,1,1,1,1,6,0,30,0,1,0,0.1334,1000.0,998.8,38.66,1.0
MOSA-F,2,3,3,0,1,0,1,1,0,0,1,1,0,30,0,0,1,0.0029,0.0,998.8,14.46,0.3529
MOSA-F,2,1,3,0,1,1,0,0,1,1,1,4,0,40,0,1,0,0.3452,5.24,998.8,6.0,1.0
MOSA-F,2,1,3,0,1,0,1,1,1,1,1,4,0,40,0,1,0,0.3999,0.0,998.8,6.0,1.0
MOSA-F,2,3,3,0,1,1,0,0,0,0,1,1,0,30,0,0,1,0.0,1.33,998.8,16.14,0.3174
FITEST-A,2,2,3,0,0,1,1,0,1,0,0,0,0,30,1,0,0,0.6321,1000.0,998.8,0.07,1.0
FITEST-A,2,3,3,0,0,0,1,0,0,0,2,6,0,40,0,1,2,0.0,1000.0,998.8,16.3,0.3686
FITEST-A,2,0,0,0,1,1,1,1,0,1,1,5,1,20,1,1,0,0.0613,4.3,3.22,12.07,1.0
FITEST-A,2,0,0,0,1,0,0,0,1,1,2,0,1,20,1,1,0,0.0614,18.64,3.22,12.07,1.0
FITEST-A,2,3,1,0,0,0,1,0,1,0,0,6,1,20,1,0,0,0.1435,1000.0,7.28,8.76,1.0
FITEST-A,2,2,0,0,1,0,0,1,0,1,0,1,0,40,0,1,0,0.5212,5.95,998.8,6.32,1.0
FITEST-A,2,0,0,0,1,0,0,0,1,1,2,0,1,30,1,1,0,0.0171,2.06,3.22,12.07,1.0
FITEST-A,2,2,3,0,0,1,1,0,1,0,0,1,0,30,1,0,0,0.6321,1000.0,998.8,0.15,1.0
FITEST-A,2,0,0,0,1,0,0,0,1,1,2,1,1,20,1,1,0,0.0613,18.64,3.22,12.07,1.0
FITEST-A,2,2,1,0,0,0,1,0,1,0,2,5,0,20,1,0,0,0.4176,1000.0,998.8,5.55,1.0
FITEST-A,2,2,2,0,0,0,1,0,1,0,2,1,0,20,1,0,0,0.272,1000.0,998.8,1.69,1.0
FITEST-A,2,2,3,0,0,1,1,0,1,1,0,1,0,30,1,0,0,0.6321,1000.0,998.8,0.15,1.0
FITEST-A,2,2,3,0,0,1,1,0,1,1,0,2,0,30,1,0,0,0.6321,1000.0,998.8,0.14,1.0
FITEST-A,2,2,3,0,1,1,1,0,1,1,0,1,0,30,1,0,0,0.6321,14.9,998.8,0.14,1.0
FITEST-F,2,2,0,0,1,1,0,1,1,0,0,0,1,20,0,0,0,0.545,15.14,2.76,6.29,1.0
FITEST-F,2,3,1,0,1,1,0,1,1,1,2,4,1,40,0,1,2,0.1614,0.0,7.25,8.88,0.5593
FITEST-F,2,0,2,0,1,0,1,1,1,0,1,4,0,30,0,1,0,0.0438,16.01,998.8,4.91,1.0
FITEST-F,2,3,3,0,0,1,0,0,0,1,2,1,1,20,0,0,2,0.0011,1000.0,6.26,16.3,0.3686
FITEST-F,2,2,2,0,0,0,1,0,1,0,0,2,0,40,0,0,0,0.317,1000.0,998.8,1.74,1.0
FITEST-F,2,2,0,0,1,1,1,0,1,1,0,6,1,40,0,0,0,0.3363,13.38,2.98,6.32,1.0
FITEST-F,2,1,0,0,1,1,0,1,1,0,0,0,1,40,0,0,0,0.5286,0.0,3.2,6.43,1.0
FITEST-F,2,1,0,0,1,0,0,1,1,0,0,0,0,20,0,0,0,0.3432,0.0,998.8,6.4,1.0
FITEST-F,2,3,3,0,0,0,0,0,0,1,2,1,0,30,0,0,2,0.0,1000.0,998.8,15.96,0.3775
FITEST-F,2,2,0,0,0,1,0,0,0,0,0,0,1,20,0,0,0,0.539,1000.0,2.77,6.3,1.0
FITEST-F,2,2,2,0,0,1,0,0,0,0,1,0,1,20,0,0,0,0.2694,1000.0,15.93,1.69,1.0
FITEST-F,2,2,0,0,1,1,0,1,1,0,0,1,1,20,0,0,0,0.4995,14.93,2.77,6.3,1.0
RANDOM,2,2,2,0,1,1,1,1,1,1,2,6,0,30,1,1,0,0.3308,0.0,998.8,1.72,1.0
RANDOM,2,3,0,0,0,1,1,0,1,0,2,1,1,30,1,0,0,0.0001,1000.0,3.86,6.28,0.4035
RANDOM,2,0,0,0,1,1,0,1,1,1,2,1,0,20,1,1,0,0.0614,5.15,998.8,12.07,1.0
RANDOM,2,2,1,0,1,0,1,1,0,0,1,1,1,40,0,1,0,0.5054,0.0,2.77,5.55,1.0
RANDOM,2,0,1,0,0,1,0,0,1,0,2,5,1,40,0,0,0,0.0047,1000.0,3.22,40.18,1.0
RANDOM,2,0,3,0,0,0,1,1,1,0,1,0,0,20,1,1,0,0.1512,1000.0,998.8,38.66,1.0
RANDOM,2,2,2,0,1,1,1,1,1,0,0,4,1,20,1,0,0,0.2701,13.36,15.93,1.69,1.0
RANDOM,2,2,2,0,0,1,0,1,1,0,2,6,1,30,1,0,0,0.3146,1000.0,15.93,1.72,1.0
RANDOM,2,2,0,0,1,1,1,1,0,1,0,2,0,30,1,1,0,0.4567,7.76,998.8,6.32,1.0
RANDOM,2,2,1,0,1,1,0,0,1,0,2,6,1,30,1,0,0,0.4764,8.76,2.78,5.42,1.0
RANDOM,2,0,1,0,0,0,1,0,1,1,0,3,0,40,0,0,0,0.0136,1000.0,998.8,40.18,1.0
RANDOM,2,0,2,0,0,0,1,1,1,0,0,3,1,20,0,0,0,0.0398,1000.0,4.77,4.93,1.0
RANDOM,2,1,1,0,1,1,1,0,1,0,1,5,1,30,1,1,0,0.4236,20.05,3.35,10.15,1.0
RANDOM,2,1,1,0,0,0,1,0,0,1,2,5,0,40,1,1,0,0.4521,1000.0,998.8,10.15,1.0
RANDOM,2,0,1,0,1,1,1,1,0,1,0,1,1,30,1,1,0,0.0233,8.34,3.23,40.18,1.0
RANDOM,2,3,1,0,0,1,1,0,1,0,0,0,0,40,0,1,0,0.0729,1000.0,998.8,8.71,1.0
RANDOM,2,3,0,0,0,1,0,0,1,0,0,2,1,30,1,0,1,0.0,1000.0,3.86,6.28,0.2495
RANDOM,2,1,0,0,1,0,1,0,1,0,1,3,0,30,1,1,0,0.4526,0.0,998.8,6.4,1.0
RANDOM,2,1,1,0,0,1,0,0,0,0,2,3,0,20,1,1,0,0.3289,1000.0,998.8,10.15,1.0
RANDOM,2,2,1,0,0,0,1,1,0,1,0,1,1,20,1,0,0,0.4421,1000.0,2.81,5.53,1.0
RANDOM,2,1,1,0,1,1,1,0,0,1,0,6,1,30,1,1,0,0.4237,20.06,3.35,10.15,1.0
RANDOM,2,1,1,0,1,0,1,1,0,1,2,5,0,30,0,0,0,0.4236,9.59,998.8,10.15,1.0
CART-A-39,3,3,0,0,1,0,0,1,0,1,1,1,1,40,1,1,1,0.0182,0.0,3.86,6.28,0.2606
CART-A-39,3,3,1,0,1,0,0,0,0,1,2,5,1,20,0,1,1,0.4807,2.76,3.83,4.61,1.0
CART-A-39,3,3,0,0,1,0,1,1,1,0,1,2,1,30,0,0,2,0.0045,0.0,7.28,9.74,0.3625
CART-A-39,3,2,1,0,0,0,0,0,0,0,0,3,1,20,1,1,0,0.438,1000.0,2.84,5.54,1.0
CART-A-39,3,2,2,0,0,0,1,1,1,1,1,5,1,20,1,1,0,0.2612,1000.0,15.93,1.69,1.0
CART-A-39,3,2,0,0,1,0,0,0,1,0,0,5,1,30,0,0,0,0.5048,15.82,2.77,6.32,1.0
CART-A-39,3,1,2,0,1,0,1,0,1,0,2,3,0,20,0,1,0,0.2636,34.57,998.8,9.5,0.9569
CART-A-39,3,2,3,0,1,0,1,1,1,1,1,5,1,20,1,1,0,0.6321,28.44,4.77,0.06,1.0
CART-A-39,3,2,2,0,0,0,0,0,1,0,0,5,1,30,0,0,0,0.3096,1000.0,15.93,1.72,1.0
CART-A-39,3,2,3,0,1,0,1,0,0,0,1,5,1,20,1,0,0,0.6321,32.46,4.77,0.12,1.0
CART-A-39,3,2,1,0,1,0,0,0,0,0,0,3,1,20,1,1,0,0.438,16.31,2.84,5.6,1.0
CART-A-39,3,2,0,0,1,0,1,1,1,1,1,5,1,20,1,1,0,0.5128,15.25,2.81,6.3,1.0
CART-A-39,3,2,2,0,0,0,1,0,0,0,1,5,1,20,1,0,0,0.275,1000.0,15.93,1.69,1.0
CART-A-39,3,0,3,0,1,0,0,1,0,1,2,1,0,40,1,0,0,0.1334,0.0,998.8,38.66,1.0
CART-A-39,3,0,0,0,1,0,0,0,0,0,0,3,1,20,1,1,0,0.0614,18.52,3.22,12.07,1.0
CART-A-39,3,1,0,0,1,0,1,1,1,1,1,5,1,20,1,1,0,0.3536,0.0,3.22,6.4,1.0
CART-A-100,3,3,0,0,1,0,0,1,1,1,1,1,1,40,1,1,0,0.0182,0.0,3.86,6.28,0.418
CART-A-100,3,3,1,0,1,0,1,1,1,0,1,1,1,40,0,0,0,0.0766,0.0,7.25,8.71,0.7633
CART-A-100,3,3,2,0,1,0,1,0,1,0,0,2,1,40,1,1,2,0.5124,0.0,6.26,8.26,1.0
CART-A-100,3,2,0,0,0,0,0,1,0,1,1,1,1,40,1,0,0,0.5212,1000.0,2.81,6.32,1.0
CART-A-100,3,1,3,0,0,1,1,1,1,1,2,2,1,40,1,0,0,0.4136,1000.0,4.74,6.0,1.0
CART-A-100,3,2,0,0,0,0,0,0,0,0,2,4,1,20,1,0,0,0.539,1000.0,2.77,6.3,1.0
CART-A-100,3,2,0,0,1,1,0,0,0,1,2,0,1,30,0,0,0,0.5127,15.62,2.77,6.32,1.0
CART-A-100,3,2,3,0,0,1,1,1,1,1,2,2,1,40,1,0,0,0.6321,1000.0,4.75,0.1,1.0
CART-A-100,3,3,0,0,0,0,0,0,0,0,2,4,1,20,1,1,2,0.0003,1000.0,7.28,9.74,0.3642
CART-A-100,3,0,3,0,0,1,1,0,1,1,0,2,1,20,1,0,0,0.1461,1000.0,4.74,38.66,1.0
CART-A-100,3,2,3,0,0,0,0,1,1,1,1,1,1,40,1,1,0,1.7363,1000.0,4.75,0.1,1.0
CART-A-100,3,2,2,0,1,1,1,1,1,1,2,2,1,40,1,1,0,0.4237,0.0,15.93,0.0,1.0
CART-A-100,3,1,2,0,0,1,1,1,0,1,2,2,1,40,1,1,0,0.2841,1000.0,8.22,9.5,1.0
CART-A-100,3,1,1,0,1,0,1,1,0,0,1,1,1,40,0,1,0,0.4577,7.67,3.32,10.15,1.0
CART-A-100,3,1,0,0,0,0,0,0,0,0,2,4,1,20,1,1,0,0.3526,1000.0,3.22,6.4,1.0
CART-A-100,3,2,0,0,1,0,1,1,0,0,0,2,1,40,0,0,0,0.448,6.05,2.91,6.32,1.0
CART-A-100,3,1,1,0,0,0,1,1,1,0,1,1,1,40,0,1,0,0.4521,1000.0,3.32,10.15,1.0
CART-A-100,3,2,0,0,0,0,0,0,1,0,2,4,1,20,1,1,0,0.539,1000.0,2.77,6.3,1.0
SAMOTAI-A-39,3,0,3,0,1,0,0,1,1,0,0,3,0,40,1,1,0,0.1334,0.0,998.8,38.66,1.0
SAMOTAI-A-39,3,3,0,0,0,1,1,0,1,1,1,5,1,30,1,0,1,0.0,1000.0,3.86,6.28,0.2523
SAMOTAI-A-39,3,1,0,0,1,1,0,1,1,0,1,0,1,20,1,1,0,0.3617,0.0,3.21,6.4,1.0
SAMOTAI-A-39,3,1,1,0,0,0,0,0,0,0,2,1,0,40,0,1,0,0.4521,1000.0,998.8,10.15,1.0
SAMOTAI-A-39,3,3,2,0,0,1,0,1,0,0,2,3,0,20,0,1,1,0.0944,1000.0,998.8,19.97,0.2822
SAMOTAI-A-39,3,0,1,0,0,1,0,1,0,1,2,6,0,30,0,0,0,0.0098,1000.0,998.8,40.18,1.0
SAMOTAI-A-39,3,3,0,0,1,0,1,1,1,1,2,0,0,40,0,0,0,0.0249,0.0,998.8,6.28,0.4202
SAMOTAI-A-39,3,2,2,0,1,1,1,1,0,1,0,0,1,30,1,1,0,0.3116,0.0,15.93,1.72,1.0
SAMOTAI-A-39,3,1,0,0,0,0,1,1,1,1,2,6,0,40,0,0,0,1.2219,1000.0,998.8,0.0,1.0
SAMOTAI-A-39,3,3,3,0,1,0,1,1,1,1,2,6,1,40,1,1,2,0.001,1.78,6.26,18.46,0.3123
SAMOTAI-A-39,3,3,0,0,1,0,1,0,1,1,2,6,1,40,1,1,2,0.0028,0.0,7.28,9.74,0.342
SAMOTAI-A-39,3,1,0,0,0,0,1,1,1,1,2,2,0,40,0,0,0,1.265,1000.0,998.8,0.0,0.7129
SAMOTAI-A-39,3,2,2,0,0,0,0,0,0,0,1,2,1,20,1,0,0,0.2726,1000.0,15.93,1.69,1.0
SAMOTAI-A-100,3,1,2,0,1,0,0,1,1,0,2,5,0,40,1,0,0,0.2987,0.0,998.8,9.5,1.0
SAMOTAI-A-100,3,3,3,0,0,0,0,0,1,0,0,0,0,30,1,1,0,0.0002,1000.0,998.8,14.18,0.246
SAMOTAI-A-100,3,3,0,0,0,1,0,0,1,0,0,3,0,20,1,0,0,0.0001,1000.0,998.8,6.28,0.3945
SAMOTAI-A-100,3,2,3,0,0,1,0,0,0,0,0,5,0,20,0,1,0,0.6321,1000.0,998.8,0.06,1.0
SAMOTAI-A-100,3,1,1,0,0,1,0,1,0,1,1,1,0,20,0,1,0,0.3289,1000.0,998.8,10.15,1.0
SAMOTAI-A-100,3,0,0,0,0,0,0,0,0,1,1,5,1,30,0,0,0,0.0171,1000.0,3.22,12.07,1.0
SAMOTAI-A-100,3,1,3,0,0,1,1,0,0,1,2,6,0,40,0,0,0,0.362,1000.0,998.8,6.0,1.0
SAMOTAI-A-100,3,0,3,0,1,1,0,1,1,0,2,4,1,20,0,1,0,0.1689,1.79,4.68,38.66,1.0
SAMOTAI-A-100,3,3,3,0,0,1,0,0,0,0,0,6,0,40,0,1,1,0.0002,1000.0,998.8,12.7,0.3883
SAMOTAI-A-100,3,3,3,0,0,1,0,1,0,0,0,6,0,40,0,1,0,0.0005,1000.0,998.8,13.49,0.2578
SAMOTAI-A-100,3,3,3,0,0,1,1,1,0,1,2,6,0,40,0,0,0,0.0004,1000.0,998.8,13.56,0.2567
SAMOTAI-A-100,3,0,3,0,0,1,1,0,0,0,0,6,0,40,0,1,0,0.1334,1000.0,998.8,38.66,1.0
CART-F-39,3,3,2,0,1,1,0,1,0,1,1,1,1,40,1,1,1,0.0665,0.0,2.82,18.0,0.3003
CART-F-39,3,3,1,0,1,0,0,0,0,1,2,5,1,20,0,1,1,0.468,2.79,3.83,4.55,1.0
CART-F-39,3,3,3,0,1,1,1,1,1,0,1,2,1,30,0,0,1,0.0007,3.27,2.83,18.69,0.2616
CART-F-39,3,2,0,0,0,0,1,0,1,0,2,0,0,40,1,0,0,0.3289,1000.0,998.8,6.32,1.0
CART-F-39,3,3,0,0,1,0,0,1,0,1,1,1,1,40,1,1,1,0.0182,0.0,3.86,6.28,0.2606
CART-F-39,3,3,2,0,1,0,0,0,0,1,2,5,1,20,0,1,1,0.0826,10.72,2.87,20.99,0.2728
CART-F-39,3,3,1,0,0,1,0,1,1,1,0,5,1,40,0,0,1,0.6944,1000.0,3.78,4.36,1.0
CART-F-39,3,2,0,0,1,0,0,1,0,1,1,1,1,40,1,1,0,0.5212,5.95,2.81,6.32,1.0
CART-F-39,3,1,1,0,1,0,0,1,0,1,1,1,1,40,1,1,0,0.4521,7.66,3.32,10.15,1.0
CART-F-39,3,3,0,0,1,0,0,0,0,1,2,5,1,20,0,1,1,0.0001,1.9,3.86,6.28,0.2505
CART-F-39,3,2,2,0,1,0,0,0,1,0,1,3,0,30,0,1,0,0.4401,1.59,998.8,1.72,1.0
CART-F-39,3,2,3,0,1,1,0,1,0,1,1,1,1,40,1,1,0,0.6321,0.0,4.75,0.07,1.0
CART-F-39,3,2,2,0,1,1,0,0,0,1,2,5,1,20,0,1,0,0.2667,31.93,15.93,1.69,1.0
CART-F-39,3,0,0,0,0,0,1,0,1,1,0,6,0,20,0,1,0,0.0614,1000.0,998.8,12.07,1.0
CART-F-100,3,3,0,0,1,0,0,1,1,1,1,1,1,40,1,1,0,0.0182,0.0,3.86,6.28,0.418
CART-F-100,3,3,1,0,1,0,1,1,0,0,1,1,1,40,0,0,0,0.0671,0.0,7.25,8.71,0.855
CART-F-100,3,3,2,0,1,0,1,0,0,0,0,2,1,40,1,1,0,0.1475,2.57,2.82,5.1,1.0
CART-F-100,3,2,1,0,1,0,1,1,1,0,2,3,1,40,1,1,0,0.4896,0.0,2.86,5.6,1.0
CART-F-100,3,3,0,0,1,0,0,1,0,1,1,1,1,40,1,0,0,0.0182,0.0,3.86,6.28,0.418
CART-F-100,3,3,1,0,1,0,1,1,0,0,1,1,1,40,0,1,0,0.0654,0.0,7.24,8.7,1.0
CART-F-100,3,3,2,0,1,0,1,0,0,0,0,2,1,40,1,0,0,0.1035,4.48,2.82,15.21,0.3421
CART-F-100,3,1,1,0,0,0,1,1,1,1,0,5,0,40,0,1,0,0.4521,1000.0,998.8,10.15,1.0
CART-F-100,3,2,0,0,1,0,0,1,0,1,1,1,1,40,1,1,0,0.5212,5.95,2.81,6.32,1.0
CART-F-100,3,3,1,0,1,1,0,0,1,1,1,3,1,40,0,0,1,0.6585,1.89,3.78,4.44,1.0
CART-F-100,3,3,2,0,1,0,0,1,0,1,1,1,1,40,1,0,0,0.0793,0.0,2.83,18.62,0.3007
CART-F-100,3,3,1,0,1,1,0,0,1,1,1,3,1,40,0,0,0,0.1281,0.0,7.25,8.72,0.6435
SAMOTAI-F-39,3,2,3,0,0,0,0,0,1,1,2,4,1,40,0,0,0,0.6321,1000.0,4.75,0.11,1.0
SAMOTAI-F-39,3,2,0,0,0,1,1,1,1,1,2,0,1,40,0,1,0,0.5212,1000.0,2.81,6.32,1.0
SAMOTAI-F-39,3,0,0,0,1,1,0,1,0,1,0,3,1,20,1,0,0,0.0639,4.88,3.22,12.07,1.0
SAMOTAI-F-39,3,1,0,0,0,0,0,1,1,0,1,3,0,40,1,1,0,0.4217,1000.0,998.8,6.43,1.0
SAMOTAI-F-39,3,0,3,0,1,1,1,1,1,0,0,4,0,20,0,0,0,0.1516,1.63,998.8,38.66,1.0
SAMOTAI-F-39,3,3,0,0,0,1,0,1,0,1,1,6,1,40,0,1,2,0.0003,1000.0,7.28,9.74,0.3736
SAMOTAI-F-39,3,2,3,0,1,0,0,0,0,1,2,6,1,40,1,0,0,0.6321,2.09,4.75,0.07,1.0
SAMOTAI-F-39,3,3,1,0,1,0,1,1,0,0,1,6,1,40,0,0,0,0.0653,0.0,7.25,8.72,1.0
SAMOTAI-F-39,3,0,3,0,1,1,0,1,0,0,2,4,1,20,0,0,0,0.1402,2.48,4.74,38.66,1.0
SAMOTAI-F-39,3,2,3,0,1,1,0,0,0,0,0,4,1,20,1,1,0,0.6321,27.64,4.77,0.06,1.0
SAMOTAI-F-39,3,3,3,0,1,1,0,1,0,0,2,0,0,40,1,0,2,0.0001,3.33,998.8,18.75,0.3049
SAMOTAI-F-39,3,3,1,0,1,0,1,1,0,0,2,6,1,40,0,0,2,0.5193,0.0,7.25,8.89,0.701
SAMOTAI-F-39,3,3,0,0,1,0,1,1,0,1,1,4,1,20,0,0,0,0.0001,1.85,3.86,6.28,0.3939
SAMOTAI-F-39,3,3,3,0,1,0,1,1,1,0,2,6,1,40,1,1,0,0.0053,0.0,2.83,14.46,0.2413
SAMOTAI-F-100,3,2,0,0,0,0,1,1,0,1,1,2,1,30,0,1,0,0.536,1000.0,2.79,6.32,1.0
SAMOTAI-F-100,3,0,3,0,1,1,1,0,1,0,1,1,1,20,0,0,0,0.1454,14.69,4.74,38.66,1.0
SAMOTAI-F-100,3,0,1,0,0,0,1,1,1,1,2,6,0,30,0,1,0,0.0098,1000.0,998.8,40.18,1.0
SAMOTAI-F-100,3,2,2,0,0,0,1,1,0,1,2,0,0,20,1,0,0,0.2726,1000.0,998.8,1.69,1.0
SAMOTAI-F-100,3,3,3,0,1,1,0,0,0,1,1,4,0,30,0,0,0,0.0001,1.44,998.8,16.24,0.2113
SAMOTAI-F-100,3,3,0,0,1,1,1,1,1,1,2,5,1,20,1,0,2,0.0069,0.0,7.28,9.74,0.3602
SAMOTAI-F-100,3,0,3,0,1,0,0,0,0,0,2,6,0,40,1,0,0,0.1335,0.0,998.8,38.66,1.0
SAMOTAI-F-100,3,3,0,0,0,0,0,1,1,0,0,4,1,30,1,1,1,0.0003,1000.0,3.86,6.28,0.2552
SAMOTAI-F-100,3,3,3,0,1,1,1,1,1,1,2,6,1,40,1,1,0,0.0064,0.0,2.83,14.45,0.2414
SAMOTAI-F-100,3,2,3,0,1,0,1,1,1,1,2,2,0,40,0,0,0,0.6321,0.0,998.8,0.1,1.0
SAMOTAI-F-100,3,3,3,0,1,1,1,1,0,0,0,0,1,40,1,0,2,0.0005,5.41,6.26,19.64,0.2818
SAMOTAI-F-100,3,0,3,0,1,0,0,0,1,0,2,6,1,40,1,1,0,0.1335,0.0,4.74,38.66,1.0
SAMOTAI-F-100,3,2,2,0,0,1,0,1,0,0,2,2,0,20,0,1,0,0.2716,1000.0,998.8,1.69,1.0
SAMOTAI-F-100,3,2,1,0,1,0,0,0,1,1,2,6,1,20,1,1,0,0.438,16.31,2.84,5.51,1.0
SAMOTAI-F-100,3,0,3,0,1,0,0,0,1,0,2,6,1,40,0,1,0,0.1335,0.0,4.74,38.66,1.0
SAMOTAE-A,3,0,0,0,0,0,0,0,1,1,2,0,0,30,1,1,0,0.0171,1000.0,998.8,12.07,1.0
SAMOTAE-A,3,1,3,0,1,1,0,0,0,1,0,6,1,40,1,1,0,0.3617,6.98,4.74,6.0,1.0
SAMOTAE-A,3,0,1,0,1,1,0,1,1,1,2,0,1,20,1,1,0,0.0321,21.41,3.25,40.18,1.0
SAMOTAE-A,3,3,3,0,1,1,1,1,1,1,2,6,1,40,1,1,2,0.0006,2.73,6.26,19.42,0.2875
SAMOTAE-A,3,2,3,0,0,1,0,1,1,0,0,6,1,40,1,1,0,0.6321,1000.0,4.75,0.1,1.0
SAMOTAE-A,3,0,0,0,0,0,0,0,1,1,2,0,1,30,1,1,0,0.0171,1000.0,3.22,12.07,1.0
SAMOTAE-A,3,2,3,0,1,1,0,0,1,1,0,3,0,30,1,1,0,0.6321,14.93,998.8,0.13,1.0
SAMOTAE-A,3,3,3,0,0,1,0,1,1,0,0,6,1,40,1,1,0,0.0005,1000.0,2.83,13.18,0.2633
SAMOTAE-A,3,2,3,0,1,0,1,0,0,1,1,5,1,40,0,0,0,0.6321,2.51,4.75,0.11,1.0
SAMOTAE-A,3,3,3,0,1,0,0,1,1,1,2,6,0,40,1,1,2,0.0001,2.0,998.8,19.27,0.2915
SAMOTAE-A,3,3,0,0,1,1,0,0,1,0,1,1,0,30,1,1,0,0.0002,0.0,998.8,6.28,0.4016
SAMOTAE-A,3,0,3,0,0,1,0,1,1,0,2,5,0,20,0,0,0,0.1455,1000.0,998.8,38.66,1.0
SAMOTAE-A,3,3,3,0,1,0,0,1,1,1,2,6,1,40,1,1,1,0.0035,0.0,2.83,14.46,0.3526
SAMOTAE-A,3,3,0,0,0,0,0,1,1,1,2,6,0,30,0,1,2,0.0003,1000.0,998.8,9.74,0.3654
SAMOTAE-F,3,2,3,0,1,0,0,0,1,1,0,4,0,20,1,0,0,0.6321,28.56,998.8,0.06,1.0
SAMOTAE-F,3,1,0,0,0,0,1,0,1,0,2,0,1,30,0,0,0,0.4098,1000.0,3.22,6.42,1.0
SAMOTAE-F,3,2,3,0,0,0,1,1,0,1,0,0,1,40,1,1,0,0.6321,1000.0,4.75,0.06,1.0
SAMOTAE-F,3,2,0,0,0,1,0,0,1,0,2,6,1,20,1,1,0,0.539,1000.0,2.77,6.3,1.0
SAMOTAE-F,3,3,0,0,1,0,1,1,0,1,0,3,1,20,1,1,0,0.0001,1.73,3.86,6.28,0.3958
SAMOTAE-F,3,1,0,0,1,1,0,0,1,0,1,5,0,40,0,0,0,0.6569,0.0,998.8,6.38,1.0
SAMOTAE-F,3,1,3,0,0,1,1,1,0,1,0,1,1,40,1,1,0,0.3682,1000.0,4.74,6.0,1.0
SAMOTAE-F,3,2,3,0,1,0,1,1,0,1,2,6,0,30,0,1,0,0.6321,0.0,998.8,0.15,1.0
SAMOTAE-F,3,3,3,0,1,1,1,1,1,1,2,6,1,40,1,1,2,0.0001,4.4,6.26,19.76,0.2681
SAMOTAE-F,3,1,3,0,0,0,1,1,0,1,0,1,1,40,1,1,0,0.4153,1000.0,4.74,6.0,1.0
SAMOTAE-F,3,2,3,0,0,0,0,1,1,1,2,6,1,30,0,1,0,0.6321,1000.0,4.76,0.15,1.0
SAMOTAE-F,3,3,1,0,1,1,1,1,1,1,0,6,1,40,1,1,2,0.3642,0.0,7.25,8.92,0.5958
SAMOTAE-F,3,3,3,0,1,0,1,1,0,1,2,6,0,30,0,0,2,0.0004,3.49,998.8,19.76,0.2656
MOSA-A,3,3,2,0,0,1,1,0,0,1,2,0,1,30,1,0,0,0.0764,1000.0,2.84,19.05,0.2955
MOSA-A,3,2,3,0,0,1,1,1,1,1,2,3,1,30,0,0,0,0.6321,1000.0,4.76,0.13,1.0
MOSA-A,3,1,3,0,0,0,1,1,1,0,0,0,1,40,0,1,0,0.4499,1000.0,4.74,6.0,1.0
MOSA-A,3,3,2,0,1,1,1,1,0,1,1,4,0,30,1,1,2,0.0693,3.82,998.8,10.59,0.4857
MOSA-A,3,0,1,0,1,1,1,1,1,0,2,6,0,40,0,1,0,0.0564,6.7,998.8,40.18,1.0
MOSA-A,3,3,2,0,0,1,1,1,0,1,2,0,1,40,0,1,1,0.0961,1000.0,2.82,14.12,0.3318
MOSA-A,3,2,1,0,1,0,1,0,0,1,0,2,1,30,1,0,0,0.4813,9.67,2.79,5.3,1.0
MOSA-A,3,3,2,0,0,1,1,0,0,1,0,2,1,30,0,1,2,0.3426,1000.0,6.27,8.7,1.0
MOSA-A,3,2,1,0,1,0,1,0,0,1,2,0,1,30,1,0,0,0.4798,10.18,2.79,5.45,1.0
MOSA-A,3,2,1,0,1,1,1,0,0,1,2,3,1,30,1,0,0,0.4799,9.33,2.79,5.64,1.0
MOSA-A,3,3,2,0,0,0,1,0,0,0,0,2,1,30,0,1,1,0.1239,1000.0,2.84,18.1,0.2985
MOSA-A,3,2,1,0,1,0,1,0,0,0,0,2,1,30,0,1,0,0.4618,10.02,2.8,5.61,1.0
MOSA-A,3,2,1,0,1,0,1,1,1,1,2,3,1,30,0,0,0,0.4308,1.51,3.15,5.5,1.0
MOSA-F,3,3,2,0,0,1,1,0,1,1,2,3,1,20,1,1,1,0.0781,1000.0,2.86,20.99,0.273
MOSA-F,3,2,0,0,1,0,0,0,1,0,2,2,0,40,1,1,0,0.5212,13.04,998.8,6.32,1.0
MOSA-F,3,3,1,0,0,0,0,0,1,1,2,4,1,30,1,0,2,0.379,1000.0,7.26,8.85,1.0
MOSA-F,3,3,1,0,0,0,0,0,1,1,2,4,1,30,1,1,2,0.3738,1000.0,7.26,8.86,1.0
MOSA-F,3,3,1,0,0,1,0,1,0,0,2,5,0,20,1,1,1,0.4859,1000.0,998.8,4.55,1.0
MOSA-F,3,3,2,0,0,1,1,0,0,1,2,3,1,20,1,1,1,0.0814,1000.0,2.86,20.99,0.273
FITEST-A,3,0,3,0,1,1,1,1,1,0,0,1,1,40,0,0,0,0.1339,0.0,4.74,38.66,1.0
FITEST-A,3,0,0,0,0,1,0,1,0,0,2,6,1,40,0,0,0,0.0011,1000.0,3.22,12.07,1.0
FITEST-A,3,3,3,0,1,1,0,1,0,1,1,2,1,20,0,1,1,0.0013,1.65,2.83,16.34,0.313
FITEST-A,3,1,0,0,0,1,0,0,1,1,0,3,0,30,1,0,0,0.4098,1000.0,998.8,6.42,1.0
FITEST-A,3,2,3,0,0,0,1,1,0,0,2,4,0,40,0,1,0,0.6321,1000.0,998.8,0.07,1.0
FITEST-A,3,1,1,0,0,0,0,0,1,0,2,0,1,40,1,1,0,0.4522,1000.0,3.32,10.15,1.0
FITEST-A,3,1,1,0,0,1,0,0,1,0,2,0,1,40,1,1,0,0.4521,1000.0,3.32,10.15,1.0
FITEST-A,3,0,3,0,1,1,1,1,1,0,0,1,1,40,0,1,0,0.1334,0.0,4.74,38.66,1.0
FITEST-A,3,2,3,0,0,0,1,1,0,0,2,4,1,40,0,1,0,0.6321,1000.0,4.75,0.07,1.0
FITEST-A,3,1,0,0,0,1,0,0,1,1,0,3,0,20,1,0,0,0.3526,1000.0,998.8,6.4,1.0
FITEST-A,3,0,3,0,1,1,1,1,1,0,0,0,1,40,0,1,0,0.1339,0.0,4.74,38.66,1.0
FITEST-A,3,1,3,0,0,0,1,1,0,0,2,5,1,40,0,1,0,0.467,1000.0,4.74,6.0,1.0
FITEST-A,3,1,3,0,0,0,0,1,0,0,2,6,1,40,0,1,0,0.3781,1000.0,4.74,6.0,1.0
FITEST-A,3,1,3,0,1,0,0,1,0,0,2,6,1,20,0,1,0,0.4642,21.97,4.74,6.0,0.9046
FITEST-A,3,1,3,0,1,0,0,1,0,0,2,6,1,20,1,1,0,0.4203,24.5,4.74,6.0,0.8832
FITEST-F,3,0,0,0,0,0,0,0,1,1,0,2,1,20,1,0,0,0.0614,1000.0,3.22,12.07,1.0
FITEST-F,3,3,0,0,0,0,1,0,0,1,1,6,0,20,1,0,2,0.0003,1000.0,998.8,9.74,0.3629
FITEST-F,3,0,2,0,1,1,1,1,0,1,0,6,0,40,0,0,0,0.0883,13.11,998.8,4.9,1.0
FITEST-F,3,3,3,0,1,1,1,0,0,0,2,1,0,40,0,1,1,0.0105,0.0,998.8,16.0,0.3203
FITEST-F,3,3,0,0,0,1,0,0,1,1,1,0,0,40,0,0,2,0.0003,1000.0,998.8,9.74,0.3832
FITEST-F,3,1,3,0,0,1,1,0,1,0,0,1,1,30,0,0,0,0.4119,1000.0,4.74,6.0,1.0
FITEST-F,3,0,2,0,1,1,1,1,0,1,1,6,0,40,0,0,0,0.0883,13.11,998.8,4.9,1.0
FITEST-F,3,1,3,0,0,1,1,0,1,0,0,0,1,20,0,0,0,0.4661,1000.0,4.74,6.0,0.692
FITEST-F,3,0,1,0,1,1,1,1,0,1,1,5,0,40,0,0,0,0.0059,3.89,998.8,40.18,1.0
FITEST-F,3,1,3,0,0,1,1,0,1,0,0,0,1,40,0,0,0,0.3607,1000.0,4.74,6.0,1.0
FITEST-F,3,0,3,0,0,1,1,0,1,0,0,0,1,20,0,0,0,0.1477,1000.0,4.74,38.66,1.0
RANDOM,3,2,2,0,1,1,1,0,1,1,0,5,0,20,1,0,0,0.2764,31.32,998.8,1.69,1.0
RANDOM,3,1,2,0,0,1,0,0,1,0,2,3,0,30,1,1,0,0.2377,1000.0,998.8,9.5,1.0
RANDOM,3,2,1,0,1,0,1,1,0,1,2,1,1,20,0,1,0,0.4011,14.4,2.86,5.44,1.0
RANDOM,3,1,3,0,0,0,0,0,0,1,2,2,0,30,0,0,0,0.4252,1000.0,998.8,6.0,1.0
RANDOM,3,3,3,0,1,1,0,1,1,0,0,5,0,40,1,0,2,0.0002,3.27,998.8,18.71,0.3057
RANDOM,3,0,1,0,0,0,0,1,0,0,2,1,1,20,1,1,0,0.0321,1000.0,3.25,40.18,1.0
RANDOM,3,0,2,0,1,1,0,1,0,0,1,4,0,40,1,1,0,0.0883,13.13,998.8,4.9,1.0
RANDOM,3,1,2,0,1,0,0,1,1,1,1,2,0,30,1,0,0,0.2526,1.63,998.8,9.5,1.0
RANDOM,3,3,1,0,1,0,0,1,1,0,0,4,0,20,1,0,0,0.1316,0.0,998.8,8.77,1.0
RANDOM,3,0,3,0,0,0,0,1,0,1,2,0,1,30,1,0,0,0.1334,1000.0,4.74,38.66,1.0
RANDOM,3,1,0,0,0,0,1,1,0,1,2,0,1,20,1,1,0,0.3526,1000.0,3.22,6.4,1.0
RANDOM,3,1,1,0,1,1,1,1,1,1,2,6,0,20,1,1,0,0.3289,16.19,998.8,10.15,1.0
RANDOM,3,1,1,0,1,1,1,0,1,0,2,3,1,30,0,0,0,0.4175,20.12,3.34,10.15,1.0
RANDOM,3,1,2,0,0,0,0,0,1,0,2,6,1,40,1,0,0,0.2635,1000.0,8.22,9.5,1.0
RANDOM,3,0,3,0,1,0,0,0,1,1,2,1,0,40,0,0,0,0.1335,0.0,998.8,38.66,1.0
RANDOM,3,1,2,0,1,0,0,0,0,0,2,3,1,20,1,1,0,0.2797,34.57,8.22,9.5,0.9503
RANDOM,3,2,2,0,1,0,1,0,0,0,0,3,1,30,0,1,0,0.3895,1.84,15.93,1.72,1.0
CART-A-39,4,3,3,0,1,1,0,1,0,1,1,1,1,40,1,1,1,0.0,1.91,2.83,17.82,0.2811
CART-A-39,4,3,1,0,1,0,1,0,0,0,2,0,1,30,1,1,1,0.5694,2.18,3.81,4.46,1.0
CART-A-39,4,3,1,0,1,0,0,0,1,0,0,5,1,30,0,0,0,0.1358,0.0,7.26,8.74,1.0
CART-A-39,4,2,3,0,1,0,1,0,0,0,0,3,0,30,0,0,0,0.6321,14.71,998.8,0.13,1.0
CART-A-39,4,2,0,0,1,0,0,1,0,1,1,1,1,40,1,1,0,0.5212,5.95,2.81,6.32,1.0
CART-A-39,4,2,1,0,0,0,0,0,0,1,2,5,1,20,0,1,0,0.438,1000.0,2.84,5.49,1.0
CART-A-39,4,2,0,0,1,0,0,0,0,0,0,3,1,20,1,1,0,0.5394,20.07,2.77,6.3,1.0
CART-A-39,4,1,1,0,1,0,1,0,0,0,1,5,0,30,1,0,0,0.4236,20.16,998.8,10.15,1.0
CART-A-39,4,1,3,0,1,1,0,1,0,1,1,1,1,40,1,1,0,0.4691,0.0,4.74,6.0,1.0
CART-A-39,4,1,1,0,1,0,0,0,0,0,0,3,1,20,1,1,0,0.3289,22.36,3.32,10.15,1.0
CART-A-39,4,2,2,0,1,0,1,1,1,0,1,2,1,30,0,0,0,0.333,0.0,15.93,1.72,1.0
CART-A-39,4,2,2,0,0,0,1,0,0,0,2,0,1,30,1,1,0,0.3059,1000.0,15.93,1.72,1.0
CART-A-39,4,2,2,0,0,1,1,1,1,1,1,5,1,20,1,1,0,0.2738,1000.0,15.93,1.69,1.0
CART-A-39,4,1,0,0,1,0,0,0,0,1,2,5,1,20,0,1,0,0.3578,2.7,3.22,6.4,1.0
CART-A-39,4,1,0,0,1,0,0,0,1,0,0,5,1,30,0,0,0,0.447,0.0,3.22,6.41,1.0
CART-A-39,4,0,3,0,1,1,0,1,0,1,0,6,0,40,1,1,0,1.5,0.0,998.8,0.0,1.0
CART-A-39,4,0,1,0,0,1,1,1,0,0,0,2,1,20,1,1,0,0.0321,1000.0,3.25,40.18,1.0
CART-A-39,4,2,1,0,1,0,0,1,0,1,1,1,1,40,1,1,0,0.4718,0.0,2.91,5.48,1.0
CART-A-39,4,0,0,0,0,0,1,1,1,1,1,5,1,20,1,1,0,0.0614,1000.0,3.22,12.07,1.0
CART-A-100,4,3,0,0,1,0,0,1,1,1,1,1,1,40,1,1,0,0.0182,0.0,3.86,6.28,0.418
CART-A-100,4,3,1,0,1,0,1,1,1,0,1,1,1,40,0,0,0,0.0766,0.0,7.25,8.71,0.7633
CART-A-100,4,3,2,0,1,0,1,0,1,0,0,2,1,40,1,1,2,0.5124,0.0,6.26,8.26,1.0
CART-A-100,4,2,1,0,1,0,1,1,0,1,1,1,1,40,0,0,0,0.5568,4.02,2.94,5.63,1.0
CART-A-100,4,3,0,0,0,0,0,0,0,1,2,4,1,20,1,1,0,0.0001,1000.0,3.86,6.28,0.3899
CART-A-100,4,3,1,0,1,1,0,0,0,1,2,6,1,30,1,1,1,0.679,2.15,3.81,4.38,0.9007
CART-A-100,4,1,0,0,0,0,1,1,0,1,1,3,0,30,1,1,0,0.4098,1000.0,998.8,6.42,1.0
CART-A-100,4,1,1,0,0,0,1,1,1,1,1,1,1,40,0,1,0,0.4521,1000.0,3.32,10.15,1.0
CART-A-100,4,2,0,0,0,0,0,0,1,1,2,4,1,20,1,0,0,0.539,1000.0,2.77,6.3,1.0
CART-A-100,4,0,1,0,1,1,0,0,1,0,2,6,1,30,1,0,0,0.0186,18.82,3.23,40.18,1.0
CART-A-100,4,0,2,0,0,0,0,1,1,1,1,6,1,40,0,0,0,0.1093,1000.0,4.74,4.9,1.0
CART-A-100,4,1,1,0,0,0,1,1,0,0,1,1,1,40,0,1,0,0.4521,1000.0,3.32,10.15,1.0
CART-A-100,4,0,0,0,0,0,0,0,0,1,2,4,1,20,1,1,0,0.0614,1000.0,3.22,12.07,1.0
CART-A-100,4,1,0,0,1,0,0,0,0,1,2,4,1,20,1,0,0,0.3553,2.81,3.22,6.4,1.0
CART-A-100,4,1,3,0,1,1,1,1,0,0,1,2,1,30,0,1,0,0.4624,0.0,4.74,6.0,1.0
CART-A-100,4,0,1,0,1,0,1,1,0,0,1,1,1,40,0,1,0,0.0394,8.08,3.22,40.18,1.0
CART-A-100,4,2,0,0,1,0,0,0,0,1,2,4,1,20,1,1,0,0.5345,19.96,2.78,6.3,1.0
CART-A-100,4,0,0,0,1,0,0,0,1,1,2,4,1,20,1,0,0,0.0626,18.01,3.22,12.07,1.0
SAMOTAI-A-39,4,0,0,0,1,0,1,1,0,1,2,1,1,30,1,0,0,0.0197,0.0,3.22,12.07,1.0
SAMOTAI-A-39,4,3,0,0,0,1,0,1,0,1,0,3,1,40,1,1,2,0.0003,1000.0,7.28,9.74,0.3763
SAMOTAI-A-39,4,1,1,0,1,0,0,1,0,1,1,5,0,40,1,0,0,0.4521,7.66,998.8,10.15,1.0
SAMOTAI-A-39,4,0,2,0,0,1,1,0,0,0,0,2,0,30,1,1,0,0.0438,1000.0,998.8,4.91,1.0
SAMOTAI-A-39,4,2,3,0,1,1,1,0,1,0,2,1,0,20,0,1,0,0.6321,31.69,998.8,0.06,1.0
SAMOTAI-A-39,4,3,1,0,1,0,0,0,1,0,1,0,0,30,0,0,2,0.3738,0.0,998.8,8.87,1.0
SAMOTAI-A-39,4,2,0,0,1,0,1,1,0,1,2,5,0,40,1,0,0,0.5212,5.95,998.8,6.32,1.0
SAMOTAI-A-39,4,3,3,0,1,0,1,1,1,1,2,6,1,40,1,1,2,0.0008,1.76,6.26,18.58,0.3094
SAMOTAI-A-39,4,3,3,0,1,1,1,0,1,0,2,1,0,20,0,1,0,0.0002,2.21,998.8,16.96,0.1994
SAMOTAI-A-39,4,3,3,0,1,1,1,0,1,1,2,6,1,40,1,1,1,0.0023,0.0,2.83,16.0,0.3206
SAMOTAI-A-39,4,1,3,0,1,1,1,0,1,0,2,1,0,20,0,1,0,0.4629,34.57,998.8,6.0,0.8567
SAMOTAI-A-39,4,3,3,0,1,1,1,0,1,0,2,0,0,20,0,1,0,0.0002,2.4,998.8,17.15,0.1963
SAMOTAI-A-39,4,1,0,0,0,0,0,0,1,1,1,0,0,40,1,1,0,0.4217,1000.0,998.8,6.43,1.0
SAMOTAI-A-39,4,2,2,0,0,0,0,0,0,0,1,2,1,20,1,0,0,0.2726,1000.0,15.93,1.69,1.0
SAMOTAI-A-100,4,2,1,0,0,1,1,0,1,0,0,6,0,30,1,0,0,0.4696,1000.0,998.8,5.56,1.0
SAMOTAI-A-100,4,2,3,0,0,0,0,0,1,0,0,1,0,20,1,0,0,0.6321,1000.0,998.8,0.06,1.0
SAMOTAI-A-100,4,1,3,0,0,0,0,1,0,0,2,4,1,40,0,1,0,0.3934,1000.0,4.74,6.0,1.0
SAMOTAI-A-100,4,0,0,0,0,1,1,1,0,0,1,0,1,20,0,0,0,0.0695,1000.0,3.22,12.07,1.0
SAMOTAI-A-100,4,3,3,0,1,1,0,0,1,1,2,0,1,30,0,0,0,0.0022,0.0,2.83,16.01,0.2151
SAMOTAI-A-100,4,1,0,0,1,0,1,1,1,1,1,3,0,40,1,0,0,0.6665,0.0,998.8,6.45,1.0
SAMOTAI-A-100,4,1,3,0,0,0,1,0,1,0,2,6,1,40,1,0,0,0.3794,1000.0,4.74,6.0,1.0
SAMOTAI-A-100,4,3,3,0,1,1,1,1,1,1,2,6,1,40,1,1,0,0.0,0.0,2.83,16.95,0.1995
SAMOTAI-A-100,4,2,3,0,0,1,1,1,0,1,2,1,0,40,0,0,0,0.6321,1000.0,998.8,0.1,1.0
SAMOTAI-A-100,4,3,2,0,0,1,1,0,0,0,2,0,1,30,0,0,1,0.0951,1000.0,2.84,18.08,0.2991
SAMOTAI-A-100,4,3,3,0,1,1,1,1,0,1,2,6,1,40,1,1,0,0.0004,0.0,2.83,14.42,0.2419
SAMOTAI-A-100,4,1,3,0,1,0,0,1,1,0,1,4,0,40,0,1,0,0.3988,0.0,998.8,6.0,1.0
CART-F-39,4,3,2,0,1,1,0,1,0,1,1,1,1,40,1,1,1,0.0665,0.0,2.82,18.0,0.3003
CART-F-39,4,3,1,0,1,0,0,0,0,1,2,5,1,20,0,1,1,0.468,2.79,3.83,4.55,1.0
CART-F-39,4,3,1,0,1,0,1,1,1,0,1,2,1,30,0,0,1,0.5642,0.0,3.81,4.42,1.0
CART-F-39,4,0,2,0,0,1,0,0,1,0,0,5,1,30,1,1,0,0.0438,1000.0,4.75,4.91,1.0
CART-F-39,4,3,0,0,1,0,0,1,0,1,1,1,1,40,1,1,1,0.0182,0.0,3.86,6.28,0.2606
CART-F-39,4,2,3,0,1,1,0,0,0,1,2,5,1,20,0,1,0,0.6321,27.76,4.77,0.06,1.0
CART-F-39,4,2,0,0,1,0,1,1,1,0,1,2,1,30,0,0,0,0.4999,8.51,2.9,6.31,1.0
CART-F-39,4,2,2,0,1,1,0,0,1,0,2,5,0,40,1,1,0,0.4446,0.0,998.8,1.74,1.0
CART-F-39,4,2,0,0,1,0,0,1,0,1,1,1,1,40,1,1,0,0.5212,5.95,2.81,6.32,1.0
CART-F-39,4,1,0,0,1,0,0,1,0,1,1,1,1,40,1,1,0,0.6548,0.0,3.2,6.42,1.0
CART-F-39,4,3,3,0,1,1,0,0,0,1,2,5,1,20,0,1,0,0.0009,2.37,2.83,17.1,0.1971
CART-F-39,4,0,0,0,1,0,0,0,1,1,0,0,1,20,1,1,0,0.0614,18.64,3.22,12.07,1.0
CART-F-39,4,3,0,0,1,0,0,1,0,1,1,1,1,40,1,1,0,0.0182,0.0,3.86,6.28,0.418
CART-F-39,4,2,1,0,1,0,0,1,0,1,1,1,1,40,1,1,0,0.4718,0.0,2.91,5.5,1.0
CART-F-39,4,0,0,0,0,0,0,0,0,1,1,0,1,40,0,0,0,0.0011,1000.0,3.22,12.07,1.0
CART-F-100,4,3,0,0,1,0,0,1,1,1,1,1,1,40,1,0,0,0.0228,0.0,3.86,6.28,0.418
CART-F-100,4,3,1,0,1,0,1,1,0,0,1,1,1,40,0,0,0,0.0671,0.0,7.25,8.71,0.855
CART-F-100,4,3,2,0,1,0,1,0,0,0,0,2,1,40,1,0,0,0.1035,4.48,2.82,15.21,0.3421
CART-F-100,4,3,0,0,0,0,1,0,0,0,2,5,0,40,1,1,2,0.0003,1000.0,998.8,9.74,0.3763
CART-F-100,4,3,0,0,1,0,0,1,0,1,1,1,1,40,1,0,0,0.0182,0.0,3.86,6.28,0.418
CART-F-100,4,3,1,0,1,0,1,1,1,0,1,1,1,40,0,0,0,0.0779,0.0,7.25,8.73,1.0
CART-F-100,4,2,2,0,1,0,1,0,0,0,0,2,1,40,1,0,0,0.5324,0.0,15.93,1.74,1.0
CART-F-100,4,1,3,0,0,0,0,0,1,1,1,4,1,20,1,1,0,0.4164,1000.0,4.74,6.0,0.7024
CART-F-100,4,3,0,0,1,0,0,1,0,1,1,1,1,40,1,1,0,0.0182,0.0,3.86,6.28,0.418
CART-F-100,4,3,1,0,1,0,1,1,1,0,1,1,1,40,0,1,0,0.0628,0.0,7.24,8.71,0.8799
SAMOTAI-F-39,4,3,0,0,1,1,0,1,1,1,0,6,1,40,0,1,2,0.0184,0.0,7.28,9.74,0.36
SAMOTAI-F-39,4,1,1,0,0,0,1,0,1,1,0,0,0,30,1,0,0,0.4236,1000.0,998.8,10.15,1.0
SAMOTAI-F-39,4,2,3,0,0,0,1,1,1,1,2,3,0,20,1,1,0,0.6321,1000.0,998.8,0.06,1.0
SAMOTAI-F-39,4,2,2,0,0,0,1,1,1,0,1,6,0,40,1,1,0,0.3182,1000.0,998.8,1.74,1.0
SAMOTAI-F-39,4,1,1,0,1,1,0,1,0,1,2,3,0,40,1,0,0,0.4674,7.54,998.8,10.15,1.0
SAMOTAI-F-39,4,1,0,0,1,0,1,0,1,0,0,4,0,40,0,0,0,0.7119,0.0,998.8,6.43,1.0
SAMOTAI-F-39,4,1,0,0,1,1,1,0,1,0,0,6,0,40,0,0,0,0.6988,0.0,998.8,6.65,1.0
SAMOTAI-F-39,4,2,1,0,1,0,1,0,1,0,0,6,1,40,0,1,0,0.5503,7.13,2.7,5.17,1.0
SAMOTAI-F-39,4,3,3,0,1,0,1,1,1,1,2,6,1,40,1,1,0,0.0002,1.56,2.83,16.25,0.2112
SAMOTAI-F-39,4,3,3,0,1,1,1,0,0,1,2,1,1,40,1,1,2,0.0001,1.4,6.26,15.52,0.3891
SAMOTAI-F-39,4,1,3,0,1,1,0,0,0,1,0,2,1,20,0,0,0,0.406,34.57,4.74,6.0,0.7686
SAMOTAI-F-39,4,3,3,0,1,1,1,0,1,1,2,6,1,40,1,1,1,0.0004,0.0,2.83,16.01,0.3203
SAMOTAI-F-39,4,2,1,0,1,0,1,0,1,1,0,5,1,30,0,0,0,0.4392,17.31,2.97,5.45,1.0
SAMOTAI-F-39,4,2,1,0,1,0,1,0,1,0,0,4,0,40,0,0,0,0.4349,5.14,998.8,5.5,1.0
SAMOTAI-F-39,4,3,3,0,1,0,1,1,1,1,2,6,1,40,1,1,2,0.0001,1.95,6.26,19.42,0.2878
SAMOTAI-F-100,4,0,3,0,1,0,0,0,0,0,1,6,0,40,0,0,0,0.1334,0.0,998.8,38.66,1.0
SAMOTAI-F-100,4,2,2,0,0,1,1,1,1,0,2,2,1,20,1,1,0,0.2731,1000.0,15.93,1.69,1.0
SAMOTAI-F-100,4,0,1,0,0,0,1,0,0,1,0,2,0,30,0,0,0,0.0098,1000.0,998.8,40.18,1.0
SAMOTAI-F-100,4,3,1,0,0,0,0,1,0,0,0,5,0,40,1,1,0,0.0807,1000.0,998.8,8.71,1.0
SAMOTAI-F-100,4,2,3,0,0,1,1,1,0,1,0,0,0,20,1,0,0,0.6321,1000.0,998.8,0.06,1.0
SAMOTAI-F-100,4,1,0,0,0,1,1,0,0,0,1,6,0,20,1,1,0,0.3526,1000.0,998.8,6.4,1.0
SAMOTAI-F-100,4,2,0,0,0,1,0,1,0,1,2,6,0,40,0,0,0,0.5212,1000.0,998.8,6.32,1.0
SAMOTAI-F-100,4,0,3,0,0,1,1,0,0,1,2,0,0,30,1,1,0,0.1334,1000.0,998.8,38.66,1.0
SAMOTAI-F-100,4,0,2,0,1,0,1,0,1,1,0,6,1,30,0,1,0,0.0438,25.25,4.75,4.91,1.0
SAMOTAI-F-100,4,2,3,0,0,1,1,1,0,1,2,0,0,40,0,0,0,0.6321,1000.0,998.8,0.1,1.0
SAMOTAI-F-100,4,3,3,0,0,1,1,0,0,0,0,1,1,30,0,0,2,0.0002,1000.0,6.26,16.3,0.3686
SAMOTAI-F-100,4,3,3,0,1,1,1,1,1,1,2,6,0,40,0,0,2,0.0013,3.27,998.8,19.76,0.267
SAMOTAI-F-100,4,0,0,0,1,0,0,0,1,0,2,2,0,30,1,1,0,0.0171,2.06,998.8,12.07,1.0
SAMOTAI-F-100,4,2,0,0,0,0,1,0,1,1,0,5,0,40,0,0,0,0.5212,1000.0,998.8,6.32,1.0
SAMOTAI-F-100,4,3,3,0,0,1,1,1,0,1,2,0,0,40,1,1,2,0.0004,1000.0,998.8,16.0,0.3766
SAMOTAE-A,4,3,1,0,0,1,0,1,0,0,0,6,0,40,0,1,1,0.6931,1000.0,998.8,4.37,1.0
SAMOTAE-A,4,2,2,0,0,1,1,0,1,0,2,1,1,40,1,0,0,0.2873,1000.0,15.93,1.74,1.0
SAMOTAE-A,4,0,1,0,0,1,0,0,1,1,0,0,0,30,0,0,0,0.0098,1000.0,998.8,40.18,1.0
SAMOTAE-A,4,1,0,0,1,1,1,1,1,1,1,4,0,20,0,1,0,0.3489,0.0,998.8,6.4,1.0
SAMOTAE-A,4,1,2,0,0,0,0,1,1,1,2,4,0,40,0,0,0,0.2738,1000.0,998.8,9.5,1.0
SAMOTAE-A,4,2,3,0,1,1,0,0,1,1,2,2,0,20,1,1,0,0.6321,26.42,998.8,0.09,1.0
SAMOTAE-A,4,3,3,0,1,1,0,0,1,1,2,4,0,20,1,1,2,0.0002,2.43,998.8,16.31,0.3683
SAMOTAE-A,4,3,3,0,1,1,1,1,1,1,2,6,1,40,1,1,2,0.0001,2.73,6.26,19.61,0.2827
SAMOTAE-A,4,3,3,0,1,1,0,0,1,1,2,3,0,20,1,1,2,0.0001,2.43,998.8,16.31,0.3683
SAMOTAE-A,4,3,3,0,1,1,1,1,1,1,0,6,0,40,1,1,1,0.0,1.55,998.8,17.18,0.2952
SAMOTAE-A,4,3,2,0,1,0,1,0,1,0,1,6,0,40,0,1,1,0.0736,4.04,998.8,14.79,0.3268
SAMOTAE-A,4,3,3,0,1,1,1,1,1,1,2,6,1,30,1,1,2,0.0005,3.37,6.26,19.76,0.2596
SAMOTAE-A,4,2,1,0,0,0,1,0,1,0,0,4,0,40,0,1,0,0.4369,1000.0,998.8,5.65,1.0
SAMOTAE-F,4,3,2,0,1,0,1,0,1,1,1,6,1,40,0,1,0,0.1428,3.56,2.83,14.28,0.3537
SAMOTAE-F,4,3,1,0,1,0,1,1,0,0,0,1,1,20,0,1,0,0.1003,0.0,7.28,8.76,0.857
SAMOTAE-F,4,2,0,0,0,0,0,0,0,1,0,4,0,40,0,0,0,0.5212,1000.0,998.8,6.32,1.0
SAMOTAE-F,4,0,2,0,1,1,1,1,0,1,0,3,1,30,1,0,0,0.0439,16.01,4.75,4.91,1.0
SAMOTAE-F,4,0,1,0,1,1,1,0,1,1,2,0,0,20,0,0,0,0.0542,36.48,998.8,40.18,1.0
SAMOTAE-F,4,0,1,0,0,0,0,0,1,1,0,3,0,20,0,1,0,0.0321,1000.0,998.8,40.18,1.0
SAMOTAE-F,4,3,3,0,1,0,1,0,1,1,2,6,1,40,1,1,2,0.0166,0.0,6.26,15.34,0.394
SAMOTAE-F,4,3,0,0,1,0,1,1,0,0,0,2,1,20,0,1,1,0.0,2.13,3.86,6.28,0.2498
SAMOTAE-F,4,3,3,0,1,1,0,1,1,1,2,6,1,40,1,1,2,0.0,2.11,6.26,19.54,0.2847
SAMOTAE-F,4,3,3,0,0,1,0,1,0,1,2,6,0,40,1,0,2,0.0,1000.0,998.8,16.3,0.3686
SAMOTAE-F,4,3,3,0,0,1,0,1,0,0,0,6,0,40,1,0,2,0.0005,1000.0,998.8,15.52,0.3894
SAMOTAE-F,4,2,0,0,0,1,0,1,1,1,0,6,0,40,1,1,0,0.5212,1000.0,998.8,6.32,1.0
SAMOTAE-F,4,3,3,0,1,1,0,1,1,0,2,6,0,40,0,1,2,0.0003,2.88,998.8,19.37,0.2889
MOSA-A,4,0,1,0,1,0,1,0,0,1,0,3,1,40,0,0,0,0.0175,17.87,3.22,40.18,1.0
MOSA-A,4,0,2,0,0,1,0,0,0,1,1,4,1,40,1,0,0,0.1093,1000.0,4.74,4.9,1.0
MOSA-A,4,3,1,0,1,0,1,1,1,0,1,3,0,20,0,1,2,0.2444,0.0,998.8,8.86,1.0
MOSA-A,4,3,2,0,0,0,1,1,0,0,0,2,1,40,1,0,2,0.3862,1000.0,6.25,8.7,1.0
MOSA-A,4,3,3,0,0,1,0,1,0,0,2,1,0,30,1,1,2,0.0007,1000.0,998.8,15.52,0.3894
MOSA-A,4,3,1,0,0,0,1,1,0,0,0,2,1,40,1,0,2,0.431,1000.0,7.25,8.84,1.0
MOSA-A,4,3,1,0,1,0,1,1,1,0,0,2,0,30,0,1,2,0.4233,0.0,998.8,8.89,1.0
MOSA-A,4,3,1,0,0,0,1,1,0,0,0,2,0,30,0,1,2,0.3786,1000.0,998.8,8.86,1.0
MOSA-A,4,3,1,0,1,0,1,1,1,0,0,2,1,40,1,0,2,0.5043,0.0,7.25,8.9,1.0
MOSA-A,4,3,1,0,0,0,1,1,0,0,0,5,1,20,1,0,2,0.2374,1000.0,7.28,8.86,1.0
MOSA-F,4,3,0,0,0,1,0,0,0,0,1,6,1,30,1,0,1,0.0,1000.0,3.86,6.28,0.2552
MOSA-F,4,0,2,0,1,0,1,0,0,1,1,1,1,30,1,1,0,0.044,25.25,4.75,4.91,1.0
MOSA-F,4,3,3,0,0,0,1,1,1,0,1,2,0,30,1,1,2,0.0,1000.0,998.8,16.12,0.3732
FITEST-A,4,0,3,0,1,1,1,0,1,0,1,6,0,40,1,0,0,0.1334,0.0,998.8,38.66,1.0
FITEST-A,4,0,1,0,1,1,0,0,1,1,2,0,1,20,1,1,0,0.0421,33.75,3.25,40.18,1.0
FITEST-A,4,0,0,0,0,1,1,0,1,1,0,3,0,40,0,1,0,0.0011,1000.0,998.8,12.07,1.0
FITEST-A,4,2,2,0,0,0,0,1,0,0,1,4,1,20,1,0,0,0.2726,1000.0,15.93,1.69,1.0
FITEST-A,4,3,2,0,1,1,1,0,0,1,1,1,0,30,1,1,1,0.1225,7.54,998.8,18.1,0.2985
FITEST-A,4,1,2,0,0,0,1,1,1,1,2,2,0,40,0,0,0,0.0016,1000.0,998.8,12.59,0.0394
FITEST-A,4,1,2,0,0,0,1,1,1,1,2,2,0,40,1,0,0,0.2621,1000.0,998.8,9.5,1.0
FITEST-A,4,0,1,0,1,1,0,0,1,0,1,0,0,20,1,0,0,0.0441,35.71,998.8,40.18,1.0
FITEST-A,4,0,2,0,1,1,0,0,1,0,1,5,0,30,1,0,0,0.0438,25.25,998.8,4.91,1.0
FITEST-A,4,2,2,0,0,1,0,1,0,0,1,4,1,20,1,0,0,0.2736,1000.0,15.93,1.69,1.0
FITEST-A,4,2,2,0,0,1,1,1,0,0,1,4,1,30,1,0,0,0.3096,1000.0,15.93,1.72,1.0
FITEST-F,4,0,2,0,0,1,1,0,0,1,2,4,0,20,0,0,0,0.0434,1000.0,998.8,4.93,1.0
FITEST-F,4,3,3,0,0,0,0,0,1,0,2,6,0,20,0,1,2,0.0,1000.0,998.8,16.18,0.3718
FITEST-F,4,2,3,0,0,0,0,0,0,1,0,0,1,30,1,0,0,0.6321,1000.0,4.78,0.15,1.0
FITEST-F,4,3,2,0,1,1,1,0,1,0,2,1,1,30,0,1,2,0.3684,1.52,6.28,8.69,1.0
FITEST-F,4,0,1,0,0,0,0,1,1,0,1,6,1,20,1,1,0,0.0321,1000.0,3.25,40.18,1.0
FITEST-F,4,2,0,0,1,1,0,0,0,1,0,1,0,20,0,0,0,1.5,19.96,998.8,6.3,1.0
FITEST-F,4,2,2,0,0,0,0,0,0,0,0,0,1,30,0,0,0,0.3096,1000.0,15.93,1.72,1.0
FITEST-F,4,2,2,0,0,0,0,0,0,0,1,0,1,30,0,0,0,0.3096,1000.0,15.93,1.72,1.0
FITEST-F,4,1,0,0,1,1,0,0,0,1,1,0,0,20,0,0,0,0.3425,3.17,998.8,6.39,1.0
FITEST-F,4,2,0,0,0,0,0,0,0,1,0,0,0,20,0,0,0,0.539,1000.0,998.8,6.3,1.0
FITEST-F,4,2,2,0,0,0,0,0,0,1,0,0,0,20,0,0,0,0.2754,1000.0,998.8,1.69,1.0
FITEST-F,4,2,3,0,0,0,0,0,0,0,0,0,0,20,1,0,0,0.6321,1000.0,998.8,0.06,1.0
RANDOM,4,0,2,0,0,0,1,1,0,1,0,4,1,20,1,0,0,0.0392,1000.0,4.77,4.93,1.0
RANDOM,4,0,0,0,1,0,1,0,1,0,2,1,1,40,1,0,0,0.0291,0.0,3.22,12.07,1.0
RANDOM,4,0,2,0,0,1,1,1,0,1,1,0,0,30,1,1,0,0.0428,1000.0,998.8,4.91,1.0
RANDOM,4,3,2,0,1,0,1,0,1,1,2,2,1,20,0,0,0,0.0817,10.48,2.86,20.99,0.2724
RANDOM,4,0,0,0,0,1,1,1,1,0,1,2,1,30,1,0,0,0.0226,1000.0,3.22,12.07,1.0
RANDOM,4,0,3,0,1,1,1,0,0,0,2,3,1,30,0,1,0,0.1334,1.48,4.74,38.66,1.0
RANDOM,4,2,3,0,1,0,1,1,1,1,2,4,0,20,0,0,0,0.6321,26.62,998.8,0.06,1.0
RANDOM,4,0,3,0,1,1,0,1,1,0,0,3,0,20,1,1,0,0.1496,1.63,998.8,38.66,1.0
RANDOM,4,1,2,0,1,0,0,0,0,0,2,1,0,30,1,0,0,0.2797,10.35,998.8,9.5,1.0
RANDOM,4,0,3,0,0,0,1,1,1,0,1,3,0,40,1,1,0,0.1334,1000.0,998.8,38.66,1.0
RANDOM,4,3,0,0,1,1,1,0,1,0,2,3,0,30,1,1,2,0.0012,0.0,998.8,9.74,0.3416
RANDOM,4,0,0,0,0,1,1,0,1,1,2,2,1,20,1,0,0,0.0614,1000.0,3.22,12.07,1.0
RANDOM,4,1,0,0,1,0,0,1,0,1,1,1,1,40,1,1,0,0.6621,0.0,3.21,6.44,1.0
RANDOM,4,0,1,0,0,0,1,1,0,1,1,0,0,20,1,0,0,0.0321,1000.0,998.8,40.18,1.0
RANDOM,4,1,0,0,1,1,0,0,1,1,2,1,0,40,0,0,0,0.5802,0.0,998.8,6.43,1.0
RANDOM,4,0,3,0,1,1,0,0,0,0,2,5,1,20,0,1,0,0.1341,15.75,4.74,38.66,1.0
RANDOM,4,3,2,0,1,0,0,1,1,1,1,5,1,40,1,0,2,0.064,0.0,6.26,16.24,0.4109
RANDOM,4,1,1,0,1,0,1,1,1,1,0,2,0,40,1,1,0,0.4521,7.66,998.8,10.15,1.0
CART-A-39,5,2,0,0,0,0,0,0,0,0,0,3,1,20,1,1,0,0.539,1000.0,2.77,6.3,1.0
CART-A-39,5,2,3,0,1,0,1,1,1,1,1,5,1,20,1,1,0,0.6321,31.61,4.77,0.06,1.0
CART-A-39,5,1,0,0,0,0,0,0,0,0,0,3,1,20,1,1,0,0.3526,1000.0,3.22,6.4,1.0
CART-A-39,5,3,2,0,1,1,1,1,1,0,1,2,1,30,0,0,1,0.1095,2.7,2.84,19.05,0.2903
CART-A-39,5,3,0,0,1,0,0,0,0,1,2,5,1,20,0,1,1,0.0001,1.68,3.86,6.28,0.2518
CART-A-39,5,2,3,0,0,1,1,1,1,1,1,5,1,20,1,1,0,0.6321,1000.0,4.77,0.07,1.0
CART-A-39,5,0,3,0,0,0,0,1,1,0,0,0,1,40,1,1,0,0.1334,1000.0,4.74,38.66,1.0
CART-A-39,5,1,1,0,0,0,0,0,0,0,0,3,1,20,1,1,0,0.3289,1000.0,3.32,10.15,1.0
CART-A-39,5,2,0,0,0,0,0,0,1,0,0,5,1,30,0,0,0,0.5204,1000.0,2.76,6.32,1.0
CART-A-39,5,1,1,0,0,0,1,1,1,1,1,5,1,20,1,1,0,0.3289,1000.0,3.32,10.15,1.0
CART-A-39,5,1,2,0,0,0,1,1,1,1,1,5,1,20,1,1,0,0.2804,1000.0,8.22,9.5,0.9817
CART-A-39,5,1,0,0,0,1,1,1,1,1,1,5,1,20,1,1,0,0.3526,1000.0,3.22,6.4,1.0
CART-A-39,5,1,2,0,1,1,1,0,1,0,0,2,1,20,1,0,0,0.2567,34.57,8.22,9.5,0.9543
CART-A-39,5,2,0,0,1,0,0,0,0,0,0,3,1,20,1,1,0,0.5345,19.96,2.78,6.3,1.0
CART-A-39,5,3,0,0,1,0,0,1,0,1,1,1,1,40,1,1,1,0.0182,0.0,3.86,6.28,0.2606
CART-A-39,5,3,0,0,1,0,0,0,1,1,2,0,1,40,1,1,1,0.0004,0.0,3.86,6.28,0.2549
CART-A-100,5,3,0,0,1,0,0,1,1,1,1,1,1,40,1,1,0,0.0182,0.0,3.86,6.28,0.418
CART-A-100,5,3,1,0,1,0,1,1,1,0,1,1,1,40,0,0,0,0.0766,0.0,7.25,8.71,0.7633
CART-A-100,5,3,2,0,1,0,1,0,1,0,0,2,1,40,1,1,2,0.5124,0.0,6.26,8.26,1.0
CART-A-100,5,2,0,0,0,0,0,1,0,1,1,1,1,40,1,0,0,0.5212,1000.0,2.81,6.32,1.0
CART-A-100,5,1,3,0,0,1,1,1,1,1,2,2,1,40,1,0,0,0.4136,1000.0,4.74,6.0,1.0
CART-A-100,5,2,0,0,0,0,0,0,0,0,2,4,1,20,1,0,0,0.539,1000.0,2.77,6.3,1.0
CART-A-100,5,3,0,0,1,0,0,0,1,1,0,5,1,40,1,1,1,0.001,0.0,3.86,6.28,0.2547
CART-A-100,5,2,2,0,0,0,0,1,1,1,1,1,1,40,1,0,0,0.317,1000.0,15.93,1.74,1.0
CART-A-100,5,3,2,0,0,1,1,1,1,1,2,2,1,40,1,0,2,0.4229,1000.0,6.26,8.67,1.0
CART-A-100,5,2,2,0,1,0,0,0,1,0,2,4,1,20,1,1,0,0.2751,31.23,15.93,1.69,1.0
CART-A-100,5,1,3,0,0,1,1,0,1,1,1,6,0,40,0,0,0,0.3555,1000.0,998.8,6.0,1.0
CART-A-100,5,1,0,0,1,0,0,1,1,1,1,1,1,40,1,1,0,0.5524,0.0,3.2,6.43,1.0
CART-A-100,5,2,3,0,0,1,1,1,0,1,2,2,1,40,1,1,0,0.6321,1000.0,4.75,0.07,1.0
CART-A-100,5,2,0,0,1,0,0,0,0,0,2,4,1,20,1,1,0,0.55,19.96,2.77,6.3,1.0
CART-A-100,5,1,1,0,1,0,0,1,0,1,1,3,1,40,1,0,0,0.4523,7.66,3.32,10.15,1.0
CART-A-100,5,1,0,0,0,0,0,1,0,1,1,1,1,40,1,0,0,0.4217,1000.0,3.22,6.43,1.0
SAMOTAI-A-39,5,3,1,0,0,0,1,0,0,0,0,3,1,40,1,1,1,0.712,1000.0,3.77,4.33,1.0
SAMOTAI-A-39,5,2,2,0,0,0,1,0,1,0,2,6,0,20,0,1,0,0.2758,1000.0,998.8,1.7,1.0
SAMOTAI-A-39,5,0,0,0,0,0,1,0,0,1,1,5,1,40,1,1,0,0.0011,1000.0,3.22,12.07,1.0
SAMOTAI-A-39,5,2,1,0,0,0,0,1,1,0,1,0,0,20,1,1,0,0.438,1000.0,998.8,5.49,1.0
SAMOTAI-A-39,5,0,0,0,0,1,1,1,0,1,2,0,0,30,0,1,0,0.0171,1000.0,998.8,12.07,1.0
SAMOTAI-A-39,5,0,3,0,0,0,1,0,1,0,1,1,1,40,0,0,0,0.1334,1000.0,4.74,38.66,1.0
SAMOTAI-A-39,5,1,3,0,1,1,0,0,0,0,0,6,1,40,1,1,0,0.4366,4.04,4.74,6.0,1.0
SAMOTAI-A-39,5,3,3,0,1,0,0,1,1,0,0,6,1,40,0,0,0,0.0011,0.0,2.83,14.47,0.2411
SAMOTAI-A-39,5,3,3,0,1,0,1,1,1,1,2,6,1,40,1,1,2,0.0008,1.76,6.26,18.58,0.3094
SAMOTAI-A-39,5,3,3,0,1,1,0,0,0,0,0,6,1,20,1,1,0,0.0006,1.55,2.83,16.33,0.2098
SAMOTAI-A-39,5,3,3,0,1,1,0,1,0,0,2,0,1,40,1,1,2,0.0001,3.68,6.26,19.47,0.2864
SAMOTAI-A-39,5,0,3,0,1,1,0,1,0,0,1,1,1,30,1,0,0,0.1334,0.0,4.74,38.66,1.0
SAMOTAI-A-39,5,3,3,0,1,1,0,0,1,0,2,6,1,40,1,1,2,0.0,1.41,6.26,15.51,0.3894
SAMOTAI-A-39,5,3,3,0,1,1,0,1,1,0,0,6,1,40,0,1,0,0.0,1.7,2.83,17.2,0.1954
SAMOTAI-A-100,5,2,2,0,1,1,0,0,0,0,1,2,0,40,1,0,0,0.552,0.0,998.8,1.74,1.0
SAMOTAI-A-100,5,1,3,0,0,1,1,0,0,0,1,6,1,40,0,1,0,0.3454,1000.0,4.74,6.0,1.0
SAMOTAI-A-100,5,1,0,0,1,0,1,0,0,1,0,4,1,20,0,1,0,0.354,3.22,3.22,6.4,1.0
SAMOTAI-A-100,5,3,3,0,1,0,1,0,1,1,2,5,0,20,0,1,2,0.0002,2.39,998.8,16.28,0.3692
SAMOTAI-A-100,5,3,3,0,0,1,1,1,1,1,0,0,0,20,0,1,2,0.0,1000.0,998.8,16.11,0.3738
SAMOTAI-A-100,5,2,0,0,0,0,1,0,1,0,2,6,1,40,1,1,0,0.3445,1000.0,2.96,6.32,1.0
SAMOTAI-A-100,5,2,0,0,1,1,0,0,1,0,2,6,0,40,1,1,0,0.5212,13.04,998.8,6.32,1.0
SAMOTAI-A-100,5,1,1,0,1,1,0,0,0,1,0,1,1,20,0,0,0,0.3287,22.36,3.32,10.15,1.0
SAMOTAI-A-100,5,3,3,0,1,0,0,1,1,1,2,6,0,40,0,0,0,0.0041,0.0,998.8,14.46,0.2413
SAMOTAI-A-100,5,3,3,0,1,1,1,1,1,1,2,6,1,40,1,1,0,0.0,0.0,2.83,16.95,0.1995
SAMOTAI-A-100,5,3,3,0,1,1,1,0,1,1,2,6,1,40,1,1,0,0.0003,1.47,2.83,16.29,0.2106
SAMOTAI-A-100,5,2,3,0,1,1,1,1,1,1,1,6,0,40,0,0,0,0.6321,0.0,998.8,0.08,1.0
SAMOTAI-A-100,5,2,2,0,0,0,0,0,0,0,1,2,1,10,1,0,0,0.2849,1000.0,15.93,1.64,0.8452
CART-F-39,5,3,2,0,1,1,0,1,0,1,1,1,1,40,1,1,1,0.0665,0.0,2.82,18.0,0.3003
CART-F-39,5,3,1,0,1,0,0,0,0,1,2,5,1,20,0,1,1,0.468,2.79,3.83,4.55,1.0
CART-F-39,5,3,1,0,1,0,1,1,1,0,1,2,1,30,0,0,1,0.5642,0.0,3.81,4.42,1.0
CART-F-39,5,3,2,0,0,1,1,1,1,0,2,0,0,20,1,1,1,0.0849,1000.0,998.8,20.02,0.282
CART-F-39,5,1,0,0,1,0,0,1,0,1,1,1,1,40,1,1,0,0.6548,0.0,3.2,6.42,1.0
CART-F-39,5,3,2,0,1,0,0,0,0,1,2,5,1,20,0,1,1,0.0826,10.72,2.87,20.99,0.2728
CART-F-39,5,3,2,0,0,0,0,1,0,0,2,4,0,20,0,1,0,0.0832,1000.0,998.8,20.63,0.2766
CART-F-39,5,2,0,0,1,0,0,1,0,1,1,1,1,40,1,1,0,0.5212,5.95,2.81,6.32,1.0
CART-F-39,5,2,3,0,1,1,0,1,0,1,1,1,1,40,1,1,0,0.6321,0.0,4.75,0.07,1.0
CART-F-39,5,1,1,0,1,0,0,0,0,1,2,5,1,20,0,1,0,0.3289,22.36,3.32,10.15,1.0
CART-F-39,5,3,1,0,1,1,0,1,0,1,0,2,0,20,0,0,1,0.4498,0.0,998.8,4.56,1.0
CART-F-39,5,2,2,0,1,0,0,1,0,1,1,1,1,40,1,1,0,0.3577,0.0,15.93,1.74,1.0
CART-F-39,5,1,1,0,1,1,0,1,0,1,1,1,1,40,1,1,0,0.4521,7.66,3.32,10.15,1.0
CART-F-100,5,3,0,0,1,0,0,1,1,1,1,1,1,40,1,1,0,0.0182,0.0,3.86,6.28,0.418
CART-F-100,5,3,1,0,1,0,1,1,0,0,1,1,1,40,0,0,0,0.0671,0.0,7.25,8.71,0.855
CART-F-100,5,3,2,0,1,0,1,0,0,0,0,2,1,40,1,1,0,0.1475,2.57,2.82,5.1,1.0
CART-F-100,5,1,0,0,1,1,1,1,0,1,2,6,1,30,1,0,0,0.4083,0.0,3.22,6.42,1.0
CART-F-100,5,3,1,0,1,0,1,1,1,0,1,1,1,40,0,0,0,0.0779,0.0,7.25,8.73,1.0
CART-F-100,5,3,2,0,1,0,1,0,0,0,0,2,1,40,1,1,1,0.1202,4.51,2.83,15.21,0.3227
CART-F-100,5,1,0,0,0,1,0,0,1,0,2,3,1,40,1,1,0,0.4217,1000.0,3.22,6.43,1.0
CART-F-100,5,3,0,0,1,0,0,1,1,1,1,1,1,40,1,0,0,0.0228,0.0,3.86,6.28,0.418
CART-F-100,5,3,1,0,1,0,1,1,1,0,1,1,1,40,0,1,0,0.0628,0.0,7.24,8.71,0.8799
CART-F-100,5,2,2,0,1,0,1,0,1,0,0,2,1,40,1,1,0,0.7932,0.0,15.93,1.74,1.0
CART-F-100,5,2,0,0,1,1,0,0,1,0,1,6,0,40,0,1,0,0.5212,13.04,998.8,6.32,1.0
CART-F-100,5,3,2,0,1,0,0,1,0,1,1,1,1,40,1,1,0,0.0638,0.0,2.82,18.98,0.2962
SAMOTAI-F-39,5,3,3,0,1,1,1,1,1,0,2,6,1,30,1,1,0,0.0056,0.0,2.83,14.46,0.2411
SAMOTAI-F-39,5,3,0,0,1,0,0,0,1,1,2,0,1,30,1,1,1,0.0009,0.0,3.86,6.28,0.2547
SAMOTAI-F-39,5,0,2,0,0,0,0,1,0,1,1,4,0,40,0,1,0,0.1093,1000.0,998.8,4.9,1.0
SAMOTAI-F-39,5,0,2,0,0,1,1,0,0,1,0,0,0,20,1,1,0,0.0392,1000.0,998.8,4.93,1.0
SAMOTAI-F-39,5,3,0,0,0,0,0,0,0,0,0,2,1,40,0,1,0,0.0,1000.0,3.86,6.28,0.4083
SAMOTAI-F-39,5,1,0,0,0,1,1,0,1,1,2,6,1,40,0,0,0,0.4217,1000.0,3.22,6.43,1.0
SAMOTAI-F-39,5,3,0,0,0,0,1,1,1,1,0,6,0,40,1,0,0,0.0,1000.0,998.8,6.28,0.4035
SAMOTAI-F-39,5,2,0,0,1,0,0,1,0,1,2,1,0,20,1,0,0,0.539,15.21,998.8,6.3,1.0
SAMOTAI-F-39,5,2,0,0,1,1,1,0,0,0,1,2,1,40,0,1,0,0.3875,13.2,2.89,6.32,1.0
SAMOTAI-F-39,5,0,0,0,0,0,1,1,1,1,2,5,0,40,0,0,0,0.0011,1000.0,998.8,12.07,1.0
SAMOTAI-F-39,5,3,2,0,1,1,0,0,1,1,2,6,0,30,1,1,2,0.6735,1.41,998.8,8.69,1.0
SAMOTAI-F-39,5,3,0,0,0,0,1,1,1,1,0,6,1,40,0,0,2,0.0003,1000.0,7.28,9.74,0.373
SAMOTAI-F-39,5,0,0,0,0,0,0,0,0,1,2,1,0,20,1,0,0,0.0614,1000.0,998.8,12.07,1.0
SAMOTAI-F-39,5,3,2,0,1,1,0,1,1,1,2,6,0,40,1,1,2,0.4635,0.0,998.8,8.69,1.0
SAMOTAI-F-39,5,0,0,0,0,0,1,1,1,1,2,0,0,40,0,0,0,0.0011,1000.0,998.8,12.07,1.0
SAMOTAI-F-39,5,2,1,0,0,0,1,1,0,1,2,6,0,40,1,1,0,0.4512,1000.0,998.8,5.61,1.0
SAMOTAI-F-100,5,2,0,0,0,1,1,1,0,0,0,6,0,30,0,0,0,1.5,1000.0,998.8,6.32,1.0
SAMOTAI-F-100,5,0,0,0,1,1,0,1,0,1,1,1,0,20,0,1,0,0.0614,5.23,998.8,12.07,1.0
SAMOTAI-F-100,5,3,3,0,1,1,0,0,0,0,0,1,1,20,0,0,2,0.0009,3.0,6.26,16.77,0.3564
SAMOTAI-F-100,5,1,3,0,0,1,0,1,0,1,1,4,0,30,0,1,0,0.451,1000.0,998.8,6.0,1.0
SAMOTAI-F-100,5,3,1,0,1,1,0,1,1,0,2,4,0,20,0,1,0,0.1147,0.0,998.8,8.76,0.6359
SAMOTAI-F-100,5,1,2,0,0,0,0,0,1,1,1,0,0,40,1,0,0,0.2611,1000.0,998.8,9.5,1.0
SAMOTAI-F-100,5,3,0,0,1,1,0,0,0,0,2,6,0,40,0,0,2,0.0021,0.0,998.8,9.74,0.3422
SAMOTAI-F-100,5,3,0,0,1,1,0,1,0,0,1,0,0,40,0,1,0,0.0179,0.0,998.8,6.28,0.418
SAMOTAI-F-100,5,3,1,0,1,0,0,1,0,0,1,6,0,40,1,1,0,0.0648,0.0,998.8,8.7,1.0
SAMOTAI-F-100,5,2,3,0,0,1,1,1,1,1,2,2,0,40,0,0,0,0.6321,1000.0,998.8,0.1,1.0
SAMOTAI-F-100,5,3,3,0,1,1,1,1,0,0,0,4,0,40,1,1,2,0.0006,4.93,998.8,19.76,0.2468
SAMOTAI-F-100,5,3,3,0,1,1,1,1,1,1,2,6,1,40,1,1,0,0.0064,0.0,2.83,14.45,0.2414
SAMOTAE-A,5,1,1,0,1,0,1,0,0,0,0,0,0,30,1,0,0,0.4236,20.14,998.8,10.15,1.0
SAMOTAE-A,5,1,3,0,0,1,0,1,0,0,0,6,0,30,1,1,0,0.4278,1000.0,998.8,6.0,1.0
SAMOTAE-A,5,1,1,0,1,0,0,0,0,1,2,4,1,20,0,1,0,0.3238,22.4,3.32,10.15,1.0
SAMOTAE-A,5,2,3,0,0,1,1,1,0,1,1,2,0,30,0,0,0,0.6321,1000.0,998.8,0.13,1.0
SAMOTAE-A,5,3,0,0,0,1,1,1,0,1,1,0,1,40,0,0,1,0.0,1000.0,3.86,6.28,0.257
SAMOTAE-A,5,3,1,0,1,1,1,0,1,0,0,1,1,20,0,1,2,0.2283,1.86,7.28,8.86,0.9014
SAMOTAE-A,5,2,3,0,0,1,0,1,1,0,0,6,0,30,1,1,0,0.6321,1000.0,998.8,0.14,1.0
SAMOTAE-A,5,3,2,0,1,1,0,1,1,1,0,6,1,30,0,1,2,0.3954,0.0,6.27,8.68,1.0
SAMOTAE-A,5,3,2,0,1,1,0,1,1,1,2,6,1,30,1,1,2,0.3975,0.0,6.28,8.69,1.0
SAMOTAE-A,5,2,0,0,1,0,0,0,1,0,1,6,1,40,1,1,0,0.5213,13.04,2.81,6.32,1.0
SAMOTAE-A,5,3,2,0,1,1,0,1,1,1,0,6,1,30,1,1,2,0.3764,3.59,6.28,8.69,1.0
SAMOTAE-A,5,3,2,0,1,1,0,1,1,1,2,0,1,40,1,1,2,0.4649,0.0,6.26,8.73,1.0
SAMOTAE-A,5,2,3,0,0,1,0,1,1,0,0,6,0,40,1,1,0,0.6321,1000.0,998.8,0.1,1.0
SAMOTAE-A,5,2,2,0,0,0,0,0,0,0,1,2,1,30,1,0,0,0.3096,1000.0,15.93,1.72,1.0
SAMOTAE-A,5,2,0,0,0,0,0,0,0,0,0,4,1,20,1,0,0,0.539,1000.0,2.77,6.3,1.0
SAMOTAE-A,5,2,3,0,1,1,1,0,0,0,0,0,0,40,0,1,0,0.6321,2.7,998.8,0.08,1.0
SAMOTAE-F,5,2,2,0,0,1,0,0,0,0,0,1,1,40,0,0,0,0.3196,1000.0,15.93,1.74,1.0
SAMOTAE-F,5,0,2,0,0,1,1,0,0,1,1,6,0,30,0,1,0,0.0438,1000.0,998.8,4.91,1.0
SAMOTAE-F,5,0,0,0,0,0,0,1,0,1,0,2,1,20,0,0,0,0.0599,1000.0,3.22,12.07,1.0
SAMOTAE-F,5,2,1,0,0,0,1,1,0,1,1,5,1,40,0,0,0,0.4827,1000.0,2.81,5.53,1.0
SAMOTAE-F,5,3,3,0,0,1,0,1,1,1,2,1,0,40,1,1,2,0.0,1000.0,998.8,15.24,0.3968
SAMOTAE-F,5,1,2,0,0,1,1,0,0,1,0,0,0,20,1,1,0,0.2823,1000.0,998.8,9.5,0.7635
SAMOTAE-F,5,3,0,0,1,0,1,1,0,1,0,1,1,40,0,0,0,0.018,0.0,3.86,6.28,0.418
SAMOTAE-F,5,3,3,0,1,1,1,1,1,1,2,6,1,40,1,1,2,0.0001,4.4,6.26,19.76,0.2681
SAMOTAE-F,5,3,3,0,1,0,0,1,0,0,2,6,0,40,0,0,0,0.0004,2.17,998.8,16.83,0.2015
SAMOTAE-F,5,3,3,0,1,1,0,1,1,1,2,0,0,40,1,1,2,0.0002,2.54,998.8,16.3,0.3686
SAMOTAE-F,5,0,3,0,1,0,0,0,1,0,0,1,0,20,0,1,0,0.1484,15.3,998.8,38.66,1.0
SAMOTAE-F,5,3,1,0,1,0,0,1,0,0,1,1,0,40,0,0,1,0.7885,0.0,998.8,4.24,1.0
SAMOTAE-F,5,3,1,0,1,1,0,1,0,0,1,6,1,20,0,0,2,0.1893,0.0,7.28,8.86,0.5769
MOSA-A,5,1,0,0,1,1,1,0,1,1,0,4,1,40,1,0,0,0.5902,0.0,3.08,6.42,1.0
MOSA-A,5,3,0,0,0,0,0,1,1,1,1,2,1,40,0,0,2,0.0003,1000.0,7.28,9.74,0.3847
MOSA-A,5,0,0,0,0,0,1,0,0,0,1,2,1,20,0,0,0,0.0643,1000.0,3.22,12.07,1.0
MOSA-A,5,0,3,0,0,0,1,0,1,0,1,2,1,20,0,0,0,0.1477,1000.0,4.74,38.66,1.0
MOSA-A,5,0,0,0,0,0,1,0,0,0,1,0,1,20,1,0,0,0.0676,1000.0,3.22,12.07,1.0
MOSA-A,5,0,2,0,1,1,1,1,1,1,0,4,1,40,1,0,0,0.1093,13.11,4.74,4.9,1.0
MOSA-A,5,1,0,0,1,1,1,0,1,1,1,3,1,20,1,0,0,0.3484,3.26,3.22,6.4,1.0
MOSA-F,5,0,2,0,1,0,0,1,1,1,1,2,0,20,0,0,0,0.0392,23.84,998.8,4.93,1.0
MOSA-F,5,3,1,0,0,0,0,0,0,1,2,2,1,20,0,0,2,0.2346,1000.0,7.28,8.86,1.0
MOSA-F,5,3,1,0,1,1,0,0,1,0,0,5,1,20,1,1,2,0.2335,1.74,7.28,8.86,0.825
MOSA-F,5,3,1,0,0,0,0,1,1,1,1,5,1,40,0,0,1,0.7032,1000.0,3.78,4.33,1.0
MOSA-F,5,3,3,0,1,0,1,0,0,0,0,2,1,40,1,0,2,0.0001,1.36,6.26,15.47,0.3905
FITEST-A,5,0,3,0,1,0,0,1,1,1,1,6,0,20,0,0,0,0.146,1.92,998.8,38.66,1.0
FITEST-A,5,3,0,0,1,0,0,1,0,0,1,0,0,40,0,0,0,0.0183,0.0,998.8,6.28,0.418
FITEST-A,5,1,1,0,1,0,0,0,0,0,0,2,1,20,0,1,0,0.3323,22.4,3.3,10.15,1.0
FITEST-A,5,2,0,0,1,0,1,1,1,0,1,5,0,20,1,1,0,0.48,15.79,998.8,6.3,1.0
FITEST-A,5,0,1,0,1,1,0,1,0,1,1,5,0,40,1,1,0,0.0048,3.67,998.8,40.18,1.0
FITEST-A,5,3,2,0,0,1,0,1,1,0,2,3,0,20,1,1,2,0.225,1000.0,998.8,8.71,1.0
FITEST-A,5,0,1,0,0,0,0,0,0,0,0,1,1,40,0,0,0,0.0047,1000.0,3.22,40.18,1.0
FITEST-A,5,2,0,0,0,0,1,1,1,0,1,5,0,40,1,0,0,0.3987,1000.0,998.8,6.32,1.0
FITEST-A,5,0,1,0,1,0,0,0,0,0,0,3,0,20,0,0,0,0.0522,36.29,998.8,40.18,1.0
FITEST-A,5,0,2,0,1,0,0,0,0,0,0,6,0,20,0,0,0,0.0392,32.11,998.8,4.93,1.0
FITEST-A,5,2,0,0,0,0,1,0,0,0,0,4,0,20,1,1,0,0.5498,1000.0,998.8,6.3,1.0
FITEST-A,5,0,3,0,0,0,0,0,0,1,0,6,0,30,0,0,0,0.1334,1000.0,998.8,38.66,1.0
FITEST-A,5,2,0,0,0,0,1,0,0,0,0,4,0,30,1,1,0,1.5,1000.0,998.8,6.32,1.0
FITEST-A,5,2,0,0,0,0,1,0,0,0,0,4,0,40,1,1,0,1.5,1000.0,998.8,6.32,1.0
FITEST-F,5,0,1,0,1,1,0,0,1,0,2,6,0,40,1,1,0,0.0044,12.97,998.8,40.18,1.0
FITEST-F,5,0,3,0,0,0,1,1,1,1,1,2,0,20,0,0,0,0.1496,1000.0,998.8,38.66,1.0
FITEST-F,5,3,2,0,1,1,1,0,0,0,0,4,1,20,1,1,1,0.0939,9.68,2.86,19.99,0.282
FITEST-F,5,1,0,0,0,0,1,1,0,0,1,0,1,40,1,0,0,0.4217,1000.0,3.22,6.43,1.0
FITEST-F,5,2,3,0,1,1,1,1,0,0,2,0,1,20,1,1,0,0.6321,26.49,4.77,0.06,1.0
FITEST-F,5,0,1,0,0,1,1,0,1,0,2,3,1,40,0,1,0,0.0047,1000.0,3.22,40.18,1.0
FITEST-F,5,0,0,0,0,0,1,1,0,0,1,0,1,40,1,0,0,0.0073,1000.0,3.22,12.07,1.0
FITEST-F,5,3,2,0,1,1,1,0,0,0,0,4,1,40,1,1,1,0.1571,2.52,2.82,13.35,0.3363
FITEST-F,5,1,0,0,0,1,1,1,0,0,1,0,1,30,1,0,0,0.4552,1000.0,3.22,6.42,1.0
FITEST-F,5,1,2,0,0,0,1,1,0,0,1,0,1,20,1,0,0,0.264,1000.0,8.22,9.5,0.8809
FITEST-F,5,1,3,0,1,1,1,1,0,0,1,0,1,20,1,1,0,0.4628,33.06,4.74,6.0,0.6558
RANDOM,5,1,1,0,1,0,1,1,1,0,1,1,1,20,1,1,0,0.3289,16.24,3.32,10.15,1.0
RANDOM,5,1,0,0,0,0,0,1,1,0,2,0,1,30,0,0,0,0.4098,1000.0,3.22,6.42,1.0
RANDOM,5,3,0,0,1,0,0,0,1,0,0,0,0,30,0,0,0,0.0011,0.0,998.8,6.28,0.4024
RANDOM,5,1,3,0,1,0,1,1,0,0,2,0,0,40,1,0,0,0.4305,0.0,998.8,6.0,1.0
RANDOM,5,3,3,0,0,0,0,0,1,1,0,4,1,30,1,0,1,0.0,1000.0,2.83,14.18,0.3582
RANDOM,5,3,3,0,0,0,1,0,0,0,0,0,1,30,1,1,0,0.0002,1000.0,2.83,14.18,0.246
RANDOM,5,2,0,0,1,0,0,0,0,0,2,4,1,20,1,1,0,0.5344,19.96,2.78,6.3,1.0
RANDOM,5,0,1,0,1,1,1,0,0,1,2,2,0,20,1,1,0,0.0393,35.15,998.8,40.18,1.0
RANDOM,5,3,3,0,0,0,1,1,0,1,1,1,0,30,1,0,1,0.0,1000.0,998.8,14.05,0.361
RANDOM,5,1,1,0,0,0,1,0,0,1,0,5,0,30,1,1,0,0.4236,1000.0,998.8,10.15,1.0
RANDOM,5,1,1,0,1,1,1,1,0,1,2,6,0,40,1,1,0,0.4521,7.66,998.8,10.15,1.0
RANDOM,5,1,3,0,1,0,1,0,0,1,0,4,0,30,1,0,0,0.4356,10.42,998.8,6.0,1.0
RANDOM,5,0,0,0,0,1,0,0,0,1,2,3,0,30,1,1,0,0.0171,1000.0,998.8,12.07,1.0
RANDOM,5,3,2,0,1,0,0,1,1,0,2,5,0,30,1,0,2,0.3945,0.0,998.8,8.69,1.0
RANDOM,5,1,0,0,0,0,1,1,0,1,1,0,1,20,1,1,0,0.3526,1000.0,3.22,6.4,1.0
RANDOM,5,1,0,0,0,0,1,1,1,1,1,0,0,20,0,0,0,0.3618,1000.0,998.8,6.4,1.0
RANDOM,5,0,0,0,1,0,1,1,0,0,0,6,1,40,1,1,0,0.2727,0.0,2.96,12.07,1.0
CART-A-39,6,3,0,0,1,0,0,1,0,1,1,1,1,40,1,1,1,0.0182,0.0,3.86,6.28,0.2606
CART-A-39,6,3,3,0,1,1,0,0,0,1,2,5,1,20,0,1,1,0.0007,2.11,2.83,16.85,0.3021
CART-A-39,6,3,0,0,1,0,1,1,1,0,1,2,1,30,0,0,1,0.0,0.67,3.86,6.28,0.2495
CART-A-39,6,2,2,0,0,1,0,0,0,0,0,3,1,20,1,1,0,0.2727,1000.0,15.93,1.69,1.0
CART-A-39,6,2,0,0,1,0,1,1,1,1,1,5,1,20,1,1,0,0.5451,15.25,2.78,6.3,1.0
CART-A-39,6,2,3,0,1,1,0,0,1,0,0,5,1,30,0,0,0,0.6321,14.6,4.76,0.15,1.0
CART-A-39,6,2,1,0,1,1,1,1,1,1,1,3,0,30,0,1,0,0.4245,1.07,998.8,5.43,1.0
CART-A-39,6,2,0,0,0,0,0,0,0,0,0,3,1,20,1,1,0,0.539,1000.0,2.77,6.3,1.0
CART-A-39,6,2,2,0,1,1,0,0,1,0,0,5,1,30,0,0,0,0.423,1.68,15.93,1.72,1.0
CART-A-39,6,2,3,0,1,0,0,1,1,0,2,0,1,30,1,0,0,0.6321,0.0,4.76,0.13,1.0
CART-A-39,6,2,1,0,0,0,0,0,0,0,0,3,1,20,1,1,0,0.438,1000.0,2.84,5.54,1.0
CART-A-39,6,2,1,0,0,0,0,1,1,0,2,0,1,30,1,0,0,0.4813,1000.0,2.79,5.59,1.0
CART-A-39,6,2,0,0,0,0,0,0,1,0,0,5,1,30,0,0,0,0.5204,1000.0,2.76,6.32,1.0
CART-A-39,6,2,3,0,1,1,1,1,1,1,2,2,0,20,0,0,0,0.6321,28.05,998.8,0.06,1.0
CART-A-39,6,2,2,0,1,1,0,0,0,0,0,3,1,20,1,1,0,0.2664,32.75,15.93,1.69,1.0
CART-A-39,6,2,0,0,1,0,0,1,1,0,2,0,1,30,1,0,0,0.5204,7.59,2.76,6.32,1.0
CART-A-39,6,3,1,0,0,0,1,1,0,0,1,1,1,40,1,0,2,0.4036,1000.0,7.25,8.85,1.0
CART-A-39,6,1,0,0,1,0,0,0,0,0,0,3,1,20,1,1,0,0.3493,2.32,3.22,6.4,1.0
CART-A-100,6,3,0,0,1,0,0,1,0,1,1,1,1,40,1,1,0,0.0182,0.0,3.86,6.28,0.418
CART-A-100,6,3,1,0,1,0,1,1,0,0,1,1,1,40,0,0,0,0.0631,0.0,7.25,8.71,1.0
CART-A-100,6,3,2,0,1,0,1,0,1,0,0,2,1,40,1,0,0,0.2563,3.43,2.83,14.32,0.3537
CART-A-100,6,1,1,0,1,0,1,1,0,0,1,1,1,40,0,1,0,0.4586,7.54,3.34,10.15,1.0
CART-A-100,6,2,0,0,1,0,0,0,0,1,2,4,1,20,1,1,0,0.55,19.96,2.77,6.3,1.0
CART-A-100,6,1,1,0,0,1,0,0,0,1,2,6,1,30,1,0,0,0.4236,1000.0,3.35,10.15,1.0
CART-A-100,6,1,2,0,1,0,0,1,1,0,2,1,0,20,1,0,0,0.26,18.9,998.8,9.5,0.9321
CART-A-100,6,3,1,0,0,0,0,1,0,1,1,1,1,40,0,0,0,0.082,1000.0,7.25,8.73,1.0
CART-A-100,6,1,0,0,1,0,0,0,1,1,2,4,1,20,1,0,0,0.349,2.54,3.22,6.4,1.0
CART-A-100,6,2,0,0,0,0,0,0,1,0,2,4,1,20,1,0,0,0.539,1000.0,2.77,6.3,1.0
CART-A-100,6,0,2,0,0,1,1,1,0,1,2,6,0,20,0,0,0,0.0392,1000.0,998.8,4.93,1.0
CART-A-100,6,2,1,0,1,0,1,1,0,0,1,1,1,40,0,0,0,0.4891,0.0,2.78,5.52,1.0
CART-A-100,6,1,0,0,0,0,0,0,0,0,2,4,1,20,1,0,0,0.3526,1000.0,3.22,6.4,1.0
CART-A-100,6,3,0,0,1,0,0,0,1,0,2,4,1,20,1,1,0,0.0,2.09,3.86,6.28,0.389
CART-A-100,6,2,1,0,0,1,0,1,1,1,0,3,0,30,0,1,0,1.5,1000.0,998.8,5.62,1.0
CART-A-100,6,1,1,0,1,0,1,1,1,0,1,1,1,40,0,1,0,0.4599,7.68,3.32,10.15,1.0
CART-A-100,6,2,0,0,1,0,0,0,0,1,2,4,1,20,1,0,0,0.5501,19.96,2.77,6.3,1.0
CART-A-100,6,1,0,0,1,0,0,0,0,0,2,4,1,20,1,1,0,0.3448,3.01,3.22,6.4,1.0
SAMOTAI-A-39,6,3,1,0,0,0,0,1,1,1,2,3,1,40,1,0,1,0.7844,1000.0,3.79,4.29,1.0
SAMOTAI-A-39,6,0,3,0,0,1,0,1,0,1,0,5,0,40,0,1,0,0.1334,1000.0,998.8,38.66,1.0
SAMOTAI-A-39,6,1,0,0,1,1,0,0,0,1,0,6,0,40,1,1,0,0.6222,0.0,998.8,6.43,1.0
SAMOTAI-A-39,6,3,3,0,1,1,1,0,0,0,1,0,0,40,1,1,1,0.0035,0.0,998.8,16.02,0.3203
SAMOTAI-A-39,6,2,0,0,0,0,0,1,1,0,0,0,1,30,0,0,0,0.5204,1000.0,2.76,6.32,1.0
SAMOTAI-A-39,6,0,3,0,1,0,1,1,1,0,2,0,0,30,0,0,0,0.1334,0.0,998.8,38.66,1.0
SAMOTAI-A-39,6,3,0,0,0,0,0,1,1,1,2,6,0,40,0,0,2,0.0005,1000.0,998.8,9.74,0.3832
SAMOTAI-A-39,6,3,3,0,1,1,1,1,1,1,2,6,1,40,1,1,0,0.002,0.0,2.83,14.4,0.2422
SAMOTAI-A-39,6,3,3,0,1,0,1,1,1,1,2,6,1,40,1,1,2,0.0008,1.76,6.26,18.58,0.3094
SAMOTAI-A-39,6,1,2,0,0,0,1,0,0,1,2,1,1,30,1,0,0,0.2491,1000.0,8.22,9.5,1.0
SAMOTAI-A-39,6,3,0,0,1,1,1,1,1,1,2,6,1,40,1,1,2,0.0185,0.0,7.28,9.74,0.3602
SAMOTAI-A-39,6,2,2,0,0,0,0,0,0,0,1,2,1,20,1,0,0,0.2726,1000.0,15.93,1.69,1.0
SAMOTAI-A-39,6,2,0,0,0,0,0,0,1,0,0,4,1,20,1,0,0,0.539,1000.0,2.77,6.3,1.0
SAMOTAI-A-39,6,2,2,0,1,1,1,0,0,0,1,0,0,30,0,1,0,0.4173,1.95,998.8,1.72,1.0
SAMOTAI-A-100,6,1,1,0,1,0,0,1,0,1,2,6,0,20,0,1,0,0.3095,17.19,998.8,10.15,1.0
SAMOTAI-A-100,6,3,2,0,0,1,0,1,0,0,0,1,1,30,1,0,0,0.0939,1000.0,2.84,18.68,0.3
SAMOTAI-A-100,6,1,1,0,1,0,0,0,1,1,0,6,0,40,1,1,0,0.4521,15.23,998.8,10.15,1.0
SAMOTAI-A-100,6,0,3,0,1,0,0,1,1,0,1,1,0,40,1,1,0,0.1334,0.0,998.8,38.66,1.0
SAMOTAI-A-100,6,2,0,0,1,1,1,0,0,1,0,0,0,40,1,0,0,0.4635,13.11,998.8,6.32,1.0
SAMOTAI-A-100,6,1,3,0,0,1,0,0,1,0,0,6,0,30,1,0,0,0.4318,1000.0,998.8,6.0,1.0
SAMOTAI-A-100,6,3,0,0,1,1,0,1,1,0,2,6,0,40,0,1,2,0.0209,0.0,998.8,9.74,0.3604
SAMOTAI-A-100,6,3,3,0,1,1,1,1,1,1,2,6,1,40,1,1,0,0.0062,0.0,2.83,14.44,0.2416
SAMOTAI-A-100,6,3,3,0,1,0,0,1,1,1,2,6,0,40,0,0,0,0.0031,0.0,998.8,14.46,0.2411
SAMOTAI-A-100,6,3,0,0,1,0,1,1,1,1,2,6,1,40,1,1,0,0.0225,0.0,3.86,6.28,0.4208
SAMOTAI-A-100,6,3,0,0,1,1,1,1,1,1,0,2,0,30,0,0,0,0.0,0.62,998.8,6.28,0.3942
SAMOTAI-A-100,6,3,2,0,1,1,0,1,1,1,1,2,0,30,0,0,0,0.1257,1.39,998.8,18.1,0.3071
CART-F-39,6,3,2,0,1,1,0,1,0,1,1,1,1,40,1,1,1,0.0665,0.0,2.82,18.0,0.3003
CART-F-39,6,3,1,0,1,0,0,0,0,1,2,5,1,20,0,1,1,0.468,2.79,3.83,4.55,1.0
CART-F-39,6,3,1,0,1,0,1,1,1,0,1,2,1,30,0,0,1,0.5642,0.0,3.81,4.42,1.0
CART-F-39,6,3,3,0,0,0,0,1,0,1,1,4,0,20,0,1,2,0.0,1000.0,998.8,16.21,0.3709
CART-F-39,6,3,0,0,1,0,0,1,0,1,1,1,1,40,1,1,1,0.0182,0.0,3.86,6.28,0.2606
CART-F-39,6,3,0,0,1,0,0,0,0,1,2,5,1,20,0,1,1,0.0001,1.9,3.86,6.28,0.2505
CART-F-39,6,3,2,0,1,0,1,1,1,0,1,2,1,30,0,0,1,0.0924,0.43,2.84,16.7,0.3111
CART-F-39,6,3,3,0,0,0,1,0,0,1,0,3,1,30,0,0,2,0.0,1000.0,6.26,15.94,0.378
CART-F-39,6,2,1,0,1,0,0,1,0,1,1,1,1,40,1,1,0,0.4718,0.0,2.91,5.5,1.0
CART-F-39,6,3,1,0,1,0,0,1,0,1,1,1,1,40,1,1,1,0.8575,0.0,3.78,4.21,1.0
CART-F-39,6,0,0,0,0,1,0,0,0,0,1,5,0,30,1,1,0,0.0171,1000.0,998.8,12.07,1.0
CART-F-100,6,3,0,0,1,0,0,1,1,1,1,1,1,40,1,1,0,0.0182,0.0,3.86,6.28,0.418
CART-F-100,6,3,1,0,1,0,1,1,0,0,1,1,1,40,0,0,0,0.0671,0.0,7.25,8.71,0.855
CART-F-100,6,3,2,0,1,0,1,0,0,0,0,2,1,40,1,0,0,0.1035,4.48,2.82,15.21,0.3421
CART-F-100,6,3,2,0,0,1,1,1,0,1,2,5,0,40,1,0,2,0.4335,1000.0,998.8,8.67,1.0
CART-F-100,6,3,0,0,1,0,0,1,0,1,1,1,1,40,1,1,0,0.0182,0.0,3.86,6.28,0.418
CART-F-100,6,3,1,0,1,0,1,1,0,0,1,1,1,40,0,1,0,0.0654,0.0,7.24,8.7,1.0
CART-F-100,6,3,2,0,1,0,1,0,0,0,0,2,1,40,1,1,0,0.1475,2.57,2.82,5.1,1.0
CART-F-100,6,2,3,0,0,0,1,0,1,0,1,2,0,40,0,0,0,0.6321,1000.0,998.8,0.11,1.0
CART-F-100,6,3,0,0,1,0,0,1,0,1,1,1,1,40,1,0,0,0.0182,0.0,3.86,6.28,0.418
CART-F-100,6,3,1,0,1,0,1,1,1,0,1,1,1,40,0,0,0,0.0779,0.0,7.25,8.73,1.0
SAMOTAI-F-39,6,1,3,0,1,1,0,1,0,0,1,6,0,30,1,0,0,0.4682,0.49,998.8,6.0,1.0
SAMOTAI-F-39,6,0,1,0,1,0,0,0,1,1,0,0,1,20,1,0,0,0.0429,33.96,3.25,40.18,1.0
SAMOTAI-F-39,6,3,0,0,0,0,1,0,1,0,0,5,0,40,0,0,0,0.0,1000.0,998.8,6.28,0.4083
SAMOTAI-F-39,6,0,1,0,1,0,1,0,1,1,2,4,0,40,0,1,0,0.0244,16.95,998.8,40.18,1.0
SAMOTAI-F-39,6,3,3,0,0,1,0,1,0,0,1,1,0,30,1,0,0,0.0003,1000.0,998.8,13.57,0.2566
SAMOTAI-F-39,6,0,0,0,0,0,0,1,0,1,1,5,0,20,0,1,0,0.0614,1000.0,998.8,12.07,1.0
SAMOTAI-F-39,6,0,3,0,1,1,0,0,1,1,0,6,0,40,0,0,0,0.1336,0.0,998.8,38.66,1.0
SAMOTAI-F-39,6,2,0,0,1,0,0,1,1,1,2,6,0,40,0,0,0,0.4949,6.02,998.8,6.32,1.0
SAMOTAI-F-39,6,1,1,0,0,0,1,0,0,0,0,2,0,30,1,0,0,0.4236,1000.0,998.8,10.15,1.0
SAMOTAI-F-39,6,2,0,0,0,0,1,1,1,1,2,6,0,40,0,0,0,0.5212,1000.0,998.8,6.32,1.0
SAMOTAI-F-39,6,3,3,0,1,1,1,0,1,1,2,6,1,40,0,0,2,0.0007,0.0,6.26,15.36,0.3937
SAMOTAI-F-39,6,3,3,0,1,0,1,0,1,0,0,6,1,40,1,0,2,0.0002,1.43,6.26,15.52,0.3891
SAMOTAI-F-39,6,1,2,0,1,1,0,1,1,1,0,6,1,40,0,0,0,0.2951,0.0,8.22,9.5,1.0
SAMOTAI-F-39,6,3,3,0,1,1,1,1,1,1,2,6,1,40,0,0,2,0.0001,4.7,6.26,19.24,0.2921
SAMOTAI-F-39,6,2,0,0,0,0,1,1,1,1,2,1,0,40,0,0,0,0.5212,1000.0,998.8,6.32,1.0
SAMOTAI-F-39,6,3,2,0,0,1,0,1,1,0,2,2,1,40,0,1,2,0.3817,1000.0,6.26,8.71,1.0
SAMOTAI-F-100,6,0,2,0,1,1,1,0,0,1,0,6,0,20,0,1,0,0.0402,32.53,998.8,4.93,1.0
SAMOTAI-F-100,6,1,1,0,0,1,1,1,1,0,0,0,1,40,1,1,0,0.4521,1000.0,3.32,10.15,1.0
SAMOTAI-F-100,6,3,0,0,1,1,0,0,1,1,1,2,0,20,1,0,0,0.0,1.75,998.8,6.28,0.3936
SAMOTAI-F-100,6,1,2,0,1,0,0,1,1,1,0,3,1,30,1,1,0,0.2829,3.45,8.22,9.5,1.0
SAMOTAI-F-100,6,3,3,0,0,1,0,0,1,1,1,6,0,40,0,0,1,0.0001,1000.0,998.8,13.56,0.3711
SAMOTAI-F-100,6,3,0,0,1,1,0,1,0,1,0,6,1,30,0,0,2,0.007,0.0,7.28,9.74,0.36
SAMOTAI-F-100,6,2,0,0,1,1,0,1,0,0,2,6,0,40,0,0,0,0.4034,5.83,998.8,6.32,1.0
SAMOTAI-F-100,6,0,0,0,0,0,0,0,1,0,2,6,1,40,1,1,0,0.0011,1000.0,3.22,12.07,1.0
SAMOTAI-F-100,6,1,1,0,1,0,0,1,1,0,2,2,0,40,1,1,0,0.4521,7.66,998.8,10.15,1.0
SAMOTAI-F-100,6,2,3,0,1,0,1,1,1,1,2,3,0,40,1,0,0,0.6321,0.0,998.8,0.1,1.0
SAMOTAI-F-100,6,3,3,0,1,1,1,1,0,0,0,3,0,40,0,0,2,0.0007,4.58,998.8,19.76,0.2636
SAMOTAI-F-100,6,3,3,0,1,1,1,1,1,1,2,6,1,40,1,1,0,0.0064,0.0,2.83,14.45,0.2414
SAMOTAI-F-100,6,0,0,0,0,1,0,1,1,0,0,5,0,20,0,1,0,0.0614,1000.0,998.8,12.07,1.0
SAMOTAI-F-100,6,1,1,0,1,0,0,1,1,0,2,3,1,40,0,0,0,0.4535,7.96,3.34,10.15,1.0
SAMOTAI-F-100,6,3,3,0,1,0,1,1,0,1,1,3,1,40,0,0,2,0.0001,3.59,6.26,19.3,0.2906
SAMOTAE-A,6,2,3,0,0,1,1,1,0,0,1,3,0,20,0,0,0,0.6321,1000.0,998.8,0.06,1.0
SAMOTAE-A,6,0,0,0,0,0,0,0,1,0,0,0,0,30,1,0,0,0.0171,1000.0,998.8,12.07,1.0
SAMOTAE-A,6,0,0,0,0,1,1,0,0,0,1,6,1,30,1,1,0,0.0171,1000.0,3.22,12.07,1.0
SAMOTAE-A,6,0,0,0,1,1,0,1,1,1,1,3,1,20,0,1,0,0.0614,5.51,3.22,12.07,1.0
SAMOTAE-A,6,2,2,0,0,0,1,0,1,1,1,5,0,30,1,0,0,0.3096,1000.0,998.8,1.72,1.0
SAMOTAE-A,6,2,0,0,1,1,1,1,0,0,1,6,1,40,1,0,0,0.4154,5.92,2.87,6.32,1.0
SAMOTAE-A,6,3,1,0,1,1,1,1,0,0,2,6,1,40,1,0,2,0.3079,0.0,7.25,8.85,0.619
SAMOTAE-A,6,3,3,0,1,1,1,1,1,1,2,6,1,40,1,1,2,0.0001,2.73,6.26,19.61,0.2827
SAMOTAE-A,6,3,3,0,0,0,1,1,1,1,2,6,0,40,1,1,2,0.0001,1000.0,998.8,15.43,0.3914
SAMOTAE-A,6,3,3,0,0,0,1,0,1,1,2,6,1,40,1,1,2,0.0001,1000.0,6.26,15.28,0.3957
SAMOTAE-A,6,3,3,0,0,0,1,0,1,1,2,6,0,40,1,1,2,0.0001,1000.0,998.8,15.43,0.3914
SAMOTAE-A,6,3,3,0,1,0,0,1,0,1,2,0,0,40,1,1,1,0.0017,0.0,998.8,14.39,0.3541
SAMOTAE-A,6,0,0,0,1,0,0,1,0,1,1,5,0,40,1,1,0,0.0273,0.0,998.8,12.07,1.0
SAMOTAE-A,6,3,3,0,0,1,1,1,1,1,2,6,0,40,1,1,2,0.0,1000.0,998.8,14.76,0.4096
SAMOTAE-F,6,0,2,0,1,0,0,1,1,0,0,4,1,20,1,1,0,0.0402,23.84,4.77,4.93,1.0
SAMOTAE-F,6,3,1,0,1,1,1,0,1,0,2,2,1,30,1,0,2,0.2649,0.0,7.27,8.84,0.5876
SAMOTAE-F,6,1,0,0,1,1,1,0,0,1,0,5,0,30,1,0,0,0.4589,1.38,998.8,6.42,1.0
SAMOTAE-F,6,1,3,0,0,0,0,0,0,1,0,0,0,30,1,0,0,0.399,1000.0,998.8,6.0,1.0
SAMOTAE-F,6,2,1,0,0,1,0,1,1,1,2,3,1,40,0,1,0,0.4718,1000.0,2.91,5.18,1.0
SAMOTAE-F,6,0,3,0,1,1,1,0,1,1,0,6,0,40,1,0,0,0.1337,0.0,998.8,38.66,1.0
SAMOTAE-F,6,2,3,0,0,0,0,0,1,0,2,1,1,30,1,1,0,0.6321,1000.0,4.76,0.14,1.0
SAMOTAE-F,6,3,2,0,1,1,1,0,1,0,2,1,1,20,1,0,2,0.2257,5.93,6.29,8.69,1.0
SAMOTAE-F,6,3,3,0,1,1,1,1,1,1,2,6,1,40,1,1,2,0.0001,4.4,6.26,19.76,0.2681
SAMOTAE-F,6,3,1,0,1,1,1,0,1,0,2,1,1,20,1,0,2,0.1023,1.86,7.29,12.82,0.4738
SAMOTAE-F,6,3,3,0,0,0,1,1,1,1,2,6,1,40,1,1,2,0.0001,1000.0,6.26,15.23,0.3968
SAMOTAE-F,6,3,0,0,0,1,1,0,1,0,2,1,1,40,1,0,2,0.0003,1000.0,7.28,9.74,0.3843
SAMOTAE-F,6,2,3,0,0,0,0,1,1,1,2,6,1,40,0,1,0,0.6321,1000.0,4.75,0.1,1.0
MOSA-A,6,1,1,0,0,1,0,0,0,1,0,2,0,30,0,0,0,0.4236,1000.0,998.8,10.15,1.0
MOSA-A,6,3,3,0,0,0,0,0,1,1,1,4,1,40,1,1,1,0.0,1000.0,2.83,13.32,0.3758
MOSA-A,6,3,3,0,1,1,0,1,0,0,2,5,1,30,0,0,0,0.0005,2.19,2.83,16.88,0.2008
MOSA-A,6,0,0,0,1,1,1,1,1,1,2,2,1,30,0,0,0,0.0208,0.0,3.22,12.07,1.0
MOSA-A,6,3,3,0,1,1,0,1,0,0,2,0,1,30,1,1,1,0.0029,0.0,2.83,14.46,0.3529
MOSA-A,6,0,3,0,0,1,0,1,0,0,0,5,1,30,0,0,0,0.1334,1000.0,4.74,38.66,1.0
MOSA-A,6,1,1,0,0,1,0,1,0,0,0,0,1,40,0,1,0,0.4521,1000.0,3.32,10.15,1.0
MOSA-A,6,3,3,0,1,1,0,0,0,1,0,2,0,30,0,0,2,0.0,2.0,998.8,15.97,0.3772
MOSA-F,6,2,0,0,1,0,0,1,1,1,1,3,0,20,1,0,0,0.5052,15.01,998.8,6.3,1.0
MOSA-F,6,3,3,0,1,0,0,1,1,0,0,1,0,30,0,0,0,0.0003,0.0,998.8,14.4,0.2422
MOSA-F,6,0,3,0,0,0,1,1,0,0,1,2,1,30,0,0,0,0.1334,1000.0,4.74,38.66,1.0
MOSA-F,6,2,0,0,0,0,0,1,1,1,1,3,0,20,1,0,0,0.539,1000.0,998.8,6.3,1.0
MOSA-F,6,0,1,0,0,0,1,1,0,0,1,2,1,30,1,0,0,0.0098,1000.0,3.23,40.18,1.0
MOSA-F,6,2,0,0,1,0,0,1,1,1,1,0,0,20,0,0,0,0.5351,15.21,998.8,6.3,1.0
MOSA-F,6,0,3,0,0,0,0,0,0,0,0,3,0,20,1,0,0,0.1496,1000.0,998.8,38.66,1.0
MOSA-F,6,2,0,0,1,0,0,1,1,1,1,2,1,30,0,0,0,0.498,7.76,2.78,6.31,1.0
MOSA-F,6,2,0,0,1,0,0,1,1,1,2,3,0,20,1,0,0,0.539,15.21,998.8,6.3,1.0
FITEST-A,6,0,0,0,0,0,1,1,0,0,2,4,0,40,1,1,0,0.0011,1000.0,998.8,12.07,1.0
FITEST-A,6,3,3,0,1,1,1,1,0,1,1,3,0,40,0,1,2,0.0,4.36,998.8,18.72,0.3057
FITEST-A,6,0,2,0,1,1,0,1,1,1,0,0,0,30,1,0,0,0.0438,16.61,998.8,4.91,1.0
FITEST-A,6,0,3,0,1,0,1,1,1,1,2,6,0,30,0,0,0,0.1334,0.0,998.8,38.66,1.0
FITEST-A,6,2,0,0,1,1,1,1,0,1,0,4,1,20,0,1,0,0.53,15.21,2.76,6.3,1.0
FITEST-A,6,3,0,0,0,0,1,0,0,1,2,6,0,40,1,0,1,0.0,1000.0,998.8,6.28,0.2606
FITEST-A,6,1,2,0,1,1,0,1,1,1,0,0,0,30,1,0,0,0.2725,3.55,998.8,9.5,1.0
FITEST-A,6,0,0,0,0,0,1,1,0,0,2,5,0,40,1,1,0,0.0011,1000.0,998.8,12.07,1.0
FITEST-A,6,0,2,0,1,1,0,1,1,1,0,0,0,20,1,0,0,0.0392,23.84,998.8,4.93,1.0
FITEST-A,6,1,0,0,0,0,0,0,0,0,0,5,0,30,0,0,0,0.4098,1000.0,998.8,6.42,1.0
FITEST-A,6,1,0,0,0,0,0,0,0,0,0,5,0,40,0,0,0,0.4216,1000.0,998.8,6.43,1.0
FITEST-A,6,2,0,0,1,1,1,1,1,1,2,4,1,20,0,1,0,0.539,15.21,2.77,6.3,1.0
FITEST-A,6,0,0,0,1,1,1,1,1,1,2,4,1,20,0,1,0,0.0613,4.69,3.22,12.07,1.0
FITEST-F,6,1,3,0,1,0,0,0,0,0,2,4,1,40,1,1,0,0.344,5.39,4.74,6.0,1.0
FITEST-F,6,3,0,0,0,1,1,0,0,0,2,5,1,20,1,1,0,0.0,1000.0,3.86,6.28,0.3804
FITEST-F,6,0,0,0,1,1,0,0,1,1,1,2,0,30,1,0,0,0.0208,2.05,998.8,12.07,1.0
FITEST-F,6,2,1,0,1,1,1,1,1,1,0,0,0,40,0,1,0,0.4928,0.0,998.8,5.56,1.0
FITEST-F,6,3,2,0,1,0,1,0,1,1,2,2,0,30,0,1,2,0.5178,1.47,998.8,8.69,1.0
FITEST-F,6,3,2,0,1,1,0,0,1,0,0,5,0,40,0,0,2,0.436,1.97,998.8,8.65,1.0
FITEST-F,6,3,0,0,0,1,1,0,0,0,2,5,1,40,1,1,0,0.0,1000.0,3.86,6.28,0.418
FITEST-F,6,3,2,0,1,1,1,0,1,0,1,5,0,40,0,0,2,0.4663,0.0,998.8,8.74,1.0
FITEST-F,6,2,0,0,0,1,1,0,0,0,0,0,0,30,0,1,0,0.5257,1000.0,998.8,6.32,1.0
FITEST-F,6,2,0,0,0,1,1,0,0,0,1,4,0,20,0,1,0,0.5117,1000.0,998.8,6.3,1.0
FITEST-F,6,1,2,0,0,0,0,0,0,0,1,4,0,30,0,1,0,0.2674,1000.0,998.8,9.5,1.0
FITEST-F,6,1,0,0,0,0,0,0,0,0,1,4,0,20,0,1,0,0.3526,1000.0,998.8,6.4,1.0
RANDOM,6,2,2,0,0,1,0,1,1,1,2,4,1,30,0,1,0,0.2988,1000.0,15.93,1.72,1.0
RANDOM,6,1,2,0,1,0,0,0,0,1,2,3,0,30,0,0,0,0.2812,10.53,998.8,9.5,1.0
RANDOM,6,1,0,0,0,1,1,0,1,0,0,1,1,30,1,0,0,0.4098,1000.0,3.22,6.42,1.0
RANDOM,6,3,2,0,0,1,0,1,0,1,0,2,1,30,0,1,1,0.1047,1000.0,2.84,18.1,0.2989
RANDOM,6,0,0,0,1,0,0,1,1,1,2,5,1,30,1,1,0,0.0227,0.0,3.22,12.07,1.0
RANDOM,6,3,2,0,1,0,0,1,0,1,1,4,0,20,1,0,2,0.0877,5.9,998.8,15.62,0.4192
RANDOM,6,2,3,0,0,1,1,1,0,1,2,2,1,40,1,0,0,0.6321,1000.0,4.75,0.08,1.0
RANDOM,6,2,2,0,0,0,0,0,1,0,0,6,0,20,0,0,0,0.2737,1000.0,998.8,1.69,1.0
RANDOM,6,1,1,0,0,0,1,1,1,1,1,0,0,30,1,0,0,0.4236,1000.0,998.8,10.15,1.0
RANDOM,6,0,2,0,0,1,0,1,0,1,2,1,1,20,1,0,0,0.0392,1000.0,4.77,4.93,1.0
RANDOM,6,0,0,0,0,1,1,0,1,1,2,2,1,30,0,0,0,0.0171,1000.0,3.22,12.07,1.0
RANDOM,6,2,2,0,1,1,0,0,0,0,1,2,0,30,0,1,0,0.342,1.94,998.8,1.72,1.0
RANDOM,6,1,0,0,1,0,0,0,1,1,1,1,0,20,0,0,0,0.3536,3.39,998.8,6.4,1.0
RANDOM,6,0,2,0,1,0,0,1,0,1,0,4,1,40,0,1,0,0.0883,13.14,4.74,4.9,1.0
RANDOM,6,3,0,0,0,1,0,1,1,1,0,5,0,40,0,0,0,0.0,1000.0,998.8,6.28,0.4083
RANDOM,6,3,3,0,0,1,1,1,0,0,2,0,0,20,0,0,0,0.0008,1000.0,998.8,14.39,0.2424
RANDOM,6,2,0,0,0,0,0,1,1,1,2,4,1,30,1,0,0,0.5204,1000.0,2.76,6.32,1.0
CART-A-39,7,3,3,0,1,1,0,1,0,1,1,1,1,40,1,1,1,0.0001,1.91,2.83,17.83,0.2807
CART-A-39,7,3,0,0,1,0,0,0,0,1,2,5,1,20,0,1,1,0.0,2.61,3.86,6.28,0.2462
CART-A-39,7,3,0,0,1,0,1,1,1,0,1,2,1,30,0,0,1,0.0,0.67,3.86,6.28,0.2495
CART-A-39,7,2,0,0,1,0,0,0,1,0,0,5,1,30,0,0,0,0.5204,15.58,2.76,6.32,1.0
CART-A-39,7,1,3,0,1,0,1,1,0,1,1,1,1,30,0,1,0,0.3795,0.0,4.74,6.0,1.0
CART-A-39,7,2,1,0,1,0,0,0,0,0,0,3,1,20,1,1,0,0.438,16.31,2.84,5.47,1.0
CART-A-39,7,2,0,0,0,0,0,0,0,0,0,3,1,20,1,1,0,0.539,1000.0,2.77,6.3,1.0
CART-A-39,7,2,1,0,0,0,1,1,1,1,1,5,1,20,1,1,0,0.3885,1000.0,2.87,5.38,1.0
CART-A-39,7,3,2,0,1,0,1,0,1,1,2,4,0,30,0,1,0,0.1265,7.33,998.8,17.99,0.3085
CART-A-39,7,1,0,0,1,0,0,0,0,0,0,3,1,20,1,1,0,0.3493,2.32,3.22,6.4,1.0
CART-A-39,7,1,3,0,1,0,1,1,1,1,1,5,1,20,1,1,0,0.4629,22.2,4.74,6.0,0.9078
CART-A-39,7,2,0,0,1,0,0,0,0,0,0,3,1,20,1,1,0,0.5312,19.96,2.78,6.3,1.0
CART-A-39,7,0,1,0,0,0,1,1,0,1,1,2,1,30,1,0,0,0.0098,1000.0,3.23,40.18,1.0
CART-A-39,7,2,0,0,0,0,1,1,1,1,1,5,1,20,1,1,0,0.5348,1000.0,2.79,6.3,1.0
CART-A-39,7,1,1,0,1,1,1,1,0,0,2,4,1,30,1,1,0,0.4559,9.72,3.36,10.15,1.0
CART-A-39,7,1,1,0,1,0,0,0,0,0,0,3,1,20,1,1,0,0.3289,22.36,3.32,10.15,1.0
CART-A-39,7,0,2,0,1,0,1,1,1,1,1,5,1,20,1,1,0,0.0402,23.83,4.77,4.93,1.0
CART-A-100,7,3,0,0,1,0,0,1,0,1,1,1,1,40,1,1,0,0.0182,0.0,3.86,6.28,0.418
CART-A-100,7,3,1,0,1,0,1,1,0,0,1,1,1,40,0,0,0,0.0631,0.0,7.25,8.71,1.0
CART-A-100,7,3,2,0,1,0,1,0,1,0,0,2,1,40,1,0,0,0.2563,3.43,2.83,14.32,0.3537
CART-A-100,7,1,1,0,1,0,1,1,0,1,1,1,1,40,0,1,0,0.4586,7.54,3.34,10.15,1.0
CART-A-100,7,2,0,0,1,0,0,0,1,0,2,4,1,20,1,1,0,0.549,20.48,2.78,6.3,1.0
CART-A-100,7,0,1,0,1,1,0,0,1,0,2,6,1,30,1,0,0,0.0193,18.66,3.23,40.18,1.0
CART-A-100,7,0,1,0,1,1,0,1,0,0,2,0,1,20,0,0,0,0.037,22.41,3.25,40.18,1.0
CART-A-100,7,2,1,0,1,0,1,1,1,1,1,1,1,40,0,0,0,0.478,0.0,2.8,5.5,1.0
CART-A-100,7,2,0,0,1,0,0,0,1,1,2,4,1,20,1,1,0,0.5458,20.48,2.77,6.3,1.0
CART-A-100,7,1,1,0,0,1,0,0,0,1,2,6,1,30,1,0,0,0.4236,1000.0,3.35,10.15,1.0
CART-A-100,7,0,0,0,0,1,0,0,0,1,2,6,0,30,1,1,0,0.0171,1000.0,998.8,12.07,1.0
CART-A-100,7,0,1,0,1,0,1,1,0,1,1,1,1,40,0,0,0,0.0348,5.32,3.22,40.18,1.0
CART-A-100,7,2,0,0,0,0,0,0,1,0,2,4,1,20,1,1,0,0.539,1000.0,2.77,6.3,1.0
CART-A-100,7,0,0,0,0,0,0,0,1,0,2,4,1,20,1,1,0,0.0614,1000.0,3.22,12.07,1.0
CART-A-100,7,0,1,0,0,1,1,0,1,1,0,6,1,30,1,0,0,0.0098,1000.0,3.23,40.18,1.0
CART-A-100,7,2,1,0,1,0,1,1,0,1,1,1,1,40,0,0,0,0.4207,2.29,3.04,5.55,1.0
CART-A-100,7,3,0,0,1,0,0,0,1,0,2,4,1,20,1,1,0,0.0,2.09,3.86,6.28,0.389
CART-A-100,7,2,2,0,0,1,1,0,1,1,2,3,0,20,0,0,0,0.2765,1000.0,998.8,1.69,1.0
CART-A-100,7,1,1,0,1,0,1,1,1,0,1,1,1,40,0,1,0,0.4599,7.68,3.32,10.15,1.0
CART-A-100,7,1,0,0,1,0,0,0,1,0,2,4,1,20,1,1,0,0.3375,2.7,3.22,6.4,1.0
CART-A-100,7,0,1,0,0,1,1,0,0,0,0,4,0,20,0,0,0,0.0316,1000.0,998.8,40.18,1.0
CART-A-100,7,0,1,0,1,0,1,1,0,0,1,1,1,40,0,1,0,0.0428,7.74,3.22,40.18,1.0
SAMOTAI-A-39,7,3,0,0,0,0,1,0,1,1,2,2,0,40,1,0,1,0.0,1000.0,998.8,6.28,0.2606
SAMOTAI-A-39,7,0,3,0,0,1,0,1,0,1,2,5,0,40,0,0,0,0.1334,1000.0,998.8,38.66,1.0
SAMOTAI-A-39,7,3,2,0,1,0,1,0,0,0,0,4,0,20,0,0,1,0.1016,9.17,998.8,19.73,0.2843
SAMOTAI-A-39,7,1,2,0,0,0,1,1,1,1,0,2,1,30,1,1,0,0.2471,1000.0,8.22,9.5,1.0
SAMOTAI-A-39,7,1,0,0,0,1,1,1,0,1,0,6,1,20,1,0,0,0.3526,1000.0,3.22,6.4,1.0
SAMOTAI-A-39,7,3,2,0,0,1,0,1,0,0,2,0,0,40,0,1,0,0.0949,1000.0,998.8,14.87,0.3462
SAMOTAI-A-39,7,3,3,0,1,1,0,0,1,0,0,6,1,40,0,0,0,0.0016,0.0,2.83,15.99,0.2154
SAMOTAI-A-39,7,3,3,0,1,0,1,1,1,1,0,6,1,40,0,0,0,0.004,0.0,2.83,14.46,0.2413
SAMOTAI-A-39,7,3,3,0,1,0,1,1,1,1,2,6,1,40,1,1,2,0.0008,1.76,6.26,18.58,0.3094
SAMOTAI-A-39,7,3,3,0,1,1,0,0,0,0,0,4,1,30,1,1,0,0.0099,0.0,2.83,16.0,0.2153
SAMOTAI-A-39,7,2,0,0,0,1,1,0,1,1,1,3,1,20,0,1,0,0.5413,1000.0,2.76,6.3,1.0
SAMOTAI-A-39,7,3,3,0,1,0,1,0,1,1,2,6,1,40,1,1,1,0.0284,0.0,2.83,16.01,0.3203
SAMOTAI-A-100,7,3,3,0,0,1,0,1,0,1,0,2,0,20,1,1,2,0.0005,1000.0,998.8,16.3,0.3686
SAMOTAI-A-100,7,0,0,0,0,1,0,1,0,1,2,5,1,20,0,1,0,0.0614,1000.0,3.22,12.07,1.0
SAMOTAI-A-100,7,2,0,0,0,1,0,0,0,0,2,1,1,40,1,1,0,0.5212,1000.0,2.81,6.32,1.0
SAMOTAI-A-100,7,0,3,0,0,1,1,1,1,1,1,0,1,30,0,0,0,0.1334,1000.0,4.74,38.66,1.0
SAMOTAI-A-100,7,0,3,0,1,1,0,1,0,1,0,3,0,30,1,1,0,0.1334,0.0,998.8,38.66,1.0
SAMOTAI-A-100,7,0,0,0,0,0,1,1,0,1,0,3,1,40,1,1,0,0.0011,1000.0,3.22,12.07,1.0
SAMOTAI-A-100,7,1,0,0,1,1,0,0,1,0,2,6,1,40,1,0,0,0.639,0.0,3.22,6.41,1.0
SAMOTAI-A-100,7,3,1,0,1,1,0,0,1,1,1,1,0,30,0,1,1,1.7493,2.01,998.8,4.46,0.9739
SAMOTAI-A-100,7,3,3,0,1,1,1,1,1,1,2,4,1,40,0,0,1,0.0002,1.58,2.83,16.28,0.3146
SAMOTAI-A-100,7,3,3,0,1,1,1,1,1,1,2,6,1,40,1,1,0,0.0062,0.0,2.83,14.44,0.2416
SAMOTAI-A-100,7,3,0,0,1,1,1,0,1,1,2,6,1,40,1,1,0,0.0042,0.0,3.86,6.28,0.4015
SAMOTAI-A-100,7,3,3,0,1,1,0,1,1,0,2,6,1,20,1,0,2,0.0004,5.53,6.26,19.76,0.2605
SAMOTAI-A-100,7,2,2,0,0,0,0,0,0,0,1,2,1,11,1,0,0,0.2867,1000.0,15.93,1.66,1.0
CART-F-39,7,3,2,0,1,1,0,1,0,1,1,1,1,40,1,1,1,0.0665,0.0,2.82,18.0,0.3003
CART-F-39,7,3,2,0,1,0,0,0,0,1,2,5,1,20,0,1,1,0.0826,10.72,2.87,20.99,0.2728
CART-F-39,7,3,1,0,1,0,1,1,1,0,1,2,1,30,0,0,1,0.5642,0.0,3.81,4.42,1.0
CART-F-39,7,0,1,0,1,1,0,1,0,1,0,6,0,30,1,0,0,0.0133,8.2,998.8,40.18,1.0
CART-F-39,7,3,1,0,1,0,0,1,0,1,1,1,1,40,1,1,1,0.8575,0.0,3.78,4.21,1.0
CART-F-39,7,3,2,0,1,1,0,0,0,1,2,5,1,20,0,1,1,0.0994,9.97,2.86,20.0,0.2818
CART-F-39,7,2,1,0,0,1,0,0,0,0,2,0,0,30,0,1,0,0.4813,1000.0,998.8,5.59,1.0
CART-F-39,7,2,0,0,1,0,0,1,0,1,1,1,1,40,1,1,0,0.5212,5.95,2.81,6.32,1.0
CART-F-39,7,3,0,0,1,0,1,1,1,0,1,2,1,30,0,0,1,0.0001,1.1,3.86,6.28,0.2552
CART-F-39,7,1,1,0,0,1,1,1,0,0,2,1,1,20,1,1,0,0.3289,1000.0,3.32,10.15,1.0
CART-F-39,7,2,2,0,1,1,0,1,0,1,1,1,1,40,1,1,0,0.3458,0.0,15.93,1.74,1.0
CART-F-39,7,3,2,0,1,0,0,1,0,1,1,1,1,40,1,1,1,0.0606,0.0,2.83,19.01,0.2917
CART-F-39,7,2,2,0,1,0,1,0,1,0,2,5,1,30,1,0,0,0.3846,1.68,15.93,1.72,1.0
CART-F-100,7,3,0,0,1,0,0,1,1,1,1,1,1,40,1,1,0,0.0182,0.0,3.86,6.28,0.418
CART-F-100,7,3,1,0,1,0,1,1,0,0,1,1,1,40,0,0,0,0.0671,0.0,7.25,8.71,0.855
CART-F-100,7,3,2,0,1,0,1,0,0,0,0,2,1,40,1,0,0,0.1035,4.48,2.82,15.21,0.3421
CART-F-100,7,0,0,0,0,1,1,1,1,1,2,1,1,40,1,0,0,0.0011,1000.0,3.22,12.07,1.0
CART-F-100,7,3,0,0,1,0,0,1,0,1,1,1,1,40,1,0,0,0.0182,0.0,3.86,6.28,0.418
CART-F-100,7,3,2,0,1,0,1,0,1,0,0,2,1,40,1,0,1,0.23,4.06,2.82,14.84,0.3245
CART-F-100,7,2,2,0,1,0,0,0,0,1,2,3,0,20,1,1,0,0.2748,30.39,998.8,1.69,1.0
CART-F-100,7,3,0,0,1,0,0,1,1,1,1,1,1,40,1,0,0,0.0228,0.0,3.86,6.28,0.418
CART-F-100,7,2,2,0,1,0,1,0,1,0,0,2,1,40,1,0,0,0.573,0.0,15.93,1.74,1.0
CART-F-100,7,3,1,0,1,0,1,1,1,0,1,1,1,40,0,0,0,0.0779,0.0,7.25,8.73,1.0
CART-F-100,7,1,0,0,0,1,1,0,1,1,1,6,1,30,1,1,0,0.4098,1000.0,3.22,6.42,1.0
CART-F-100,7,3,2,0,1,0,1,0,0,0,0,2,1,40,1,1,1,0.1202,4.51,2.83,15.21,0.3227
SAMOTAI-F-39,7,2,1,0,1,1,0,1,0,1,1,6,1,30,0,0,0,0.4848,0.0,2.8,5.6,1.0
SAMOTAI-F-39,7,1,2,0,0,0,1,0,1,1,0,0,1,30,0,0,0,0.2349,1000.0,8.22,9.5,1.0
SAMOTAI-F-39,7,3,2,0,1,1,0,1,1,1,2,1,0,30,1,1,0,0.0613,0.36,998.8,16.75,0.323
SAMOTAI-F-39,7,0,3,0,0,1,1,0,1,1,2,1,0,30,0,1,0,0.1334,1000.0,998.8,38.66,1.0
SAMOTAI-F-39,7,0,2,0,1,1,0,1,1,1,0,4,0,40,1,0,0,0.0801,13.13,998.8,4.9,1.0
SAMOTAI-F-39,7,2,3,0,0,0,1,0,0,0,1,3,0,30,0,1,0,0.6321,1000.0,998.8,0.12,1.0
SAMOTAI-F-39,7,3,3,0,0,0,1,0,0,0,1,6,0,40,0,1,0,0.0005,1000.0,998.8,13.44,0.2587
SAMOTAI-F-39,7,3,1,0,0,1,0,1,0,1,1,6,1,40,0,0,2,0.4031,1000.0,7.26,8.84,1.0
SAMOTAI-F-39,7,3,3,0,1,0,1,1,1,1,2,6,1,40,1,1,2,0.0001,1.95,6.26,19.42,0.2878
SAMOTAI-F-39,7,3,3,0,0,0,1,0,0,0,2,6,0,40,0,1,0,0.0003,1000.0,998.8,13.57,0.2566
SAMOTAI-F-39,7,3,3,0,1,1,0,1,0,1,1,0,1,40,0,1,2,0.0005,4.45,6.26,19.76,0.2616
SAMOTAI-F-39,7,3,0,0,1,0,1,0,0,1,2,6,1,40,0,0,2,0.0028,0.0,7.28,9.74,0.342
SAMOTAI-F-100,7,2,1,0,0,1,0,0,0,1,0,3,0,30,1,1,0,0.4813,1000.0,998.8,5.59,1.0
SAMOTAI-F-100,7,0,1,0,1,1,1,0,1,0,2,4,0,40,0,0,0,0.0124,14.8,998.8,40.18,1.0
SAMOTAI-F-100,7,2,0,0,1,0,1,0,0,1,2,1,0,40,1,1,0,0.4646,13.19,998.8,6.32,1.0
SAMOTAI-F-100,7,0,0,0,0,0,1,1,0,1,0,1,1,20,1,0,0,0.0626,1000.0,3.22,12.07,1.0
SAMOTAI-F-100,7,3,3,0,0,0,1,1,0,0,2,5,1,20,0,1,0,0.0003,1000.0,2.83,14.59,0.239
SAMOTAI-F-100,7,3,3,0,0,0,0,1,0,1,2,0,1,20,0,0,0,0.0005,1000.0,2.83,14.35,0.2431
SAMOTAI-F-100,7,1,2,0,1,0,1,0,0,0,2,6,1,40,0,1,0,0.261,6.33,8.22,9.5,1.0
SAMOTAI-F-100,7,1,2,0,0,0,1,0,0,0,0,6,0,30,1,0,0,0.2278,1000.0,998.8,9.5,1.0
SAMOTAI-F-100,7,3,3,0,1,1,1,1,1,1,2,6,1,40,1,1,2,0.0001,3.15,6.26,19.28,0.2912
SAMOTAI-F-100,7,3,3,0,0,1,1,1,1,1,2,5,1,40,0,0,1,0.0,1000.0,2.83,13.37,0.3748
SAMOTAI-F-100,7,3,3,0,0,0,1,0,1,0,0,0,1,30,1,1,2,0.0,1000.0,6.26,15.93,0.3783
SAMOTAI-F-100,7,2,3,0,0,0,1,1,0,0,1,2,0,40,0,0,0,0.6321,1000.0,998.8,0.1,1.0
SAMOTAI-F-100,7,1,0,0,0,0,0,0,1,0,0,0,1,30,1,1,0,0.4098,1000.0,3.22,6.42,1.0
SAMOTAI-F-100,7,2,2,0,1,1,1,0,0,1,2,4,0,40,0,0,0,0.4826,0.0,998.8,1.74,1.0
SAMOTAE-A,7,0,2,0,1,1,1,0,1,1,2,1,1,40,0,0,0,0.1093,20.78,4.74,4.9,1.0
SAMOTAE-A,7,3,2,0,1,0,1,1,1,0,2,6,1,30,0,1,2,0.3947,0.0,6.27,8.67,1.0
SAMOTAE-A,7,2,3,0,1,1,1,0,1,1,1,1,0,20,0,1,0,0.6321,28.28,998.8,0.06,1.0
SAMOTAE-A,7,1,3,0,0,0,0,1,0,1,0,0,1,30,1,0,0,0.4685,1000.0,4.74,6.0,1.0
SAMOTAE-A,7,0,3,0,0,1,1,0,0,1,0,5,1,20,0,1,0,0.1481,1000.0,4.74,38.66,1.0
SAMOTAE-A,7,3,2,0,0,0,1,1,0,1,0,5,0,20,0,1,0,0.0954,1000.0,998.8,19.11,0.2948
SAMOTAE-A,7,3,0,0,1,1,1,0,1,1,1,6,1,20,0,1,2,0.0003,1.26,7.28,9.74,0.3407
SAMOTAE-A,7,3,3,0,1,1,1,1,1,1,2,6,1,40,1,1,2,0.0001,2.73,6.26,19.61,0.2827
SAMOTAE-A,7,3,3,0,1,1,1,0,1,1,2,1,0,20,1,1,2,0.0002,2.4,998.8,16.31,0.3683
SAMOTAE-A,7,3,3,0,1,1,1,1,1,1,0,6,0,40,1,0,0,0.007,0.0,998.8,14.45,0.2414
SAMOTAE-A,7,2,3,0,1,1,1,0,1,1,2,5,1,40,0,0,0,0.6321,2.54,4.75,0.08,1.0
SAMOTAE-A,7,0,2,0,1,1,1,0,0,1,0,1,0,40,0,0,0,0.1093,20.78,998.8,4.9,1.0
SAMOTAE-A,7,3,0,0,1,1,1,1,1,1,2,0,0,20,1,1,2,0.0094,0.0,998.8,9.74,0.36
SAMOTAE-F,7,2,0,0,1,0,1,1,0,0,1,3,0,30,1,0,0,0.5611,8.42,998.8,6.32,1.0
SAMOTAE-F,7,3,3,0,1,1,0,0,0,1,0,6,1,20,0,0,0,0.0007,2.2,2.83,16.94,0.1997
SAMOTAE-F,7,0,2,0,1,1,1,0,1,1,0,0,0,20,0,0,0,0.0392,32.53,998.8,4.93,1.0
SAMOTAE-F,7,0,2,0,0,0,1,1,1,1,2,0,0,30,0,0,0,0.0438,1000.0,998.8,4.91,1.0
SAMOTAE-F,7,3,2,0,1,0,0,0,1,0,1,0,1,30,0,1,1,0.0769,9.02,2.84,19.55,0.2863
SAMOTAE-F,7,3,2,0,0,0,0,1,0,1,1,4,1,40,0,0,1,0.1566,1000.0,2.82,14.29,0.3293
SAMOTAE-F,7,3,0,0,1,0,1,1,0,0,0,6,0,40,1,0,0,0.0179,0.0,998.8,6.28,0.418
SAMOTAE-F,7,3,3,0,1,1,1,0,1,0,2,6,0,40,1,1,2,0.0001,1.29,998.8,15.44,0.3914
SAMOTAE-F,7,2,3,0,1,0,1,0,0,1,0,6,0,40,1,1,0,0.6321,2.31,998.8,0.1,1.0
SAMOTAE-F,7,3,3,0,1,1,1,1,1,1,2,6,1,40,1,1,2,0.0001,4.4,6.26,19.76,0.2681
SAMOTAE-F,7,3,0,0,0,0,1,1,1,0,2,1,1,40,0,1,2,0.0003,1000.0,7.28,9.74,0.3832
SAMOTAE-F,7,3,0,0,0,0,1,1,1,0,2,3,1,40,0,1,2,0.0003,1000.0,7.28,9.74,0.3832
MOSA-A,7,3,1,0,1,0,0,0,0,1,2,1,0,40,1,1,0,0.0774,0.0,998.8,8.72,0.9326
MOSA-A,7,3,3,0,0,0,1,1,0,1,0,0,0,30,0,0,1,0.0004,1000.0,998.8,10.32,0.4338
MOSA-A,7,1,0,0,0,1,0,1,0,0,1,0,1,20,0,0,0,0.3526,1000.0,3.22,6.4,1.0
MOSA-A,7,1,3,0,0,1,0,1,0,0,1,0,1,20,0,0,0,0.4237,1000.0,4.74,6.0,0.9339
MOSA-F,7,1,2,0,0,1,0,1,1,0,2,2,0,30,0,1,0,0.2425,1000.0,998.8,9.5,1.0
MOSA-F,7,2,1,0,0,1,1,1,1,0,0,3,1,20,0,0,0,0.3903,1000.0,2.9,5.45,1.0
MOSA-F,7,3,0,0,1,1,1,1,0,0,0,2,0,30,0,0,0,0.0,0.95,998.8,6.28,0.3816
MOSA-F,7,1,0,0,1,1,1,1,0,0,0,2,0,30,0,0,0,0.4678,0.0,998.8,6.42,1.0
FITEST-A,7,0,2,0,0,1,1,1,1,1,2,6,1,30,1,1,0,0.0438,1000.0,4.75,4.91,1.0
FITEST-A,7,2,0,0,1,0,0,0,1,1,2,1,0,30,0,0,0,0.5131,15.62,998.8,6.32,1.0
FITEST-A,7,1,3,0,0,1,0,1,0,0,0,2,1,20,1,1,0,0.4518,1000.0,4.74,6.0,0.8549
FITEST-A,7,3,0,0,1,1,0,1,0,0,1,5,0,20,0,1,1,0.0001,2.17,998.8,6.28,0.2496
FITEST-A,7,0,2,0,1,0,1,0,0,0,1,3,0,40,0,0,0,0.1093,20.57,998.8,4.9,1.0
FITEST-A,7,0,0,0,1,1,1,0,1,1,0,5,1,20,1,1,0,0.0614,18.82,3.22,12.07,1.0
FITEST-A,7,2,1,0,1,0,0,0,1,1,2,1,0,30,0,0,0,0.4813,9.06,998.8,5.37,1.0
FITEST-A,7,1,3,0,0,1,0,1,1,0,1,2,1,30,1,1,0,0.4287,1000.0,4.74,6.0,1.0
FITEST-A,7,1,2,0,0,1,0,1,0,0,0,2,0,20,0,1,0,0.2396,1000.0,998.8,9.5,0.9451
FITEST-A,7,2,0,0,0,1,0,1,0,0,0,4,0,20,0,1,0,0.539,1000.0,998.8,6.3,1.0
FITEST-A,7,0,2,0,1,0,1,0,1,0,2,3,0,40,0,0,0,0.1093,20.57,998.8,4.9,1.0
FITEST-A,7,2,0,0,1,1,0,1,0,0,0,4,0,20,0,1,0,0.539,15.21,998.8,6.3,1.0
FITEST-A,7,2,0,0,1,1,0,0,0,0,0,4,0,20,0,1,0,0.463,19.96,998.8,6.3,1.0
FITEST-A,7,2,0,0,1,1,0,0,0,0,0,4,0,20,0,0,0,0.463,19.96,998.8,6.3,1.0
FITEST-F,7,0,3,0,1,0,1,1,1,0,0,4,1,40,1,0,0,0.1338,0.0,4.74,38.66,1.0
FITEST-F,7,0,1,0,0,0,1,1,1,1,0,0,0,20,0,0,0,0.0321,1000.0,998.8,40.18,1.0
FITEST-F,7,2,2,0,0,1,0,0,1,1,1,3,0,20,0,1,0,0.2711,1000.0,998.8,1.69,1.0
FITEST-F,7,2,1,0,0,0,0,0,0,1,0,6,0,40,0,0,0,0.4349,1000.0,998.8,5.29,1.0
FITEST-F,7,0,3,0,1,1,1,1,0,0,1,6,0,20,0,1,0,0.1363,3.09,998.8,38.66,1.0
FITEST-F,7,3,2,0,1,0,0,0,1,0,1,0,1,40,0,1,1,0.1694,3.6,2.82,14.29,0.3291
FITEST-F,7,1,0,0,0,0,0,0,0,1,0,6,0,30,0,0,0,0.4098,1000.0,998.8,6.42,1.0
FITEST-F,7,3,2,0,1,0,0,0,1,0,1,0,0,30,0,1,1,0.0966,7.61,998.8,18.08,0.2991
FITEST-F,7,1,2,0,0,1,0,1,1,1,1,3,0,40,0,1,0,0.2639,1000.0,998.8,9.5,1.0
FITEST-F,7,3,2,0,1,0,0,1,1,0,1,0,1,40,0,1,1,0.0876,0.0,2.82,19.03,0.2908
FITEST-F,7,0,3,0,1,0,1,1,1,0,0,3,1,40,1,0,0,0.1334,0.0,4.74,38.66,1.0
FITEST-F,7,2,1,0,0,0,0,0,0,1,0,5,0,40,0,0,0,0.4718,1000.0,998.8,5.18,1.0
FITEST-F,7,0,2,0,1,0,0,1,1,0,0,2,1,40,0,0,0,0.1093,13.14,4.74,4.9,1.0
FITEST-F,7,1,0,0,0,0,0,0,0,1,0,5,0,30,0,0,0,0.4098,1000.0,998.8,6.42,1.0
RANDOM,7,3,3,0,0,0,0,1,0,0,0,4,0,30,1,1,1,0.0,1000.0,998.8,14.12,0.3598
RANDOM,7,2,3,0,0,0,0,0,0,0,1,2,0,40,1,0,0,0.6321,1000.0,998.8,0.08,1.0
RANDOM,7,3,2,0,1,0,1,0,0,0,1,6,0,40,0,0,0,0.1149,3.32,998.8,14.1,0.3557
RANDOM,7,0,2,0,1,1,1,1,1,1,0,4,0,40,0,0,0,0.0883,13.11,998.8,4.9,1.0
RANDOM,7,1,0,0,1,1,1,1,1,0,1,2,1,40,0,0,0,0.7533,0.0,3.15,6.55,1.0
RANDOM,7,2,2,0,1,1,0,0,0,1,0,2,1,40,0,0,0,0.4096,0.0,15.93,1.74,1.0
RANDOM,7,0,1,0,0,1,0,0,0,1,2,6,1,20,0,1,0,0.0321,1000.0,3.25,40.18,1.0
RANDOM,7,0,2,0,1,1,0,0,0,1,2,6,0,30,0,1,0,0.0438,25.25,998.8,4.91,1.0
RANDOM,7,0,0,0,0,1,0,0,0,1,0,4,1,20,0,1,0,0.0608,1000.0,3.22,12.07,1.0
RANDOM,7,1,1,0,1,0,0,0,0,1,1,3,1,20,0,1,0,0.3198,22.4,3.31,10.15,1.0
RANDOM,7,1,3,0,1,1,0,0,1,0,0,0,0,40,1,0,0,0.3627,6.84,998.8,6.0,1.0
RANDOM,7,1,3,0,1,0,0,0,1,1,0,2,1,20,1,0,0,0.4266,34.57,4.74,6.0,0.7272
RANDOM,7,0,0,0,0,1,1,1,1,0,0,0,1,40,0,1,0,0.0011,1000.0,3.22,12.07,1.0
RANDOM,7,0,1,0,1,0,0,1,1,1,0,6,0,20,0,0,0,0.043,22.69,998.8,40.18,1.0
RANDOM,7,2,1,0,1,0,0,1,0,1,1,1,0,40,0,0,0,0.4202,0.0,998.8,5.41,1.0
RANDOM,7,3,3,0,1,1,1,1,1,0,0,6,1,40,0,0,0,0.0003,3.16,2.83,18.13,0.1801
RANDOM,7,1,0,0,1,1,1,1,0,0,0,4,1,40,1,0,0,0.5398,0.0,3.11,6.45,1.0
RANDOM,7,1,1,0,1,1,1,0,1,0,1,3,1,40,0,0,0,0.4766,15.65,3.34,10.15,1.0
RANDOM,7,2,0,0,1,0,0,0,0,1,1,0,0,30,1,0,0,0.5204,15.58,998.8,6.32,1.0
CART-A-39,8,3,3,0,1,1,0,1,0,1,1,1,1,40,1,1,1,0.0001,1.91,2.83,17.83,0.2807
CART-A-39,8,3,0,0,1,0,0,0,0,1,2,5,1,20,0,1,1,0.0,2.61,3.86,6.28,0.2462
CART-A-39,8,3,0,0,1,0,1,1,1,0,1,2,1,30,0,0,1,0.0,0.67,3.86,6.28,0.2495
CART-A-39,8,2,0,0,1,0,0,0,1,0,0,5,1,30,0,0,0,0.5204,15.58,2.76,6.32,1.0
CART-A-39,8,1,3,0,1,0,1,1,0,1,1,1,1,30,0,1,0,0.3795,0.0,4.74,6.0,1.0
CART-A-39,8,2,0,0,1,0,0,0,0,0,0,3,1,20,1,1,0,0.5312,19.96,2.78,6.3,1.0
CART-A-39,8,0,1,0,0,1,0,0,0,1,2,4,1,40,0,1,0,0.0047,1000.0,3.22,40.18,1.0
CART-A-39,8,1,0,0,1,0,1,1,0,1,1,1,1,30,0,1,0,0.4607,0.0,3.02,6.43,1.0
CART-A-39,8,2,3,0,1,1,0,0,1,0,0,5,1,30,0,0,0,0.6321,14.6,4.76,0.15,1.0
CART-A-39,8,2,2,0,1,0,0,0,1,0,0,5,1,30,0,0,0,0.4455,1.65,15.93,1.72,1.0
CART-A-39,8,2,1,0,0,0,0,0,0,0,0,3,1,20,1,1,0,0.438,1000.0,2.84,5.54,1.0
CART-A-39,8,2,3,0,0,1,0,0,1,0,0,5,1,30,0,0,0,0.6321,1000.0,4.76,0.15,1.0
CART-A-39,8,2,0,0,1,0,1,1,1,1,1,5,1,20,1,1,0,0.5451,15.25,2.78,6.3,1.0
CART-A-39,8,3,3,0,1,1,0,1,1,1,2,6,0,20,0,1,2,0.0001,5.61,998.8,19.76,0.261
CART-A-39,8,2,1,0,1,0,0,0,1,0,0,5,1,30,0,0,0,0.453,13.05,2.81,5.56,1.0
CART-A-39,8,2,2,0,0,0,0,0,1,0,0,5,1,30,0,0,0,0.3096,1000.0,15.93,1.72,1.0
CART-A-39,8,1,1,0,1,0,0,1,0,1,2,2,1,20,1,0,0,0.3289,16.25,3.32,10.15,1.0
CART-A-39,8,0,0,0,0,0,0,0,0,0,0,3,1,20,1,1,0,0.0613,1000.0,3.22,12.07,1.0
CART-A-39,8,1,1,0,0,0,0,0,1,0,0,5,1,30,0,0,0,0.4236,1000.0,3.35,10.15,1.0
CART-A-100,8,3,0,0,1,0,0,1,0,1,1,1,1,40,1,1,0,0.0182,0.0,3.86,6.28,0.418
CART-A-100,8,3,1,0,1,0,1,1,0,0,1,1,1,40,0,0,0,0.0631,0.0,7.25,8.71,1.0
CART-A-100,8,3,2,0,1,0,1,0,1,0,0,2,1,40,1,0,0,0.2563,3.43,2.83,14.32,0.3537
CART-A-100,8,2,3,0,0,0,0,1,1,1,1,1,1,40,1,0,0,0.6321,1000.0,4.75,0.11,1.0
CART-A-100,8,2,2,0,1,1,1,1,1,1,2,2,1,40,1,1,0,0.437,0.0,15.93,0.0,1.0
CART-A-100,8,2,2,0,1,0,0,0,1,0,2,4,1,20,1,0,0,0.2716,31.78,15.93,1.69,1.0
CART-A-100,8,2,0,0,1,0,0,1,0,1,1,1,1,40,1,0,0,0.5212,5.95,2.81,6.32,1.0
CART-A-100,8,1,3,0,1,1,1,1,1,1,2,2,1,40,1,0,0,0.4461,0.0,4.74,6.0,1.0
CART-A-100,8,2,3,0,0,0,0,1,1,1,1,1,1,40,1,1,0,1.7351,1000.0,4.75,0.11,1.0
CART-A-100,8,2,1,0,1,0,1,1,0,0,1,1,1,40,0,0,0,0.4891,0.0,2.78,5.52,1.0
CART-A-100,8,0,0,0,0,0,0,0,1,0,2,4,1,20,1,1,0,0.0614,1000.0,3.22,12.07,1.0
CART-A-100,8,1,1,0,1,1,0,0,1,0,2,6,1,30,1,1,0,0.4559,19.93,3.36,10.15,1.0
CART-A-100,8,1,3,0,1,1,0,0,0,0,1,3,0,20,0,1,0,0.4193,28.69,998.8,6.0,0.847
CART-A-100,8,1,1,0,0,0,1,1,0,0,1,1,1,40,0,0,0,0.4521,1000.0,3.32,10.15,1.0
CART-A-100,8,0,0,0,1,0,0,0,1,0,2,4,1,20,1,1,0,0.0614,18.64,3.22,12.07,1.0
CART-A-100,8,1,1,0,0,1,0,0,0,0,2,6,1,30,1,1,0,0.4236,1000.0,3.35,10.15,1.0
CART-A-100,8,1,1,0,1,1,0,0,1,1,2,4,1,20,0,1,0,0.3236,22.4,3.32,10.15,1.0
SAMOTAI-A-39,8,2,3,0,0,1,0,1,1,0,1,1,1,20,0,1,0,0.6321,1000.0,4.77,0.06,1.0
SAMOTAI-A-39,8,0,0,0,0,1,0,1,0,1,0,5,0,40,0,1,0,0.0011,1000.0,998.8,12.07,1.0
SAMOTAI-A-39,8,2,0,0,1,0,1,1,1,1,1,1,0,40,1,1,0,1.5,6.43,998.8,6.32,1.0
SAMOTAI-A-39,8,0,3,0,0,1,0,0,0,1,0,4,0,20,1,0,0,0.1514,1000.0,998.8,38.66,1.0
SAMOTAI-A-39,8,3,0,0,0,0,1,1,1,1,2,0,0,30,1,0,2,0.0003,1000.0,998.8,9.74,0.3625
SAMOTAI-A-39,8,3,3,0,1,1,0,1,1,0,2,5,0,40,1,0,2,0.0004,2.43,998.8,19.39,0.2884
SAMOTAI-A-39,8,3,1,0,1,0,0,1,1,1,2,6,0,40,1,0,0,0.9426,0.0,998.8,8.65,1.0
SAMOTAI-A-39,8,0,1,0,1,1,1,1,1,0,2,1,0,20,1,1,0,0.0344,22.42,998.8,40.18,1.0
SAMOTAI-A-39,8,0,1,0,1,0,1,0,0,1,2,6,0,40,1,0,0,0.0049,13.25,998.8,40.18,1.0
SAMOTAI-A-39,8,3,3,0,1,0,1,1,1,1,2,6,1,40,1,1,0,0.0154,0.0,2.83,14.46,0.2413
SAMOTAI-A-39,8,3,3,0,1,0,0,1,1,1,2,6,0,40,1,0,0,0.0036,0.0,998.8,14.49,0.2407
SAMOTAI-A-39,8,2,2,0,0,0,0,0,0,0,1,2,1,20,1,0,0,0.2726,1000.0,15.93,1.69,1.0
SAMOTAI-A-39,8,2,0,0,0,0,0,0,1,0,0,4,1,20,1,0,0,0.539,1000.0,2.77,6.3,1.0
SAMOTAI-A-39,8,2,2,0,1,1,1,0,0,0,1,0,0,30,0,1,0,0.3382,2.11,998.8,1.72,1.0
SAMOTAI-A-39,8,2,2,0,1,0,1,0,1,1,0,0,1,40,0,0,0,0.3459,0.0,15.93,1.74,1.0
SAMOTAI-A-100,8,2,0,0,1,0,0,1,0,1,0,5,0,40,0,1,0,0.5212,5.95,998.8,6.32,1.0
SAMOTAI-A-100,8,0,0,0,0,0,0,0,1,0,0,1,0,40,1,0,0,0.0011,1000.0,998.8,12.07,1.0
SAMOTAI-A-100,8,0,3,0,0,0,1,1,0,1,0,6,0,20,0,0,0,0.1496,1000.0,998.8,38.66,1.0
SAMOTAI-A-100,8,3,0,0,0,0,1,1,0,1,1,0,0,30,1,1,1,0.0,1000.0,998.8,6.28,0.2522
SAMOTAI-A-100,8,0,2,0,1,1,0,0,0,0,0,3,1,40,1,1,0,0.1093,20.57,4.74,4.9,1.0
SAMOTAI-A-100,8,2,3,0,1,0,1,1,1,1,1,2,0,30,0,0,0,0.6321,0.0,998.8,0.15,1.0
SAMOTAI-A-100,8,1,3,0,1,0,0,0,1,0,2,6,0,40,1,1,0,0.4246,5.33,998.8,6.0,1.0
SAMOTAI-A-100,8,0,1,0,1,0,1,1,0,0,1,0,0,30,0,1,0,0.0351,13.62,998.8,40.18,1.0
SAMOTAI-A-100,8,3,3,0,0,1,1,1,1,1,2,3,0,40,0,0,1,0.0001,1000.0,998.8,13.41,0.3739
SAMOTAI-A-100,8,3,3,0,1,1,1,0,1,1,2,6,0,40,1,1,0,0.0,1.36,998.8,16.18,0.2124
SAMOTAI-A-100,8,3,3,0,0,0,1,1,1,1,2,3,0,30,0,0,1,0.0,1000.0,998.8,14.18,0.3585
SAMOTAI-A-100,8,2,2,0,1,1,1,0,0,0,1,0,0,27,0,1,0,0.3424,1.58,998.8,1.72,1.0
SAMOTAI-A-100,8,3,2,0,1,1,0,1,0,0,1,5,0,35,1,0,1,0.0623,1.14,998.8,17.74,0.3029
CART-F-39,8,3,2,0,1,1,0,1,0,1,1,1,1,40,1,1,1,0.0665,0.0,2.82,18.0,0.3003
CART-F-39,8,3,1,0,1,0,0,0,0,1,2,5,1,20,0,1,1,0.468,2.79,3.83,4.55,1.0
CART-F-39,8,3,1,0,1,0,1,1,1,0,1,2,1,30,0,0,1,0.5642,0.0,3.81,4.42,1.0
CART-F-39,8,3,3,0,0,0,1,1,1,0,2,1,0,40,1,0,1,0.0,1000.0,998.8,14.36,0.3548
CART-F-39,8,3,0,0,1,0,1,1,1,0,1,2,1,30,0,0,1,0.0001,1.1,3.86,6.28,0.2552
CART-F-39,8,3,3,0,1,0,0,1,0,1,1,1,1,40,1,1,1,0.0001,2.69,2.83,18.77,0.2597
CART-F-39,8,3,2,0,1,1,0,0,0,1,2,5,1,20,0,1,1,0.0994,9.97,2.86,20.0,0.2818
CART-F-39,8,3,3,0,0,1,0,1,0,0,1,6,0,30,1,1,1,0.0,1000.0,998.8,14.17,0.3588
CART-F-39,8,3,0,0,1,0,0,1,0,1,1,1,1,40,1,1,2,0.0277,0.0,7.28,9.74,0.361
CART-F-39,8,3,2,0,1,1,1,1,1,0,1,2,1,30,0,0,1,0.1191,1.47,2.84,18.09,0.2987
CART-F-100,8,3,0,0,1,0,0,1,1,1,1,1,1,40,1,0,0,0.0228,0.0,3.86,6.28,0.418
CART-F-100,8,3,1,0,1,0,1,1,0,0,1,1,1,40,0,0,0,0.0671,0.0,7.25,8.71,0.855
CART-F-100,8,3,2,0,1,0,1,0,0,0,0,2,1,40,1,0,0,0.1035,4.48,2.82,15.21,0.3421
CART-F-100,8,1,0,0,0,0,0,1,0,1,2,6,0,20,0,1,0,0.3526,1000.0,998.8,6.4,1.0
CART-F-100,8,3,0,0,1,0,0,1,0,1,1,1,1,40,1,1,0,0.0182,0.0,3.86,6.28,0.418
CART-F-100,8,3,1,0,1,0,0,1,1,0,1,1,1,40,0,1,0,0.0665,0.0,7.24,8.7,1.0
CART-F-100,8,3,2,0,1,0,1,0,0,0,0,2,1,40,1,1,0,0.1475,2.57,2.82,5.1,1.0
CART-F-100,8,3,3,0,1,0,1,1,1,1,1,1,0,30,1,0,1,0.0003,1.76,998.8,17.2,0.2945
CART-F-100,8,3,3,0,1,0,1,1,0,1,1,1,1,40,1,0,0,0.0035,0.0,2.83,14.39,0.2424
CART-F-100,8,3,1,0,1,0,0,1,1,0,1,1,1,40,0,0,0,0.0622,0.0,7.25,8.72,1.0
CART-F-100,8,2,1,0,1,0,1,0,1,0,0,2,1,40,1,0,0,0.4716,4.93,2.82,5.54,1.0
SAMOTAI-F-39,8,3,2,0,0,1,0,0,1,0,1,0,0,20,0,1,1,0.0755,1000.0,998.8,20.02,0.2822
SAMOTAI-F-39,8,0,3,0,1,0,1,1,1,0,1,5,1,30,0,0,0,0.1334,0.0,4.74,38.66,1.0
SAMOTAI-F-39,8,3,3,0,0,1,1,1,0,1,2,5,0,30,0,1,0,0.0002,1000.0,998.8,14.25,0.2448
SAMOTAI-F-39,8,0,2,0,1,0,0,1,1,0,0,0,1,30,0,0,0,0.0278,16.25,4.75,4.91,1.0
SAMOTAI-F-39,8,1,0,0,1,1,0,0,0,1,2,3,1,30,0,1,0,0.4494,0.0,3.17,6.45,1.0
SAMOTAI-F-39,8,2,0,0,1,0,0,1,0,0,2,5,1,30,1,0,0,0.5204,7.59,2.76,6.32,1.0
SAMOTAI-F-39,8,2,0,0,1,0,1,0,1,1,1,5,0,40,0,0,0,0.5212,13.25,998.8,6.32,1.0
SAMOTAI-F-39,8,3,0,0,1,1,1,1,1,1,1,1,1,40,1,1,2,0.0333,0.0,7.28,9.74,0.3615
SAMOTAI-F-39,8,3,3,0,1,1,1,1,1,1,2,6,1,40,1,1,2,0.0003,4.33,6.26,19.61,0.2827
SAMOTAI-F-39,8,3,3,0,1,1,0,0,0,0,0,5,1,20,1,1,0,0.0003,2.35,2.83,17.08,0.1974
SAMOTAI-F-39,8,3,3,0,1,0,0,0,0,0,2,0,1,30,1,0,2,0.0002,1.44,6.26,15.52,0.3891
SAMOTAI-F-39,8,1,0,0,0,1,0,1,1,1,0,0,1,20,1,0,0,0.3526,1000.0,3.22,6.4,1.0
SAMOTAI-F-39,8,3,0,0,1,0,1,1,1,1,2,6,1,40,1,0,2,0.028,0.0,7.28,9.74,0.36
SAMOTAI-F-39,8,2,0,0,1,0,1,1,1,0,1,1,0,40,1,1,0,0.414,6.1,998.8,6.32,1.0
SAMOTAI-F-100,8,2,1,0,0,1,1,0,1,0,1,2,0,40,0,0,0,0.4608,1000.0,998.8,5.56,1.0
SAMOTAI-F-100,8,0,3,0,0,1,0,0,1,0,0,5,1,20,1,1,0,0.1468,1000.0,4.74,38.66,1.0
SAMOTAI-F-100,8,3,3,0,1,1,0,0,1,0,0,0,0,30,1,0,2,0.0002,7.09,998.8,19.76,0.2667
SAMOTAI-F-100,8,3,0,0,1,0,0,1,1,1,2,6,1,30,1,0,2,0.0076,0.0,7.28,9.74,0.3621
SAMOTAI-F-100,8,3,2,0,0,1,0,0,1,1,0,4,1,40,0,1,0,0.1033,1000.0,2.82,15.2,0.3421
SAMOTAI-F-100,8,3,3,0,0,1,1,1,1,1,2,6,0,20,0,0,1,0.0011,1000.0,998.8,14.33,0.3551
SAMOTAI-F-100,8,3,0,0,1,0,0,1,1,1,2,6,1,40,1,1,2,0.0182,0.0,7.28,9.74,0.3347
SAMOTAI-F-100,8,3,0,0,1,1,0,1,1,1,0,6,1,40,1,0,2,0.0237,0.0,7.28,9.74,0.36
SAMOTAI-F-100,8,3,3,0,1,1,1,1,1,1,2,6,1,40,1,1,0,0.0064,0.0,2.83,14.45,0.2414
SAMOTAI-F-100,8,2,3,0,1,0,1,1,1,1,2,2,0,40,0,0,0,0.6321,0.0,998.8,0.1,1.0
SAMOTAI-F-100,8,3,3,0,1,1,1,0,0,1,2,6,1,40,1,0,2,0.0,2.0,6.26,15.99,0.3769
SAMOTAE-A,8,3,3,0,1,1,0,1,0,1,0,1,0,40,1,0,2,0.0004,5.21,998.8,19.57,0.2838
SAMOTAE-A,8,0,2,0,0,1,1,0,1,0,1,6,1,20,1,1,0,0.04,1000.0,4.77,4.93,1.0
SAMOTAE-A,8,2,0,0,0,0,1,0,1,1,1,0,0,20,0,1,0,0.5536,1000.0,998.8,6.3,1.0
SAMOTAE-A,8,0,3,0,1,1,1,1,0,0,0,2,1,20,1,1,0,0.1515,1.22,4.73,38.66,1.0
SAMOTAE-A,8,3,0,0,0,0,1,1,1,1,0,5,0,30,1,1,2,0.0003,1000.0,998.8,9.74,0.3625
SAMOTAE-A,8,3,2,0,0,0,1,1,0,0,0,3,0,30,1,0,0,0.0894,1000.0,998.8,16.93,0.3211
SAMOTAE-A,8,3,0,0,0,0,0,0,1,1,1,0,0,20,0,1,2,0.0003,1000.0,998.8,9.74,0.3625
SAMOTAE-A,8,3,3,0,1,1,1,0,1,0,2,5,0,40,1,1,0,0.0006,1.47,998.8,16.29,0.2106
SAMOTAE-A,8,3,3,0,1,1,1,1,1,1,2,6,1,40,1,1,2,0.0,3.06,6.26,19.76,0.2616
SAMOTAE-A,8,0,0,0,0,0,1,0,1,0,0,5,1,40,0,1,0,0.0011,1000.0,3.22,12.07,1.0
SAMOTAE-A,8,3,3,0,1,1,1,1,1,0,2,6,1,40,1,1,0,0.0056,0.0,2.83,14.44,0.2414
SAMOTAE-A,8,1,2,0,0,0,1,0,0,0,1,2,1,20,1,0,0,0.2701,1000.0,8.22,9.5,1.0
SAMOTAE-A,8,1,0,0,0,0,0,0,1,0,0,4,1,20,1,0,0,0.3526,1000.0,3.22,6.4,1.0
SAMOTAE-F,8,3,3,0,0,1,0,0,0,0,2,5,0,20,0,1,2,0.0004,1000.0,998.8,16.71,0.3578
SAMOTAE-F,8,1,1,0,0,1,1,1,0,0,0,1,1,40,1,0,0,0.4521,1000.0,3.32,10.15,1.0
SAMOTAE-F,8,0,3,0,0,1,1,0,1,1,1,6,1,40,0,0,0,0.1334,1000.0,4.74,38.66,1.0
SAMOTAE-F,8,3,0,0,1,1,1,0,1,1,1,3,0,20,1,1,1,0.0001,1.62,998.8,6.28,0.2518
SAMOTAE-F,8,3,0,0,1,0,0,1,0,1,2,1,0,40,0,0,0,0.0182,0.0,998.8,6.28,0.418
SAMOTAE-F,8,0,2,0,0,1,0,0,0,0,0,3,1,20,0,1,0,0.0429,1000.0,4.77,4.93,1.0
SAMOTAE-F,8,3,1,0,1,0,0,0,1,1,2,5,0,20,0,1,0,0.104,1.66,998.8,8.75,0.6527
SAMOTAE-F,8,3,0,0,1,0,0,1,0,1,2,3,0,40,0,0,0,0.0182,0.0,998.8,6.28,0.4109
SAMOTAE-F,8,3,3,0,1,0,0,0,1,0,1,6,0,40,1,1,0,0.0073,0.0,998.8,15.95,0.2162
SAMOTAE-F,8,3,0,0,1,1,1,0,1,1,0,6,0,30,1,1,2,0.0003,9.02,998.8,9.74,0.3654
SAMOTAE-F,8,3,3,0,1,1,1,0,1,1,0,6,1,30,1,1,2,0.0005,1.4,6.26,15.52,0.3891
MOSA-A,8,1,2,0,1,0,1,1,1,0,0,1,1,40,0,0,0,0.2911,0.0,8.22,9.5,1.0
MOSA-A,8,3,3,0,1,0,0,0,0,1,1,3,1,40,0,0,0,0.0071,0.0,2.83,15.97,0.2157
MOSA-A,8,3,1,0,0,1,1,0,0,1,0,0,0,30,0,0,2,0.3806,1000.0,998.8,8.87,1.0
MOSA-F,8,0,1,0,0,0,1,0,0,0,2,2,1,30,0,0,0,0.0097,1000.0,3.23,40.18,1.0
MOSA-F,8,3,3,0,1,1,0,1,1,0,0,4,0,30,1,1,0,0.0,2.09,998.8,17.91,0.1838
MOSA-F,8,0,1,0,0,1,1,0,1,1,0,5,1,40,0,1,0,0.0047,1000.0,3.22,40.18,1.0
MOSA-F,8,3,1,0,0,1,0,1,1,0,2,1,1,30,0,0,1,0.4706,1000.0,3.81,4.41,1.0
MOSA-F,8,0,1,0,0,0,1,0,0,0,2,2,1,30,1,0,0,0.0098,1000.0,3.23,40.18,1.0
MOSA-F,8,3,1,0,0,0,1,1,0,0,2,2,1,30,0,0,0,0.1358,1000.0,7.26,8.73,1.0
MOSA-F,8,3,1,0,0,0,1,0,0,0,2,2,1,20,0,0,2,0.2398,1000.0,7.28,8.85,1.0
MOSA-F,8,3,1,0,0,1,0,1,1,1,0,1,1,30,0,0,1,0.5049,1000.0,3.81,4.38,1.0
FITEST-A,8,2,1,0,0,0,0,1,0,0,0,0,0,40,0,1,0,0.4718,1000.0,998.8,5.18,1.0
FITEST-A,8,3,1,0,1,1,0,0,0,1,0,6,1,20,1,1,1,0.5097,6.93,3.83,4.57,0.9827
FITEST-A,8,3,3,0,0,1,0,1,0,1,2,3,0,20,1,0,1,0.0007,1000.0,998.8,14.3,0.356
FITEST-A,8,0,2,0,0,1,1,0,1,0,1,4,0,40,1,1,0,0.1093,1000.0,998.8,4.9,1.0
FITEST-A,8,1,2,0,1,0,1,1,0,0,2,1,1,20,0,0,0,0.2694,15.46,8.22,9.5,0.9664
FITEST-A,8,1,0,0,1,1,1,1,1,1,2,0,1,40,1,0,0,0.652,0.0,3.2,6.43,1.0
FITEST-A,8,1,0,0,0,0,0,1,0,0,0,0,0,40,0,0,0,0.4217,1000.0,998.8,6.43,1.0
FITEST-A,8,1,0,0,0,0,0,1,0,0,1,0,0,40,0,0,0,0.4217,1000.0,998.8,6.43,1.0
FITEST-A,8,0,0,0,1,1,1,0,1,1,2,0,1,30,1,0,0,0.0197,1.82,3.22,12.07,1.0
FITEST-A,8,2,0,0,0,0,0,0,0,0,0,0,0,30,0,1,0,0.5204,1000.0,998.8,6.32,1.0
FITEST-A,8,3,1,0,1,1,0,0,0,1,0,6,1,30,1,1,1,0.4641,1.99,3.81,4.4,1.0
FITEST-A,8,2,1,0,1,0,0,1,0,0,0,0,0,40,0,1,0,0.4807,0.0,998.8,5.51,1.0
FITEST-A,8,0,0,0,0,1,1,1,1,1,2,0,1,40,1,0,0,0.0011,1000.0,3.22,12.07,1.0
FITEST-A,8,1,1,0,1,1,1,1,1,1,2,0,1,40,1,0,0,0.4521,7.66,3.32,10.15,1.0
FITEST-A,8,1,1,0,1,1,1,1,1,1,2,0,1,30,1,0,0,0.4236,9.68,3.35,10.15,1.0
FITEST-A,8,1,2,0,1,1,1,1,1,1,0,0,1,30,1,0,0,0.2334,0.0,8.22,9.5,1.0
FITEST-F,8,1,0,0,1,0,1,0,0,0,1,1,1,20,0,0,0,0.3459,3.54,3.22,6.4,1.0
FITEST-F,8,3,2,0,0,1,1,1,1,0,1,4,1,20,0,1,1,0.0878,1000.0,2.86,20.02,0.2818
FITEST-F,8,3,3,0,0,0,1,0,0,0,2,1,1,40,1,0,0,0.0004,1000.0,2.83,13.45,0.2586
FITEST-F,8,2,0,0,1,0,0,1,0,1,2,5,0,20,0,1,0,0.539,15.21,998.8,6.3,1.0
FITEST-F,8,0,2,0,0,0,0,0,1,1,2,2,1,30,0,1,0,0.0438,1000.0,4.75,4.91,1.0
FITEST-F,8,0,3,0,1,0,1,0,0,1,1,6,1,30,0,0,0,0.1334,1.75,4.74,38.66,1.0
FITEST-F,8,3,2,0,0,1,1,1,1,0,0,3,1,20,0,1,1,0.0867,1000.0,2.86,19.59,0.2858
FITEST-F,8,3,0,0,1,0,0,1,0,1,2,5,0,20,0,1,0,0.0002,1.2,998.8,6.28,0.4035
FITEST-F,8,1,0,0,1,0,0,0,0,1,1,5,0,40,0,1,0,0.6711,0.0,998.8,6.39,1.0
FITEST-F,8,3,3,0,0,0,1,0,0,0,1,0,1,40,1,0,0,0.0005,1000.0,2.83,13.4,0.2595
FITEST-F,8,2,0,0,1,0,0,0,0,0,1,1,0,20,0,0,0,0.463,19.96,998.8,6.3,1.0
FITEST-F,8,2,0,0,0,0,1,0,0,0,2,4,0,20,0,0,0,1.5,1000.0,998.8,6.3,1.0
FITEST-F,8,2,2,0,0,0,0,0,0,0,2,1,0,30,0,0,0,0.3096,1000.0,998.8,1.72,1.0
RANDOM,8,2,2,0,0,0,0,1,0,1,2,6,0,30,0,1,0,0.3096,1000.0,998.8,1.72,1.0
RANDOM,8,2,0,0,1,1,0,1,0,0,0,1,0,30,1,1,0,0.5204,7.59,998.8,6.32,1.0
RANDOM,8,3,2,0,0,1,0,1,1,0,1,3,0,30,0,0,1,0.1199,1000.0,998.8,18.09,0.2987
RANDOM,8,2,0,0,1,0,0,1,0,0,1,4,1,40,0,0,0,0.472,6.04,2.83,6.32,1.0
RANDOM,8,2,2,0,0,0,1,1,1,1,2,5,0,20,0,1,0,0.2683,1000.0,998.8,1.69,1.0
RANDOM,8,2,2,0,0,1,0,1,1,1,2,1,0,20,1,1,0,0.2769,1000.0,998.8,1.69,1.0
RANDOM,8,2,0,0,1,0,1,0,1,0,2,5,0,20,1,0,0,0.5085,20.15,998.8,6.3,1.0
RANDOM,8,1,1,0,0,0,1,1,0,1,1,5,1,30,1,1,0,0.4236,1000.0,3.35,10.15,1.0
RANDOM,8,1,2,0,0,0,1,0,0,0,2,0,1,20,1,0,0,0.2694,1000.0,8.22,9.5,0.8819
RANDOM,8,1,3,0,0,1,0,0,1,0,2,0,0,20,0,0,0,0.4243,1000.0,998.8,6.0,0.8816
RANDOM,8,1,3,0,1,0,0,0,1,1,1,1,0,30,1,1,0,0.4231,10.27,998.8,6.0,1.0
RANDOM,8,1,3,0,1,1,1,0,0,0,2,3,1,40,0,1,0,0.4404,5.27,4.74,6.0,1.0
RANDOM,8,0,1,0,1,0,0,1,0,1,2,5,1,40,0,1,0,0.0084,3.76,3.22,40.18,1.0
RANDOM,8,1,0,0,0,1,1,1,0,0,1,6,0,20,0,0,0,0.3526,1000.0,998.8,6.4,1.0
RANDOM,8,3,3,0,0,0,1,0,0,1,2,5,1,30,0,0,0,0.0003,1000.0,2.83,14.23,0.2451
CART-A-39,9,3,3,0,1,1,0,1,0,1,1,1,1,40,1,1,1,0.0001,1.91,2.83,17.83,0.2807
CART-A-39,9,3,0,0,1,0,0,0,0,1,2,5,1,20,0,1,1,0.0,2.61,3.86,6.28,0.2462
CART-A-39,9,3,0,0,1,0,1,1,1,0,1,2,1,30,0,0,1,0.0,0.67,3.86,6.28,0.2495
CART-A-39,9,2,0,0,1,0,0,0,1,0,0,5,1,30,0,0,0,0.5204,15.58,2.76,6.32,1.0
CART-A-39,9,1,0,0,1,0,1,1,0,1,1,1,1,30,0,1,0,0.4607,0.0,3.02,6.43,1.0
CART-A-39,9,2,0,0,1,0,0,0,0,0,0,3,1,20,1,1,0,0.5312,19.96,2.78,6.3,1.0
CART-A-39,9,2,3,0,1,0,0,0,0,0,0,3,1,20,1,1,0,0.6321,45.39,4.77,0.06,0.8603
CART-A-39,9,2,3,0,1,0,1,1,1,1,1,5,1,20,1,1,0,0.6321,26.87,4.77,0.06,1.0
CART-A-39,9,2,1,0,1,0,0,0,0,0,0,3,1,20,1,1,0,0.438,16.31,2.84,5.47,1.0
CART-A-39,9,1,3,0,0,1,1,0,1,1,0,4,1,20,0,0,0,0.4657,1000.0,4.74,6.0,1.0
CART-A-39,9,2,0,0,0,0,0,0,0,0,0,3,1,20,1,1,0,0.539,1000.0,2.77,6.3,1.0
CART-A-39,9,2,0,0,1,0,1,1,1,1,1,5,1,20,1,1,0,0.5451,15.25,2.78,6.3,1.0
CART-A-39,9,2,2,0,1,1,1,0,1,1,2,3,0,20,0,0,0,0.272,31.38,998.8,1.69,1.0
CART-A-39,9,2,2,0,0,0,0,0,0,0,0,3,1,20,1,1,0,0.2726,1000.0,15.93,1.69,1.0
CART-A-39,9,2,1,0,1,0,1,1,1,1,1,5,1,20,1,1,0,0.4238,8.33,2.84,5.52,1.0
CART-A-39,9,1,3,0,1,0,1,0,1,1,2,3,1,30,1,1,0,0.4564,10.5,4.74,6.0,1.0
CART-A-100,9,3,0,0,1,0,0,1,0,1,1,1,1,40,1,1,0,0.0182,0.0,3.86,6.28,0.418
CART-A-100,9,3,1,0,1,0,1,1,0,0,1,1,1,40,0,0,0,0.0631,0.0,7.25,8.71,1.0
CART-A-100,9,3,2,0,1,0,1,0,1,0,0,2,1,40,1,0,0,0.2563,3.43,2.83,14.32,0.3537
CART-A-100,9,1,1,0,0,0,0,1,1,1,1,1,1,40,1,0,0,0.4521,1000.0,3.32,10.15,1.0
CART-A-100,9,1,3,0,0,1,1,1,1,1,2,2,1,40,1,1,0,0.4543,1000.0,4.74,6.0,1.0
CART-A-100,9,1,1,0,0,0,0,0,0,0,2,4,1,20,1,0,0,0.3289,1000.0,3.32,10.15,1.0
CART-A-100,9,3,1,0,1,1,1,1,1,1,2,6,0,30,0,0,1,0.5214,0.0,998.8,4.32,1.0
CART-A-100,9,1,0,0,0,0,0,1,1,1,1,1,1,40,1,1,0,0.4217,1000.0,3.22,6.43,1.0
CART-A-100,9,1,3,0,0,1,1,1,1,1,2,2,1,40,1,0,0,0.4466,1000.0,4.74,6.0,1.0
CART-A-100,9,2,0,0,0,0,0,0,0,0,2,4,1,20,1,0,0,0.539,1000.0,2.77,6.3,1.0
CART-A-100,9,2,3,0,1,1,0,1,0,0,2,6,0,30,1,1,0,0.6321,0.0,998.8,0.14,1.0
CART-A-100,9,2,0,0,0,0,0,1,1,1,1,1,1,40,1,0,0,0.5212,1000.0,2.81,6.32,1.0
CART-A-100,9,2,3,0,1,1,1,1,1,1,2,2,1,40,1,1,0,0.6321,0.0,4.75,0.1,1.0
CART-A-100,9,1,0,0,0,0,0,0,0,0,2,4,1,20,1,0,0,0.3526,1000.0,3.22,6.4,1.0
CART-A-100,9,3,0,0,0,1,1,1,1,1,1,0,0,40,1,1,0,0.0,1000.0,998.8,6.28,0.4035
CART-A-100,9,2,1,0,0,0,0,1,1,1,1,1,1,40,1,1,0,0.4718,1000.0,2.91,5.18,1.0
SAMOTAI-A-39,9,1,0,0,0,0,1,1,1,1,2,0,1,20,1,0,0,0.3526,1000.0,3.22,6.4,1.0
SAMOTAI-A-39,9,3,3,0,0,0,0,0,1,0,2,3,1,40,1,1,0,0.0005,1000.0,2.83,13.41,0.2592
SAMOTAI-A-39,9,1,1,0,0,1,1,0,0,0,1,5,1,40,0,0,0,0.4521,1000.0,3.32,10.15,1.0
SAMOTAI-A-39,9,1,3,0,1,0,0,1,0,1,2,0,0,40,0,0,0,0.3764,0.0,998.8,6.0,1.0
SAMOTAI-A-39,9,3,3,0,0,0,0,0,0,0,0,6,0,40,1,0,1,0.0007,1000.0,998.8,12.93,0.3836
SAMOTAI-A-39,9,1,2,0,1,0,0,1,1,1,2,6,0,20,0,0,0,0.2822,12.5,998.8,9.5,1.0
SAMOTAI-A-39,9,2,0,0,1,1,1,0,1,1,0,6,1,40,1,0,0,0.5212,13.25,2.81,6.32,1.0
SAMOTAI-A-39,9,3,3,0,1,0,1,1,1,1,2,6,1,40,1,1,2,0.0,1.96,6.26,19.32,0.2901
SAMOTAI-A-39,9,3,3,0,1,1,0,0,0,0,0,3,1,20,1,1,0,0.0001,2.1,2.83,16.84,0.2014
SAMOTAI-A-39,9,3,0,0,1,1,1,0,1,1,2,6,1,40,1,1,2,0.0029,0.0,7.28,9.74,0.3416
SAMOTAI-A-39,9,1,1,0,1,1,1,0,1,0,2,3,0,40,1,0,0,0.4519,15.48,998.8,10.15,1.0
SAMOTAI-A-39,9,3,3,0,1,1,0,0,0,0,0,1,1,20,1,1,0,0.0001,2.13,2.83,16.87,0.2009
SAMOTAI-A-39,9,2,2,0,0,0,0,0,0,0,1,2,1,20,1,0,0,0.2726,1000.0,15.93,1.69,1.0
SAMOTAI-A-39,9,2,0,0,0,0,0,0,1,0,0,4,1,20,1,0,0,0.539,1000.0,2.77,6.3,1.0
SAMOTAI-A-100,9,3,1,0,1,1,0,1,0,0,0,1,0,20,1,1,1,0.808,0.0,998.8,4.63,0.9098
SAMOTAI-A-100,9,0,1,0,0,0,0,1,0,1,2,5,1,40,0,0,0,0.0047,1000.0,3.22,40.18,1.0
SAMOTAI-A-100,9,0,3,0,1,1,1,1,0,0,0,3,1,40,0,1,0,0.1334,0.0,4.74,38.66,1.0
SAMOTAI-A-100,9,2,0,0,1,0,1,0,1,1,2,4,1,20,1,0,0,0.5246,20.12,2.8,6.3,1.0
SAMOTAI-A-100,9,3,2,0,0,0,1,0,0,0,2,2,0,40,1,0,0,0.1008,1000.0,998.8,15.2,0.3421
SAMOTAI-A-100,9,0,0,0,1,0,0,1,0,0,0,3,0,40,0,1,0,2.6121,0.0,998.8,12.07,1.0
SAMOTAI-A-100,9,3,0,0,1,1,1,0,1,1,0,4,0,40,1,0,1,0.0033,0.0,998.8,6.28,0.2543
SAMOTAI-A-100,9,0,3,0,1,0,0,0,1,0,2,6,0,40,1,0,0,0.1335,0.0,998.8,38.66,1.0
SAMOTAI-A-100,9,3,3,0,1,0,0,1,1,1,2,6,0,40,1,0,2,0.0003,2.62,998.8,19.76,0.2701
SAMOTAI-A-100,9,1,0,0,1,0,1,0,1,0,0,2,0,40,1,1,0,1.6669,0.0,998.8,0.0,1.0
SAMOTAI-A-100,9,2,2,0,0,0,0,0,0,0,1,2,1,11,1,0,0,0.2867,1000.0,15.93,1.66,1.0
SAMOTAI-A-100,9,3,3,0,1,1,1,1,1,1,2,6,1,40,1,1,0,0.0062,0.0,2.83,14.44,0.2416
SAMOTAI-A-100,9,1,1,0,0,0,0,0,1,0,0,1,0,20,1,0,0,0.3289,1000.0,998.8,10.15,1.0
CART-F-39,9,3,2,0,1,1,0,1,0,1,1,1,1,40,1,1,1,0.0665,0.0,2.82,18.0,0.3003
CART-F-39,9,3,1,0,1,0,0,0,0,1,2,5,1,20,0,1,1,0.468,2.79,3.83,4.55,1.0
CART-F-39,9,3,1,0,1,0,1,1,1,0,1,2,1,30,0,0,1,0.5642,0.0,3.81,4.42,1.0
CART-F-39,9,1,0,0,0,0,1,0,0,0,2,4,1,20,0,1,0,0.3526,1000.0,3.22,6.4,1.0
CART-F-39,9,3,0,0,1,0,1,1,1,0,1,2,1,30,0,0,1,0.0001,1.1,3.86,6.28,0.2552
CART-F-39,9,3,1,0,1,0,0,1,0,1,1,1,1,40,1,1,1,0.8575,0.0,3.78,4.21,1.0
CART-F-39,9,0,3,0,0,1,0,1,0,1,2,3,1,30,1,0,0,0.1334,1000.0,4.74,38.66,1.0
CART-F-39,9,3,2,0,1,0,1,1,1,0,1,2,1,30,0,0,1,0.0924,0.43,2.84,16.7,0.3111
CART-F-39,9,3,3,0,1,1,0,1,0,1,1,1,1,40,1,1,1,0.0002,1.7,2.83,17.2,0.2945
CART-F-39,9,3,3,0,1,0,1,1,1,0,1,2,1,30,0,0,1,0.0,1.58,2.83,16.28,0.3146
CART-F-39,9,1,0,0,0,0,0,0,0,1,1,3,0,40,1,0,0,0.4217,1000.0,998.8,6.43,1.0
CART-F-100,9,3,0,0,1,0,0,1,1,1,1,1,1,40,1,0,0,0.0228,0.0,3.86,6.28,0.418
CART-F-100,9,3,1,0,1,0,1,1,0,0,1,1,1,40,0,0,0,0.0671,0.0,7.25,8.71,0.855
CART-F-100,9,3,2,0,1,0,1,0,0,0,0,2,1,40,1,1,0,0.1475,2.57,2.82,5.1,1.0
CART-F-100,9,0,1,0,1,1,0,0,0,1,2,4,0,30,1,0,0,0.0176,18.64,998.8,40.18,1.0
CART-F-100,9,3,0,0,1,0,1,1,1,1,1,1,1,40,1,0,0,0.0179,0.0,3.86,6.28,0.418
CART-F-100,9,3,1,0,1,0,1,1,1,0,1,1,1,40,0,0,0,0.0779,0.0,7.25,8.73,1.0
CART-F-100,9,3,2,0,1,0,0,0,1,0,0,2,1,40,1,1,0,0.1269,4.39,2.82,15.16,0.3428
CART-F-100,9,2,3,0,0,1,0,0,1,1,1,5,0,40,1,1,0,0.6321,1000.0,998.8,0.1,1.0
CART-F-100,9,3,0,0,1,0,1,1,1,1,1,1,1,40,1,1,0,0.0179,0.0,3.86,6.28,0.418
CART-F-100,9,3,2,0,1,0,0,0,0,0,0,2,1,40,1,0,1,0.2366,4.49,2.82,15.25,0.3207
CART-F-100,9,0,3,0,1,1,0,0,1,1,2,5,0,20,0,1,0,0.1383,14.95,998.8,38.66,1.0
SAMOTAI-F-39,9,2,0,0,1,1,0,1,1,0,1,3,1,20,1,0,0,0.539,15.21,2.77,6.3,1.0
SAMOTAI-F-39,9,1,3,0,0,1,1,0,0,0,1,0,1,20,0,0,0,0.4265,1000.0,4.74,6.0,0.7671
SAMOTAI-F-39,9,3,2,0,1,0,0,0,0,0,2,5,0,30,0,1,0,0.0621,9.07,998.8,19.62,0.2886
SAMOTAI-F-39,9,0,3,0,1,1,0,1,0,0,2,5,0,20,1,0,0,0.1473,2.32,998.8,38.66,1.0
SAMOTAI-F-39,9,0,0,0,0,0,0,1,0,0,2,5,1,40,0,1,0,0.0011,1000.0,3.22,12.07,1.0
SAMOTAI-F-39,9,3,1,0,0,0,1,1,1,0,1,0,0,40,0,0,2,0.4112,1000.0,998.8,8.84,1.0
SAMOTAI-F-39,9,3,0,0,1,0,0,0,1,1,0,6,0,40,1,0,0,0.001,0.0,998.8,6.28,0.4024
SAMOTAI-F-39,9,3,0,0,1,0,1,0,0,1,2,6,1,40,1,0,2,0.0003,5.2,7.28,9.74,0.3765
SAMOTAI-F-39,9,3,3,0,1,1,1,1,1,1,2,6,1,40,1,1,0,0.0027,0.0,2.83,14.45,0.2414
SAMOTAI-F-39,9,3,3,0,1,1,0,0,0,0,0,6,1,20,1,1,0,0.0006,1.67,2.83,16.44,0.208
SAMOTAI-F-39,9,3,3,0,1,1,0,0,0,1,0,0,0,20,1,0,2,0.0,6.95,998.8,19.76,0.2699
SAMOTAI-F-39,9,3,3,0,1,1,1,1,1,1,2,6,1,40,1,1,2,0.0003,4.33,6.26,19.61,0.2827
SAMOTAI-F-100,9,2,3,0,0,0,1,1,1,0,0,1,1,40,1,0,0,0.6321,1000.0,4.75,0.08,1.0
SAMOTAI-F-100,9,0,0,0,1,1,1,1,0,1,0,5,0,20,0,1,0,0.0614,5.17,998.8,12.07,1.0
SAMOTAI-F-100,9,0,2,0,0,0,1,0,1,0,2,5,0,40,1,0,0,0.1093,1000.0,998.8,4.9,1.0
SAMOTAI-F-100,9,3,3,0,0,0,0,1,0,1,1,5,1,30,0,1,2,0.0002,1000.0,6.26,15.52,0.3891
SAMOTAI-F-100,9,3,0,0,0,1,0,1,0,1,2,4,1,40,1,0,0,0.0,1000.0,3.86,6.28,0.4083
SAMOTAI-F-100,9,2,0,0,1,1,0,0,0,1,0,0,0,40,1,0,0,0.5212,13.04,998.8,6.32,1.0
SAMOTAI-F-100,9,0,3,0,0,1,1,1,1,0,2,6,0,40,0,0,0,0.1334,1000.0,998.8,38.66,1.0
SAMOTAI-F-100,9,3,3,0,0,0,0,1,0,0,0,6,1,40,1,1,0,0.0004,1000.0,2.83,13.37,0.2601
SAMOTAI-F-100,9,3,3,0,1,1,1,1,1,1,2,6,1,40,1,1,0,0.0064,0.0,2.83,14.45,0.2414
SAMOTAI-F-100,9,3,3,0,0,1,1,1,1,1,2,0,0,40,0,0,0,0.0005,1000.0,998.8,13.28,0.2616
SAMOTAI-F-100,9,3,3,0,0,0,1,1,0,0,0,5,1,40,1,1,2,0.0001,1000.0,6.26,15.52,0.3894
SAMOTAI-F-100,9,0,3,0,1,0,0,0,0,1,1,1,0,40,0,0,0,0.1335,0.0,998.8,38.66,1.0
SAMOTAI-F-100,9,3,3,0,0,0,0,1,0,1,2,6,1,40,1,1,0,0.0005,1000.0,2.83,13.18,0.2631
SAMOTAE-A,9,2,0,0,0,1,1,1,1,0,0,3,1,20,0,0,0,0.5536,1000.0,2.75,6.3,1.0
SAMOTAE-A,9,0,0,0,1,0,1,0,0,0,2,6,0,40,0,0,0,0.0099,0.0,998.8,12.07,1.0
SAMOTAE-A,9,2,3,0,0,0,0,1,1,0,0,6,1,40,1,1,0,0.6321,1000.0,4.75,0.07,1.0
SAMOTAE-A,9,2,1,0,0,1,1,0,1,1,2,0,0,20,1,0,0,0.4135,1000.0,998.8,5.43,1.0
SAMOTAE-A,9,1,2,0,0,0,0,0,1,1,1,3,0,40,0,0,0,0.2526,1000.0,998.8,9.5,1.0
SAMOTAE-A,9,2,0,0,1,1,1,0,1,0,2,4,0,40,1,1,0,0.3313,13.36,998.8,6.32,1.0
SAMOTAE-A,9,3,3,0,0,0,0,1,0,0,0,6,1,40,1,1,2,0.0002,1000.0,6.26,15.52,0.3894
SAMOTAE-A,9,3,1,0,1,1,1,1,1,1,2,6,1,40,1,1,2,0.4294,0.0,7.25,8.86,1.0
SAMOTAE-A,9,3,3,0,1,1,1,1,1,1,2,6,1,40,1,1,2,0.0,3.06,6.26,19.76,0.2616
SAMOTAE-A,9,3,0,0,1,1,1,1,1,1,2,6,1,20,1,1,2,0.0063,0.0,7.28,9.74,0.3608
SAMOTAE-A,9,3,3,0,1,1,1,0,1,1,2,6,1,40,1,0,2,0.0002,1.27,6.26,15.42,0.3917
SAMOTAE-A,9,3,2,0,0,1,0,1,1,1,2,4,1,30,0,1,2,0.3532,1000.0,6.28,8.67,1.0
SAMOTAE-A,9,2,2,0,0,0,0,0,1,0,1,2,1,20,1,0,0,0.2726,1000.0,15.93,1.69,1.0
SAMOTAE-A,9,1,0,0,0,0,0,0,1,0,0,4,1,20,1,0,0,0.3526,1000.0,3.22,6.4,1.0
SAMOTAE-A,9,1,2,0,1,1,1,0,0,0,1,0,0,30,0,1,0,0.2662,10.5,998.8,9.5,1.0
SAMOTAE-F,9,3,3,0,0,0,1,1,1,1,0,4,1,40,1,0,1,0.0,1000.0,2.83,13.23,0.3777
SAMOTAE-F,9,3,2,0,1,1,0,1,0,0,2,0,0,30,1,0,0,0.0704,1.86,998.8,19.04,0.2956
SAMOTAE-F,9,0,3,0,0,0,0,0,1,1,2,6,1,20,0,1,0,0.1496,1000.0,4.74,38.66,1.0
SAMOTAE-F,9,0,2,0,1,0,1,0,0,1,1,0,0,20,0,1,0,0.0392,32.32,998.8,4.93,1.0
SAMOTAE-F,9,1,0,0,1,0,0,1,0,1,2,4,0,40,0,1,0,0.6499,0.0,998.8,6.42,1.0
SAMOTAE-F,9,3,1,0,0,0,0,0,0,1,1,6,1,20,0,0,1,0.4896,1000.0,3.83,4.55,1.0
SAMOTAE-F,9,3,3,0,0,1,0,0,1,0,2,6,1,20,0,1,0,0.0003,1000.0,2.83,14.35,0.2431
SAMOTAE-F,9,3,3,0,0,1,1,0,1,0,0,5,1,20,1,1,2,0.0007,1000.0,6.26,16.3,0.3686
SAMOTAE-F,9,2,1,0,0,0,1,1,0,0,2,6,1,40,1,1,0,1.5,1000.0,3.08,5.35,1.0
SAMOTAE-F,9,3,3,0,0,1,1,1,1,1,0,4,1,40,1,0,2,0.0,1000.0,6.26,15.21,0.3977
SAMOTAE-F,9,2,1,0,0,0,1,1,0,0,2,6,0,40,1,1,0,0.376,1000.0,998.8,5.34,1.0
SAMOTAE-F,9,2,3,0,0,1,1,0,1,0,0,5,1,40,1,0,0,0.6321,1000.0,4.75,0.1,1.0
SAMOTAE-F,9,3,2,0,0,1,0,1,1,0,2,6,1,40,1,0,2,0.4307,1000.0,6.25,8.68,1.0
SAMOTAE-F,9,3,1,0,0,1,1,1,0,0,2,6,0,40,1,1,1,0.3057,1000.0,998.8,4.5,1.0
MOSA-A,9,2,1,0,0,0,0,1,0,0,2,5,0,20,1,1,0,0.438,1000.0,998.8,5.54,1.0
MOSA-A,9,2,0,0,0,0,0,0,0,0,2,5,1,30,1,0,0,0.5204,1000.0,2.76,6.32,1.0
MOSA-A,9,0,1,0,1,0,0,1,0,0,0,2,0,30,1,0,0,0.0098,8.2,998.8,40.18,1.0
MOSA-A,9,3,3,0,0,1,1,1,0,0,0,0,1,40,1,1,1,0.0001,1000.0,2.83,13.42,0.3739
MOSA-A,9,1,2,0,0,1,1,0,1,1,2,5,1,30,1,0,0,0.2808,1000.0,8.22,9.5,1.0
MOSA-A,9,1,2,0,0,1,1,0,1,1,0,2,0,20,1,0,0,0.2604,1000.0,998.8,9.5,1.0
MOSA-A,9,2,1,0,0,1,0,1,0,0,2,5,0,20,1,1,0,0.438,1000.0,998.8,5.54,1.0
MOSA-A,9,2,0,0,0,0,0,0,0,0,2,5,0,20,1,1,0,0.539,1000.0,998.8,6.3,1.0
MOSA-A,9,2,1,0,0,0,0,1,0,0,2,5,1,30,1,0,0,0.4813,1000.0,2.79,5.59,1.0
MOSA-A,9,2,1,0,0,1,0,1,0,0,2,5,1,30,1,0,0,0.4813,1000.0,2.79,5.59,1.0
MOSA-A,9,2,1,0,0,0,0,1,0,0,2,5,1,20,1,1,0,0.438,1000.0,2.84,5.49,1.0
MOSA-F,9,3,3,0,1,1,1,1,1,0,2,0,1,20,1,0,1,0.0011,3.13,2.83,17.71,0.2836
MOSA-F,9,2,2,0,1,0,1,0,1,1,0,3,0,30,0,0,0,0.3987,1.78,998.8,1.72,1.0
MOSA-F,9,0,0,0,0,0,0,1,1,1,0,6,1,20,1,0,0,0.0614,1000.0,3.22,12.07,1.0
MOSA-F,9,1,2,0,0,0,0,1,1,1,1,1,1,30,1,0,0,0.2804,1000.0,8.22,9.5,1.0
MOSA-F,9,3,0,0,1,0,1,1,1,0,0,0,1,20,1,0,0,0.0001,1.19,3.86,6.28,0.4035
MOSA-F,9,2,0,0,1,0,1,0,1,1,0,3,0,40,0,0,0,0.5212,13.25,998.8,6.32,1.0
MOSA-F,9,2,2,0,1,0,1,0,1,1,1,3,0,30,0,0,0,0.4274,1.79,998.8,1.72,1.0
MOSA-F,9,3,3,0,1,1,1,1,1,0,2,0,1,30,1,0,1,0.0035,0.0,2.83,14.45,0.3529
FITEST-A,9,2,1,0,1,1,1,1,0,0,2,1,0,40,1,0,0,0.4139,0.0,998.8,5.56,1.0
FITEST-A,9,0,2,0,0,1,0,0,0,0,1,5,0,20,1,1,0,0.0392,1000.0,998.8,4.93,1.0
FITEST-A,9,3,1,0,1,0,0,1,1,0,0,5,1,30,0,1,1,0.563,0.0,3.81,4.33,1.0
FITEST-A,9,0,3,0,1,0,1,1,0,0,0,3,0,20,0,0,0,0.1475,2.41,998.8,38.66,1.0
FITEST-A,9,3,3,0,0,1,0,1,1,0,1,0,1,30,0,0,2,0.0,1000.0,6.26,16.0,0.3766
FITEST-A,9,3,3,0,0,1,0,1,1,1,1,4,0,40,0,0,0,0.0004,1000.0,998.8,13.27,0.2618
FITEST-A,9,1,1,0,0,1,0,0,0,0,1,1,0,30,1,0,0,0.4236,1000.0,998.8,10.15,1.0
FITEST-A,9,0,1,0,0,1,0,0,0,0,1,4,0,20,1,0,0,0.0321,1000.0,998.8,40.18,1.0
FITEST-A,9,0,3,0,1,0,1,1,0,0,0,4,0,20,0,0,0,0.1475,1.32,998.8,38.66,1.0
FITEST-A,9,3,1,0,1,0,0,1,1,0,0,6,1,30,0,1,1,0.7469,0.0,3.81,4.32,1.0
FITEST-A,9,1,1,0,1,0,1,1,0,0,1,1,0,30,0,0,0,0.459,9.83,998.8,10.15,1.0
FITEST-A,9,0,2,0,1,0,1,1,0,0,0,4,0,20,0,0,0,0.0392,23.83,998.8,4.93,1.0
FITEST-A,9,3,0,0,0,0,0,0,1,0,0,6,1,20,0,1,1,0.0001,1000.0,3.86,6.28,0.2518
FITEST-A,9,1,0,0,0,1,1,0,0,0,1,0,0,40,1,0,0,1.8133,1000.0,998.8,0.0,0.6321
FITEST-A,9,3,1,0,1,0,0,1,1,0,1,6,1,30,0,1,1,0.6434,0.0,3.81,4.52,1.0
FITEST-F,9,2,3,0,1,0,0,1,0,1,1,6,0,30,1,1,0,0.6321,0.0,998.8,0.16,1.0
FITEST-F,9,0,3,0,1,0,0,1,1,1,1,0,1,40,0,1,0,0.1334,0.0,4.74,38.66,1.0
FITEST-F,9,3,1,0,0,1,0,0,1,1,2,0,1,20,0,1,1,0.4808,1000.0,3.83,4.57,1.0
FITEST-F,9,3,0,0,1,1,0,0,1,0,1,5,1,40,0,0,1,0.0004,0.0,3.86,6.28,0.2545
FITEST-F,9,2,3,0,1,0,1,0,0,1,1,1,0,20,0,1,0,0.6321,27.25,998.8,0.06,1.0
FITEST-F,9,0,0,0,0,0,0,1,1,0,0,4,0,20,0,1,0,0.0614,1000.0,998.8,12.07,1.0
FITEST-F,9,3,0,0,0,1,0,0,0,0,2,0,0,30,0,0,1,0.0,1000.0,998.8,6.28,0.2495
FITEST-F,9,0,3,0,1,0,0,1,0,0,0,0,0,40,0,0,0,0.1334,0.0,998.8,38.66,1.0
FITEST-F,9,2,3,0,1,0,1,0,0,1,1,0,0,20,0,1,0,0.6321,30.61,998.8,0.06,1.0
RANDOM,9,3,2,0,0,0,1,0,0,0,0,4,1,20,0,0,1,0.0761,1000.0,2.86,21.53,0.268
RANDOM,9,2,0,0,0,1,0,1,0,0,1,2,0,20,0,1,0,0.539,1000.0,998.8,6.3,1.0
RANDOM,9,2,2,0,1,1,1,1,0,0,2,6,1,20,1,1,0,0.2684,12.3,15.93,1.69,1.0
RANDOM,9,1,2,0,1,1,1,0,1,0,0,3,1,30,1,0,0,0.2656,10.35,8.22,9.5,1.0
RANDOM,9,2,1,0,1,1,0,0,1,1,1,5,0,40,0,0,0,0.4718,4.54,998.8,5.39,1.0
RANDOM,9,3,1,0,1,1,0,1,0,1,0,1,0,30,1,1,0,0.1017,0.0,998.8,8.73,0.6619
RANDOM,9,3,2,0,0,0,0,1,1,0,2,5,0,20,1,0,1,0.0798,1000.0,998.8,20.02,0.282
RANDOM,9,3,1,0,0,1,0,1,0,0,1,2,0,40,1,0,1,0.7073,1000.0,998.8,4.35,1.0
RANDOM,9,1,1,0,1,0,1,1,1,0,1,5,1,30,1,1,0,0.4236,9.59,3.35,10.15,1.0
RANDOM,9,1,0,0,0,1,0,1,0,0,0,4,1,30,1,0,0,0.4098,1000.0,3.22,6.42,1.0
RANDOM,9,3,2,0,0,0,1,1,0,1,1,5,0,20,0,1,2,0.2288,1000.0,998.8,8.7,1.0
RANDOM,9,0,1,0,1,1,0,1,0,1,2,0,1,20,0,0,0,0.0436,21.88,3.25,40.18,1.0
RANDOM,9,1,3,0,0,0,0,1,0,1,1,2,0,20,1,1,0,0.4641,1000.0,998.8,6.0,0.9309
RANDOM,9,2,2,0,1,1,1,0,0,1,0,1,1,20,0,1,0,0.2743,31.46,15.93,1.69,1.0
RANDOM,9,2,1,0,0,1,1,1,1,1,1,5,1,40,1,0,0,0.4718,1000.0,2.91,5.18,1.0
RANDOM,9,1,1,0,1,1,1,1,1,0,0,1,1,30,1,1,0,0.4236,9.61,3.35,10.15,1.0
CART-A-39,10,3,3,0,1,1,0,1,0,1,1,1,1,40,1,1,1,0.0001,1.91,2.83,17.83,0.2807
CART-A-39,10,3,0,0,1,0,0,0,0,1,2,5,1,20,0,1,1,0.0,2.61,3.86,6.28,0.2462
CART-A-39,10,3,0,0,1,0,1,1,1,0,1,2,1,30,0,0,1,0.0,0.67,3.86,6.28,0.2495
CART-A-39,10,2,0,0,1,0,0,0,1,0,0,5,1,30,0,0,0,0.5204,15.58,2.76,6.32,1.0
CART-A-39,10,1,0,0,1,0,1,1,0,1,1,1,1,30,0,1,0,0.4607,0.0,3.02,6.43,1.0
CART-A-39,10,2,0,0,1,0,0,0,0,0,0,3,1,20,1,1,0,0.5312,19.96,2.78,6.3,1.0
CART-A-39,10,2,3,0,0,1,1,1,1,1,1,5,1,20,1,1,0,0.6321,1000.0,4.77,0.06,1.0
CART-A-39,10,2,1,0,1,0,0,0,0,0,0,3,1,20,1,1,0,0.438,16.31,2.84,5.47,1.0
CART-A-39,10,3,0,0,1,1,0,1,1,0,1,5,0,30,0,0,2,0.0041,0.0,998.8,9.74,0.3602
CART-A-39,10,2,0,0,0,0,0,0,0,0,0,3,1,20,1,1,0,0.539,1000.0,2.77,6.3,1.0
CART-A-39,10,2,0,0,1,0,1,1,1,1,1,5,1,20,1,1,0,0.5451,15.25,2.78,6.3,1.0
CART-A-39,10,2,1,0,0,0,0,0,0,0,2,6,0,40,0,1,0,0.4718,1000.0,998.8,5.18,1.0
CART-A-39,10,2,3,0,1,0,1,1,1,1,1,5,1,20,1,1,0,0.6321,26.87,4.77,0.06,1.0
CART-A-39,10,2,1,0,0,0,1,1,1,1,1,5,1,20,1,1,0,0.3885,1000.0,2.87,5.38,1.0
CART-A-39,10,0,2,0,0,0,0,0,0,0,1,3,1,30,1,0,0,0.0438,1000.0,4.75,4.91,1.0
CART-A-39,10,1,0,0,1,0,1,1,1,1,1,5,1,20,1,1,0,0.3511,0.0,3.2,6.4,1.0
CART-A-39,10,2,0,0,1,0,0,1,0,0,2,0,0,30,1,0,0,0.5204,7.59,998.8,6.32,1.0
CART-A-39,10,0,0,0,1,0,0,0,0,0,0,3,1,20,1,1,0,0.0614,18.61,3.22,12.07,1.0
CART-A-39,10,2,1,0,1,0,1,1,1,1,1,5,1,20,1,1,0,0.4238,8.33,2.84,5.52,1.0
CART-A-100,10,3,0,0,1,0,0,1,0,1,1,1,1,40,1,1,0,0.0182,0.0,3.86,6.28,0.418
CART-A-100,10,3,1,0,1,0,1,1,0,0,1,1,1,40,0,0,0,0.0631,0.0,7.25,8.71,1.0
CART-A-100,10,2,2,0,1,0,1,0,0,0,0,2,1,40,1,0,0,0.7108,0.0,15.93,1.74,1.0
CART-A-100,10,2,0,0,1,0,0,1,0,1,1,1,1,40,1,1,0,0.5212,5.95,2.81,6.32,1.0
CART-A-100,10,2,3,0,1,1,1,1,1,1,2,2,1,40,1,1,0,0.6321,0.0,4.75,0.1,1.0
CART-A-100,10,1,0,0,1,0,0,0,1,0,2,4,1,20,1,0,0,0.3393,2.99,3.22,6.4,1.0
CART-A-100,10,2,1,0,1,0,0,1,1,1,1,0,0,20,1,0,0,0.457,9.14,998.8,5.52,1.0
CART-A-100,10,2,2,0,1,0,0,1,0,1,1,1,1,40,1,1,0,0.3619,0.0,15.93,1.74,1.0
CART-A-100,10,1,2,0,0,1,1,1,0,1,2,2,1,40,1,0,0,0.0047,1000.0,9.08,11.93,0.0482
CART-A-100,10,0,3,0,0,1,1,1,0,1,2,2,1,40,1,1,0,0.1334,1000.0,4.74,38.66,1.0
CART-A-100,10,2,2,0,0,1,1,1,1,1,2,0,0,20,0,1,0,0.2726,1000.0,998.8,1.69,1.0
CART-A-100,10,1,2,0,1,0,0,1,0,1,1,1,1,40,1,1,0,0.2811,0.0,8.22,9.5,1.0
CART-A-100,10,0,2,0,0,1,1,1,1,1,2,2,1,40,1,0,0,0.1093,1000.0,4.74,4.9,1.0
CART-A-100,10,0,1,0,1,1,1,1,0,1,2,2,1,40,1,0,0,0.0046,3.91,3.22,40.18,1.0
CART-A-100,10,1,1,0,0,1,0,0,1,0,0,4,1,20,1,0,0,0.3289,1000.0,3.32,10.15,1.0
SAMOTAI-A-39,10,2,1,0,0,0,1,1,1,0,0,4,0,20,0,0,0,0.3915,1000.0,998.8,5.46,1.0
SAMOTAI-A-39,10,2,1,0,0,0,0,1,1,1,1,0,1,40,0,0,0,0.4718,1000.0,2.91,5.18,1.0
SAMOTAI-A-39,10,1,0,0,0,0,0,0,1,0,1,1,0,20,1,1,0,0.3526,1000.0,998.8,6.4,1.0
SAMOTAI-A-39,10,0,3,0,0,1,0,0,1,0,0,2,1,20,0,0,0,0.1455,1000.0,4.74,38.66,1.0
SAMOTAI-A-39,10,1,1,0,0,0,0,1,0,0,2,6,1,30,0,1,0,0.4236,1000.0,3.35,10.15,1.0
SAMOTAI-A-39,10,3,3,0,0,0,0,1,0,1,2,5,1,40,1,0,0,0.0005,1000.0,2.83,13.38,0.2599
SAMOTAI-A-39,10,3,0,0,1,0,0,0,1,0,1,5,0,40,0,0,0,0.001,0.0,998.8,6.28,0.4024
SAMOTAI-A-39,10,3,0,0,1,1,0,1,1,1,2,5,0,30,0,0,0,0.0001,0.69,998.8,6.28,0.4035
SAMOTAI-A-39,10,3,3,0,1,1,1,1,1,1,2,6,1,40,1,1,0,0.002,0.0,2.83,14.4,0.2422
SAMOTAI-A-39,10,3,3,0,1,1,0,0,0,0,0,6,1,20,1,1,0,0.0007,2.17,2.83,16.91,0.2003
SAMOTAI-A-39,10,3,3,0,1,1,1,1,1,0,2,6,1,40,0,1,0,0.006,0.0,2.83,14.44,0.2416
SAMOTAI-A-39,10,3,1,0,1,0,0,1,1,0,0,5,0,40,0,0,0,0.1123,0.0,998.8,8.74,1.0
SAMOTAI-A-39,10,0,2,0,1,1,0,1,1,0,1,5,1,30,1,0,0,0.0438,16.01,4.75,4.91,1.0
SAMOTAI-A-39,10,3,3,0,1,1,0,0,0,0,0,5,1,20,1,1,0,0.0001,2.42,2.83,17.14,0.1965
SAMOTAI-A-100,10,2,2,0,1,1,0,1,1,0,0,1,0,20,1,1,0,0.2739,13.48,998.8,1.69,1.0
SAMOTAI-A-100,10,2,0,0,1,0,1,0,0,1,0,5,1,20,1,0,0,0.5328,20.12,2.78,6.3,1.0
SAMOTAI-A-100,10,0,2,0,0,0,1,1,1,0,2,5,1,30,0,0,0,0.0438,1000.0,4.75,4.91,1.0
SAMOTAI-A-100,10,0,1,0,1,1,0,0,1,1,2,0,0,40,0,0,0,0.015,14.71,998.8,40.18,1.0
SAMOTAI-A-100,10,2,3,0,0,0,1,0,1,1,0,4,1,30,1,0,0,0.6321,1000.0,4.76,0.15,1.0
SAMOTAI-A-100,10,3,2,0,1,1,1,1,0,1,2,3,0,20,1,1,2,0.2372,1.88,998.8,8.71,1.0
SAMOTAI-A-100,10,3,3,0,0,1,0,0,1,1,2,6,0,40,0,0,2,0.0001,1000.0,998.8,15.52,0.3894
SAMOTAI-A-100,10,2,2,0,0,1,1,0,0,1,1,6,0,30,1,1,0,0.3025,1000.0,998.8,1.72,1.0
SAMOTAI-A-100,10,3,3,0,1,1,1,1,1,1,2,6,1,40,1,1,0,0.0062,0.0,2.83,14.44,0.2416
SAMOTAI-A-100,10,3,3,0,0,1,1,1,1,1,2,5,0,40,0,0,0,0.0005,1000.0,998.8,13.42,0.259
SAMOTAI-A-100,10,3,3,0,0,0,1,1,0,1,0,2,1,20,1,1,2,0.0,1000.0,6.26,16.24,0.3703
SAMOTAI-A-100,10,2,0,0,1,0,1,1,1,0,0,4,0,20,0,1,0,0.555,15.21,998.8,6.3,1.0
SAMOTAI-A-100,10,3,3,0,0,0,0,1,0,1,1,6,1,40,0,0,0,0.0006,1000.0,2.83,13.38,0.2598
SAMOTAI-A-100,10,1,0,0,0,1,1,1,1,1,1,2,0,30,0,1,0,1.315,1000.0,998.8,0.0,1.0
CART-F-39,10,3,2,0,1,1,0,1,0,1,1,1,1,40,1,1,1,0.0665,0.0,2.82,18.0,0.3003
CART-F-39,10,3,1,0,1,0,0,0,0,1,2,5,1,20,0,1,1,0.468,2.79,3.83,4.55,1.0
CART-F-39,10,3,1,0,1,0,1,1,1,0,1,2,1,30,0,0,1,0.5642,0.0,3.81,4.42,1.0
CART-F-39,10,1,1,0,0,1,1,1,1,1,0,1,0,20,1,1,0,0.3289,1000.0,998.8,10.15,1.0
CART-F-39,10,3,0,0,1,0,1,1,1,0,1,2,1,30,0,0,1,0.0001,1.1,3.86,6.28,0.2552
CART-F-39,10,2,1,0,1,0,0,1,0,1,1,1,1,40,1,1,0,0.4718,0.0,2.91,5.5,1.0
CART-F-39,10,2,1,0,1,1,0,0,0,1,2,5,1,20,0,1,0,0.438,16.31,2.84,5.54,1.0
CART-F-39,10,2,3,0,1,1,1,0,1,0,1,1,0,30,1,0,0,0.6321,15.23,998.8,0.13,1.0
CART-F-39,10,3,1,0,1,0,1,1,1,0,1,2,1,30,0,0,0,0.111,0.0,7.26,8.74,0.8133
CART-F-39,10,3,0,0,1,0,1,1,1,0,1,2,1,30,0,0,0,0.0,0.64,3.86,6.28,0.3891
CART-F-39,10,1,0,0,1,1,0,1,1,1,2,3,0,30,1,0,0,0.4865,0.0,998.8,6.42,1.0
CART-F-39,10,3,3,0,1,0,1,1,1,0,1,2,1,30,0,0,0,0.0,1.49,2.83,16.2,0.2121
CART-F-39,10,3,1,0,1,0,0,1,0,1,1,1,1,40,1,1,2,0.4585,0.0,7.25,8.86,0.7066
CART-F-100,10,3,0,0,1,0,0,1,1,1,1,1,1,40,1,1,0,0.0182,0.0,3.86,6.28,0.418
CART-F-100,10,3,1,0,1,0,1,1,0,0,1,1,1,40,0,0,0,0.0671,0.0,7.25,8.71,0.855
CART-F-100,10,3,2,0,1,0,1,0,0,0,0,2,1,40,1,1,0,0.1475,2.57,2.82,5.1,1.0
CART-F-100,10,3,1,0,1,0,0,1,1,1,0,5,1,30,1,0,2,0.3784,0.0,7.26,8.88,1.0
CART-F-100,10,3,2,0,1,0,1,0,0,0,0,2,1,40,1,0,0,0.1035,4.48,2.82,15.21,0.3421
CART-F-100,10,3,0,0,1,0,0,1,0,1,1,1,1,40,1,1,0,0.0182,0.0,3.86,6.28,0.418
CART-F-100,10,3,1,0,1,0,1,1,1,0,1,1,1,40,0,0,0,0.0779,0.0,7.25,8.73,1.0
CART-F-100,10,3,1,0,1,1,1,0,0,0,0,5,0,40,0,1,0,0.0951,0.0,998.8,8.71,1.0
CART-F-100,10,2,0,0,1,0,0,1,1,1,1,1,1,40,1,0,0,0.5212,5.95,2.81,6.32,1.0
CART-F-100,10,2,3,0,1,0,1,0,1,1,0,0,0,30,1,1,0,0.6321,14.59,998.8,0.15,1.0
CART-F-100,10,2,3,0,0,1,0,0,0,1,0,3,1,20,1,1,0,0.6321,1000.0,4.77,0.06,1.0
SAMOTAI-F-39,10,1,0,0,0,0,0,0,0,0,2,0,1,30,0,1,0,0.4098,1000.0,3.22,6.42,1.0
SAMOTAI-F-39,10,3,3,0,0,0,0,0,1,1,0,6,0,40,1,0,1,0.0,1000.0,998.8,13.46,0.373
SAMOTAI-F-39,10,3,3,0,1,0,0,0,1,1,1,1,0,30,1,0,2,0.0001,1.44,998.8,15.52,0.3891
SAMOTAI-F-39,10,0,3,0,1,0,0,1,1,0,1,4,1,20,0,0,0,0.1413,1.25,4.74,38.66,1.0
SAMOTAI-F-39,10,0,2,0,1,0,1,1,0,0,2,6,1,40,1,0,0,0.1093,13.13,4.74,4.9,1.0
SAMOTAI-F-39,10,1,0,0,1,0,1,1,1,1,2,2,0,30,1,0,0,0.4562,0.0,998.8,6.47,1.0
SAMOTAI-F-39,10,3,0,0,1,0,1,1,1,1,2,0,1,40,0,1,0,0.0265,0.0,3.86,6.28,0.4064
SAMOTAI-F-39,10,3,0,0,1,0,1,1,1,1,1,0,1,40,1,1,2,0.0209,0.0,7.28,9.74,0.36
SAMOTAI-F-39,10,3,3,0,1,0,1,1,1,1,2,6,1,40,1,1,2,0.0001,2.31,6.26,19.44,0.2869
SAMOTAI-F-39,10,3,1,0,1,0,1,1,1,1,2,0,1,40,1,1,2,0.411,0.0,7.25,8.88,0.6778
SAMOTAI-F-39,10,3,3,0,1,1,1,1,1,1,2,6,1,40,1,1,2,0.0003,4.33,6.26,19.61,0.2827
SAMOTAI-F-39,10,3,0,0,1,0,1,1,1,1,2,6,1,40,1,0,2,0.028,0.0,7.28,9.74,0.36
SAMOTAI-F-100,10,3,1,0,1,1,0,1,0,1,0,1,0,20,1,1,1,0.5006,0.0,998.8,4.6,0.9252
SAMOTAI-F-100,10,2,1,0,0,0,0,0,0,1,2,4,1,40,1,1,0,0.4718,1000.0,2.91,5.18,1.0
SAMOTAI-F-100,10,0,2,0,1,1,0,1,1,0,0,1,1,40,0,0,0,0.0521,13.13,4.74,4.9,1.0
SAMOTAI-F-100,10,0,0,0,0,0,0,0,0,1,0,3,1,20,0,0,0,0.0599,1000.0,3.22,12.07,1.0
SAMOTAI-F-100,10,2,3,0,1,0,1,1,0,0,0,3,0,20,0,0,0,0.6321,33.21,998.8,0.06,1.0
SAMOTAI-F-100,10,3,0,0,1,1,0,1,0,1,0,6,1,30,0,0,0,0.0001,1.42,3.86,6.28,0.3919
SAMOTAI-F-100,10,3,0,0,0,0,0,0,0,0,2,6,0,40,0,1,1,0.0,1000.0,998.8,6.28,0.2659
SAMOTAI-F-100,10,3,3,0,1,1,0,0,1,0,0,6,1,30,1,1,1,0.0,1.99,2.83,16.75,0.3046
SAMOTAI-F-100,10,1,1,0,0,1,1,1,0,1,0,2,0,40,1,1,0,0.4521,1000.0,998.8,10.15,1.0
SAMOTAI-F-100,10,1,3,0,1,1,0,0,1,1,2,6,1,40,1,0,0,0.3898,7.19,4.74,6.0,1.0
SAMOTAI-F-100,10,3,3,0,1,1,1,1,0,0,0,3,1,20,1,1,2,0.0004,5.68,6.26,19.76,0.2607
SAMOTAI-F-100,10,3,0,0,1,0,0,0,1,0,0,6,0,40,0,1,1,0.0004,0.0,998.8,6.28,0.2549
SAMOTAI-F-100,10,3,3,0,1,1,0,0,1,0,0,6,0,20,0,0,1,0.0001,2.19,998.8,16.93,0.3005
SAMOTAE-A,10,3,3,0,0,1,1,0,1,1,2,4,0,20,0,1,0,0.0004,1000.0,998.8,14.57,0.2394
SAMOTAE-A,10,2,2,0,0,0,0,1,1,0,2,0,0,20,0,1,0,0.2726,1000.0,998.8,1.69,1.0
SAMOTAE-A,10,0,2,0,1,0,0,1,1,0,0,3,1,40,1,1,0,0.0707,13.15,4.74,4.9,1.0
SAMOTAE-A,10,1,0,0,1,1,0,0,0,0,1,5,0,20,0,1,0,0.3508,3.07,998.8,6.4,1.0
SAMOTAE-A,10,2,3,0,0,1,1,0,0,1,0,1,0,40,1,0,0,0.6321,1000.0,998.8,0.07,1.0
SAMOTAE-A,10,2,1,0,1,0,1,0,1,0,1,6,1,40,0,0,0,0.5298,8.9,2.73,5.55,1.0
SAMOTAE-A,10,3,3,0,1,1,1,0,0,1,0,0,0,40,1,0,2,0.0015,0.0,998.8,15.36,0.3937
SAMOTAE-A,10,3,3,0,1,1,1,1,0,1,2,6,0,40,1,0,2,0.0001,4.21,998.8,19.76,0.2605
SAMOTAE-A,10,0,3,0,1,1,1,1,0,1,0,0,0,40,1,0,0,0.1333,0.0,998.8,38.66,1.0
SAMOTAE-A,10,3,2,0,1,1,1,1,0,1,2,6,0,40,1,1,2,0.4987,0.0,998.8,8.7,1.0
SAMOTAE-A,10,0,2,0,1,1,1,0,0,1,0,6,0,40,0,1,0,0.1093,20.78,998.8,4.9,1.0
SAMOTAE-A,10,3,3,0,1,1,1,1,0,1,2,6,0,40,1,1,2,0.0011,4.57,998.8,19.23,0.2923
SAMOTAE-A,10,3,3,0,1,1,1,1,1,1,2,6,0,40,1,1,2,0.0004,2.96,998.8,19.76,0.2662
SAMOTAE-A,10,2,2,0,0,0,0,0,0,0,1,2,1,20,1,0,0,0.2726,1000.0,15.93,1.69,1.0
SAMOTAE-A,10,1,0,0,0,0,0,0,1,0,0,3,1,20,1,0,0,0.3527,1000.0,3.22,6.4,1.0
SAMOTAE-F,10,0,1,0,0,0,0,0,1,1,0,2,0,40,1,1,0,0.0047,1000.0,998.8,40.18,1.0
SAMOTAE-F,10,3,3,0,1,1,1,1,1,0,2,3,1,30,0,0,0,0.0004,0.0,2.83,14.52,0.2402
SAMOTAE-F,10,2,0,0,0,1,1,0,0,0,0,4,1,30,1,0,0,0.5129,1000.0,2.83,6.32,1.0
SAMOTAE-F,10,1,3,0,0,1,1,1,0,1,2,0,1,20,1,1,0,0.4515,1000.0,4.74,6.0,0.7437
SAMOTAE-F,10,2,3,0,1,0,0,1,0,1,1,6,0,40,0,0,0,0.6321,0.0,998.8,0.1,1.0
SAMOTAE-F,10,3,1,0,0,0,1,1,0,1,0,0,0,40,0,1,0,0.0705,1000.0,998.8,8.71,1.0
SAMOTAE-F,10,2,3,0,1,0,0,1,0,1,2,5,0,40,0,0,0,0.6321,0.0,998.8,0.1,1.0
SAMOTAE-F,10,3,1,0,0,1,1,0,0,1,0,6,1,40,1,0,2,0.4408,1000.0,7.25,8.88,1.0
SAMOTAE-F,10,0,3,0,1,0,0,1,0,1,1,6,0,40,0,0,0,0.1334,0.0,998.8,38.66,1.0
SAMOTAE-F,10,3,3,0,1,1,1,1,1,0,2,6,1,40,0,0,2,0.0008,4.01,6.26,19.5,0.2855
SAMOTAE-F,10,3,3,0,0,1,1,0,1,1,0,6,1,40,1,1,2,0.0,1000.0,6.26,16.07,0.3746
SAMOTAE-F,10,3,3,0,1,0,1,1,0,0,2,5,1,20,0,0,2,0.002,5.11,6.26,19.76,0.2642
MOSA-A,10,1,2,0,0,0,1,0,1,0,1,6,0,20,1,1,0,0.264,1000.0,998.8,9.5,1.0
MOSA-A,10,3,3,0,1,0,0,0,1,1,0,5,1,30,0,1,0,0.0001,1.33,2.83,16.12,0.2135
MOSA-A,10,2,0,0,1,0,1,0,0,0,0,1,0,20,1,0,0,1.5,20.15,998.8,6.3,1.0
MOSA-A,10,0,3,0,1,0,1,1,0,0,0,1,0,20,1,0,0,0.1446,2.79,998.8,38.66,1.0
MOSA-A,10,2,0,0,1,0,0,0,1,1,0,5,1,30,0,1,0,0.4999,15.68,2.79,6.32,1.0
MOSA-A,10,2,0,0,1,0,0,0,0,0,0,5,0,20,1,1,0,0.5444,19.96,998.8,6.3,1.0
MOSA-A,10,2,0,0,1,0,1,0,1,0,1,6,0,20,1,1,0,0.5094,20.21,998.8,6.3,1.0
MOSA-A,10,1,2,0,0,0,1,0,0,0,0,1,0,20,1,0,0,0.2719,1000.0,998.8,9.5,1.0
MOSA-A,10,3,3,0,1,0,0,0,1,1,0,5,0,20,1,0,0,0.0002,2.35,998.8,17.06,0.1979
MOSA-A,10,2,0,0,1,0,1,0,0,0,0,1,1,30,0,1,0,0.4724,16.85,2.88,6.32,1.0
MOSA-F,10,0,2,0,0,0,1,0,1,0,0,3,0,20,1,1,0,0.0392,1000.0,998.8,4.93,1.0
MOSA-F,10,2,1,0,0,1,1,1,0,0,0,1,1,40,1,1,0,1.5,1000.0,2.93,5.57,1.0
MOSA-F,10,0,1,0,1,0,1,1,1,0,0,6,0,30,0,1,0,0.0341,8.9,998.8,40.18,1.0
MOSA-F,10,3,0,0,0,1,0,0,1,1,2,4,1,20,1,0,1,0.0005,1000.0,3.86,6.28,0.2495
MOSA-F,10,1,1,0,0,1,1,1,0,0,0,1,1,40,1,1,0,0.4521,1000.0,3.32,10.15,1.0
MOSA-F,10,2,1,0,0,1,1,1,0,0,0,1,1,20,1,0,0,0.3893,1000.0,2.88,5.46,1.0
MOSA-F,10,2,1,0,0,1,1,1,0,0,0,3,0,20,1,1,0,0.3917,1000.0,998.8,5.61,1.0
MOSA-F,10,0,2,0,0,1,0,0,1,0,0,1,1,40,1,0,0,0.1093,1000.0,4.74,4.9,1.0
MOSA-F,10,0,2,0,0,0,1,1,0,0,0,5,1,40,1,1,0,0.1093,1000.0,4.74,4.9,1.0
FITEST-A,10,2,2,0,1,0,0,0,0,0,1,3,0,20,0,0,0,0.2695,31.76,998.8,1.69,1.0
FITEST-A,10,3,2,0,0,1,0,1,0,0,0,0,1,40,1,1,2,0.4263,1000.0,6.27,8.68,1.0
FITEST-A,10,1,0,0,1,1,1,1,1,1,1,6,1,30,0,1,0,1.289,0.0,2.0,6.56,1.0
FITEST-A,10,0,2,0,1,0,1,0,1,0,0,1,1,20,0,1,0,0.0394,32.32,4.77,4.93,1.0
FITEST-A,10,3,3,0,0,0,0,1,0,1,0,3,1,40,0,0,2,0.0001,1000.0,6.26,15.41,0.3923
FITEST-A,10,1,1,0,1,1,0,0,1,1,2,4,0,40,0,1,0,0.509,16.15,998.8,10.15,1.0
FITEST-A,10,0,0,0,1,1,1,1,1,1,1,6,1,30,0,1,0,0.0188,0.0,3.22,12.07,1.0
FITEST-A,10,2,2,0,1,0,0,0,0,0,1,2,0,20,0,0,0,0.2732,31.14,998.8,1.69,1.0
FITEST-A,10,1,1,0,1,0,0,0,0,0,1,2,0,20,0,0,0,0.3028,22.36,998.8,10.15,1.0
FITEST-A,10,1,1,0,1,0,0,0,0,0,1,2,0,30,0,0,0,0.4515,19.88,998.8,10.15,1.0
FITEST-A,10,1,2,0,1,0,0,0,0,0,1,3,0,20,0,1,0,0.2566,34.57,998.8,9.5,1.0
FITEST-A,10,1,2,0,1,0,0,0,1,0,1,3,0,20,0,1,0,0.2447,34.57,998.8,9.5,1.0
FITEST-A,10,1,2,0,1,0,1,0,1,1,1,3,0,20,0,1,0,0.248,34.57,998.8,9.5,0.9909
FITEST-F,10,0,2,0,1,1,1,1,1,1,0,5,1,40,1,0,0,0.0531,13.11,4.74,4.9,1.0
FITEST-F,10,3,1,0,1,0,0,1,0,0,1,0,0,30,1,1,1,0.2518,0.0,998.8,4.64,0.7035
FITEST-F,10,1,0,0,1,1,0,1,0,0,2,3,1,20,1,0,0,0.3482,0.0,3.22,6.4,1.0
FITEST-F,10,3,2,0,1,1,0,0,1,0,1,6,0,40,1,0,1,0.1021,6.66,998.8,15.78,0.3187
FITEST-F,10,1,3,0,0,0,0,0,0,0,2,3,1,40,1,0,0,0.398,1000.0,4.74,6.0,1.0
FITEST-F,10,1,2,0,0,1,1,1,0,1,2,1,0,40,0,1,0,0.2841,1000.0,998.8,9.5,1.0
FITEST-F,10,2,0,0,1,0,0,1,0,0,1,0,0,20,1,0,0,0.539,15.21,998.8,6.3,1.0
FITEST-F,10,1,0,0,1,0,0,1,0,0,1,2,0,20,1,0,0,0.3453,0.0,998.8,6.4,1.0
FITEST-F,10,1,0,0,1,1,0,0,0,0,1,3,0,20,1,0,0,0.3535,3.02,998.8,6.4,1.0
FITEST-F,10,2,1,0,1,1,0,0,0,0,1,5,0,20,1,0,0,0.438,16.31,998.8,5.62,1.0
RANDOM,10,1,1,0,1,1,1,0,1,1,2,2,1,30,1,0,0,0.425,20.09,3.36,10.15,1.0
RANDOM,10,0,2,0,0,1,1,0,1,1,1,5,0,40,0,0,0,0.1093,1000.0,998.8,4.9,1.0
RANDOM,10,3,1,0,0,1,0,0,0,1,2,1,0,30,1,0,0,0.1061,1000.0,998.8,8.73,0.8861
RANDOM,10,3,1,0,0,1,0,1,0,1,0,0,1,30,1,0,2,0.3824,1000.0,7.27,8.85,1.0
RANDOM,10,1,3,0,0,1,1,1,0,1,1,0,1,20,0,0,0,0.413,1000.0,4.74,6.0,0.8131
RANDOM,10,2,2,0,0,1,1,1,0,0,1,2,1,30,0,0,0,0.3096,1000.0,15.93,1.72,1.0
RANDOM,10,1,3,0,0,0,1,1,0,0,2,4,1,20,0,1,0,0.4342,1000.0,4.74,6.0,0.7533
RANDOM,10,1,2,0,1,1,1,0,0,1,0,0,1,20,0,0,0,0.2731,34.57,8.22,9.5,0.716
RANDOM,10,2,3,0,0,1,0,0,1,1,1,2,1,30,1,0,0,0.6321,1000.0,4.78,0.19,1.0
RANDOM,10,1,1,0,1,0,1,1,1,1,0,2,0,30,0,1,0,0.4579,9.65,998.8,10.15,1.0
RANDOM,10,2,3,0,0,0,1,1,0,0,0,1,0,30,1,0,0,0.6321,1000.0,998.8,0.14,1.0
RANDOM,10,3,2,0,0,0,0,1,0,0,2,2,0,40,0,1,1,0.0789,1000.0,998.8,14.83,0.3264
RANDOM,10,1,2,0,0,0,1,1,0,0,0,2,1,30,0,1,0,0.251,1000.0,8.22,9.5,1.0
RANDOM,10,2,3,0,1,1,1,1,0,1,1,3,1,40,1,1,0,0.6321,0.0,4.75,0.08,1.0
CART-A-39,11,3,3,0,1,1,0,1,0,1,1,1,1,40,1,1,1,0.0001,1.91,2.83,17.83,0.2807
CART-A-39,11,3,0,0,1,0,0,0,0,1,2,5,1,20,0,1,1,0.0,2.61,3.86,6.28,0.2462
CART-A-39,11,3,0,0,1,0,1,1,1,0,1,2,1,30,0,0,1,0.0,0.67,3.86,6.28,0.2495
CART-A-39,11,2,0,0,1,0,0,0,1,0,0,5,1,30,0,0,0,0.5204,15.58,2.76,6.32,1.0
CART-A-39,11,1,0,0,1,0,1,1,0,1,1,1,1,30,0,1,0,0.4607,0.0,3.02,6.43,1.0
CART-A-39,11,2,0,0,1,0,0,0,0,0,0,3,1,20,1,1,0,0.5312,19.96,2.78,6.3,1.0
CART-A-39,11,2,3,0,1,0,0,0,0,0,0,3,1,20,1,1,0,0.6321,45.39,4.77,0.06,0.8603
CART-A-39,11,2,0,0,1,0,1,1,1,1,1,5,1,20,1,1,0,0.5451,15.25,2.78,6.3,1.0
CART-A-39,11,3,0,0,1,0,0,1,1,1,2,1,1,30,1,1,0,0.0,1.04,3.86,6.28,0.3915
CART-A-39,11,2,0,0,0,0,1,1,1,1,1,5,1,20,1,1,0,0.5348,1000.0,2.79,6.3,1.0
CART-A-39,11,0,2,0,0,1,0,0,1,0,0,5,0,40,0,1,0,0.1428,1000.0,998.8,4.9,1.0
CART-A-39,11,2,0,0,0,0,0,0,0,0,0,3,1,20,1,1,0,0.539,1000.0,2.77,6.3,1.0
CART-A-39,11,2,3,0,1,1,0,0,0,0,0,3,1,20,1,1,0,0.6321,29.03,4.77,0.06,1.0
CART-A-39,11,3,0,0,1,0,1,1,1,0,1,6,0,30,0,0,0,0.0001,1.19,998.8,6.28,0.4035
CART-A-39,11,0,0,0,1,0,0,0,0,0,0,3,1,20,1,1,0,0.0614,18.61,3.22,12.07,1.0
CART-A-39,11,0,0,0,0,0,0,0,0,0,0,3,1,20,1,1,0,0.0613,1000.0,3.22,12.07,1.0
CART-A-100,11,3,0,0,1,0,0,1,0,1,1,1,1,40,1,1,0,0.0182,0.0,3.86,6.28,0.418
CART-A-100,11,3,1,0,1,0,1,1,0,0,1,1,1,40,0,0,0,0.1102,0.0,7.25,8.73,0.9213
CART-A-100,11,3,2,0,1,0,1,0,1,0,0,2,1,40,1,1,0,0.1843,4.34,2.82,15.13,0.3434
CART-A-100,11,0,1,0,0,0,0,1,0,1,1,1,1,40,1,1,0,0.0047,1000.0,3.22,40.18,1.0
CART-A-100,11,0,2,0,0,1,1,1,0,1,2,2,1,40,1,1,0,0.1093,1000.0,4.74,4.9,1.0
CART-A-100,11,2,2,0,0,0,0,0,0,0,2,4,1,20,1,0,0,0.2726,1000.0,15.93,1.69,1.0
CART-A-100,11,0,2,0,1,0,1,1,0,0,0,5,0,30,1,1,0,0.0438,16.01,998.8,4.91,1.0
CART-A-100,11,1,0,0,0,0,0,1,1,1,1,1,1,40,1,0,0,0.4217,1000.0,3.22,6.43,1.0
CART-A-100,11,2,3,0,0,1,1,1,1,1,2,2,1,40,1,1,0,0.6321,1000.0,4.75,0.08,1.0
CART-A-100,11,2,0,0,1,0,0,0,0,0,2,4,1,20,1,1,0,0.5345,19.96,2.78,6.3,1.0
CART-A-100,11,0,2,0,1,1,0,1,0,1,1,5,1,20,0,1,0,0.0407,23.83,4.77,4.93,1.0
CART-A-100,11,1,0,0,1,0,0,1,0,1,1,1,1,40,1,1,0,0.6404,0.0,3.2,6.43,1.0
CART-A-100,11,1,3,0,1,1,1,1,1,1,2,2,1,40,1,1,0,0.3566,0.0,4.74,6.0,1.0
CART-A-100,11,2,3,0,0,1,1,1,0,1,2,2,1,40,1,0,0,0.6321,1000.0,4.75,0.08,1.0
CART-A-100,11,0,3,0,0,0,0,1,0,1,1,4,0,20,1,0,0,0.1496,1000.0,998.8,38.66,1.0
CART-A-100,11,2,0,0,1,0,0,1,0,1,1,1,1,40,1,0,0,0.5212,5.95,2.81,6.32,1.0
CART-A-100,11,0,0,0,0,0,0,1,1,1,1,1,1,40,1,1,0,0.0011,1000.0,3.22,12.07,1.0
CART-A-100,11,1,3,0,1,1,1,1,0,1,2,2,1,40,1,0,0,0.4642,0.0,4.74,6.0,1.0
SAMOTAI-A-39,11,3,1,0,1,0,1,1,0,0,0,2,0,20,0,0,2,0.2313,0.0,998.8,8.86,1.0
SAMOTAI-A-39,11,0,3,0,0,1,0,0,0,0,0,4,1,30,1,0,0,0.1334,1000.0,4.74,38.66,1.0
SAMOTAI-A-39,11,2,0,0,1,1,0,0,0,1,0,5,0,40,1,0,0,0.5212,13.04,998.8,6.32,1.0
SAMOTAI-A-39,11,3,3,0,1,1,1,1,1,1,2,5,1,30,1,0,2,0.0004,2.79,6.26,19.45,0.2866
SAMOTAI-A-39,11,0,1,0,1,1,0,1,1,1,1,6,0,30,0,1,0,0.0254,11.55,998.8,40.18,1.0
SAMOTAI-A-39,11,0,0,0,0,1,0,0,1,1,2,0,1,40,1,0,0,0.0011,1000.0,3.22,12.07,1.0
SAMOTAI-A-39,11,3,3,0,1,1,0,0,1,0,0,5,1,20,0,1,0,0.0005,2.33,2.83,17.06,0.1979
SAMOTAI-A-39,11,2,3,0,1,1,0,0,0,0,0,3,1,20,1,1,0,0.6321,29.13,4.77,0.06,1.0
SAMOTAI-A-39,11,3,3,0,1,0,0,1,1,1,2,6,1,40,1,1,0,0.0038,0.0,2.83,14.46,0.2413
SAMOTAI-A-39,11,3,3,0,1,1,1,1,1,1,2,6,1,40,0,1,0,0.016,0.0,2.83,14.45,0.2413
SAMOTAI-A-39,11,3,3,0,1,1,0,0,0,0,0,5,1,20,1,1,0,0.0001,2.42,2.83,17.14,0.1965
SAMOTAI-A-39,11,1,1,0,1,1,0,1,1,0,0,2,1,40,1,1,0,0.4521,7.67,3.32,10.15,1.0
SAMOTAI-A-39,11,2,2,0,0,0,0,0,0,0,1,2,1,20,1,0,0,0.2726,1000.0,15.93,1.69,1.0
SAMOTAI-A-39,11,2,0,0,0,0,0,0,1,0,0,4,1,20,1,0,0,0.539,1000.0,2.77,6.3,1.0
SAMOTAI-A-100,11,0,2,0,1,1,1,1,1,1,2,4,1,40,0,1,0,0.1093,13.11,4.74,4.9,1.0
SAMOTAI-A-100,11,3,1,0,1,1,1,0,0,1,1,1,1,30,0,0,0,0.0935,1.43,7.26,8.78,0.5692
SAMOTAI-A-100,11,3,3,0,1,0,0,0,1,1,1,5,0,40,1,0,1,0.0005,1.52,998.8,16.29,0.3143
SAMOTAI-A-100,11,2,3,0,0,0,1,0,1,1,0,1,0,40,1,1,0,0.6321,1000.0,998.8,0.1,1.0
SAMOTAI-A-100,11,1,1,0,0,0,1,1,0,0,0,3,1,20,1,0,0,0.3289,1000.0,3.32,10.15,1.0
SAMOTAI-A-100,11,3,0,0,0,1,1,1,0,0,2,3,1,30,1,1,2,0.0003,1000.0,7.28,9.74,0.3665
SAMOTAI-A-100,11,2,3,0,0,0,1,1,0,1,2,6,0,40,1,1,0,0.6321,1000.0,998.8,0.1,1.0
SAMOTAI-A-100,11,2,3,0,0,1,1,1,0,0,0,6,1,20,1,1,0,0.6321,1000.0,4.77,0.06,1.0
SAMOTAI-A-100,11,1,0,0,0,1,1,1,0,0,2,4,1,30,1,1,0,0.41,1000.0,3.22,6.42,1.0
SAMOTAI-A-100,11,0,3,0,0,0,1,1,1,1,2,0,0,30,0,0,0,0.1334,1000.0,998.8,38.66,1.0
SAMOTAI-A-100,11,3,3,0,1,1,1,1,1,1,2,6,1,40,1,1,0,0.0009,0.0,2.83,18.13,0.1803
SAMOTAI-A-100,11,0,2,0,1,1,0,1,0,1,2,6,1,40,1,1,0,0.1093,13.13,4.74,4.9,1.0
SAMOTAI-A-100,11,2,3,0,0,1,1,1,0,1,1,0,1,40,1,0,0,0.6321,1000.0,4.74,0.09,1.0
CART-F-39,11,3,2,0,1,1,0,1,0,1,1,1,1,40,1,1,1,0.0665,0.0,2.82,18.0,0.3003
CART-F-39,11,3,1,0,1,0,0,0,0,1,2,5,1,20,0,1,1,0.468,2.79,3.83,4.55,1.0
CART-F-39,11,3,1,0,1,0,1,1,1,0,1,2,1,30,0,0,1,0.5642,0.0,3.81,4.42,1.0
CART-F-39,11,0,0,0,0,1,1,0,0,1,0,1,1,40,1,0,0,0.0072,1000.0,3.22,12.07,1.0
CART-F-39,11,3,0,0,1,0,0,1,0,1,1,1,1,40,1,1,1,0.0182,0.0,3.86,6.28,0.2606
CART-F-39,11,2,0,0,1,0,1,1,1,0,1,2,1,30,0,0,0,0.4999,8.51,2.9,6.31,1.0
CART-F-39,11,2,0,0,1,0,0,0,0,1,2,5,1,20,0,1,0,0.5347,19.96,2.77,6.3,1.0
CART-F-39,11,2,2,0,0,0,0,1,1,0,0,5,0,20,0,0,0,0.2726,1000.0,998.8,1.69,1.0
CART-F-39,11,3,3,0,1,0,0,1,0,1,1,1,1,40,1,1,1,0.0001,2.69,2.83,18.77,0.2597
CART-F-39,11,3,2,0,1,0,0,1,0,1,1,1,1,40,1,1,1,0.0606,0.0,2.83,19.01,0.2917
CART-F-39,11,3,0,0,1,0,1,1,1,0,1,2,1,30,0,0,1,0.0001,1.1,3.86,6.28,0.2552
CART-F-39,11,2,2,0,1,1,1,0,0,0,1,6,1,40,1,1,0,0.4604,0.0,15.93,1.74,1.0
CART-F-39,11,2,0,0,1,0,0,1,0,1,1,1,1,40,1,1,0,0.5212,5.95,2.81,6.32,1.0
CART-F-100,11,3,0,0,1,0,0,1,1,1,1,1,1,40,1,1,0,0.0182,0.0,3.86,6.28,0.418
CART-F-100,11,3,1,0,1,0,1,1,0,0,1,1,1,40,0,0,0,0.0671,0.0,7.25,8.71,0.855
CART-F-100,11,3,2,0,1,0,1,0,0,0,0,2,1,40,1,1,0,0.1475,2.57,2.82,5.1,1.0
CART-F-100,11,0,1,0,0,0,0,1,1,0,2,6,0,30,0,0,0,0.0098,1000.0,998.8,40.18,1.0
CART-F-100,11,3,0,0,1,0,0,1,0,1,1,1,1,40,1,0,0,0.0182,0.0,3.86,6.28,0.418
CART-F-100,11,3,1,0,1,0,1,1,1,0,1,1,1,40,0,1,0,0.0628,0.0,7.24,8.71,0.8799
CART-F-100,11,3,2,0,1,0,1,0,1,0,0,2,1,40,1,1,0,0.1419,2.66,2.82,13.34,0.3653
CART-F-100,11,3,0,0,0,1,0,1,0,1,2,0,1,30,0,1,0,0.0,1000.0,3.86,6.28,0.389
CART-F-100,11,3,0,0,1,0,0,1,0,0,1,1,1,40,1,0,0,0.0182,0.0,3.86,6.28,0.418
CART-F-100,11,3,1,0,1,0,1,1,1,1,1,1,1,40,0,0,0,0.0688,0.0,7.25,8.73,0.8377
CART-F-100,11,3,2,0,1,0,1,0,1,0,0,2,1,40,1,0,0,0.1974,4.42,2.82,15.24,0.3421
SAMOTAI-F-39,11,3,2,0,0,0,1,1,1,0,2,5,0,40,0,0,1,0.1733,1000.0,998.8,15.24,0.3216
SAMOTAI-F-39,11,2,0,0,0,1,0,1,1,1,0,1,1,20,0,0,0,0.539,1000.0,2.77,6.3,1.0
SAMOTAI-F-39,11,0,2,0,0,1,0,0,0,1,2,6,1,20,0,0,0,0.0392,1000.0,4.77,4.93,1.0
SAMOTAI-F-39,11,1,3,0,0,0,1,1,0,1,2,1,1,30,0,0,0,0.4394,1000.0,4.74,6.0,1.0
SAMOTAI-F-39,11,2,2,0,1,1,1,0,0,0,2,3,1,20,1,0,0,0.2664,32.78,15.93,1.69,1.0
SAMOTAI-F-39,11,0,0,0,0,0,1,1,0,0,0,5,1,30,0,0,0,0.0247,1000.0,3.22,12.07,1.0
SAMOTAI-F-39,11,3,0,0,1,0,0,0,1,0,0,6,0,40,0,0,0,0.001,0.0,998.8,6.28,0.4024
SAMOTAI-F-39,11,3,3,0,1,0,1,1,1,1,1,6,1,40,0,0,0,0.0007,2.58,2.83,17.2,0.1956
SAMOTAI-F-39,11,3,3,0,1,0,1,1,1,1,2,6,1,40,1,1,0,0.0146,0.0,2.83,14.43,0.2417
SAMOTAI-F-39,11,3,3,0,1,1,1,1,1,1,2,6,1,40,1,1,0,0.0027,0.0,2.83,14.45,0.2414
SAMOTAI-F-39,11,3,3,0,0,1,1,0,0,0,2,0,0,40,1,0,2,0.0001,1000.0,998.8,15.52,0.3894
SAMOTAI-F-39,11,3,3,0,0,1,1,0,0,0,1,0,0,30,1,0,0,0.0002,1000.0,998.8,14.13,0.2468
SAMOTAI-F-100,11,2,3,0,1,1,0,0,0,0,0,3,1,20,0,0,0,0.6321,27.91,4.77,0.06,1.0
SAMOTAI-F-100,11,0,1,0,1,0,0,0,0,1,1,0,1,40,0,0,0,0.0174,15.25,3.22,40.18,1.0
SAMOTAI-F-100,11,3,1,0,0,0,0,1,0,1,0,0,1,20,1,1,0,0.1323,1000.0,7.28,8.76,1.0
SAMOTAI-F-100,11,3,3,0,1,1,1,0,0,0,2,1,1,40,1,0,2,0.0007,0.0,6.26,15.36,0.3934
SAMOTAI-F-100,11,3,2,0,0,0,0,0,1,1,1,6,0,30,0,1,2,0.3436,1000.0,998.8,8.7,1.0
SAMOTAI-F-100,11,0,2,0,0,1,1,0,0,0,2,5,0,30,0,0,0,0.0437,1000.0,998.8,4.91,1.0
SAMOTAI-F-100,11,2,2,0,1,0,0,0,1,0,2,6,1,40,0,0,0,0.4802,0.0,15.93,1.74,1.0
SAMOTAI-F-100,11,2,1,0,1,1,0,0,1,0,1,3,0,40,1,1,0,0.4202,4.64,998.8,5.48,1.0
SAMOTAI-F-100,11,3,3,0,1,0,1,1,1,1,2,6,1,40,1,1,0,0.0065,0.0,2.83,14.45,0.2414
SAMOTAI-F-100,11,3,3,0,1,0,1,1,0,1,2,0,1,20,0,0,0,0.0007,4.92,2.84,20.07,0.1488
SAMOTAI-F-100,11,3,3,0,0,0,1,1,0,1,0,0,1,20,0,0,2,0.0,1000.0,6.26,16.08,0.3743
SAMOTAI-F-100,11,3,1,0,1,0,1,1,0,1,1,4,0,20,0,1,0,0.1091,0.0,998.8,8.76,0.8222
SAMOTAE-A,11,2,0,0,0,1,0,1,1,0,1,6,1,30,1,1,0,0.5204,1000.0,2.76,6.32,1.0
SAMOTAE-A,11,3,0,0,1,1,1,0,1,1,1,0,1,40,1,0,1,0.0048,0.0,3.86,6.28,0.2543
SAMOTAE-A,11,0,1,0,0,1,0,0,0,0,2,0,1,30,1,0,0,0.0098,1000.0,3.23,40.18,1.0
SAMOTAE-A,11,1,2,0,0,1,1,0,0,1,0,3,1,20,1,1,0,0.2684,1000.0,8.22,9.5,0.9002
SAMOTAE-A,11,3,3,0,0,0,1,1,0,1,2,6,0,30,1,1,2,0.0001,1000.0,998.8,16.07,0.3749
SAMOTAE-A,11,0,3,0,0,1,1,0,1,0,1,6,1,20,0,1,0,0.1496,1000.0,4.74,38.66,1.0
SAMOTAE-A,11,3,0,0,1,1,0,1,1,0,0,6,1,40,1,1,1,0.0179,0.0,3.86,6.28,0.2606
SAMOTAE-A,11,3,3,0,1,1,1,1,1,1,2,6,1,40,1,1,2,0.0,3.06,6.26,19.76,0.2616
SAMOTAE-A,11,3,3,0,1,1,1,0,1,0,2,6,1,40,1,0,1,0.0014,0.0,2.83,16.03,0.3199
SAMOTAE-A,11,2,1,0,0,0,1,0,0,1,2,1,1,20,0,0,0,0.4316,1000.0,2.82,5.49,1.0
SAMOTAE-A,11,0,0,0,1,0,0,0,1,1,0,5,1,40,1,0,0,0.0965,0.0,3.22,12.07,1.0
SAMOTAE-A,11,3,3,0,1,1,1,0,1,0,2,6,1,40,1,1,0,0.0034,0.0,2.83,16.01,0.2151
SAMOTAE-A,11,1,2,0,0,0,0,0,0,0,1,3,1,20,1,0,0,0.2694,1000.0,8.22,9.5,1.0
SAMOTAE-F,11,0,1,0,0,1,0,0,0,0,1,4,0,30,0,1,0,0.0098,1000.0,998.8,40.18,1.0
SAMOTAE-F,11,0,1,0,0,0,0,0,0,1,1,0,1,40,0,0,0,0.0047,1000.0,3.22,40.18,1.0
SAMOTAE-F,11,2,0,0,1,0,1,1,0,1,1,4,1,40,0,0,0,0.4909,5.94,2.84,6.32,1.0
SAMOTAE-F,11,3,1,0,1,0,0,1,1,1,0,1,1,20,0,0,1,0.4489,0.0,3.83,4.59,1.0
SAMOTAE-F,11,2,3,0,1,0,1,1,0,0,1,5,1,20,0,1,0,0.6321,26.31,4.77,0.06,1.0
SAMOTAE-F,11,2,0,0,0,1,1,0,1,1,1,1,0,20,1,0,0,0.5301,1000.0,998.8,6.3,1.0
SAMOTAE-F,11,3,3,0,1,0,0,1,1,0,0,2,1,20,1,1,2,0.0002,5.5,6.26,19.76,0.2593
SAMOTAE-F,11,3,3,0,1,1,0,1,1,1,0,6,1,40,1,0,2,0.0001,3.23,6.26,17.81,0.3291
SAMOTAE-F,11,3,3,0,1,1,1,1,1,1,2,6,1,40,1,1,2,0.0001,4.4,6.26,19.76,0.2681
SAMOTAE-F,11,3,3,0,1,1,0,1,1,1,2,6,0,40,1,1,2,0.0005,3.2,998.8,19.76,0.2605
SAMOTAE-F,11,3,3,0,1,1,1,1,0,0,2,5,0,40,1,0,2,0.0005,3.33,998.8,18.77,0.3043
SAMOTAE-F,11,2,3,0,0,0,0,0,0,1,1,5,0,40,1,1,0,0.6321,1000.0,998.8,0.1,1.0
SAMOTAE-F,11,3,3,0,1,1,1,1,0,0,2,5,0,40,1,1,0,0.0068,0.0,998.8,14.46,0.2413
MOSA-A,11,3,0,0,1,0,1,0,1,0,2,0,0,30,1,1,1,0.0006,0.0,998.8,6.28,0.2545
MOSA-A,11,3,3,0,0,1,1,1,1,0,0,6,0,20,1,0,0,0.0005,1000.0,998.8,14.48,0.2408
MOSA-A,11,0,3,0,0,1,1,1,1,0,1,6,1,20,0,0,0,0.1457,1000.0,4.74,38.66,1.0
MOSA-A,11,0,2,0,0,1,0,1,0,0,1,6,1,20,0,0,0,0.0404,1000.0,4.77,4.93,1.0
MOSA-A,11,3,0,0,1,0,1,0,1,0,2,0,0,30,1,1,0,0.0006,0.0,998.8,6.28,0.4016
MOSA-A,11,0,3,0,0,0,1,0,1,0,2,6,1,20,0,0,0,0.1496,1000.0,4.74,38.66,1.0
MOSA-F,11,1,0,0,1,0,1,0,1,1,2,6,1,30,0,1,0,0.4604,0.0,3.12,6.41,1.0
MOSA-F,11,3,1,0,0,0,0,0,1,1,2,0,1,40,0,0,2,0.4064,1000.0,7.25,8.84,1.0
MOSA-F,11,3,1,0,1,0,1,0,1,1,2,6,1,30,1,1,0,0.1658,0.0,7.26,11.69,0.475
MOSA-F,11,3,1,0,0,1,0,0,1,1,2,0,1,40,0,0,1,0.2036,1000.0,3.8,13.83,0.5351
FITEST-A,11,3,2,0,1,0,1,1,0,0,2,0,0,20,0,0,0,0.0841,8.13,998.8,20.01,0.284
FITEST-A,11,3,3,0,1,0,1,1,0,1,1,6,1,20,1,1,1,0.0004,5.02,3.0,20.93,0.2105
FITEST-A,11,0,3,0,0,0,1,0,1,1,0,4,0,30,0,1,0,0.1334,1000.0,998.8,38.66,1.0
FITEST-A,11,1,0,0,0,0,0,0,1,1,2,6,0,30,0,1,0,0.4098,1000.0,998.8,6.42,1.0
FITEST-A,11,3,1,0,1,1,0,1,0,0,1,5,1,40,0,1,1,0.7703,0.0,3.79,4.33,1.0
FITEST-A,11,0,0,0,0,1,1,0,0,1,0,4,0,20,1,0,0,0.0701,1000.0,998.8,12.07,1.0
FITEST-A,11,3,1,0,1,0,0,1,0,0,1,4,0,30,0,0,0,0.1355,0.0,998.8,8.74,0.9311
FITEST-A,11,3,1,0,1,0,0,1,0,0,1,0,0,20,0,0,0,0.1372,0.0,998.8,8.75,0.9754
FITEST-A,11,0,3,0,0,0,1,0,1,1,0,3,0,20,0,1,0,0.1496,1000.0,998.8,38.66,1.0
FITEST-A,11,3,0,0,1,1,0,1,0,0,1,5,1,40,0,1,1,0.0179,0.0,3.86,6.28,0.2621
FITEST-A,11,0,0,0,0,0,0,0,1,1,1,5,0,30,0,1,0,0.0171,1000.0,998.8,12.07,1.0
FITEST-A,11,3,2,0,1,0,1,1,0,0,1,0,0,20,0,0,1,0.115,8.14,998.8,19.0,0.2908
FITEST-F,11,2,3,0,1,1,1,0,1,0,2,4,0,20,1,1,0,0.6321,28.84,998.8,0.12,1.0
FITEST-F,11,2,2,0,1,1,0,1,0,1,0,0,1,30,0,0,0,0.3127,0.0,15.93,1.72,1.0
FITEST-F,11,0,0,0,1,1,0,1,1,1,0,4,1,30,0,1,0,0.0232,0.0,3.22,12.07,1.0
FITEST-F,11,0,2,0,1,0,0,0,1,0,2,5,1,40,1,0,0,0.1093,20.36,4.74,4.9,1.0
FITEST-F,11,1,0,0,1,0,1,1,0,1,0,6,0,20,1,0,0,0.3071,0.0,998.8,6.4,1.0
FITEST-F,11,2,0,0,0,1,1,1,1,0,2,3,0,30,0,0,0,0.5042,1000.0,998.8,6.32,1.0
FITEST-F,11,1,2,0,1,0,0,0,1,0,2,4,0,20,1,0,0,0.2772,34.57,998.8,9.5,0.7541
FITEST-F,11,0,2,0,1,0,0,0,1,0,2,4,0,30,1,0,0,0.0275,25.23,998.8,4.91,1.0
FITEST-F,11,1,0,0,1,0,1,1,0,1,1,6,0,20,1,0,0,0.355,0.0,998.8,6.4,1.0
FITEST-F,11,0,0,0,1,1,0,1,1,1,1,4,1,30,0,1,0,0.0221,0.0,3.22,12.07,1.0
FITEST-F,11,1,0,0,1,0,0,1,0,1,1,5,0,20,0,0,0,0.3593,0.0,998.8,6.4,1.0
FITEST-F,11,1,1,0,1,0,0,1,0,1,0,0,0,20,0,0,0,0.3269,16.86,998.8,10.15,1.0
FITEST-F,11,0,0,0,0,0,0,1,0,1,0,6,0,20,0,0,0,0.0613,1000.0,998.8,12.07,1.0
FITEST-F,11,2,3,0,0,1,0,0,1,0,2,3,0,30,0,0,0,0.6321,1000.0,998.8,0.15,1.0
FITEST-F,11,1,1,0,1,0,1,0,0,0,1,4,0,20,1,0,0,0.3289,22.52,998.8,10.15,1.0
RANDOM,11,2,1,0,0,0,0,0,1,1,0,4,1,20,0,0,0,0.438,1000.0,2.84,5.54,1.0
RANDOM,11,1,3,0,0,0,1,0,1,0,0,3,1,40,0,0,0,0.3479,1000.0,4.74,6.0,1.0
RANDOM,11,0,0,0,1,1,1,0,0,1,2,3,0,40,0,1,0,0.0028,0.0,998.8,12.07,1.0
RANDOM,11,2,1,0,1,0,1,0,1,1,0,0,1,30,1,0,0,0.4985,9.46,2.75,5.44,1.0
RANDOM,11,0,1,0,1,0,1,0,1,1,2,5,1,30,0,0,0,0.0263,21.06,3.23,40.18,1.0
RANDOM,11,1,3,0,0,0,0,1,0,1,2,1,1,30,0,1,0,0.4418,1000.0,4.74,6.0,1.0
RANDOM,11,0,1,0,1,0,1,0,1,0,2,2,0,40,1,1,0,0.0043,13.22,998.8,40.18,1.0
RANDOM,11,1,1,0,1,1,0,1,0,1,2,3,1,40,0,0,0,0.4535,7.96,3.34,10.15,1.0
RANDOM,11,0,2,0,0,1,0,1,1,0,0,2,1,40,1,1,0,0.1093,1000.0,4.74,4.9,1.0
RANDOM,11,0,3,0,0,1,0,0,0,1,2,2,0,30,0,0,0,0.1334,1000.0,998.8,38.66,1.0
RANDOM,11,0,0,0,1,0,1,1,1,1,2,2,0,30,1,1,0,0.0254,0.0,998.8,12.07,1.0
RANDOM,11,2,2,0,1,0,0,1,1,1,2,2,0,20,1,1,0,0.2726,12.65,998.8,1.69,1.0
RANDOM,11,3,1,0,0,1,1,1,0,0,1,5,0,20,0,1,2,0.2359,1000.0,998.8,8.85,1.0
RANDOM,11,3,1,0,1,0,0,0,1,1,0,2,0,40,0,1,1,1.1529,1.74,998.8,5.08,1.0
RANDOM,11,2,3,0,0,1,0,1,1,0,2,5,1,30,1,0,0,0.6321,1000.0,4.76,0.14,1.0
RANDOM,11,3,0,0,1,0,0,0,0,1,1,6,1,20,1,0,0,0.0007,0.0,3.86,6.28,0.4021
RANDOM,11,0,0,0,0,1,0,1,1,0,1,1,1,30,1,1,0,0.0171,1000.0,3.22,12.07,1.0
RANDOM,11,1,1,0,1,1,1,1,1,1,1,3,1,40,0,0,0,0.4521,7.66,3.32,10.15,1.0
RANDOM,11,1,0,0,1,1,1,0,1,0,1,1,1,30,1,0,0,0.4667,1.26,3.22,6.41,1.0
CART-A-39,12,3,3,0,1,1,0,1,0,1,1,1,1,40,1,1,1,0.0,1.55,2.83,17.2,0.2945
CART-A-39,12,3,0,0,1,0,0,0,0,1,2,5,1,20,0,1,1,0.0001,0.0,3.86,6.28,0.2523
CART-A-39,12,3,3,0,1,1,1,1,1,0,1,2,1,30,0,0,1,0.0002,2.58,2.83,17.2,0.2945
CART-A-39,12,2,0,0,1,0,0,0,1,0,0,5,1,30,0,0,0,0.5204,15.58,2.76,6.32,1.0
CART-A-39,12,1,0,0,1,0,1,1,0,1,1,1,1,30,0,1,0,0.4728,0.0,3.22,6.42,1.0
CART-A-39,12,2,1,0,1,0,0,0,0,0,0,3,1,20,1,1,0,0.438,16.31,2.84,5.59,1.0
CART-A-39,12,2,0,0,1,0,0,0,0,0,0,3,1,20,1,1,0,0.5394,20.07,2.77,6.3,1.0
CART-A-39,12,2,1,0,1,0,1,1,1,1,1,5,1,20,1,1,0,0.4162,9.09,2.85,5.46,1.0
CART-A-39,12,2,1,0,0,0,0,0,1,0,0,5,1,30,0,0,0,0.4813,1000.0,2.79,5.59,1.0
CART-A-39,12,3,2,0,0,0,0,0,1,0,1,1,1,30,1,0,2,0.0774,1000.0,6.27,15.73,0.4178
CART-A-39,12,0,2,0,0,0,0,0,0,0,0,3,1,20,1,1,0,0.0392,1000.0,4.77,4.93,1.0
CART-A-39,12,0,0,0,1,0,1,1,1,1,1,5,1,20,1,1,0,0.0614,4.28,3.22,12.07,1.0
CART-A-39,12,1,1,0,0,0,0,0,0,0,0,3,1,20,1,1,0,0.3289,1000.0,3.32,10.15,1.0
CART-A-39,12,2,3,0,1,0,1,0,1,0,1,6,1,40,1,0,0,0.6321,2.57,4.75,0.1,1.0
CART-A-39,12,1,2,0,1,0,1,0,1,0,1,6,1,40,1,0,0,0.2613,4.78,8.22,9.5,1.0
CART-A-39,12,1,3,0,1,1,0,0,0,0,0,3,1,20,1,1,0,0.4243,34.57,4.74,6.0,0.7835
CART-A-39,12,1,0,0,1,0,1,1,1,1,1,5,1,20,1,1,0,0.3434,0.0,3.1,6.4,1.0
CART-A-39,12,2,1,0,1,0,1,0,1,1,1,3,1,40,0,1,0,0.3865,12.2,2.92,5.51,1.0
CART-A-100,12,3,0,0,1,0,0,1,0,1,1,1,1,40,1,0,0,0.0182,0.0,3.86,6.28,0.418
CART-A-100,12,3,1,0,1,0,1,1,1,0,1,1,1,40,0,1,0,0.0638,0.0,7.24,8.71,0.8157
CART-A-100,12,3,2,0,1,0,1,0,0,0,0,2,1,40,1,1,0,0.2773,2.98,2.83,13.91,0.3589
CART-A-100,12,1,2,0,0,0,0,1,1,1,1,1,1,40,1,0,0,0.2632,1000.0,8.22,9.5,1.0
CART-A-100,12,1,2,0,1,1,1,1,1,1,2,2,1,40,1,0,0,0.31,0.0,8.22,9.5,1.0
CART-A-100,12,2,2,0,0,0,0,0,1,0,2,4,1,20,1,0,0,0.2726,1000.0,15.93,1.69,1.0
CART-A-100,12,1,2,0,1,1,0,1,1,1,2,2,0,20,0,0,0,0.2646,19.63,998.8,9.5,0.9331
CART-A-100,12,2,0,0,1,0,0,1,1,1,1,1,1,40,1,1,0,0.5212,5.95,2.81,6.32,1.0
CART-A-100,12,0,3,0,1,1,1,1,1,1,2,2,1,40,1,1,0,0.1334,0.0,4.74,38.66,1.0
CART-A-100,12,1,0,0,0,0,0,0,1,0,2,4,1,20,1,0,0,0.3526,1000.0,3.22,6.4,1.0
CART-A-100,12,0,1,0,1,0,0,0,0,1,0,5,1,40,1,0,0,0.011,12.85,3.22,40.18,1.0
CART-A-100,12,2,2,0,0,0,0,1,0,1,1,1,1,40,1,0,0,0.317,1000.0,15.93,1.74,1.0
CART-A-100,12,2,2,0,0,1,1,1,1,1,2,2,1,40,1,0,0,0.317,1000.0,15.93,1.74,1.0
CART-A-100,12,2,2,0,0,0,0,0,0,0,2,4,1,20,1,0,0,0.2726,1000.0,15.93,1.69,1.0
CART-A-100,12,3,2,0,0,0,1,0,1,1,0,4,1,20,1,1,2,0.2324,1000.0,6.29,8.7,1.0
SAMOTAI-A-39,12,2,3,0,1,1,1,1,0,0,1,6,1,40,0,0,0,0.6321,0.0,4.75,0.08,1.0
SAMOTAI-A-39,12,2,3,0,1,0,0,1,0,1,0,0,1,20,1,1,0,0.6321,26.99,4.77,0.06,1.0
SAMOTAI-A-39,12,1,0,0,1,0,0,0,1,1,0,2,1,20,0,0,0,0.344,3.18,3.22,6.4,1.0
SAMOTAI-A-39,12,2,0,0,1,0,0,0,1,1,2,1,1,40,1,1,0,0.5217,13.04,2.81,6.32,1.0
SAMOTAI-A-39,12,2,3,0,0,0,0,0,0,0,2,3,0,30,0,1,0,0.6321,1000.0,998.8,0.12,1.0
SAMOTAI-A-39,12,2,0,0,0,1,0,1,1,0,1,4,0,40,1,1,0,0.5215,1000.0,998.8,6.32,1.0
SAMOTAI-A-39,12,3,3,0,1,1,0,0,0,0,0,6,1,40,0,0,0,0.0068,0.0,2.83,15.99,0.2154
SAMOTAI-A-39,12,3,3,0,1,0,1,1,1,1,2,6,1,40,1,1,0,0.0059,0.0,2.83,14.47,0.241
SAMOTAI-A-39,12,3,3,0,1,1,1,1,0,0,0,6,1,40,0,1,0,0.0,1.88,2.83,17.74,0.1865
SAMOTAI-A-39,12,3,3,0,0,1,1,0,0,1,2,0,0,40,1,0,2,0.0,1000.0,998.8,16.3,0.3686
SAMOTAI-A-39,12,3,3,0,1,0,1,0,0,0,2,0,0,40,1,1,0,0.0032,0.0,998.8,15.99,0.2156
SAMOTAI-A-39,12,3,3,0,1,1,1,1,0,0,0,6,1,40,0,1,2,0.0002,4.39,6.26,19.76,0.2593
SAMOTAI-A-39,12,3,3,0,0,1,0,0,0,0,0,6,1,40,0,0,0,0.0007,1000.0,2.83,12.7,0.2717
SAMOTAI-A-100,12,1,2,0,1,1,1,0,0,0,0,0,0,40,1,1,0,0.2625,7.07,998.8,9.5,1.0
SAMOTAI-A-100,12,3,3,0,1,0,1,0,1,0,1,6,1,40,1,1,2,0.0001,1.43,6.26,15.52,0.3891
SAMOTAI-A-100,12,2,0,0,0,1,0,1,0,1,0,4,0,40,0,0,0,0.5212,1000.0,998.8,6.32,1.0
SAMOTAI-A-100,12,0,1,0,1,1,0,1,0,1,2,5,1,20,0,1,0,0.0321,21.41,3.25,40.18,1.0
SAMOTAI-A-100,12,1,3,0,1,1,0,0,0,1,2,1,0,20,0,0,0,0.4402,34.57,998.8,6.0,0.7243
SAMOTAI-A-100,12,3,2,0,1,1,0,0,0,1,0,5,1,20,0,0,1,0.0773,10.39,2.86,20.94,0.2735
SAMOTAI-A-100,12,2,3,0,0,1,0,1,1,1,2,6,0,40,0,0,0,0.6321,1000.0,998.8,0.1,1.0
SAMOTAI-A-100,12,1,0,0,1,0,0,1,1,0,2,6,1,40,1,1,0,0.5795,0.0,3.06,6.46,1.0
SAMOTAI-A-100,12,3,3,0,1,1,1,1,1,1,2,6,1,40,1,1,0,0.0009,0.0,2.83,18.13,0.1803
SAMOTAI-A-100,12,3,3,0,1,0,0,1,1,1,2,6,0,40,0,0,1,0.0066,0.0,998.8,14.49,0.3523
SAMOTAI-A-100,12,1,1,0,1,1,0,1,1,0,2,6,0,40,1,1,0,0.4674,7.53,998.8,10.15,1.0
SAMOTAI-A-100,12,0,1,0,0,1,1,1,1,0,0,1,0,30,0,1,0,0.0133,1000.0,998.8,40.18,1.0
SAMOTAI-A-100,12,1,1,0,0,1,0,0,1,1,0,1,1,20,0,1,0,0.3289,1000.0,3.32,10.15,1.0
SAMOTAI-A-100,12,0,3,0,1,1,1,1,1,0,2,6,0,40,0,1,0,0.1334,0.0,998.8,38.66,1.0
CART-F-39,12,3,2,0,1,1,0,1,0,1,1,1,1,40,1,1,1,0.0665,0.0,2.82,18.0,0.3003
CART-F-39,12,3,1,0,1,0,0,0,0,1,2,5,1,20,0,1,1,0.468,2.79,3.83,4.55,1.0
CART-F-39,12,3,1,0,1,0,1,1,1,0,1,2,1,30,0,0,1,0.5642,0.0,3.81,4.42,1.0
CART-F-39,12,0,3,0,1,0,0,0,1,1,0,6,0,30,0,1,0,0.1334,1.85,998.8,38.66,1.0
CART-F-39,12,3,1,0,1,0,0,1,0,1,1,1,1,40,1,1,1,0.8575,0.0,3.78,4.21,1.0
CART-F-39,12,3,3,0,1,1,1,1,1,0,1,2,1,30,0,0,1,0.0007,3.27,2.83,18.69,0.2616
CART-F-39,12,0,3,0,0,0,1,1,1,0,1,6,1,40,0,1,0,0.1334,1000.0,4.74,38.66,1.0
CART-F-39,12,3,2,0,1,1,0,1,0,1,1,1,1,40,1,1,2,0.0765,0.0,6.26,14.23,0.437
CART-F-39,12,1,1,0,0,1,1,0,0,0,0,6,0,20,0,0,0,0.326,1000.0,998.8,10.15,1.0
CART-F-39,12,2,3,0,1,1,0,1,0,1,1,1,1,40,1,1,0,0.6321,0.0,4.75,0.07,1.0
CART-F-39,12,2,1,0,1,0,1,1,1,0,1,2,1,30,0,0,0,0.4219,0.54,2.84,5.45,1.0
CART-F-39,12,3,3,0,1,1,0,0,0,1,2,5,1,20,0,1,1,0.0,2.34,2.83,17.07,0.2974
CART-F-39,12,2,0,0,1,0,0,0,1,0,1,6,0,20,0,0,0,0.509,20.07,998.8,6.3,1.0
CART-F-39,12,3,3,0,1,1,0,1,0,1,1,1,1,40,1,1,1,0.0002,1.7,2.83,17.2,0.2945
CART-F-100,12,3,0,0,1,0,0,1,1,1,1,1,1,40,1,0,0,0.0228,0.0,3.86,6.28,0.418
CART-F-100,12,3,1,0,1,0,1,1,0,0,1,1,1,40,0,1,0,0.0654,0.0,7.24,8.7,1.0
CART-F-100,12,3,2,0,1,0,1,0,0,0,0,2,1,40,1,0,0,0.1035,4.48,2.82,15.21,0.3421
CART-F-100,12,3,2,0,0,0,1,1,1,0,2,0,1,20,1,1,2,0.227,1000.0,6.29,8.7,1.0
CART-F-100,12,3,0,0,1,0,0,1,0,1,1,1,1,40,1,0,1,0.0228,0.0,3.86,6.28,0.2606
CART-F-100,12,3,1,0,1,0,1,1,1,0,1,1,1,40,0,0,0,0.0779,0.0,7.25,8.73,1.0
CART-F-100,12,2,2,0,0,1,0,1,0,1,2,0,1,40,1,0,0,0.3346,1000.0,15.93,1.73,1.0
CART-F-100,12,2,0,0,1,0,0,1,0,1,1,1,1,40,1,0,0,0.5212,5.95,2.81,6.32,1.0
CART-F-100,12,3,0,0,1,0,0,1,0,1,1,1,1,40,1,1,0,0.0182,0.0,3.86,6.28,0.418
CART-F-100,12,2,2,0,1,0,1,1,0,1,1,1,1,20,0,1,0,0.2752,13.64,15.93,1.69,1.0
CART-F-100,12,3,2,0,1,0,1,0,1,0,0,2,1,40,1,0,0,0.1974,4.42,2.82,15.24,0.3421
SAMOTAI-F-39,12,2,2,0,1,0,0,1,1,1,2,2,1,40,0,1,0,0.3728,0.0,15.93,1.74,1.0
SAMOTAI-F-39,12,3,1,0,0,0,0,1,1,1,0,6,0,30,1,0,2,0.378,1000.0,998.8,8.86,1.0
SAMOTAI-F-39,12,0,0,0,0,1,0,1,1,0,0,0,0,30,0,1,0,0.0171,1000.0,998.8,12.07,1.0
SAMOTAI-F-39,12,0,1,0,1,0,1,1,1,1,1,6,0,20,0,1,0,0.045,23.61,998.8,40.18,1.0
SAMOTAI-F-39,12,1,3,0,1,0,1,1,0,0,2,6,0,40,1,0,0,0.3797,0.0,998.8,6.0,1.0
SAMOTAI-F-39,12,3,1,0,1,1,0,0,1,1,0,1,0,20,1,1,2,0.2405,1.87,998.8,8.86,0.7824
SAMOTAI-F-39,12,3,0,0,1,0,0,0,1,0,0,6,0,40,0,0,0,0.001,0.0,998.8,6.28,0.4024
SAMOTAI-F-39,12,1,3,0,1,0,1,1,1,0,2,3,1,40,0,0,0,0.3662,0.0,4.74,6.0,1.0
SAMOTAI-F-39,12,3,2,0,0,0,1,0,1,1,2,0,0,30,0,1,1,0.1326,1000.0,998.8,18.1,0.2984
SAMOTAI-F-39,12,1,0,0,0,0,1,1,1,1,2,5,0,40,0,0,0,0.4217,1000.0,998.8,6.43,1.0
SAMOTAI-F-39,12,3,3,0,1,1,1,1,0,1,2,0,1,40,0,0,2,0.0009,5.68,6.26,19.31,0.2904
SAMOTAI-F-39,12,3,3,0,1,0,1,1,1,1,2,6,1,40,0,1,2,0.0004,2.28,6.26,19.43,0.2872
SAMOTAI-F-100,12,0,1,0,1,0,1,1,0,0,1,5,1,40,0,0,0,0.0051,3.76,3.22,40.18,1.0
SAMOTAI-F-100,12,3,2,0,0,1,0,0,0,0,0,1,0,30,0,0,0,0.0794,1000.0,998.8,17.89,0.3094
SAMOTAI-F-100,12,3,2,0,1,1,0,1,0,1,2,6,0,20,0,0,1,0.0787,8.84,998.8,19.83,0.2838
SAMOTAI-F-100,12,3,1,0,1,0,1,0,0,1,2,3,0,40,1,1,0,0.0693,0.0,998.8,8.71,0.7724
SAMOTAI-F-100,12,2,0,0,0,1,1,0,0,1,2,0,1,30,0,1,0,0.5526,1000.0,2.75,6.32,1.0
SAMOTAI-F-100,12,0,3,0,1,1,1,1,1,0,1,0,1,20,1,1,0,0.1471,1.49,4.74,38.66,1.0
SAMOTAI-F-100,12,2,0,0,1,0,0,0,1,0,2,6,0,40,0,0,0,0.5212,13.04,998.8,6.32,1.0
SAMOTAI-F-100,12,3,3,0,0,1,0,0,0,1,2,1,1,40,0,1,1,0.0001,1000.0,2.83,13.47,0.3726
SAMOTAI-F-100,12,2,1,0,1,1,0,0,0,1,2,1,1,40,0,1,0,0.4228,4.57,2.88,5.42,1.0
SAMOTAI-F-100,12,3,3,0,1,0,1,0,1,1,2,3,0,40,0,0,0,0.0013,0.0,998.8,16.01,0.2151
SAMOTAI-F-100,12,3,3,0,0,1,1,1,0,1,1,1,1,20,0,0,2,0.0017,1000.0,6.26,16.3,0.3686
SAMOTAI-F-100,12,3,3,0,1,0,1,1,1,1,2,6,1,40,1,1,0,0.0065,0.0,2.83,14.45,0.2414
SAMOTAI-F-100,12,2,0,0,0,1,1,1,0,1,2,6,1,40,1,1,0,0.4368,1000.0,2.86,6.32,1.0
SAMOTAI-F-100,12,2,0,0,1,0,0,0,1,0,1,3,0,40,0,1,0,0.5212,13.04,998.8,6.32,1.0
SAMOTAI-F-100,12,0,1,0,1,0,0,0,1,0,1,3,0,20,0,1,0,0.0524,35.67,998.8,40.18,1.0
SAMOTAE-A,12,0,3,0,0,0,1,0,0,1,2,2,1,30,0,1,0,0.1334,1000.0,4.74,38.66,1.0
SAMOTAE-A,12,2,0,0,0,1,1,0,0,0,1,6,0,40,0,0,0,0.4081,1000.0,998.8,6.32,1.0
SAMOTAE-A,12,3,1,0,0,1,0,0,0,0,1,1,1,20,0,0,2,0.2355,1000.0,7.29,8.85,1.0
SAMOTAE-A,12,0,3,0,1,0,1,1,1,1,0,6,0,30,0,0,0,0.1334,0.0,998.8,38.66,1.0
SAMOTAE-A,12,2,3,0,1,1,0,1,1,1,0,2,1,40,0,1,0,0.6321,0.0,4.75,0.1,1.0
SAMOTAE-A,12,3,2,0,0,0,1,1,1,0,2,6,1,20,0,0,2,0.2243,1000.0,6.29,8.7,1.0
SAMOTAE-A,12,2,3,0,1,1,0,1,1,1,1,2,1,40,1,1,0,0.6321,0.0,4.75,0.07,1.0
SAMOTAE-A,12,2,3,0,1,0,0,0,0,1,1,6,1,40,1,0,0,0.6321,2.17,4.75,0.1,1.0
SAMOTAE-A,12,2,3,0,1,0,1,0,0,1,1,6,1,40,1,1,0,0.6321,2.08,4.75,0.07,1.0
SAMOTAE-A,12,3,1,0,0,1,1,0,0,0,2,5,1,30,1,1,2,0.3929,1000.0,7.26,8.88,1.0
SAMOTAE-A,12,2,3,0,1,0,0,0,0,1,1,6,1,40,1,1,0,0.6321,2.13,4.75,0.1,1.0
SAMOTAE-A,12,2,3,0,1,0,1,0,0,1,2,6,1,40,1,1,0,0.6321,2.3,4.75,0.08,1.0
SAMOTAE-A,12,2,3,0,1,1,1,0,1,1,1,2,1,40,1,0,0,0.6321,2.05,4.74,0.11,1.0
SAMOTAE-A,12,1,0,0,0,0,0,0,1,0,0,4,1,20,0,0,0,0.3526,1000.0,3.22,6.4,1.0
SAMOTAE-A,12,2,3,0,1,0,1,0,0,1,2,5,1,40,1,1,0,0.6321,2.31,4.75,0.1,1.0
SAMOTAE-A,12,3,2,0,1,1,0,1,0,0,1,5,0,40,0,0,1,0.0682,0.0,998.8,19.04,0.2912
SAMOTAE-A,12,0,3,0,1,0,1,1,1,0,0,1,1,30,0,1,0,0.1334,0.0,4.74,38.66,1.0
SAMOTAE-F,12,3,0,0,1,1,0,1,0,0,0,4,1,30,0,0,0,0.0003,1.19,3.86,6.28,0.4035
SAMOTAE-F,12,3,3,0,0,0,1,0,0,0,2,1,0,40,1,0,0,0.0004,1000.0,998.8,13.56,0.2566
SAMOTAE-F,12,1,3,0,0,0,1,0,0,1,2,5,0,20,1,1,0,0.4348,1000.0,998.8,6.0,0.8876
SAMOTAE-F,12,0,3,0,0,1,0,0,0,0,1,0,0,20,1,1,0,0.1398,1000.0,998.8,38.66,1.0
SAMOTAE-F,12,0,0,0,0,1,0,0,1,0,0,3,0,30,0,1,0,0.0171,1000.0,998.8,12.07,1.0
SAMOTAE-F,12,0,0,0,1,0,1,0,1,1,2,0,0,30,1,1,0,0.0171,2.01,998.8,12.07,1.0
SAMOTAE-F,12,0,3,0,0,0,1,1,0,1,2,6,1,30,1,1,0,0.1334,1000.0,4.74,38.66,1.0
SAMOTAE-F,12,3,3,0,1,1,1,1,1,1,2,6,1,40,1,1,2,0.0001,4.4,6.26,19.76,0.2681
SAMOTAE-F,12,3,3,0,1,1,0,1,0,0,2,6,1,30,1,1,2,0.001,3.76,6.26,19.76,0.2613
SAMOTAE-F,12,3,3,0,1,0,1,0,0,0,2,2,1,40,1,0,2,0.0005,0.0,6.26,15.35,0.394
SAMOTAE-F,12,3,3,0,0,0,1,0,0,0,2,2,1,40,1,0,2,0.0002,1000.0,6.26,15.52,0.3891
SAMOTAE-F,12,1,0,0,0,0,1,0,1,1,2,3,0,20,1,0,0,0.5001,1000.0,998.8,6.41,1.0
SAMOTAE-F,12,3,3,0,1,1,1,1,1,1,2,6,1,40,0,1,2,0.0004,3.01,6.26,19.76,0.271
MOSA-A,12,3,0,0,0,1,1,1,1,1,1,3,0,30,0,0,1,0.0,1000.0,998.8,6.28,0.25
MOSA-A,12,2,1,0,1,0,1,0,0,0,2,6,0,30,0,1,0,0.4281,11.28,998.8,5.4,1.0
MOSA-A,12,3,2,0,0,1,0,1,0,1,1,3,1,30,0,1,1,0.0913,1000.0,2.84,20.02,0.2818
MOSA-A,12,3,1,0,0,0,0,0,1,1,1,2,0,30,1,0,2,0.3843,1000.0,998.8,8.86,1.0
MOSA-A,12,3,3,0,1,1,1,1,1,1,2,1,0,20,0,1,1,0.0008,5.32,998.8,19.77,0.2371
MOSA-A,12,3,2,0,0,1,0,1,0,1,1,3,1,30,0,1,0,0.0833,1000.0,2.84,19.97,0.2846
MOSA-A,12,3,1,0,0,0,0,0,1,1,1,2,0,30,1,0,1,0.5171,1000.0,998.8,4.39,1.0
MOSA-A,12,3,2,0,0,1,0,1,1,1,1,3,1,30,0,1,1,0.0926,1000.0,2.84,19.94,0.2825
MOSA-F,12,2,2,0,0,1,1,1,0,0,2,5,0,40,0,1,0,0.3786,1000.0,998.8,1.74,1.0
MOSA-F,12,2,1,0,1,1,0,0,1,1,0,5,1,20,0,0,0,0.4261,16.32,2.82,5.59,1.0
MOSA-F,12,2,1,0,0,1,0,0,1,1,0,5,1,20,0,0,0,0.438,1000.0,2.84,5.54,1.0
MOSA-F,12,2,2,0,1,0,1,0,0,0,2,4,1,20,0,0,0,0.2751,30.86,15.93,1.69,1.0
FITEST-A,12,3,2,0,1,0,0,1,0,1,0,6,1,20,0,0,2,0.2268,0.0,6.29,8.69,1.0
FITEST-A,12,2,3,0,0,1,0,1,0,1,2,1,0,40,1,1,0,0.6321,1000.0,998.8,0.08,1.0
FITEST-A,12,0,0,0,1,1,0,0,1,1,1,2,1,20,1,0,0,0.064,18.56,3.22,12.07,1.0
FITEST-A,12,0,2,0,1,0,1,0,0,0,1,6,0,40,0,1,0,0.1093,20.57,998.8,4.9,1.0
FITEST-A,12,2,0,0,1,1,1,1,0,1,2,0,0,40,0,1,0,1.5,6.14,998.8,6.32,1.0
FITEST-A,12,2,2,0,0,0,0,0,1,1,2,3,1,40,0,0,0,0.317,1000.0,15.93,1.74,1.0
FITEST-A,12,2,1,0,1,0,0,0,0,1,0,5,1,20,0,1,0,0.4193,16.31,2.83,5.52,1.0
FITEST-A,12,0,0,0,1,0,0,0,0,1,0,2,1,20,0,1,0,0.0631,18.05,3.22,12.07,1.0
FITEST-A,12,2,0,0,0,0,1,1,0,0,2,0,0,40,0,1,0,0.4865,1000.0,998.8,6.32,1.0
FITEST-A,12,0,0,0,0,0,0,1,1,0,0,2,1,40,1,0,0,0.0011,1000.0,3.22,12.07,1.0
FITEST-A,12,2,2,0,0,0,0,1,0,1,0,5,0,20,0,0,0,0.2726,1000.0,998.8,1.69,1.0
FITEST-A,12,2,2,0,0,0,0,1,0,1,1,1,0,30,0,0,0,0.312,1000.0,998.8,1.72,1.0
FITEST-A,12,2,3,0,0,0,0,1,0,1,2,1,0,40,1,1,0,0.6321,1000.0,998.8,0.11,1.0
FITEST-A,12,3,2,0,1,1,0,1,0,1,1,6,1,20,0,0,2,0.08,8.84,6.3,15.78,0.4172
FITEST-F,12,3,3,0,1,0,0,0,0,0,2,4,0,30,0,0,0,0.0003,1.52,998.8,16.29,0.2106
FITEST-F,12,0,0,0,0,0,1,0,1,1,1,1,1,40,1,0,0,0.0011,1000.0,3.22,12.07,1.0
FITEST-F,12,1,0,0,0,0,1,0,0,1,2,6,0,30,0,0,0,0.4098,1000.0,998.8,6.42,1.0
FITEST-F,12,2,3,0,0,0,0,0,1,0,2,1,0,30,1,1,0,0.6321,1000.0,998.8,0.12,1.0
FITEST-F,12,3,0,0,0,0,0,0,0,0,1,0,1,20,1,0,1,0.0001,1000.0,3.86,6.28,0.2495
FITEST-F,12,0,3,0,0,1,0,1,0,1,0,3,1,30,0,1,0,0.1334,1000.0,4.74,38.66,1.0
FITEST-F,12,0,3,0,0,0,0,0,0,0,0,3,0,30,0,0,0,0.1334,1000.0,998.8,38.66,1.0
FITEST-F,12,2,3,0,0,0,0,0,0,0,1,3,1,30,0,0,0,0.6321,1000.0,4.76,0.15,1.0
FITEST-F,12,3,3,0,1,1,0,1,0,0,2,4,0,30,1,0,0,0.0013,0.0,998.8,17.18,0.1959
FITEST-F,12,3,3,0,1,1,0,1,0,0,2,4,1,30,1,0,0,0.0003,1.7,2.83,17.07,0.1977
FITEST-F,12,1,3,0,0,0,0,0,0,0,2,1,1,30,1,1,0,0.3849,1000.0,4.74,6.0,1.0
FITEST-F,12,1,3,0,0,0,0,0,1,0,2,1,0,30,1,1,0,0.3938,1000.0,998.8,6.0,1.0
RANDOM,12,1,2,0,0,1,1,1,1,0,0,1,0,20,0,1,0,0.2712,1000.0,998.8,9.5,0.8724
RANDOM,12,1,0,0,1,0,0,0,1,1,0,4,1,30,0,1,0,0.4505,1.44,3.21,6.45,1.0
RANDOM,12,2,2,0,0,0,0,0,1,0,2,5,1,40,1,0,0,0.317,1000.0,15.93,1.74,1.0
RANDOM,12,3,2,0,1,1,0,0,1,1,0,0,0,40,1,0,1,0.2813,2.09,998.8,13.1,0.3363
RANDOM,12,2,1,0,1,1,1,0,1,1,2,0,1,20,0,1,0,0.4237,16.54,2.84,5.52,1.0
RANDOM,12,2,1,0,1,1,1,0,1,0,0,0,0,40,1,1,0,1.5,10.06,998.8,5.32,1.0
RANDOM,12,1,3,0,1,0,1,0,0,0,2,4,1,40,1,0,0,0.4003,5.75,4.74,6.0,1.0
RANDOM,12,2,3,0,1,0,0,0,1,1,2,4,1,20,1,0,0,0.6321,26.93,4.77,0.06,1.0
RANDOM,12,1,2,0,0,0,1,0,0,1,0,2,0,20,1,0,0,0.2821,1000.0,998.8,9.5,1.0
RANDOM,12,3,3,0,0,0,0,0,1,1,1,6,0,40,0,0,1,0.0,1000.0,998.8,13.19,0.3783
RANDOM,12,2,3,0,0,0,0,0,0,0,1,3,0,40,0,0,0,0.6321,1000.0,998.8,0.1,1.0
RANDOM,12,2,1,0,0,1,0,0,1,1,1,2,1,30,0,0,0,0.4813,1000.0,2.79,5.59,1.0
RANDOM,12,0,0,0,0,1,1,0,1,0,2,4,1,20,0,1,0,0.0613,1000.0,3.22,12.07,1.0
RANDOM,12,0,0,0,0,0,1,1,0,0,1,4,0,20,0,1,0,0.0614,1000.0,998.8,12.07,1.0
RANDOM,12,1,3,0,0,1,0,0,1,1,2,0,0,20,1,1,0,0.4448,1000.0,998.8,6.0,1.0
CART-A-39,13,3,3,0,1,1,0,1,0,1,1,1,1,40,1,1,1,0.0,1.55,2.83,17.2,0.2945
CART-A-39,13,3,0,0,1,0,0,0,0,1,2,5,1,20,0,1,1,0.0001,0.0,3.86,6.28,0.2523
CART-A-39,13,3,3,0,1,1,1,1,1,0,1,2,1,30,0,0,1,0.0002,2.58,2.83,17.2,0.2945
CART-A-39,13,2,1,0,1,0,0,0,1,0,0,5,1,30,0,0,0,0.4963,14.56,2.8,5.44,1.0
CART-A-39,13,1,0,0,1,0,1,1,0,1,1,1,1,30,0,1,0,0.4728,0.0,3.22,6.42,1.0
CART-A-39,13,2,3,0,1,1,0,0,0,0,0,3,1,20,1,1,0,0.6321,26.27,4.77,0.06,1.0
CART-A-39,13,2,0,0,0,0,0,0,0,0,0,3,1,20,1,1,0,0.539,1000.0,2.77,6.3,1.0
CART-A-39,13,2,1,0,1,0,0,0,0,0,0,3,1,20,1,1,0,0.438,16.31,2.84,5.59,1.0
CART-A-39,13,2,3,0,1,1,1,1,1,1,1,5,1,20,1,1,0,0.6321,32.06,4.77,0.12,1.0
CART-A-39,13,1,2,0,0,0,0,1,0,1,0,0,0,30,0,0,0,0.2625,1000.0,998.8,9.5,1.0
CART-A-39,13,2,0,0,1,0,0,0,0,0,0,3,1,20,1,1,0,0.5394,20.07,2.77,6.3,1.0
CART-A-39,13,2,1,0,1,0,1,1,1,1,1,5,1,20,1,1,0,0.4162,9.09,2.85,5.46,1.0
CART-A-39,13,0,2,0,0,1,1,1,1,0,1,0,0,20,0,0,0,0.0392,1000.0,998.8,4.93,1.0
CART-A-39,13,2,0,0,1,0,1,1,1,1,1,5,1,20,1,1,0,0.5583,15.25,2.76,6.3,1.0
CART-A-39,13,2,3,0,0,0,1,0,1,1,2,4,1,30,1,1,0,0.6321,1000.0,4.76,0.15,1.0
CART-A-39,13,2,2,0,0,1,0,0,0,0,0,3,1,20,1,1,0,0.269,1000.0,15.93,1.69,1.0
CART-A-39,13,0,0,0,1,0,0,0,0,0,0,3,1,20,1,1,0,0.0614,18.61,3.22,12.07,1.0
CART-A-100,13,3,0,0,1,0,0,1,0,1,1,1,1,40,1,1,0,0.0182,0.0,3.86,6.28,0.418
CART-A-100,13,3,1,0,1,0,1,1,0,0,1,1,1,40,0,0,0,0.1102,0.0,7.25,8.73,0.9213
CART-A-100,13,3,2,0,1,0,1,0,1,0,0,2,1,40,1,1,0,0.1843,4.34,2.82,15.13,0.3434
CART-A-100,13,2,0,0,0,0,0,1,1,1,1,1,1,40,1,0,0,0.5212,1000.0,2.81,6.32,1.0
CART-A-100,13,1,3,0,1,1,1,1,0,1,2,2,1,40,1,1,0,0.366,0.0,4.74,6.0,1.0
CART-A-100,13,0,0,0,0,0,0,0,0,0,2,4,1,20,1,1,0,0.0614,1000.0,3.22,12.07,1.0
CART-A-100,13,2,0,0,0,0,1,1,0,1,2,6,1,30,1,1,0,0.5106,1000.0,2.84,6.32,1.0
CART-A-100,13,2,3,0,1,1,1,1,1,1,2,2,1,40,1,0,0,0.6321,0.0,4.75,0.08,1.0
CART-A-100,13,1,0,0,0,0,0,0,1,0,2,4,1,20,1,0,0,0.3526,1000.0,3.22,6.4,1.0
CART-A-100,13,3,3,0,0,1,0,1,1,1,2,0,1,20,1,1,0,0.0004,1000.0,2.83,14.65,0.2379
CART-A-100,13,3,0,0,1,0,0,1,1,1,1,1,1,40,1,1,2,0.033,0.0,7.28,9.74,0.36
CART-A-100,13,1,3,0,1,1,1,1,1,1,2,2,1,40,1,0,0,0.3986,0.0,4.74,6.0,1.0
CART-A-100,13,1,3,0,1,1,1,1,0,1,2,2,1,40,1,0,0,0.4642,0.0,4.74,6.0,1.0
SAMOTAI-A-39,13,1,2,0,0,0,0,1,0,1,0,3,0,30,1,0,0,0.2601,1000.0,998.8,9.5,1.0
SAMOTAI-A-39,13,1,1,0,0,1,1,0,1,0,2,1,0,30,0,1,0,0.4236,1000.0,998.8,10.15,1.0
SAMOTAI-A-39,13,2,0,0,1,1,1,1,1,0,0,4,1,20,0,1,0,0.3968,15.21,2.95,6.3,1.0
SAMOTAI-A-39,13,2,3,0,0,0,0,1,0,1,2,6,1,40,0,1,0,0.6321,1000.0,4.75,0.07,1.0
SAMOTAI-A-39,13,3,2,0,1,1,1,0,0,1,1,4,1,30,1,1,0,0.0626,9.97,2.84,20.49,0.2783
SAMOTAI-A-39,13,0,0,0,0,1,0,0,0,1,0,6,1,30,1,0,0,0.0171,1000.0,3.22,12.07,1.0
SAMOTAI-A-39,13,3,0,0,0,0,1,1,1,1,2,6,0,40,0,0,0,0.0001,1000.0,998.8,6.28,0.4103
SAMOTAI-A-39,13,3,0,0,1,1,0,1,0,1,2,6,1,40,1,1,2,0.0183,0.0,7.28,9.74,0.3606
SAMOTAI-A-39,13,3,3,0,0,0,0,1,1,0,2,1,1,40,1,1,1,0.0,1000.0,2.83,13.36,0.3748
SAMOTAI-A-39,13,0,0,0,0,0,1,1,1,1,2,6,0,40,0,0,0,0.0011,1000.0,998.8,12.07,1.0
SAMOTAI-A-39,13,3,3,0,1,0,1,1,0,1,2,6,1,40,1,1,2,0.0009,1.97,6.26,18.87,0.3017
SAMOTAI-A-39,13,3,0,0,1,0,0,1,1,1,2,6,0,40,0,0,2,0.0262,0.0,998.8,9.74,0.36
SAMOTAI-A-39,13,1,1,0,0,0,0,1,1,1,2,1,0,40,0,1,0,0.4521,1000.0,998.8,10.15,1.0
SAMOTAI-A-39,13,2,2,0,0,0,0,0,0,0,1,2,1,20,1,0,0,0.2726,1000.0,15.93,1.69,1.0
SAMOTAI-A-39,13,2,0,0,0,0,0,0,1,0,0,4,1,20,1,0,0,0.539,1000.0,2.77,6.3,1.0
SAMOTAI-A-100,13,0,3,0,0,0,1,1,1,1,1,6,1,20,0,0,0,0.1496,1000.0,4.74,38.66,1.0
SAMOTAI-A-100,13,2,1,0,1,1,1,1,0,0,1,0,0,30,0,0,0,1.5,0.0,998.8,5.62,1.0
SAMOTAI-A-100,13,3,0,0,1,1,0,0,1,0,0,6,0,30,0,1,1,0.0009,0.0,998.8,6.28,0.2545
SAMOTAI-A-100,13,3,1,0,1,0,0,1,0,0,0,2,1,30,1,1,0,0.1172,0.0,7.26,8.75,0.9702
SAMOTAI-A-100,13,0,2,0,0,0,0,1,1,0,1,2,1,30,1,1,0,0.0436,1000.0,4.75,4.91,1.0
SAMOTAI-A-100,13,1,0,0,0,0,0,0,1,1,2,5,1,20,0,1,0,0.3526,1000.0,3.22,6.4,1.0
SAMOTAI-A-100,13,2,3,0,1,0,1,0,0,1,0,3,1,20,1,1,0,0.6321,28.07,4.77,0.06,1.0
SAMOTAI-A-100,13,3,3,0,1,1,1,1,1,1,2,1,0,40,0,0,2,0.0001,3.98,998.8,19.49,0.2858
SAMOTAI-A-100,13,3,3,0,1,1,1,1,1,1,2,6,0,40,0,0,0,0.0011,2.59,998.8,17.2,0.1954
SAMOTAI-A-100,13,1,0,0,1,1,1,0,1,0,1,6,0,20,0,0,0,0.3458,3.94,998.8,6.4,1.0
SAMOTAI-A-100,13,3,3,0,1,1,1,1,0,1,2,6,0,40,1,0,2,0.0016,4.69,998.8,19.76,0.2616
SAMOTAI-A-100,13,2,2,0,0,0,0,0,0,0,1,2,1,11,1,0,0,0.2867,1000.0,15.93,1.66,0.9728
SAMOTAI-A-100,13,2,2,0,1,1,1,0,0,0,1,0,0,28,0,1,0,0.3091,1.85,998.8,1.71,1.0
CART-F-39,13,3,0,0,1,0,0,1,0,1,1,1,1,40,1,1,1,0.0183,0.0,3.86,6.28,0.2606
CART-F-39,13,3,1,0,1,0,0,0,0,1,2,5,1,20,0,1,1,0.504,2.64,3.83,4.58,1.0
CART-F-39,13,3,1,0,1,0,1,1,1,0,1,2,1,30,0,0,1,0.5816,0.0,3.81,4.43,1.0
CART-F-39,13,3,1,0,0,1,0,0,1,1,2,2,1,20,1,1,1,0.4856,1000.0,3.83,4.54,1.0
CART-F-39,13,2,2,0,1,0,0,1,0,1,1,1,1,40,1,1,0,0.3581,0.0,15.93,1.74,1.0
CART-F-39,13,3,3,0,1,1,0,1,0,1,1,1,1,40,1,1,1,0.0,0.0,2.83,17.81,0.2814
CART-F-39,13,1,3,0,1,0,0,0,0,1,2,5,0,20,0,1,0,0.4277,34.57,998.8,6.0,0.7349
CART-F-39,13,2,1,0,1,0,0,1,0,1,1,1,1,40,1,1,0,0.4711,0.0,2.87,5.43,1.0
CART-F-39,13,3,2,0,1,1,0,1,0,1,1,1,1,40,1,1,0,0.0631,0.0,2.83,19.02,0.2958
CART-F-39,13,3,0,0,1,0,1,1,1,0,1,2,1,30,0,0,1,0.0001,0.76,3.86,6.28,0.2552
CART-F-39,13,0,3,0,1,1,0,0,1,0,1,5,1,30,0,0,0,0.1334,1.85,4.74,38.66,1.0
CART-F-39,13,1,0,0,0,0,1,1,1,0,1,4,1,30,1,1,0,0.4098,1000.0,3.22,6.42,1.0
CART-F-100,13,3,0,0,1,0,0,1,1,1,1,1,1,40,1,1,0,0.0182,0.0,3.86,6.28,0.418
CART-F-100,13,3,1,0,1,0,1,1,0,0,1,1,1,40,0,0,0,0.0671,0.0,7.25,8.71,0.855
CART-F-100,13,3,2,0,1,0,1,0,0,0,0,2,1,40,1,1,0,0.1475,2.57,2.82,5.1,1.0
CART-F-100,13,2,3,0,0,0,0,0,1,1,2,0,0,30,1,0,0,0.6321,1000.0,998.8,0.12,1.0
CART-F-100,13,2,0,0,1,0,1,1,0,1,1,1,1,40,1,0,0,0.4646,5.88,2.82,6.32,1.0
CART-F-100,13,3,1,0,1,0,1,1,1,0,1,1,1,40,0,0,0,0.0779,0.0,7.25,8.73,1.0
CART-F-100,13,3,1,0,1,0,1,1,0,1,0,2,1,30,0,1,2,0.4408,0.0,7.26,8.88,0.7695
CART-F-100,13,3,0,0,1,0,0,1,1,1,1,1,1,40,1,0,0,0.0228,0.0,3.86,6.28,0.418
CART-F-100,13,3,1,0,1,0,1,1,1,0,1,1,1,40,0,1,0,0.0628,0.0,7.24,8.71,0.8799
CART-F-100,13,3,2,0,1,0,1,0,0,0,0,2,1,40,1,0,1,0.1328,3.28,2.82,14.11,0.3311
CART-F-100,13,2,1,0,0,1,1,1,0,0,0,1,1,40,1,1,0,0.4644,1000.0,2.84,5.62,1.0
SAMOTAI-F-39,13,3,3,0,0,0,0,1,1,0,2,1,0,40,1,0,0,0.0005,1000.0,998.8,13.24,0.2622
SAMOTAI-F-39,13,0,2,0,0,0,0,0,0,0,0,5,1,40,1,0,0,0.1093,1000.0,4.74,4.9,1.0
SAMOTAI-F-39,13,0,1,0,1,1,1,1,1,0,1,1,1,20,0,1,0,0.0502,22.59,3.25,40.18,1.0
SAMOTAI-F-39,13,3,1,0,0,0,1,1,0,0,0,1,0,40,1,0,2,0.4132,1000.0,998.8,8.87,1.0
SAMOTAI-F-39,13,0,0,0,1,0,0,1,1,0,1,5,0,20,0,0,0,0.0608,8.22,998.8,12.07,1.0
SAMOTAI-F-39,13,3,3,0,1,1,1,1,1,0,1,6,1,40,1,0,0,0.0003,1.59,2.83,17.2,0.1956
SAMOTAI-F-39,13,1,3,0,1,1,0,0,0,0,0,6,1,20,0,1,0,0.4443,34.57,4.74,6.0,0.6769
SAMOTAI-F-39,13,2,2,0,1,0,1,1,0,0,0,6,1,40,0,0,0,0.3572,0.0,15.93,1.74,1.0
SAMOTAI-F-39,13,3,3,0,1,0,1,1,1,1,2,6,1,40,1,1,0,0.0146,0.0,2.83,14.43,0.2417
SAMOTAI-F-39,13,2,3,0,1,1,0,0,0,0,0,3,1,20,1,1,0,0.6321,28.31,4.77,0.06,1.0
SAMOTAI-F-39,13,3,1,0,1,1,1,0,0,1,2,0,1,20,0,1,2,0.2134,1.7,7.28,8.87,0.6735
SAMOTAI-F-39,13,2,3,0,1,0,1,1,0,0,1,3,0,30,1,0,0,0.6321,0.0,998.8,0.15,1.0
SAMOTAI-F-100,13,1,1,0,0,0,1,1,1,0,1,6,1,20,0,1,0,0.3156,1000.0,3.33,10.15,1.0
SAMOTAI-F-100,13,0,2,0,1,1,1,1,0,1,0,1,0,30,1,1,0,0.0438,16.0,998.8,4.91,1.0
SAMOTAI-F-100,13,3,3,0,0,0,0,0,1,0,1,1,0,30,1,0,2,0.0001,1000.0,998.8,15.52,0.3894
SAMOTAI-F-100,13,3,0,0,1,1,0,1,1,1,2,1,0,20,1,0,2,0.0047,0.0,998.8,9.74,0.3604
SAMOTAI-F-100,13,1,0,0,1,0,0,0,1,1,1,4,0,40,0,0,0,0.6464,0.0,998.8,6.54,1.0
SAMOTAI-F-100,13,1,2,0,1,1,0,1,1,1,1,5,0,30,1,0,0,0.2662,2.96,998.8,9.5,1.0
SAMOTAI-F-100,13,2,0,0,0,0,0,0,0,1,0,6,0,40,1,1,0,0.5212,1000.0,998.8,6.32,1.0
SAMOTAI-F-100,13,2,0,0,1,0,0,0,0,0,1,5,0,20,1,0,0,0.539,19.95,998.8,6.3,1.0
SAMOTAI-F-100,13,3,3,0,1,1,1,1,1,1,2,6,1,40,1,1,2,0.0001,3.15,6.26,19.28,0.2912
SAMOTAI-F-100,13,0,1,0,1,1,0,0,0,0,2,6,1,40,1,1,0,0.0046,12.93,3.22,40.18,1.0
SAMOTAI-F-100,13,3,3,0,0,1,1,0,0,0,0,0,1,20,1,1,2,0.0007,1000.0,6.26,16.79,0.3555
SAMOTAI-F-100,13,0,1,0,1,1,0,0,1,0,0,2,0,20,1,1,0,0.0407,33.06,998.8,40.18,1.0
SAMOTAI-F-100,13,0,1,0,1,1,1,1,1,1,2,6,1,40,1,1,0,0.0045,3.65,3.22,40.18,1.0
SAMOTAI-F-100,13,0,0,0,1,0,0,0,0,0,0,6,0,40,0,0,0,0.1468,0.0,998.8,12.07,1.0
SAMOTAI-F-100,13,3,2,0,0,0,0,0,0,0,0,6,1,40,1,1,2,0.4191,1000.0,6.25,8.69,1.0
SAMOTAE-A,13,3,1,0,0,1,1,1,0,0,0,2,1,20,0,1,2,0.233,1000.0,7.28,8.87,1.0
SAMOTAE-A,13,1,3,0,1,0,1,0,1,0,0,6,0,20,1,0,0,0.4663,34.57,998.8,6.0,0.9393
SAMOTAE-A,13,2,1,0,1,1,0,0,0,1,2,4,0,20,1,1,0,0.4348,16.31,998.8,5.53,1.0
SAMOTAE-A,13,0,3,0,1,0,0,0,1,0,2,0,0,40,1,0,0,0.1335,0.0,998.8,38.66,1.0
SAMOTAE-A,13,0,0,0,0,0,0,1,1,1,0,2,1,40,0,1,0,0.0011,1000.0,3.22,12.07,1.0
SAMOTAE-A,13,3,1,0,1,0,0,1,1,0,2,6,1,40,1,1,1,0.8815,0.0,3.78,4.18,1.0
SAMOTAE-A,13,0,3,0,1,1,0,0,0,1,2,6,0,20,1,1,0,0.1488,13.76,998.8,38.66,1.0
SAMOTAE-A,13,3,3,0,0,1,1,0,0,1,2,6,0,40,1,0,2,0.0,1000.0,998.8,15.42,0.3917
SAMOTAE-A,13,3,3,0,1,1,1,1,1,1,2,6,1,40,1,1,2,0.0011,2.72,6.26,19.76,0.279
SAMOTAE-A,13,3,3,0,0,1,1,0,0,1,0,6,0,40,0,0,0,0.0004,1000.0,998.8,13.22,0.2625
SAMOTAE-A,13,3,3,0,1,1,1,0,0,1,2,0,0,40,1,0,2,0.0,2.2,998.8,16.15,0.3726
SAMOTAE-A,13,3,3,0,0,1,1,0,0,1,2,6,0,40,0,0,2,0.0005,1000.0,998.8,14.76,0.4096
SAMOTAE-F,13,1,0,0,1,0,0,0,0,0,0,1,0,20,1,1,0,0.3637,2.95,998.8,6.4,1.0
SAMOTAE-F,13,1,2,0,1,0,0,1,0,1,1,6,1,20,1,0,0,0.2789,20.68,8.22,9.5,0.9152
SAMOTAE-F,13,2,3,0,1,1,1,1,1,0,2,2,0,40,1,1,0,0.6321,0.0,998.8,0.08,1.0
SAMOTAE-F,13,2,2,0,1,1,0,0,1,1,0,4,1,30,0,1,0,0.3597,1.79,15.93,1.72,1.0
SAMOTAE-F,13,2,0,0,0,1,0,0,1,1,0,6,1,40,0,0,0,0.5212,1000.0,2.81,6.32,1.0
SAMOTAE-F,13,0,3,0,1,1,1,1,0,1,1,0,1,40,1,1,0,0.1334,0.0,4.74,38.66,1.0
SAMOTAE-F,13,3,3,0,1,1,1,1,1,0,2,6,0,40,1,1,2,0.0001,3.0,998.8,19.76,0.2616
SAMOTAE-F,13,3,3,0,1,0,1,1,1,1,0,6,1,40,0,1,2,0.0001,3.08,6.26,19.76,0.2662
SAMOTAE-F,13,3,3,0,1,1,1,1,1,0,2,5,0,40,1,1,0,0.0058,0.0,998.8,14.45,0.2414
SAMOTAE-F,13,3,3,0,1,0,0,1,0,1,0,6,1,20,1,0,2,0.0004,5.59,6.26,19.76,0.2462
SAMOTAE-F,13,3,3,0,1,1,1,1,1,1,2,6,1,40,1,1,2,0.0001,4.4,6.26,19.76,0.2681
SAMOTAE-F,13,3,0,0,1,0,0,1,1,0,0,6,1,20,1,0,2,0.0089,0.0,7.28,9.74,0.3602
MOSA-A,13,3,3,0,1,1,0,0,1,1,0,1,1,20,0,0,2,0.0008,2.42,6.26,16.31,0.3686
MOSA-A,13,2,1,0,1,0,0,0,0,1,2,0,1,20,0,0,0,0.4141,16.35,2.85,5.49,1.0
MOSA-A,13,2,1,0,0,1,0,1,1,1,0,4,1,20,0,1,0,0.438,1000.0,2.84,5.49,1.0
MOSA-A,13,0,3,0,1,0,1,0,0,0,2,0,1,20,0,0,0,0.137,14.97,4.74,38.66,1.0
MOSA-A,13,2,1,0,0,1,0,1,0,1,0,4,1,30,0,0,0,0.4813,1000.0,2.79,5.59,1.0
MOSA-A,13,2,3,0,1,0,0,0,1,0,2,0,0,20,1,0,0,0.6321,33.65,998.8,0.07,1.0
MOSA-F,13,2,0,0,0,1,1,0,0,1,0,5,0,20,0,0,0,0.4813,1000.0,998.8,6.3,1.0
MOSA-F,13,2,3,0,1,1,0,1,0,1,2,3,1,40,0,0,0,0.6321,0.0,4.75,0.1,1.0
FITEST-A,13,1,3,0,1,1,0,1,0,0,1,4,0,30,0,1,0,0.4073,0.0,998.8,6.0,1.0
FITEST-A,13,2,2,0,1,1,1,1,0,0,0,0,1,20,0,1,0,0.2707,15.92,15.93,1.69,1.0
FITEST-A,13,2,0,0,0,0,1,1,0,0,2,0,1,40,0,0,0,0.4241,1000.0,2.87,6.32,1.0
FITEST-A,13,3,1,0,0,0,1,1,1,0,1,1,0,20,1,1,2,0.2412,1000.0,998.8,8.86,1.0
FITEST-A,13,0,0,0,1,0,1,1,1,0,0,6,1,40,0,1,0,0.0211,0.0,3.2,12.07,1.0
FITEST-A,13,0,1,0,1,1,0,0,1,1,0,2,1,20,1,0,0,0.0481,33.65,3.25,40.18,1.0
FITEST-A,13,2,0,0,0,0,1,1,0,0,2,0,0,30,0,0,0,0.5575,1000.0,998.8,6.32,1.0
FITEST-A,13,2,0,0,0,0,1,1,0,0,2,0,0,20,0,0,0,0.5536,1000.0,998.8,6.3,1.0
FITEST-A,13,2,2,0,1,1,1,1,0,0,0,0,1,40,0,1,0,1.5,0.0,15.93,0.0,1.0
FITEST-A,13,2,2,0,1,1,1,1,0,1,0,0,1,40,0,1,0,0.3462,0.0,15.93,0.0,1.0
FITEST-A,13,2,2,0,1,1,1,1,1,1,0,0,1,40,0,1,0,0.367,0.0,15.93,1.74,1.0
FITEST-F,13,3,3,0,0,0,0,1,1,0,0,5,0,30,1,0,0,0.0002,1000.0,998.8,14.19,0.2459
FITEST-F,13,0,1,0,0,1,0,1,1,1,0,3,1,20,1,0,0,0.0321,1000.0,3.25,40.18,1.0
FITEST-F,13,3,3,0,1,1,0,0,0,1,2,0,1,40,1,0,2,0.0,1.3,6.26,15.42,0.392
FITEST-F,13,2,0,0,1,0,0,0,0,0,2,2,0,30,1,0,0,0.501,15.69,998.8,6.32,1.0
FITEST-F,13,2,0,0,1,1,1,0,0,0,1,5,0,40,1,1,0,0.3949,13.22,998.8,6.32,1.0
FITEST-F,13,0,2,0,1,0,1,1,0,0,2,4,1,30,1,1,0,0.0438,16.01,4.75,4.91,1.0
FITEST-F,13,0,2,0,1,0,0,1,0,0,2,4,1,30,1,1,0,0.0438,16.01,4.75,4.91,1.0
FITEST-F,13,2,0,0,1,1,0,0,0,0,1,5,0,40,1,1,0,0.5212,13.04,998.8,6.32,1.0
FITEST-F,13,0,0,0,0,0,0,0,0,0,0,2,0,20,1,0,0,0.0614,1000.0,998.8,12.07,1.0
FITEST-F,13,1,0,0,0,0,0,0,0,0,1,2,0,20,1,0,0,0.3526,1000.0,998.8,6.4,1.0
FITEST-F,13,3,3,0,0,0,0,0,0,0,0,4,0,30,1,0,0,0.0003,1000.0,998.8,14.12,0.2471
FITEST-F,13,3,3,0,0,0,0,0,0,0,1,0,0,30,1,0,1,0.0,1000.0,998.8,14.18,0.3582
FITEST-F,13,2,2,0,0,0,0,0,0,0,0,4,0,30,1,0,0,0.3096,1000.0,998.8,1.72,1.0
FITEST-F,13,2,0,0,0,0,0,0,0,0,1,2,0,30,1,0,0,0.5204,1000.0,998.8,6.32,1.0
FITEST-F,13,0,0,0,1,0,0,0,0,0,2,2,0,30,1,0,0,0.0212,1.88,998.8,12.07,1.0
RANDOM,13,0,0,0,1,1,1,0,1,0,2,2,0,30,0,1,0,0.0171,2.83,998.8,12.07,1.0
RANDOM,13,0,3,0,0,0,1,0,0,1,2,1,0,40,1,1,0,0.1334,1000.0,998.8,38.66,1.0
RANDOM,13,0,3,0,1,1,0,0,0,0,0,5,0,40,1,0,0,0.1334,0.0,998.8,38.66,1.0
RANDOM,13,2,1,0,1,0,1,1,0,1,1,5,1,40,0,1,0,0.452,0.0,3.0,5.59,1.0
RANDOM,13,3,0,0,1,0,0,1,1,1,0,0,1,20,0,1,0,0.0001,2.2,3.86,6.28,0.389
RANDOM,13,3,0,0,0,0,1,0,0,1,0,1,1,40,0,1,0,0.0,1000.0,3.86,6.28,0.4083
RANDOM,13,2,1,0,1,1,1,1,1,0,2,3,1,40,0,0,0,0.5217,0.0,2.82,5.49,1.0
RANDOM,13,2,3,0,0,0,0,0,0,1,2,0,1,30,1,1,0,0.6321,1000.0,4.75,0.08,1.0
RANDOM,13,3,2,0,0,0,0,1,1,1,1,1,1,40,0,1,1,0.1676,1000.0,2.82,15.24,0.3218
RANDOM,13,0,3,0,0,0,0,0,1,0,0,1,0,40,1,1,0,0.1334,1000.0,998.8,38.66,1.0
RANDOM,13,0,0,0,1,0,0,0,0,1,2,5,0,20,0,1,0,0.0614,18.64,998.8,12.07,1.0
RANDOM,13,3,0,0,1,1,1,1,1,1,0,5,0,40,1,1,1,0.0181,0.0,998.8,6.28,0.2559
RANDOM,13,1,1,0,0,0,1,0,0,0,2,3,0,30,0,1,0,0.4236,1000.0,998.8,10.15,1.0
RANDOM,13,2,2,0,0,0,1,0,1,1,1,2,0,30,0,1,0,0.3096,1000.0,998.8,1.72,1.0
RANDOM,13,1,0,0,1,0,0,0,0,0,1,3,1,40,0,0,0,0.6474,0.0,3.21,6.39,1.0
RANDOM,13,0,1,0,1,1,0,0,1,1,1,0,0,20,1,1,0,0.0465,33.71,998.8,40.18,1.0
RANDOM,13,3,1,0,0,0,0,1,1,1,0,6,0,20,0,1,0,0.1316,1000.0,998.8,8.76,1.0
RANDOM,13,0,1,0,1,1,0,0,0,0,1,3,1,40,1,1,0,0.005,13.11,3.22,40.18,1.0
RANDOM,13,0,0,0,1,0,1,0,0,1,2,0,1,40,1,1,0,0.0144,0.0,3.22,12.07,1.0
RANDOM,13,2,3,0,1,1,0,0,1,1,0,1,1,20,1,0,0,0.6321,29.52,4.77,0.07,1.0
CART-A-39,14,0,3,0,1,0,1,1,1,1,1,5,1,20,1,1,0,0.1496,1.76,4.74,38.66,1.0
CART-A-39,14,1,0,0,1,0,0,1,0,1,1,1,1,40,1,1,0,0.6305,0.0,3.21,6.43,1.0
CART-A-39,14,1,1,0,1,0,0,1,0,1,1,1,1,40,1,1,0,0.4521,7.66,3.32,10.15,1.0
CART-A-39,14,2,0,0,1,0,0,1,0,1,1,1,1,40,1,1,0,0.5212,5.95,2.81,6.32,1.0
CART-A-39,14,3,1,0,1,0,0,1,0,1,1,1,1,40,1,1,1,0.71,0.0,3.78,4.32,1.0
CART-A-39,14,3,1,0,1,0,1,1,1,0,1,2,1,30,0,0,1,0.5431,0.0,3.81,4.36,1.0
CART-A-39,14,1,0,0,0,0,1,1,1,1,1,5,1,20,1,1,0,0.3511,1000.0,3.22,6.4,1.0
CART-A-39,14,3,0,0,1,0,1,1,1,0,1,2,1,30,0,0,1,0.0,1.06,3.86,6.28,0.2522
CART-A-39,14,0,0,0,1,0,0,1,0,1,1,1,1,40,1,1,0,0.5149,0.0,3.19,12.07,1.0
CART-A-39,14,2,0,0,0,0,0,1,0,1,1,1,1,40,1,1,0,0.5212,1000.0,2.81,6.32,1.0
CART-A-39,14,0,0,0,1,0,1,1,0,1,0,3,0,30,0,0,0,0.0369,0.0,998.8,12.07,1.0
CART-A-39,14,2,0,0,1,0,0,0,0,0,0,3,1,20,1,1,0,0.5345,19.96,2.78,6.3,1.0
CART-A-39,14,3,2,0,1,0,0,0,0,0,0,3,1,20,1,1,1,0.0799,10.78,2.86,20.99,0.273
CART-A-39,14,0,1,0,0,0,0,1,1,0,2,5,0,20,1,1,0,0.0321,1000.0,998.8,40.18,1.0
CART-A-39,14,1,3,0,0,1,0,0,0,0,0,3,1,20,1,1,0,0.4525,1000.0,4.74,6.0,0.6088
CART-A-39,14,3,2,0,0,0,0,1,0,1,1,1,1,40,1,1,0,0.132,1000.0,2.82,15.22,0.342
CART-A-39,14,2,0,0,0,0,0,0,0,0,0,3,1,20,1,1,0,0.539,1000.0,2.77,6.3,1.0
CART-A-39,14,0,3,0,1,0,0,1,0,1,1,1,1,40,1,1,0,0.1334,0.0,4.74,38.66,1.0
CART-A-39,14,0,2,0,1,0,0,1,0,1,1,1,1,40,1,1,0,0.108,13.14,4.74,4.9,1.0
CART-A-39,14,0,3,0,1,1,0,0,1,1,2,6,1,40,1,0,0,0.1334,0.0,4.74,38.66,1.0
CART-A-39,14,1,1,0,1,0,0,0,0,1,2,4,1,40,0,1,0,0.4534,15.33,3.34,10.15,1.0
CART-A-39,14,0,0,0,0,0,0,0,0,0,0,3,1,20,1,1,0,0.0614,1000.0,3.22,12.07,1.0
CART-A-39,14,1,2,0,0,0,0,0,0,0,0,3,1,20,1,1,0,0.2569,1000.0,8.22,9.5,0.8259
CART-A-39,14,3,2,0,1,1,0,0,0,1,2,5,1,20,0,1,0,0.0759,9.73,2.86,20.02,0.2839
CART-A-39,14,1,0,0,0,0,0,0,0,0,0,3,1,20,1,1,0,0.3526,1000.0,3.22,6.4,1.0
CART-A-39,14,1,0,0,0,0,0,1,0,1,1,1,1,40,1,1,0,0.4217,1000.0,3.22,6.43,1.0
CART-A-39,14,2,2,0,0,0,1,1,1,0,2,6,0,40,1,1,0,0.2886,1000.0,998.8,1.74,1.0
CART-A-39,14,1,3,0,0,0,1,1,0,1,2,2,0,40,1,0,0,0.4162,1000.0,998.8,6.0,1.0
CART-A-100,14,3,0,0,1,0,0,1,0,1,1,1,1,40,1,0,0,0.0182,0.0,3.86,6.28,0.418
CART-A-100,14,3,1,0,1,0,1,1,1,0,1,1,1,40,0,1,0,0.0638,0.0,7.24,8.71,0.8157
CART-A-100,14,3,2,0,1,0,1,0,1,0,0,2,1,40,1,1,0,0.1843,4.34,2.82,15.13,0.3434
CART-A-100,14,1,2,0,1,0,0,1,0,0,1,1,1,40,1,0,0,0.3352,0.0,8.22,9.5,1.0
CART-A-100,14,2,2,0,1,1,1,1,1,1,2,2,1,40,1,1,0,0.4237,0.0,15.93,0.0,1.0
CART-A-100,14,0,2,0,0,0,0,0,1,0,2,4,1,20,1,0,0,0.0392,1000.0,4.77,4.93,1.0
CART-A-100,14,1,0,0,0,0,0,1,0,1,1,1,1,40,1,0,0,0.4217,1000.0,3.22,6.43,1.0
CART-A-100,14,2,3,0,1,1,1,1,0,1,2,2,1,40,1,0,0,0.6321,0.0,4.75,0.08,1.0
CART-A-100,14,1,0,0,1,0,0,0,1,0,2,4,1,20,1,1,0,0.3503,3.01,3.22,6.4,1.0
CART-A-100,14,2,1,0,1,1,0,1,0,1,0,1,1,30,0,0,0,0.48,0.0,2.77,5.56,1.0
CART-A-100,14,2,0,0,0,0,0,1,0,1,1,1,1,40,1,1,0,0.5212,1000.0,2.81,6.32,1.0
CART-A-100,14,1,3,0,0,1,1,1,0,1,2,2,1,40,1,0,0,0.4495,1000.0,4.74,6.0,1.0
CART-A-100,14,1,3,0,1,1,1,1,0,1,2,2,1,40,1,0,0,0.4642,0.0,4.74,6.0,1.0
CART-A-100,14,0,0,0,0,0,0,1,1,0,0,6,1,40,1,1,0,0.0011,1000.0,3.22,12.07,1.0
CART-A-100,14,2,0,0,1,0,1,1,1,1,1,1,1,40,1,1,0,0.5013,5.99,2.81,6.32,1.0
CART-A-100,14,2,3,0,1,1,0,1,0,1,2,2,1,40,1,0,0,0.6321,0.0,4.75,0.1,1.0
SAMOTAI-A-39,14,2,0,0,1,0,0,0,1,1,2,5,1,20,0,1,0,0.5496,19.96,2.77,6.3,1.0
SAMOTAI-A-39,14,0,3,0,0,0,0,1,1,1,2,2,0,40,0,0,0,0.1334,1000.0,998.8,38.66,1.0
SAMOTAI-A-39,14,1,0,0,1,1,1,1,1,0,2,2,1,30,1,1,0,0.4487,0.0,3.22,6.41,1.0
SAMOTAI-A-39,14,0,1,0,0,0,0,0,1,0,0,0,0,30,1,0,0,0.0098,1000.0,998.8,40.18,1.0
SAMOTAI-A-39,14,3,3,0,1,1,1,1,1,0,2,5,1,20,0,1,0,0.0002,0.0,2.83,14.52,0.2402
SAMOTAI-A-39,14,3,3,0,1,1,1,0,0,0,2,1,1,20,0,1,2,0.001,2.4,6.26,16.31,0.3683
SAMOTAI-A-39,14,2,3,0,1,1,0,0,1,0,0,6,1,20,0,1,0,0.6321,32.65,4.77,0.06,1.0
SAMOTAI-A-39,14,3,3,0,1,0,1,1,1,1,2,6,1,40,1,1,0,0.0155,0.0,2.83,14.46,0.2413
SAMOTAI-A-39,14,2,3,0,1,1,0,0,0,0,0,2,1,20,1,1,0,0.6321,30.47,4.77,0.06,1.0
SAMOTAI-A-39,14,1,2,0,0,1,0,1,0,0,2,6,1,20,1,0,0,0.2606,1000.0,8.22,9.5,0.93
SAMOTAI-A-39,14,3,3,0,1,1,0,1,1,1,2,6,0,40,1,1,0,0.0067,0.0,998.8,14.46,0.2413
SAMOTAI-A-39,14,3,3,0,1,1,0,0,0,0,0,6,1,20,1,1,0,0.0002,2.39,2.83,17.12,0.1968
SAMOTAI-A-39,14,2,2,0,0,0,0,0,0,0,1,3,1,20,1,0,0,0.2726,1000.0,15.93,1.69,1.0
SAMOTAI-A-39,14,2,0,0,0,0,0,0,1,0,0,4,1,20,1,0,0,0.539,1000.0,2.77,6.3,1.0
SAMOTAI-A-100,14,2,1,0,0,0,0,1,0,1,0,6,0,30,0,0,0,0.4283,1000.0,998.8,5.39,1.0
SAMOTAI-A-100,14,0,1,0,0,1,0,0,1,1,2,1,1,40,1,0,0,0.0047,1000.0,3.22,40.18,1.0
SAMOTAI-A-100,14,2,0,0,1,0,1,0,1,0,2,3,0,20,1,1,0,0.5488,20.14,998.8,6.3,1.0
SAMOTAI-A-100,14,1,3,0,1,0,0,0,1,0,1,4,0,20,1,0,0,0.438,34.57,998.8,6.0,0.7959
SAMOTAI-A-100,14,3,0,0,1,0,0,0,0,1,1,0,1,30,0,0,0,0.0004,0.0,3.86,6.28,0.4026
SAMOTAI-A-100,14,0,3,0,0,0,1,1,0,0,2,6,1,30,1,0,0,0.1334,1000.0,4.74,38.66,1.0
SAMOTAI-A-100,14,1,3,0,0,1,1,0,0,1,2,6,0,40,0,0,0,0.4539,1000.0,998.8,6.0,1.0
SAMOTAI-A-100,14,2,3,0,1,0,1,0,0,0,0,2,0,20,0,0,0,0.6321,30.72,998.8,0.06,1.0
SAMOTAI-A-100,14,3,3,0,1,1,1,1,1,1,2,6,0,40,0,0,1,0.0026,0.0,998.8,14.46,0.3529
SAMOTAI-A-100,14,3,3,0,1,1,1,1,1,1,2,6,0,40,1,1,2,0.0003,2.8,998.8,18.62,0.3083
SAMOTAI-A-100,14,1,1,0,0,1,0,1,1,1,2,6,0,30,0,0,0,0.4236,1000.0,998.8,10.15,1.0
SAMOTAI-A-100,14,3,3,0,1,1,1,1,0,1,2,6,1,40,1,1,2,0.0002,4.78,6.26,19.58,0.2835
SAMOTAI-A-100,14,1,1,0,0,0,0,0,1,1,2,6,0,30,0,0,0,0.4236,1000.0,998.8,10.15,1.0
CART-F-39,14,3,0,0,1,0,0,1,0,1,1,1,1,40,1,1,1,0.0183,0.0,3.86,6.28,0.2606
CART-F-39,14,3,1,0,1,0,0,0,0,1,2,5,1,20,0,1,1,0.504,2.64,3.83,4.58,1.0
CART-F-39,14,3,1,0,1,0,1,1,1,0,1,2,1,30,0,0,1,0.5816,0.0,3.81,4.43,1.0
CART-F-39,14,3,2,0,1,1,0,0,0,0,0,6,1,30,0,1,2,0.3609,0.0,6.28,8.7,1.0
CART-F-39,14,0,0,0,1,0,0,1,0,1,1,1,1,40,1,1,0,0.0329,0.0,3.19,12.07,1.0
CART-F-39,14,2,2,0,1,1,0,1,0,1,1,1,1,40,1,1,0,0.368,0.0,15.93,1.74,1.0
CART-F-39,14,1,1,0,1,0,1,1,1,0,1,2,1,30,0,0,0,0.4297,9.63,3.36,10.15,1.0
CART-F-39,14,3,0,0,1,1,1,0,1,0,0,6,1,30,0,1,1,0.0032,0.0,3.86,6.28,0.2543
CART-F-39,14,1,0,0,1,0,0,1,0,1,1,1,1,40,1,1,0,0.6418,0.0,3.2,6.44,1.0
CART-F-39,14,1,2,0,1,1,1,0,1,0,0,6,1,30,0,1,0,0.2493,10.22,8.22,9.5,1.0
CART-F-39,14,3,3,0,1,1,0,1,0,0,0,4,1,20,0,0,1,0.0001,5.41,3.23,21.57,0.1954
CART-F-39,14,1,3,0,1,1,0,1,0,1,1,1,1,40,1,1,0,0.4182,0.0,4.74,6.0,1.0
CART-F-100,14,3,0,0,1,0,0,1,1,1,1,1,1,40,1,1,0,0.0182,0.0,3.86,6.28,0.418
CART-F-100,14,3,1,0,1,0,1,1,0,0,1,1,1,40,0,0,0,0.0671,0.0,7.25,8.71,0.855
CART-F-100,14,3,2,0,1,0,1,0,0,0,0,2,1,40,1,1,0,0.1475,2.57,2.82,5.1,1.0
CART-F-100,14,3,2,0,1,0,1,0,1,1,2,5,1,30,0,0,1,0.0593,8.46,2.84,18.99,0.2921
CART-F-100,14,3,0,0,1,0,0,1,0,1,1,1,1,40,1,0,0,0.0182,0.0,3.86,6.28,0.418
CART-F-100,14,3,1,0,1,0,1,1,1,0,1,1,1,40,0,0,0,0.0779,0.0,7.25,8.73,1.0
CART-F-100,14,3,2,0,1,0,1,0,0,0,0,2,1,40,1,1,1,0.1202,4.51,2.83,15.21,0.3227
CART-F-100,14,2,0,0,1,0,1,0,0,1,0,6,1,30,0,1,0,0.4867,16.12,2.83,6.32,1.0
CART-F-100,14,3,2,0,1,0,0,1,1,1,1,1,1,40,1,1,0,0.0579,0.0,2.83,18.97,0.2964
CART-F-100,14,3,2,0,1,0,1,1,0,0,1,1,1,40,0,1,0,0.1053,0.0,2.82,18.68,0.3001
SAMOTAI-F-39,14,0,0,0,0,1,0,0,1,1,2,6,1,20,0,0,0,0.0614,1000.0,3.22,12.07,1.0
SAMOTAI-F-39,14,2,3,0,1,1,0,1,0,0,1,0,0,40,1,1,0,0.6321,0.0,998.8,0.07,1.0
SAMOTAI-F-39,14,0,1,0,1,0,0,1,1,0,0,3,0,40,0,0,0,0.0154,4.31,998.8,40.18,1.0
SAMOTAI-F-39,14,3,0,0,1,1,0,1,0,1,2,2,0,30,1,1,1,0.0,0.83,998.8,6.28,0.2495
SAMOTAI-F-39,14,3,0,0,1,1,0,1,0,0,0,4,1,20,1,1,1,0.0001,1.94,3.86,6.28,0.2509
SAMOTAI-F-39,14,2,2,0,0,1,1,0,0,0,2,5,1,40,1,1,0,0.2689,1000.0,15.93,1.74,1.0
SAMOTAI-F-39,14,2,3,0,1,1,0,0,1,0,0,6,1,20,1,0,0,0.6321,29.32,4.77,0.06,1.0
SAMOTAI-F-39,14,3,3,0,1,0,1,1,0,1,0,6,1,30,0,0,0,0.0001,1.58,2.83,16.28,0.2107
SAMOTAI-F-39,14,3,3,0,1,1,1,1,1,1,2,6,1,40,1,1,2,0.0003,4.33,6.26,19.61,0.2827
SAMOTAI-F-39,14,3,3,0,1,1,0,0,0,1,0,0,1,20,1,1,0,0.0003,2.08,2.83,16.83,0.2017
SAMOTAI-F-39,14,3,0,0,1,1,1,1,0,1,2,0,1,40,1,1,2,0.016,0.0,7.28,9.74,0.3598
SAMOTAI-F-39,14,3,3,0,1,0,1,1,1,1,2,6,1,40,1,1,2,0.0001,2.31,6.26,19.44,0.2869
SAMOTAI-F-100,14,1,1,0,0,0,1,0,1,0,2,4,0,20,0,1,0,0.3289,1000.0,998.8,10.15,1.0
SAMOTAI-F-100,14,3,3,0,1,0,1,0,0,0,2,1,0,20,0,0,0,0.0015,2.03,998.8,16.78,0.2023
SAMOTAI-F-100,14,1,0,0,1,1,0,0,0,0,1,4,0,40,1,0,0,0.6288,0.0,998.8,6.43,1.0
SAMOTAI-F-100,14,0,3,0,1,1,1,0,0,0,0,2,1,30,1,0,0,0.1334,2.05,4.74,38.66,1.0
SAMOTAI-F-100,14,2,3,0,0,0,0,1,1,1,2,4,0,40,0,0,0,0.6321,1000.0,998.8,0.1,1.0
SAMOTAI-F-100,14,3,3,0,1,1,1,0,1,0,0,4,1,40,0,1,2,0.0002,1.4,6.26,15.52,0.3891
SAMOTAI-F-100,14,2,3,0,0,0,0,0,0,1,2,6,1,40,1,1,0,0.6321,1000.0,4.75,0.07,1.0
SAMOTAI-F-100,14,0,3,0,1,0,0,1,0,1,0,2,1,30,0,0,0,0.1337,0.0,4.74,38.66,1.0
SAMOTAI-F-100,14,3,3,0,1,1,1,1,1,1,2,6,1,40,1,1,0,0.0064,0.0,2.83,14.45,0.2414
SAMOTAI-F-100,14,2,3,0,0,1,1,1,1,1,2,3,1,40,0,0,0,0.6321,1000.0,4.75,0.1,1.0
SAMOTAI-F-100,14,3,3,0,0,1,1,1,0,1,0,5,1,20,1,1,2,0.0014,1000.0,6.26,16.31,0.3686
SAMOTAI-F-100,14,3,3,0,1,1,1,1,0,1,2,5,1,40,1,1,0,0.007,0.0,2.83,14.45,0.2414
SAMOTAI-F-100,14,2,3,0,0,1,0,1,1,1,2,5,1,40,0,1,0,0.6321,1000.0,4.75,0.1,1.0
SAMOTAI-F-100,14,1,3,0,1,0,0,1,1,1,1,4,1,30,1,0,0,0.4387,0.0,4.74,6.0,1.0
SAMOTAE-A,14,1,1,0,1,0,0,1,0,0,0,5,1,20,1,0,0,0.3289,16.21,3.32,10.15,1.0
SAMOTAE-A,14,2,2,0,0,0,0,1,1,1,2,1,0,40,1,1,0,0.317,1000.0,998.8,1.74,1.0
SAMOTAE-A,14,3,2,0,1,1,0,0,0,0,2,3,1,30,1,0,2,0.3529,1.79,6.27,8.68,1.0
SAMOTAE-A,14,1,3,0,1,0,1,0,1,1,1,6,1,40,1,1,0,0.3802,2.07,4.74,6.0,1.0
SAMOTAE-A,14,1,3,0,0,0,1,0,1,1,1,0,1,20,0,0,0,0.4223,1000.0,4.74,6.0,0.7868
SAMOTAE-A,14,0,0,0,0,0,1,1,0,0,0,0,1,20,1,0,0,0.0633,1000.0,3.22,12.07,1.0
SAMOTAE-A,14,0,3,0,0,0,1,0,1,1,0,0,1,20,0,0,0,0.1496,1000.0,4.74,38.66,1.0
SAMOTAE-A,14,3,3,0,1,1,1,1,1,1,2,6,1,40,1,1,2,0.0011,2.72,6.26,19.76,0.279
SAMOTAE-A,14,3,3,0,0,1,0,1,0,0,2,6,1,40,0,0,2,0.0,1000.0,6.26,15.46,0.3908
SAMOTAE-A,14,3,3,0,1,1,1,0,1,0,1,6,1,20,0,0,2,0.0008,2.4,6.26,16.31,0.3683
SAMOTAE-A,14,0,3,0,1,1,1,0,0,0,0,2,1,40,1,1,0,0.1334,0.0,4.74,38.66,1.0
SAMOTAE-A,14,2,3,0,0,0,0,0,0,0,1,2,1,20,1,0,0,0.6321,1000.0,4.77,0.09,1.0
SAMOTAE-A,14,2,1,0,0,0,0,0,1,0,0,4,1,20,1,0,0,0.438,1000.0,2.84,5.54,1.0
SAMOTAE-A,14,2,3,0,1,1,1,0,0,0,1,0,0,30,0,1,0,0.6321,14.79,998.8,0.13,1.0
SAMOTAE-F,14,0,0,0,1,1,1,1,1,1,0,6,1,40,0,0,0,0.0183,0.0,3.2,12.07,1.0
SAMOTAE-F,14,1,2,0,1,0,1,0,0,0,0,0,1,20,1,0,0,0.2504,34.57,8.22,9.5,0.8497
SAMOTAE-F,14,3,0,0,0,0,0,1,0,1,1,2,1,40,1,1,1,0.0,1000.0,3.86,6.28,0.257
SAMOTAE-F,14,3,3,0,0,0,0,1,1,1,0,4,0,30,1,0,0,0.0002,1000.0,998.8,14.24,0.245
SAMOTAE-F,14,2,0,0,0,1,1,1,1,1,2,0,0,20,1,0,0,0.5427,1000.0,998.8,6.3,1.0
SAMOTAE-F,14,0,3,0,1,1,0,1,0,1,0,3,0,30,1,1,0,0.1334,0.0,998.8,38.66,1.0
SAMOTAE-F,14,0,3,0,1,0,0,1,0,0,0,6,1,40,0,1,0,0.1334,0.0,4.74,38.66,1.0
SAMOTAE-F,14,1,0,0,1,1,1,1,1,0,1,6,1,40,0,0,0,0.7725,0.0,3.2,6.46,1.0
SAMOTAE-F,14,3,3,0,0,0,1,1,1,0,1,6,1,40,0,1,0,0.0005,1000.0,2.83,13.43,0.2589
SAMOTAE-F,14,3,3,0,0,0,1,1,1,0,1,6,1,40,1,0,2,0.0001,1000.0,6.26,15.52,0.3894
SAMOTAE-F,14,3,3,0,0,0,0,1,0,0,2,6,1,40,0,1,2,0.0001,1000.0,6.26,15.29,0.3954
SAMOTAE-F,14,3,3,0,0,1,1,1,1,1,2,6,1,40,1,0,2,0.0,1000.0,6.26,15.25,0.3965
SAMOTAE-F,14,2,3,0,1,1,0,0,0,0,1,1,1,30,0,0,0,0.6321,14.42,4.76,0.12,1.0
MOSA-A,14,3,1,0,0,0,0,1,1,0,0,5,0,20,0,0,2,0.2369,1000.0,998.8,8.87,1.0
MOSA-A,14,1,3,0,1,1,1,1,0,0,1,0,0,30,0,1,0,0.4173,0.0,998.8,6.0,1.0
MOSA-A,14,2,1,0,1,1,1,1,0,0,2,0,0,30,0,1,0,0.4551,0.0,998.8,5.37,1.0
MOSA-A,14,3,0,0,0,1,0,0,0,1,0,5,0,20,0,0,2,0.0003,1000.0,998.8,9.74,0.3652
MOSA-A,14,3,1,0,0,0,0,1,1,1,2,0,1,40,0,1,2,0.4009,1000.0,7.25,8.84,1.0
MOSA-A,14,2,0,0,0,1,0,0,0,0,1,0,0,30,0,1,0,0.5204,1000.0,998.8,6.32,1.0
MOSA-F,14,2,0,0,1,1,0,0,0,1,1,4,0,20,1,1,0,0.5426,20.14,998.8,6.3,1.0
MOSA-F,14,3,1,0,0,1,0,0,0,1,1,0,1,30,1,1,2,0.3871,1000.0,7.26,8.87,1.0
MOSA-F,14,3,0,0,1,1,0,0,1,1,0,0,1,40,0,1,2,0.0022,0.0,7.28,9.74,0.3422
MOSA-F,14,2,0,0,1,1,0,0,0,0,1,4,0,20,1,1,0,0.5579,19.96,998.8,6.3,1.0
MOSA-F,14,1,1,0,1,1,0,0,0,1,1,4,0,20,1,1,0,0.3289,22.36,998.8,10.15,1.0
MOSA-F,14,3,1,0,0,0,1,1,1,0,2,2,0,40,0,0,2,0.4189,1000.0,998.8,8.85,1.0
MOSA-F,14,3,0,0,1,1,1,0,0,1,1,4,0,20,1,1,0,0.0,1.99,998.8,6.28,0.3897
MOSA-F,14,2,0,0,1,1,0,0,0,1,1,2,0,20,1,1,0,0.5502,19.96,998.8,6.3,1.0
FITEST-A,14,0,3,0,1,1,0,0,0,1,2,2,0,40,0,0,0,0.1337,0.0,998.8,38.66,1.0
FITEST-A,14,0,1,0,0,0,0,0,0,0,0,5,1,40,1,0,0,0.0047,1000.0,3.22,40.18,1.0
FITEST-A,14,3,3,0,0,1,0,0,0,0,1,4,1,20,0,1,1,0.0005,1000.0,2.83,14.32,0.3557
FITEST-A,14,1,0,0,1,1,1,1,1,0,2,6,0,20,0,1,0,0.3408,0.0,998.8,6.4,1.0
FITEST-A,14,0,0,0,1,0,1,1,0,1,2,2,1,20,1,1,0,0.0614,6.51,3.22,12.07,1.0
FITEST-A,14,2,2,0,0,1,0,1,0,0,2,0,0,20,1,0,0,0.2757,1000.0,998.8,1.69,1.0
FITEST-A,14,0,3,0,1,1,0,0,0,1,2,1,0,40,0,0,0,0.1337,0.0,998.8,38.66,1.0
FITEST-A,14,1,0,0,1,1,1,1,1,0,2,6,0,40,0,1,0,0.4549,0.0,998.8,6.44,1.0
FITEST-A,14,0,0,0,1,1,1,1,1,0,2,6,0,40,0,1,0,0.0309,0.0,998.8,12.07,1.0
FITEST-A,14,1,0,0,1,1,1,1,1,0,2,6,1,40,0,1,0,0.5222,0.0,2.89,6.5,1.0
FITEST-A,14,1,0,0,1,1,1,1,1,0,1,6,1,40,0,1,0,0.632,0.0,3.12,6.44,1.0
FITEST-A,14,2,0,0,1,1,1,1,1,0,2,6,1,40,0,1,0,0.3819,6.08,2.85,6.32,1.0
FITEST-F,14,2,3,0,1,1,0,0,1,0,1,5,0,20,1,1,0,0.6321,27.59,998.8,0.06,1.0
FITEST-F,14,1,0,0,1,1,0,1,1,0,2,0,0,40,1,1,0,0.5711,0.0,998.8,6.43,1.0
FITEST-F,14,3,3,0,0,0,0,0,0,0,0,1,1,40,1,0,0,0.0006,1000.0,2.83,13.2,0.2628
FITEST-F,14,0,0,0,0,0,1,1,0,0,0,4,0,20,1,0,0,0.0672,1000.0,998.8,12.07,1.0
FITEST-F,14,2,3,0,1,0,1,1,0,1,2,1,0,20,1,1,0,0.6321,27.99,998.8,0.06,1.0
FITEST-F,14,0,1,0,0,0,0,1,0,1,1,6,0,30,0,0,0,0.0098,1000.0,998.8,40.18,1.0
FITEST-F,14,2,3,0,1,1,0,0,1,0,0,5,0,20,1,1,0,0.6321,29.82,998.8,0.06,1.0
FITEST-F,14,2,3,0,1,0,1,1,0,1,2,0,0,20,1,1,0,0.6321,26.3,998.8,0.06,1.0
FITEST-F,14,0,0,0,0,1,0,0,1,0,1,0,0,40,0,0,0,0.0011,1000.0,998.8,12.07,1.0
FITEST-F,14,2,3,0,0,0,1,0,0,1,1,1,0,20,0,0,0,0.6321,1000.0,998.8,0.06,1.0
FITEST-F,14,1,3,0,1,1,0,0,1,0,0,3,0,20,1,1,0,0.4224,34.57,998.8,6.0,0.7379
FITEST-F,14,3,3,0,0,0,0,0,0,0,0,0,1,40,1,0,0,0.0006,1000.0,2.83,13.14,0.2639
RANDOM,14,1,3,0,0,0,0,0,1,0,2,2,1,20,0,1,0,0.4046,1000.0,4.74,6.0,0.9697
RANDOM,14,2,3,0,0,0,0,1,1,0,0,0,1,40,0,1,0,0.6321,1000.0,4.75,0.07,1.0
RANDOM,14,2,1,0,0,0,0,1,1,1,2,0,0,40,1,0,0,0.4718,1000.0,998.8,5.18,1.0
RANDOM,14,1,1,0,1,0,1,0,1,1,1,4,0,40,1,0,0,0.4521,15.5,998.8,10.15,1.0
RANDOM,14,2,0,0,1,1,1,1,1,1,2,4,1,20,0,0,0,0.5321,15.23,2.77,6.3,1.0
RANDOM,14,1,2,0,0,1,0,1,1,0,0,4,1,20,1,1,0,0.2694,1000.0,8.22,9.5,0.9306
RANDOM,14,1,3,0,0,1,1,0,1,1,0,6,1,40,0,1,0,0.3988,1000.0,4.74,6.0,1.0
RANDOM,14,1,3,0,0,1,1,0,1,1,2,5,1,20,0,1,0,0.4588,1000.0,4.74,6.0,0.965
RANDOM,14,1,2,0,1,1,1,0,1,0,0,4,1,30,0,1,0,0.2564,10.38,8.22,9.5,1.0
RANDOM,14,1,2,0,0,0,1,1,1,1,0,4,0,30,1,0,0,0.2365,1000.0,998.8,9.5,1.0
RANDOM,14,0,3,0,1,0,0,1,1,1,2,2,1,30,0,1,0,0.1334,0.0,4.74,38.66,1.0
RANDOM,14,0,0,0,1,0,1,1,0,1,0,2,0,20,0,1,0,0.0614,5.87,998.8,12.07,1.0
RANDOM,14,1,3,0,0,1,0,0,0,1,1,1,1,30,1,1,0,0.3981,1000.0,4.74,6.0,1.0
RANDOM,14,2,3,0,1,0,1,0,1,0,0,3,0,30,1,0,0,0.6321,14.68,998.8,0.13,1.0
RANDOM,14,2,3,0,0,0,1,1,0,0,2,1,1,40,0,0,0,0.6321,1000.0,4.75,0.08,1.0
RANDOM,14,0,3,0,0,1,0,1,0,0,1,4,1,30,0,1,0,0.1334,1000.0,4.74,38.66,1.0
RANDOM,14,1,0,0,1,1,1,1,0,0,0,0,0,20,0,1,0,0.3412,0.0,998.8,6.4,1.0
RANDOM,14,0,1,0,1,0,0,1,0,0,0,2,1,20,0,1,0,0.0457,23.28,3.25,40.18,1.0
CART-A-39,15,3,1,0,1,0,0,1,0,1,1,1,1,40,1,1,1,0.8005,0.0,3.79,4.28,1.0
CART-A-39,15,3,1,0,1,0,0,0,0,1,2,5,1,20,0,1,1,0.4802,2.66,3.83,4.57,1.0
CART-A-39,15,3,3,0,1,1,1,1,1,0,1,2,1,30,0,0,1,0.0,2.15,2.83,17.11,0.2964
CART-A-39,15,2,1,0,0,0,0,0,0,0,0,3,1,20,1,1,0,0.438,1000.0,2.84,5.54,1.0
CART-A-39,15,3,3,0,1,1,0,1,0,1,1,1,1,40,1,1,0,0.0001,1.53,2.83,17.2,0.1954
CART-A-39,15,2,2,0,1,0,1,1,1,1,1,5,1,20,1,1,0,0.2726,13.88,15.93,1.69,1.0
CART-A-39,15,3,1,0,0,0,1,0,1,0,0,2,1,30,1,0,1,0.5169,1000.0,3.81,4.38,1.0
CART-A-39,15,2,0,0,1,0,0,0,0,0,0,3,1,20,1,1,0,0.5602,20.14,2.75,6.3,1.0
CART-A-39,15,2,2,0,1,0,0,1,0,1,1,1,1,40,1,1,0,0.364,0.0,15.93,1.74,1.0
CART-A-39,15,0,2,0,1,0,1,1,1,1,1,5,1,20,1,1,0,0.0457,23.83,4.77,4.93,1.0
CART-A-39,15,1,0,0,1,1,1,0,1,1,1,4,0,40,1,1,0,1.6773,0.0,998.8,0.0,1.0
CART-A-39,15,2,3,0,0,0,0,0,1,0,0,5,1,30,0,0,0,0.6321,1000.0,4.76,0.13,1.0
CART-A-39,15,1,2,0,1,1,1,1,1,1,1,5,1,20,1,1,0,0.2647,34.54,8.22,9.5,0.7617
CART-A-39,15,1,0,0,1,1,0,0,0,0,0,3,1,20,1,1,0,0.3438,3.04,3.22,6.4,1.0
CART-A-100,15,3,0,0,1,0,0,1,0,1,1,1,1,40,1,0,0,0.0182,0.0,3.86,6.28,0.418
CART-A-100,15,3,1,0,1,0,1,1,0,0,1,1,1,40,0,1,0,0.0673,0.0,7.25,8.71,0.7618
CART-A-100,15,3,2,0,1,0,1,0,0,0,0,2,1,40,1,1,0,0.2773,2.98,2.83,13.91,0.3589
CART-A-100,15,2,3,0,1,0,0,1,0,1,1,1,1,40,1,1,0,0.6321,0.0,4.75,0.08,1.0
CART-A-100,15,1,2,0,0,1,1,1,1,1,2,2,1,40,1,0,0,0.2572,1000.0,8.22,9.5,1.0
CART-A-100,15,1,3,0,1,0,0,0,1,0,2,4,1,20,1,0,0,0.4364,34.57,4.74,6.0,0.7296
CART-A-100,15,1,0,0,1,0,1,1,1,1,0,3,1,30,1,1,0,0.4839,0.0,3.21,6.41,1.0
CART-A-100,15,3,0,0,0,0,0,1,1,1,1,1,1,40,1,1,0,0.0,1000.0,3.86,6.28,0.4083
CART-A-100,15,1,3,0,1,1,1,1,1,1,2,2,1,40,1,1,0,0.3566,0.0,4.74,6.0,1.0
CART-A-100,15,2,3,0,0,0,0,1,0,1,1,1,1,40,1,0,0,0.6321,1000.0,4.75,0.07,1.0
CART-A-100,15,2,1,0,1,1,1,1,0,1,1,0,0,20,0,0,0,0.4432,13.89,998.8,5.61,1.0
CART-A-100,15,2,0,0,1,0,0,1,1,1,1,1,1,40,1,0,0,0.5212,5.95,2.81,6.32,1.0
CART-A-100,15,2,3,0,1,0,0,1,1,1,1,1,1,40,1,0,0,0.6321,0.0,4.75,0.1,1.0
SAMOTAI-A-39,15,2,1,0,0,1,1,0,0,1,1,0,1,30,1,1,0,0.4813,1000.0,2.79,5.59,1.0
SAMOTAI-A-39,15,0,3,0,0,0,1,1,1,0,0,6,1,20,0,0,0,0.1496,1000.0,4.74,38.66,1.0
SAMOTAI-A-39,15,1,0,0,0,1,0,0,1,1,1,5,1,20,1,0,0,0.3526,1000.0,3.22,6.4,1.0
SAMOTAI-A-39,15,3,1,0,1,0,1,1,0,1,1,3,0,20,1,1,1,0.4991,0.0,998.8,4.55,1.0
SAMOTAI-A-39,15,1,1,0,0,1,1,1,0,0,2,6,0,30,1,1,0,0.4236,1000.0,998.8,10.15,1.0
SAMOTAI-A-39,15,0,3,0,0,1,1,0,1,0,2,2,0,20,1,0,0,0.1508,1000.0,998.8,38.66,1.0
SAMOTAI-A-39,15,3,0,0,0,0,1,1,1,0,2,6,0,40,0,0,0,0.0,1000.0,998.8,6.28,0.4224
SAMOTAI-A-39,15,2,2,0,1,1,0,1,1,0,1,1,0,30,1,1,0,0.3168,0.0,998.8,1.72,1.0
SAMOTAI-A-39,15,0,0,0,0,0,1,1,1,1,2,6,0,40,0,0,0,0.0011,1000.0,998.8,12.07,1.0
SAMOTAI-A-39,15,3,0,0,1,1,0,0,1,1,2,0,1,40,0,1,2,0.0024,0.0,7.28,9.74,0.3418
SAMOTAI-A-39,15,3,0,0,1,1,1,1,1,1,2,6,1,40,0,0,2,0.0178,0.0,7.28,9.74,0.3606
SAMOTAI-A-39,15,3,3,0,0,0,1,1,1,1,2,6,0,40,0,0,0,0.0005,1000.0,998.8,13.53,0.2572
SAMOTAI-A-100,15,2,2,0,1,0,0,0,0,1,1,4,0,30,0,0,0,0.2933,1.81,998.8,1.72,1.0
SAMOTAI-A-100,15,0,0,0,0,1,0,0,0,0,1,0,1,40,1,1,0,0.0011,1000.0,3.22,12.07,1.0
SAMOTAI-A-100,15,3,0,0,1,1,1,1,0,0,2,3,1,30,1,1,0,0.0,0.18,3.86,6.28,0.418
SAMOTAI-A-100,15,0,0,0,1,0,1,0,0,1,0,6,0,20,1,0,0,0.076,19.33,998.8,12.07,1.0
SAMOTAI-A-100,15,2,2,0,0,0,0,1,0,0,2,0,1,20,1,1,0,0.2726,1000.0,15.93,1.69,1.0
SAMOTAI-A-100,15,0,3,0,0,1,0,1,1,1,2,0,0,40,0,1,0,0.1333,1000.0,998.8,38.66,1.0
SAMOTAI-A-100,15,3,3,0,0,1,0,1,0,1,2,6,0,40,0,0,1,0.0001,1000.0,998.8,13.57,0.3708
SAMOTAI-A-100,15,2,3,0,0,1,1,0,0,1,2,6,1,20,1,1,0,0.6321,1000.0,4.77,0.06,1.0
SAMOTAI-A-100,15,3,3,0,0,1,1,1,1,1,2,6,1,40,1,0,0,0.0006,1000.0,2.83,13.35,0.2602
SAMOTAI-A-100,15,3,3,0,0,1,1,0,0,1,2,6,1,30,1,1,0,0.0002,1000.0,2.83,14.28,0.2442
SAMOTAI-A-100,15,2,0,0,1,1,0,0,1,0,2,1,0,40,0,1,0,0.5212,13.04,998.8,6.32,1.0
CART-F-39,15,3,0,0,1,0,0,1,0,1,1,1,1,40,1,1,1,0.0183,0.0,3.86,6.28,0.2606
CART-F-39,15,3,1,0,1,0,0,0,0,1,2,5,1,20,0,1,1,0.504,2.64,3.83,4.58,1.0
CART-F-39,15,3,1,0,1,0,1,1,1,0,1,2,1,30,0,0,1,0.5816,0.0,3.81,4.43,1.0
CART-F-39,15,0,3,0,1,0,0,1,1,0,0,3,1,30,0,1,0,0.1334,0.0,4.74,38.66,1.0
CART-F-39,15,3,0,0,1,0,1,1,1,0,1,2,1,30,0,0,1,0.0001,0.76,3.86,6.28,0.2552
CART-F-39,15,3,2,0,1,1,0,1,0,1,1,1,1,40,1,1,1,0.0654,0.0,2.82,18.92,0.2924
CART-F-39,15,3,3,0,1,1,0,1,0,1,1,1,1,40,1,1,1,0.0,0.0,2.83,17.81,0.2814
CART-F-39,15,0,1,0,0,1,0,0,0,0,1,4,0,20,1,0,0,0.0321,1000.0,998.8,40.18,1.0
CART-F-39,15,2,0,0,0,1,0,0,0,1,2,6,0,40,0,0,0,0.5212,1000.0,998.8,6.32,1.0
CART-F-39,15,2,1,0,1,0,0,1,0,1,1,1,1,40,1,1,0,0.4711,0.0,2.87,5.43,1.0
CART-F-39,15,3,0,0,1,1,0,1,0,1,1,1,1,40,1,1,1,0.0179,0.0,3.86,6.28,0.2522
CART-F-39,15,3,3,0,1,1,0,1,0,1,0,5,0,40,0,0,0,0.0,1.58,998.8,16.28,0.2107
CART-F-100,15,3,0,0,1,0,0,1,1,1,1,1,1,40,1,1,0,0.0182,0.0,3.86,6.28,0.418
CART-F-100,15,3,1,0,1,0,1,1,0,0,1,1,1,40,0,0,0,0.0671,0.0,7.25,8.71,0.855
CART-F-100,15,3,2,0,1,0,1,0,0,0,0,2,1,40,1,0,0,0.1035,4.48,2.82,15.21,0.3421
CART-F-100,15,1,1,0,1,1,1,1,0,1,2,5,0,30,1,0,0,0.4236,9.59,998.8,10.15,1.0
CART-F-100,15,3,0,0,1,0,0,1,0,1,1,1,1,40,1,1,0,0.0182,0.0,3.86,6.28,0.418
CART-F-100,15,3,1,0,1,0,1,1,0,0,1,1,1,40,0,1,0,0.0654,0.0,7.24,8.7,1.0
CART-F-100,15,3,2,0,1,0,1,0,0,0,0,2,1,40,1,1,1,0.1202,4.51,2.83,15.21,0.3227
CART-F-100,15,3,2,0,1,0,1,0,1,1,2,2,0,40,0,0,2,0.467,1.44,998.8,8.7,1.0
CART-F-100,15,2,0,0,1,0,0,1,0,1,1,1,1,40,1,0,0,0.5212,5.95,2.81,6.32,1.0
CART-F-100,15,3,1,0,1,0,1,1,1,0,1,1,1,40,0,0,2,0.4587,0.0,7.25,8.88,0.6763
CART-F-100,15,3,2,0,1,0,1,0,1,0,0,2,1,40,1,1,0,0.1419,2.66,2.82,13.34,0.3653
CART-F-100,15,2,3,0,0,0,0,1,0,1,1,4,1,30,0,0,0,0.6321,1000.0,4.76,0.15,1.0
SAMOTAI-F-39,15,3,1,0,0,1,1,0,1,0,2,3,1,20,1,0,1,0.4587,1000.0,3.83,4.56,1.0
SAMOTAI-F-39,15,0,3,0,0,0,0,0,0,0,0,4,1,30,0,1,0,0.1334,1000.0,4.74,38.66,1.0
SAMOTAI-F-39,15,2,2,0,0,0,1,1,0,1,0,1,0,40,1,0,0,0.3194,1000.0,998.8,1.74,1.0
SAMOTAI-F-39,15,1,1,0,1,0,0,0,1,0,2,3,0,30,0,1,0,0.4236,19.7,998.8,10.15,1.0
SAMOTAI-F-39,15,0,3,0,0,1,1,0,1,0,2,0,0,20,0,0,0,0.1447,1000.0,998.8,38.66,1.0
SAMOTAI-F-39,15,1,0,0,0,0,1,0,1,1,0,6,1,20,0,1,0,0.3526,1000.0,3.22,6.4,1.0
SAMOTAI-F-39,15,1,0,0,0,1,1,0,1,0,2,6,1,40,1,0,0,0.4154,1000.0,3.22,6.43,1.0
SAMOTAI-F-39,15,3,0,0,1,0,1,1,0,1,2,6,1,40,1,0,2,0.0251,0.0,7.28,9.74,0.3606
SAMOTAI-F-39,15,3,1,0,0,1,1,1,1,1,1,0,0,20,0,1,1,0.4804,1000.0,998.8,4.57,1.0
SAMOTAI-F-39,15,3,3,0,1,0,1,1,1,1,2,6,1,40,1,0,2,0.0003,2.95,6.26,19.76,0.261
SAMOTAI-F-39,15,3,2,0,1,1,1,0,0,0,1,0,0,30,0,0,2,0.3537,7.04,998.8,8.69,1.0
SAMOTAI-F-39,15,3,3,0,1,0,1,0,0,1,2,6,1,40,1,0,2,0.0134,0.0,6.26,15.34,0.394
SAMOTAI-F-39,15,0,3,0,1,0,0,1,0,1,0,5,1,30,0,0,0,0.1334,0.0,4.74,38.66,1.0
SAMOTAI-F-39,15,2,2,0,0,0,0,0,0,0,1,2,1,20,1,0,0,0.2726,1000.0,15.93,1.69,1.0
SAMOTAI-F-39,15,1,0,0,0,0,0,0,1,0,0,4,1,20,1,0,0,0.3526,1000.0,3.22,6.4,1.0
SAMOTAI-F-39,15,2,2,0,1,1,1,0,0,0,1,0,0,30,0,1,0,0.3329,2.23,998.8,1.72,1.0
SAMOTAI-F-100,15,0,0,0,0,0,1,1,0,1,0,4,0,30,1,1,0,0.0171,1000.0,998.8,12.07,1.0
SAMOTAI-F-100,15,1,2,0,1,0,0,0,0,0,0,0,1,20,1,0,0,0.2564,34.57,8.22,9.5,0.7911
SAMOTAI-F-100,15,3,0,0,1,0,0,1,0,0,0,6,0,20,1,1,1,0.0001,2.16,998.8,6.28,0.2496
SAMOTAI-F-100,15,2,3,0,1,0,1,0,0,0,1,3,0,40,0,1,0,0.6321,2.31,998.8,0.1,1.0
SAMOTAI-F-100,15,1,2,0,1,1,0,1,0,0,2,6,0,40,1,0,0,0.2843,0.0,998.8,9.5,1.0
SAMOTAI-F-100,15,2,3,0,0,1,1,0,0,1,2,6,0,20,0,0,0,0.6321,1000.0,998.8,0.06,1.0
SAMOTAI-F-100,15,3,3,0,1,1,0,0,1,1,2,6,0,40,0,0,2,0.0,1.25,998.8,15.38,0.3928
SAMOTAI-F-100,15,3,3,0,0,0,1,0,1,1,2,0,0,40,1,1,1,0.0004,1000.0,998.8,12.69,0.3883
SAMOTAI-F-100,15,2,3,0,0,0,1,1,1,1,0,1,0,40,0,1,0,0.6321,1000.0,998.8,0.1,1.0
SAMOTAI-F-100,15,2,3,0,0,0,1,1,1,1,2,0,0,30,0,0,0,0.6321,1000.0,998.8,0.15,1.0
SAMOTAI-F-100,15,3,3,0,0,1,1,0,0,0,1,6,0,40,1,1,2,0.0001,1000.0,998.8,15.52,0.3891
SAMOTAI-F-100,15,3,3,0,1,1,1,1,1,1,2,6,1,40,1,1,0,0.0064,0.0,2.83,14.45,0.2414
SAMOTAE-A,15,1,0,0,0,0,1,0,1,1,1,4,0,20,0,0,0,0.7519,1000.0,998.8,6.41,1.0
SAMOTAE-A,15,3,3,0,1,0,1,0,1,0,1,6,0,20,0,1,0,0.0,7.06,998.8,21.52,0.1254
SAMOTAE-A,15,2,0,0,0,0,0,1,1,1,1,1,1,40,1,1,0,0.5212,1000.0,2.81,6.32,1.0
SAMOTAE-A,15,3,2,0,1,1,0,1,0,0,0,2,1,20,1,1,0,0.0822,7.47,2.86,19.97,0.2846
SAMOTAE-A,15,2,1,0,1,0,1,1,1,0,2,0,0,20,1,0,0,0.3774,10.89,998.8,5.63,1.0
SAMOTAE-A,15,0,3,0,0,0,0,0,0,0,1,3,1,20,1,1,0,0.1496,1000.0,4.74,38.66,1.0
SAMOTAE-A,15,2,0,0,0,1,1,0,1,1,2,6,1,40,0,0,0,0.5212,1000.0,2.81,6.32,1.0
SAMOTAE-A,15,0,2,0,1,1,0,1,0,1,2,6,1,40,0,1,0,0.1093,13.13,4.74,4.9,1.0
SAMOTAE-A,15,0,2,0,1,1,1,1,0,1,2,6,1,40,0,1,0,0.0901,13.12,4.74,4.9,1.0
SAMOTAE-A,15,3,3,0,1,1,1,1,1,1,2,6,1,40,1,1,2,0.0011,2.72,6.26,19.76,0.279
SAMOTAE-A,15,3,3,0,1,1,1,1,0,1,2,3,1,20,1,1,2,0.0012,6.3,6.26,19.76,0.2625
SAMOTAE-A,15,3,2,0,1,1,0,1,1,1,2,6,1,40,0,1,2,0.4723,0.0,6.26,8.66,1.0
SAMOTAE-A,15,3,2,0,1,1,1,1,1,1,1,6,1,20,0,1,1,0.0818,8.18,2.86,20.99,0.273
SAMOTAE-A,15,2,0,0,0,0,0,0,1,0,0,4,1,20,1,0,0,0.539,1000.0,2.77,6.3,1.0
SAMOTAE-A,15,2,2,0,1,1,1,0,0,0,1,0,0,30,0,1,0,0.4396,1.69,998.8,1.72,1.0
SAMOTAE-F,15,0,1,0,0,1,0,1,1,0,0,0,0,20,0,0,0,0.0317,1000.0,998.8,40.18,1.0
SAMOTAE-F,15,2,3,0,0,0,1,0,1,1,0,6,0,40,0,0,0,0.6321,1000.0,998.8,0.08,1.0
SAMOTAE-F,15,1,2,0,1,0,0,0,0,1,2,2,0,40,1,1,0,0.2616,6.42,998.8,9.5,1.0
SAMOTAE-F,15,3,1,0,0,0,1,0,1,0,0,2,1,20,0,1,0,0.1316,1000.0,7.28,8.76,1.0
SAMOTAE-F,15,0,2,0,0,1,1,0,0,1,2,6,1,40,0,1,0,0.1093,1000.0,4.74,4.9,1.0
SAMOTAE-F,15,0,3,0,1,0,1,1,1,0,2,0,1,30,0,1,0,0.1334,0.0,4.74,38.66,1.0
SAMOTAE-F,15,0,3,0,1,0,0,0,0,1,2,6,0,40,1,0,0,0.1335,0.0,998.8,38.66,1.0
SAMOTAE-F,15,3,3,0,1,1,0,1,0,0,2,6,1,40,1,1,2,0.0001,2.79,6.26,18.43,0.3131
SAMOTAE-F,15,3,3,0,1,0,0,1,1,0,2,6,0,40,1,0,2,0.0001,2.08,998.8,19.5,0.2855
SAMOTAE-F,15,3,3,0,1,0,1,1,1,0,2,5,1,40,1,1,2,0.0009,2.98,6.26,19.76,0.2639
SAMOTAE-F,15,3,3,0,1,1,1,1,1,1,2,6,1,40,1,1,2,0.0001,4.4,6.26,19.76,0.2681
SAMOTAE-F,15,3,3,0,1,0,1,1,1,0,2,5,1,40,0,1,2,0.0004,1.58,6.26,18.48,0.312
SAMOTAE-F,15,3,3,0,1,0,1,0,0,0,2,6,0,40,1,1,2,0.0001,1.33,998.8,15.45,0.3911
MOSA-A,15,3,3,0,0,0,0,1,1,0,1,3,0,40,1,0,2,0.0006,1000.0,998.8,12.5,0.4731
MOSA-A,15,0,3,0,0,0,1,1,1,0,1,1,0,30,1,0,0,0.1334,1000.0,998.8,38.66,1.0
MOSA-A,15,1,1,0,1,1,1,1,0,1,1,2,1,30,0,1,0,0.4436,9.71,3.34,10.15,1.0
MOSA-A,15,1,0,0,1,0,0,0,0,0,2,1,0,30,0,0,0,0.6644,0.0,998.8,6.46,1.0
MOSA-A,15,2,0,0,0,1,1,1,1,1,2,1,0,20,1,0,0,0.533,1000.0,998.8,6.3,1.0
MOSA-A,15,0,1,0,1,1,1,1,1,0,1,1,0,20,1,0,0,0.0435,21.98,998.8,40.18,1.0
MOSA-A,15,1,3,0,0,1,1,1,1,0,1,1,0,30,1,0,0,0.3855,1000.0,998.8,6.0,1.0
MOSA-A,15,0,1,0,0,1,1,1,0,1,1,2,1,30,1,1,0,0.0119,1000.0,3.23,40.18,1.0
MOSA-A,15,0,3,0,0,0,1,1,1,0,1,1,0,30,1,1,0,0.1334,1000.0,998.8,38.66,1.0
MOSA-A,15,1,1,0,1,1,1,1,0,1,1,2,1,30,0,0,0,0.4236,9.61,3.35,10.15,1.0
MOSA-A,15,1,0,0,0,0,0,0,0,0,2,1,0,30,0,0,0,0.4098,1000.0,998.8,6.42,1.0
MOSA-A,15,1,0,0,1,0,1,0,0,0,2,1,1,30,0,1,0,0.4472,1.28,3.22,6.43,1.0
MOSA-A,15,1,1,0,1,1,1,1,0,1,1,2,0,30,1,0,0,0.4236,9.63,998.8,10.15,1.0
MOSA-A,15,2,0,0,0,1,1,1,1,1,2,1,0,20,1,1,0,0.5083,1000.0,998.8,6.3,1.0
MOSA-A,15,0,3,0,0,0,1,1,1,0,2,1,0,20,1,0,0,0.1379,1000.0,998.8,38.66,1.0
MOSA-A,15,2,0,0,0,1,1,1,1,1,1,1,0,40,1,0,0,0.4739,1000.0,998.8,6.32,1.0
MOSA-A,15,0,1,0,1,1,0,1,0,1,1,3,0,40,0,0,0,0.0271,4.32,998.8,40.18,1.0
MOSA-F,15,2,1,0,0,0,1,1,1,1,1,1,1,30,1,1,0,0.4552,1000.0,2.81,5.54,1.0
MOSA-F,15,2,3,0,0,1,0,0,1,1,2,6,1,30,0,0,0,0.6321,1000.0,4.76,0.15,1.0
MOSA-F,15,3,0,0,0,1,1,0,1,1,2,6,0,30,0,0,0,0.0001,1000.0,998.8,6.28,0.4035
MOSA-F,15,1,0,0,1,1,1,1,1,0,2,6,1,30,0,0,0,0.4612,0.0,3.22,6.4,1.0
MOSA-F,15,2,3,0,0,1,0,0,1,1,2,6,0,30,0,0,0,0.8909,1000.0,998.8,0.15,1.0
MOSA-F,15,2,3,0,1,1,0,0,1,1,2,6,0,30,0,0,0,0.6321,14.41,998.8,0.15,1.0
FITEST-A,15,3,0,0,0,1,0,1,1,1,1,0,0,30,0,0,1,0.0,1000.0,998.8,6.28,0.2606
FITEST-A,15,3,0,0,1,0,0,0,1,1,1,6,0,20,1,0,2,0.0003,6.95,998.8,9.74,0.2733
FITEST-A,15,0,0,0,1,0,0,0,1,1,0,1,0,20,0,0,0,0.0755,18.5,998.8,12.07,1.0
FITEST-A,15,0,1,0,1,0,1,1,0,1,2,0,1,40,1,1,0,0.0054,3.94,3.22,40.18,1.0
FITEST-A,15,1,2,0,0,0,1,1,0,1,0,4,0,20,0,1,0,0.2674,1000.0,998.8,9.5,1.0
FITEST-A,15,0,3,0,0,1,1,0,1,0,0,0,1,20,0,0,0,0.1459,1000.0,4.74,38.66,1.0
FITEST-A,15,0,2,0,0,0,1,1,0,0,0,0,0,20,0,0,0,0.0392,1000.0,998.8,4.93,1.0
FITEST-A,15,0,2,0,0,0,1,1,0,0,0,3,0,20,0,0,0,0.04,1000.0,998.8,4.93,1.0
FITEST-A,15,0,2,0,0,0,1,0,0,0,0,0,0,20,0,0,0,0.0392,1000.0,998.8,4.93,1.0
FITEST-A,15,0,2,0,0,0,1,0,0,0,0,3,0,20,0,0,0,0.0413,1000.0,998.8,4.93,1.0
FITEST-A,15,1,2,0,0,0,1,1,0,1,0,3,0,20,0,1,0,0.2532,1000.0,998.8,9.5,1.0
FITEST-F,15,2,3,0,1,0,0,1,0,1,2,5,1,30,1,0,0,0.6321,0.0,4.76,0.15,1.0
FITEST-F,15,3,0,0,0,0,1,0,1,1,1,0,1,30,1,1,2,0.0003,1000.0,7.28,9.74,0.364
FITEST-F,15,0,0,0,1,0,1,1,0,0,0,0,0,20,1,0,0,0.0659,3.94,998.8,12.07,1.0
FITEST-F,15,3,0,0,0,0,1,0,0,1,1,4,0,20,0,1,1,0.0,1000.0,998.8,6.28,0.2462
FITEST-F,15,2,3,0,0,1,1,1,0,1,2,2,0,40,0,1,0,0.6321,1000.0,998.8,0.1,1.0
FITEST-F,15,1,2,0,0,0,0,0,1,0,2,1,1,40,0,1,0,0.263,1000.0,8.22,9.5,1.0
FITEST-F,15,2,3,0,0,0,1,1,0,1,2,2,0,30,0,1,0,0.6321,1000.0,998.8,0.13,1.0
FITEST-F,15,1,1,0,0,0,0,0,1,0,2,1,1,40,0,1,0,0.4521,1000.0,3.32,10.15,1.0
FITEST-F,15,1,2,0,0,0,0,0,0,0,2,4,1,30,0,0,0,0.2415,1000.0,8.22,9.5,1.0
FITEST-F,15,1,1,0,0,0,0,0,0,0,2,1,1,30,1,0,0,0.4236,1000.0,3.35,10.15,1.0
FITEST-F,15,1,3,0,0,0,1,1,0,1,2,1,0,30,0,1,0,0.3774,1000.0,998.8,6.0,1.0
FITEST-F,15,3,0,0,0,0,1,0,0,1,0,4,0,40,0,1,1,0.0,1000.0,998.8,6.28,0.2552
RANDOM,15,1,1,0,1,1,1,1,0,1,0,5,0,20,0,0,0,0.3236,16.54,998.8,10.15,1.0
RANDOM,15,3,1,0,0,1,1,0,1,1,1,3,1,30,0,0,0,0.1041,1000.0,7.26,8.75,1.0
RANDOM,15,3,2,0,1,0,1,0,1,1,2,2,1,40,1,0,0,0.0802,3.42,2.83,14.23,0.3539
RANDOM,15,2,3,0,0,1,0,0,0,1,1,4,1,20,0,1,0,0.6321,1000.0,4.77,0.06,1.0
RANDOM,15,0,0,0,1,1,0,0,1,1,1,0,1,40,1,1,0,0.0372,0.0,3.22,12.07,1.0
RANDOM,15,3,1,0,1,0,1,1,0,0,1,2,0,40,0,1,2,0.4548,0.0,998.8,8.88,1.0
RANDOM,15,3,2,0,1,1,0,0,0,1,2,5,1,40,1,0,0,0.0668,6.53,2.83,17.07,0.3192
RANDOM,15,2,3,0,1,0,0,1,0,0,0,5,0,40,1,1,0,0.6321,0.0,998.8,0.08,1.0
RANDOM,15,1,2,0,0,1,0,1,1,1,1,1,1,40,0,0,0,0.2858,1000.0,8.22,9.5,1.0
RANDOM,15,2,2,0,0,0,0,1,0,1,0,1,0,40,0,0,0,0.304,1000.0,998.8,1.74,1.0
RANDOM,15,1,0,0,0,1,1,0,1,1,1,4,0,40,0,1,0,0.4217,1000.0,998.8,6.43,1.0
RANDOM,15,2,2,0,0,0,1,1,1,1,1,0,1,30,0,1,0,0.308,1000.0,15.93,1.72,1.0
RANDOM,15,0,3,0,1,1,1,0,1,0,1,3,0,30,1,1,0,0.1334,1.48,998.8,38.66,1.0
RANDOM,15,3,0,0,1,1,0,0,0,0,2,6,1,40,1,0,0,0.0004,0.0,3.86,6.28,0.4016
RANDOM,15,1,2,0,1,1,0,0,0,0,2,3,0,20,1,0,0,0.2724,34.57,998.8,9.5,0.8839
RANDOM,15,1,0,0,0,0,0,1,1,0,0,3,1,40,0,1,0,0.4217,1000.0,3.22,6.43,1.0
CART-A-39,16,3,1,0,1,0,0,1,0,1,1,1,1,40,1,1,1,0.8005,0.0,3.79,4.28,1.0
CART-A-39,16,3,1,0,1,0,0,0,0,1,2,5,1,20,0,1,1,0.4802,2.66,3.83,4.57,1.0
CART-A-39,16,3,3,0,1,1,1,1,1,0,1,2,1,30,0,0,1,0.0,2.15,2.83,17.11,0.2964
CART-A-39,16,3,0,0,0,0,0,1,0,1,1,1,1,40,1,1,0,0.0,1000.0,3.86,6.28,0.4083
CART-A-39,16,2,0,0,1,0,0,0,0,0,0,3,1,20,1,1,0,0.5602,20.14,2.75,6.3,1.0
CART-A-39,16,2,0,0,1,0,1,1,1,1,1,5,1,20,1,1,0,0.5519,15.28,2.76,6.3,1.0
CART-A-39,16,2,1,0,0,0,0,0,1,1,2,1,1,30,0,0,0,0.4813,1000.0,2.79,5.59,1.0
CART-A-39,16,2,0,0,1,0,0,1,0,1,1,1,1,40,1,1,0,0.5212,5.95,2.81,6.32,1.0
CART-A-39,16,3,2,0,0,0,0,0,0,0,0,3,1,20,1,1,0,0.0718,1000.0,2.86,20.01,0.2839
CART-A-39,16,0,1,0,1,0,0,0,0,0,0,3,1,20,1,1,0,0.0448,34.82,3.25,40.18,1.0
CART-A-39,16,1,2,0,1,0,0,1,1,1,1,1,0,30,0,0,0,0.2534,0.0,998.8,9.5,1.0
CART-A-39,16,2,3,0,0,1,0,1,0,1,1,1,1,40,1,1,0,0.6321,1000.0,4.75,0.1,1.0
CART-A-39,16,0,3,0,1,0,0,0,0,0,0,3,1,20,1,1,0,0.1496,14.64,4.74,38.66,1.0
CART-A-39,16,1,0,0,0,0,0,0,0,0,0,3,1,20,1,1,0,0.3526,1000.0,3.22,6.4,1.0
CART-A-39,16,2,0,0,1,1,0,0,0,1,2,5,1,20,1,1,0,0.551,19.96,2.77,6.3,1.0
CART-A-39,16,0,0,0,1,0,0,1,0,1,1,1,1,40,1,1,0,0.0316,0.0,3.19,12.07,1.0
CART-A-39,16,0,1,0,0,0,0,0,0,0,0,3,1,20,1,1,0,0.0321,1000.0,3.25,40.18,1.0
CART-A-100,16,3,0,0,1,0,0,1,0,1,1,1,1,40,1,0,0,0.0182,0.0,3.86,6.28,0.418
CART-A-100,16,3,1,0,1,0,1,1,1,0,1,1,1,40,0,1,0,0.0638,0.0,7.24,8.71,0.8157
CART-A-100,16,3,2,0,1,0,1,0,0,0,0,2,1,40,1,1,1,0.1113,4.47,2.82,15.21,0.323
CART-A-100,16,2,3,0,1,0,0,1,1,1,1,1,1,40,1,1,0,0.6321,0.0,4.75,0.1,1.0
CART-A-100,16,1,1,0,0,1,1,1,0,1,2,2,1,40,1,0,0,0.4521,1000.0,3.32,10.15,1.0
CART-A-100,16,2,2,0,1,0,0,0,1,0,2,4,1,20,1,0,0,0.274,31.68,15.93,1.69,1.0
CART-A-100,16,3,1,0,1,1,0,0,0,0,2,6,0,20,1,0,2,0.1068,1.87,998.8,8.93,0.547
CART-A-100,16,2,0,0,1,0,0,1,1,1,1,1,1,40,1,1,0,0.5212,5.95,2.81,6.32,1.0
CART-A-100,16,2,3,0,0,1,1,1,0,1,2,2,1,40,1,0,0,0.6321,1000.0,4.75,0.08,1.0
CART-A-100,16,2,3,0,0,0,0,1,1,1,1,1,1,40,1,0,0,0.6321,1000.0,4.75,0.09,1.0
CART-A-100,16,1,2,0,0,1,0,1,0,1,0,5,1,40,1,0,0,0.2837,1000.0,8.22,9.5,1.0
CART-A-100,16,2,0,0,0,0,0,1,1,1,1,1,1,40,1,1,0,0.5212,1000.0,2.81,6.32,1.0
CART-A-100,16,2,3,0,0,1,1,1,1,1,2,2,1,40,1,1,0,0.6321,1000.0,4.75,0.08,1.0
CART-A-100,16,2,3,0,1,1,1,1,0,1,2,2,1,40,1,0,0,0.6321,0.0,4.75,0.08,1.0
CART-A-100,16,1,1,0,1,1,1,0,0,1,1,0,1,20,1,1,0,0.3289,22.52,3.32,10.15,1.0
CART-A-100,16,2,0,0,0,0,0,1,0,1,1,1,1,40,1,1,0,0.5212,1000.0,2.81,6.32,1.0
SAMOTAI-A-39,16,3,0,0,0,0,0,1,1,1,0,5,0,30,1,1,2,0.0003,1000.0,998.8,9.74,0.3625
SAMOTAI-A-39,16,0,2,0,1,1,1,1,1,1,1,0,0,20,0,1,0,0.0392,23.82,998.8,4.93,1.0
SAMOTAI-A-39,16,0,3,0,0,1,0,0,1,0,1,6,1,30,1,1,0,0.1334,1000.0,4.74,38.66,1.0
SAMOTAI-A-39,16,1,2,0,0,1,1,1,0,0,2,3,1,30,1,0,0,0.2594,1000.0,8.22,9.5,1.0
SAMOTAI-A-39,16,0,0,0,1,1,1,0,0,0,0,0,1,40,1,0,0,0.066,0.0,3.22,12.07,1.0
SAMOTAI-A-39,16,3,3,0,0,1,1,1,1,1,0,5,1,20,0,1,1,0.0002,1000.0,2.83,14.47,0.3526
SAMOTAI-A-39,16,3,0,0,1,0,1,0,1,0,0,6,0,40,0,0,0,0.0005,0.0,998.8,6.28,0.4016
SAMOTAI-A-39,16,3,3,0,1,1,1,1,1,1,2,6,1,40,1,1,2,0.0011,3.17,6.26,19.36,0.2892
SAMOTAI-A-39,16,3,3,0,0,1,1,0,0,1,2,4,0,30,1,0,2,0.0,1000.0,998.8,16.3,0.3686
SAMOTAI-A-39,16,3,0,0,1,0,1,0,1,0,0,6,1,40,1,1,2,0.0027,0.0,7.28,9.74,0.343
SAMOTAI-A-39,16,2,2,0,0,0,0,0,0,0,1,2,1,20,1,0,0,0.2726,1000.0,15.93,1.69,1.0
SAMOTAI-A-39,16,2,0,0,0,0,0,0,1,0,0,4,1,20,1,0,0,0.539,1000.0,2.77,6.3,1.0
SAMOTAI-A-39,16,3,2,0,1,1,1,0,0,0,1,0,0,30,0,1,1,0.1031,8.18,998.8,18.82,0.2926
SAMOTAI-A-100,16,1,3,0,1,0,0,1,1,1,2,5,1,40,0,1,0,0.3785,0.0,4.74,6.0,1.0
SAMOTAI-A-100,16,0,3,0,0,0,1,1,0,1,1,1,0,40,0,0,0,0.1334,1000.0,998.8,38.66,1.0
SAMOTAI-A-100,16,3,3,0,1,1,0,1,1,0,1,1,1,30,0,1,0,0.0003,0.0,2.83,14.42,0.2419
SAMOTAI-A-100,16,3,0,0,0,0,1,0,1,1,2,4,1,20,1,1,0,0.0001,1000.0,3.86,6.28,0.3932
SAMOTAI-A-100,16,1,0,0,0,0,1,1,1,1,1,6,1,40,1,0,0,0.4217,1000.0,3.22,6.43,1.0
SAMOTAI-A-100,16,2,3,0,0,1,1,0,0,0,0,6,0,30,1,1,0,0.6321,1000.0,998.8,0.13,1.0
SAMOTAI-A-100,16,2,0,0,1,1,0,0,0,0,2,6,0,40,1,0,0,0.4765,13.11,998.8,6.32,1.0
SAMOTAI-A-100,16,3,0,0,0,0,1,1,1,0,2,2,0,40,1,1,1,0.0,1000.0,998.8,6.28,0.2615
SAMOTAI-A-100,16,2,3,0,1,1,1,1,1,1,2,0,0,40,0,0,0,0.6321,0.0,998.8,0.08,1.0
SAMOTAI-A-100,16,2,0,0,1,1,1,0,0,1,2,0,0,40,0,0,0,0.5212,13.25,998.8,6.32,1.0
SAMOTAI-A-100,16,3,3,0,1,1,1,1,1,1,2,6,0,40,1,0,0,0.0036,0.0,998.8,14.47,0.2411
SAMOTAI-A-100,16,2,3,0,1,0,0,0,1,0,2,4,0,20,0,0,0,0.6321,30.89,998.8,0.07,1.0
CART-F-39,16,3,0,0,1,0,0,1,0,1,1,1,1,40,1,1,1,0.0183,0.0,3.86,6.28,0.2606
CART-F-39,16,3,1,0,1,0,0,0,0,1,2,5,1,20,0,1,1,0.504,2.64,3.83,4.58,1.0
CART-F-39,16,3,1,0,1,0,1,1,1,0,1,2,1,30,0,0,1,0.5816,0.0,3.81,4.43,1.0
CART-F-39,16,0,0,0,1,1,0,0,0,1,1,1,1,20,1,1,0,0.0614,18.64,3.22,12.07,1.0
CART-F-39,16,1,3,0,1,1,1,1,1,0,1,2,1,30,0,0,0,0.4434,0.0,4.74,6.0,1.0
CART-F-39,16,1,0,0,1,0,0,1,0,1,1,1,1,40,1,1,0,0.6418,0.0,3.2,6.44,1.0
CART-F-39,16,3,1,0,1,0,0,1,0,1,1,1,1,40,1,1,1,0.5035,0.0,3.78,4.3,1.0
CART-F-39,16,1,2,0,1,1,0,1,1,0,2,1,0,40,1,1,0,0.3202,0.0,998.8,9.5,1.0
CART-F-39,16,2,1,0,1,0,0,1,0,1,1,1,1,40,1,1,0,0.4711,0.0,2.87,5.43,1.0
CART-F-39,16,3,3,0,1,1,0,1,0,1,1,1,1,40,1,1,1,0.0,0.0,2.83,17.81,0.2814
CART-F-39,16,3,2,0,1,0,1,1,1,0,1,2,1,30,0,0,1,0.0654,1.1,2.84,18.08,0.2998
CART-F-100,16,3,0,0,1,0,0,1,1,1,1,1,1,40,1,1,0,0.0182,0.0,3.86,6.28,0.418
CART-F-100,16,3,1,0,1,0,1,1,0,0,1,1,1,40,0,0,0,0.0671,0.0,7.25,8.71,0.855
CART-F-100,16,3,2,0,1,0,1,0,0,0,0,2,1,40,1,1,0,0.1475,2.57,2.82,5.1,1.0
CART-F-100,16,3,1,0,1,0,1,1,0,0,0,2,1,30,1,1,0,0.1111,0.0,7.26,8.74,0.6007
CART-F-100,16,3,0,0,1,0,1,1,1,1,1,1,1,40,1,0,0,0.0179,0.0,3.86,6.28,0.418
CART-F-100,16,3,1,0,1,0,0,1,1,0,1,1,1,40,0,1,0,0.0665,0.0,7.24,8.7,1.0
CART-F-100,16,3,2,0,1,0,0,0,0,0,0,2,1,40,1,0,0,0.1188,3.42,2.82,14.06,0.3561
CART-F-100,16,2,0,0,1,0,1,0,0,0,0,6,1,20,0,0,0,0.5013,20.12,2.81,6.3,1.0
CART-F-100,16,3,2,0,1,0,0,1,0,1,1,1,1,40,1,0,0,0.0793,0.0,2.83,18.62,0.3007
CART-F-100,16,3,2,0,1,0,1,1,1,0,1,1,1,40,0,1,0,0.0935,0.0,2.82,19.02,0.2958
SAMOTAI-F-39,16,3,1,0,1,0,0,1,1,1,2,5,0,30,1,1,0,0.109,0.0,998.8,8.73,0.8007
SAMOTAI-F-39,16,0,3,0,1,0,0,0,0,0,0,2,0,20,1,0,0,0.1496,14.64,998.8,38.66,1.0
SAMOTAI-F-39,16,0,3,0,1,1,1,0,1,1,2,5,1,20,0,1,0,0.1456,14.99,4.74,38.66,1.0
SAMOTAI-F-39,16,1,1,0,0,0,1,1,0,1,2,1,1,40,1,1,0,0.4521,1000.0,3.32,10.15,1.0
SAMOTAI-F-39,16,3,3,0,1,0,0,1,0,0,0,2,1,40,0,1,0,0.0125,0.0,2.83,14.44,0.2416
SAMOTAI-F-39,16,1,0,0,0,0,0,0,1,0,1,6,0,40,0,0,0,0.4217,1000.0,998.8,6.43,1.0
SAMOTAI-F-39,16,3,0,0,0,0,1,1,1,0,0,6,0,20,0,1,0,0.0001,1000.0,998.8,6.28,0.3938
SAMOTAI-F-39,16,3,0,0,1,0,0,0,1,1,2,0,0,30,1,1,2,0.0003,8.43,998.8,9.74,0.3625
SAMOTAI-F-39,16,0,2,0,1,0,0,1,1,0,0,1,1,30,0,0,0,0.0438,16.01,4.75,4.91,1.0
SAMOTAI-F-39,16,3,3,0,1,1,0,0,0,0,0,6,1,20,1,1,0,0.0001,2.29,2.83,17.02,0.1985
SAMOTAI-F-39,16,3,2,0,1,0,0,0,1,1,2,0,0,30,1,1,2,0.3099,0.0,998.8,8.7,1.0
SAMOTAI-F-39,16,3,0,0,0,0,1,1,1,1,0,6,0,20,0,0,0,0.0002,1000.0,998.8,6.28,0.389
SAMOTAI-F-39,16,3,0,0,0,1,1,1,1,1,0,6,0,20,0,1,0,0.0001,1000.0,998.8,6.28,0.389
SAMOTAI-F-100,16,2,2,0,0,1,1,0,0,1,0,5,1,20,0,0,0,0.2657,1000.0,15.93,1.69,1.0
SAMOTAI-F-100,16,0,1,0,0,0,0,0,1,0,0,0,0,40,1,1,0,0.0047,1000.0,998.8,40.18,1.0
SAMOTAI-F-100,16,3,3,0,0,1,0,0,1,0,1,1,0,40,1,0,2,0.0,1000.0,998.8,15.42,0.3917
SAMOTAI-F-100,16,1,3,0,1,0,0,0,0,1,2,6,0,40,1,0,0,0.4678,5.07,998.8,6.0,1.0
SAMOTAI-F-100,16,0,0,0,1,1,0,0,1,0,0,5,0,20,0,1,0,0.0614,18.64,998.8,12.07,1.0
SAMOTAI-F-100,16,0,2,0,1,1,0,1,0,1,2,2,1,20,1,0,0,0.0392,23.83,4.77,4.93,1.0
SAMOTAI-F-100,16,3,0,0,1,0,0,0,1,0,2,6,0,40,0,0,2,0.0028,0.0,998.8,9.74,0.342
SAMOTAI-F-100,16,0,3,0,0,0,0,1,1,0,0,6,1,40,1,1,0,0.1334,1000.0,4.74,38.66,1.0
SAMOTAI-F-100,16,3,3,0,1,1,1,1,1,1,2,6,1,40,1,1,0,0.0064,0.0,2.83,14.45,0.2414
SAMOTAI-F-100,16,2,3,0,1,0,1,1,1,1,2,2,1,40,0,0,0,0.6321,0.0,4.75,0.08,1.0
SAMOTAI-F-100,16,3,3,0,0,1,1,1,0,0,2,1,1,30,1,1,2,0.0,1000.0,6.26,16.8,0.3555
SAMOTAI-F-100,16,3,3,0,0,1,0,1,0,0,2,2,1,30,0,1,2,0.0001,1000.0,6.26,16.3,0.3686
SAMOTAI-F-100,16,2,2,0,1,1,0,0,1,0,2,6,1,40,0,0,0,0.4362,0.0,15.93,1.74,1.0
SAMOTAE-A,16,1,0,0,0,0,0,1,0,0,0,0,1,30,0,1,0,0.4098,1000.0,3.22,6.42,1.0
SAMOTAE-A,16,3,2,0,0,0,0,1,1,1,2,5,0,40,0,1,1,0.1274,1000.0,998.8,14.83,0.3257
SAMOTAE-A,16,2,0,0,1,1,0,0,1,1,2,3,0,40,1,0,0,0.5212,13.04,998.8,6.32,1.0
SAMOTAE-A,16,0,3,0,0,1,1,0,1,1,1,4,1,40,1,0,0,0.1334,1000.0,4.74,38.66,1.0
SAMOTAE-A,16,0,3,0,1,0,0,0,1,1,2,0,1,30,0,1,0,0.1334,1.77,4.74,38.66,1.0
SAMOTAE-A,16,0,0,0,0,1,0,1,0,1,0,6,0,20,1,0,0,0.0613,1000.0,998.8,12.07,1.0
SAMOTAE-A,16,3,0,0,1,1,0,0,1,1,2,6,0,40,1,0,0,0.0002,0.0,998.8,6.28,0.4018
SAMOTAE-A,16,3,3,0,1,1,1,1,1,1,0,6,1,40,1,1,0,0.0,1.54,2.83,16.28,0.2107
SAMOTAE-A,16,3,3,0,1,1,1,0,0,0,2,6,1,40,1,0,0,0.0049,0.0,2.83,16.0,0.2153
SAMOTAE-A,16,3,0,0,1,1,1,1,0,0,2,6,1,40,1,0,0,0.0182,0.0,3.86,6.28,0.418
SAMOTAE-A,16,0,1,0,0,1,1,1,0,1,0,6,0,40,1,1,0,0.0047,1000.0,998.8,40.18,1.0
SAMOTAE-A,16,3,3,0,1,1,1,1,1,1,2,6,1,40,1,0,0,0.0019,0.0,2.83,14.45,0.2413
SAMOTAE-A,16,3,3,0,1,1,1,0,1,1,2,6,1,40,1,0,0,0.0018,0.0,2.83,16.03,0.2148
SAMOTAE-A,16,1,2,0,0,0,0,0,0,0,1,2,1,30,1,0,0,0.2828,1000.0,8.22,9.5,1.0
SAMOTAE-A,16,1,0,0,0,0,0,0,1,0,0,3,1,30,1,0,0,0.4098,1000.0,3.22,6.42,1.0
SAMOTAE-F,16,2,3,0,0,1,1,1,1,1,1,1,1,20,0,1,0,0.6321,1000.0,4.77,0.06,1.0
SAMOTAE-F,16,1,0,0,1,1,1,0,0,1,1,5,1,40,0,0,0,0.6379,0.0,3.22,6.42,1.0
SAMOTAE-F,16,3,3,0,1,1,1,0,0,1,1,4,0,40,1,1,2,0.0,1.32,998.8,15.46,0.3908
SAMOTAE-F,16,0,0,0,1,1,0,1,0,1,0,1,1,20,1,0,0,0.0676,6.95,3.22,12.07,1.0
SAMOTAE-F,16,0,2,0,0,0,1,0,0,0,0,2,0,30,0,0,0,0.0441,1000.0,998.8,4.91,1.0
SAMOTAE-F,16,3,0,0,1,0,1,1,0,0,0,5,0,30,1,1,2,0.0003,-0.07,998.8,9.74,0.3564
SAMOTAE-F,16,3,3,0,0,0,0,1,1,0,0,1,0,20,1,1,2,0.0,1000.0,998.8,16.16,0.3723
SAMOTAE-F,16,3,1,0,1,0,1,1,0,0,0,5,0,30,1,1,2,0.4285,0.0,998.8,8.89,0.7569
SAMOTAE-F,16,3,3,0,0,1,1,1,1,0,2,6,1,40,0,1,2,0.0,1000.0,6.26,15.23,0.3971
SAMOTAE-F,16,3,3,0,0,1,1,1,1,0,2,0,1,20,0,1,0,0.0001,1000.0,2.83,14.32,0.2436
SAMOTAE-F,16,3,3,0,1,1,1,0,0,0,2,6,0,40,1,1,2,0.0,2.21,998.8,16.16,0.3723
MOSA-A,16,3,2,0,0,0,0,0,1,0,2,4,0,30,1,1,1,0.131,1000.0,998.8,17.78,0.3012
MOSA-A,16,3,2,0,0,0,0,1,1,0,2,4,0,30,1,1,1,0.1218,1000.0,998.8,17.68,0.3023
MOSA-F,16,3,3,0,1,0,1,0,0,0,0,5,0,20,1,0,0,0.0003,2.03,998.8,16.78,0.2024
FITEST-A,16,2,1,0,1,0,0,0,0,0,0,3,0,40,1,0,0,0.4718,4.13,998.8,5.24,1.0
FITEST-A,16,1,2,0,0,1,0,1,1,0,2,6,1,20,1,0,0,0.2617,1000.0,8.22,9.5,0.9943
FITEST-A,16,0,3,0,0,1,1,0,0,0,0,1,0,30,0,0,0,0.1334,1000.0,998.8,38.66,1.0
FITEST-A,16,0,0,0,0,1,1,1,1,0,0,5,0,40,1,1,0,0.0011,1000.0,998.8,12.07,1.0
FITEST-A,16,2,3,0,1,1,1,0,1,0,0,2,1,40,1,1,0,0.6321,2.71,4.75,0.08,1.0
FITEST-A,16,3,2,0,0,1,0,0,1,1,1,0,0,30,0,1,2,0.3609,1000.0,998.8,8.67,1.0
FITEST-A,16,1,0,0,1,0,0,0,0,0,0,3,0,40,1,0,0,0.6633,0.0,998.8,6.42,1.0
FITEST-A,16,3,2,0,0,1,0,0,1,1,1,0,0,20,0,1,2,0.2314,1000.0,998.8,8.69,1.0
FITEST-A,16,1,3,0,0,1,1,0,1,0,0,1,1,30,0,1,0,0.4483,1000.0,4.74,6.0,1.0
FITEST-A,16,1,0,0,0,0,0,0,0,0,0,3,0,30,0,0,0,0.4098,1000.0,998.8,6.42,1.0
FITEST-A,16,0,2,0,0,1,1,0,0,0,0,1,0,30,0,0,0,0.0439,1000.0,998.8,4.91,1.0
FITEST-A,16,0,1,0,0,1,0,1,1,0,2,6,1,40,1,0,0,0.0047,1000.0,3.22,40.18,1.0
FITEST-A,16,2,3,0,1,1,1,0,1,0,0,1,1,40,1,1,0,0.6321,2.57,4.75,0.08,1.0
FITEST-A,16,1,2,0,0,1,0,0,1,0,1,5,1,20,1,0,0,0.2678,1000.0,8.22,9.5,1.0
FITEST-A,16,1,2,0,0,1,0,0,1,0,0,2,1,30,1,0,0,0.2848,1000.0,8.22,9.5,1.0
FITEST-F,16,2,1,0,0,1,0,1,0,0,2,0,0,20,0,1,0,0.438,1000.0,998.8,5.54,1.0
FITEST-F,16,1,3,0,1,0,1,0,0,1,1,6,1,20,1,0,0,0.4244,34.57,4.74,6.0,0.7861
FITEST-F,16,2,1,0,1,1,1,1,0,0,1,3,1,20,1,0,0,0.4036,10.62,2.9,5.64,1.0
FITEST-F,16,3,3,0,0,0,0,0,1,1,2,3,1,40,0,0,2,0.0001,1000.0,6.26,15.46,0.3908
FITEST-F,16,3,0,0,1,0,0,0,0,0,2,6,1,40,0,0,1,0.0004,0.0,3.86,6.28,0.2549
FITEST-F,16,0,3,0,0,0,0,0,1,0,0,2,0,40,0,0,0,0.1334,1000.0,998.8,38.66,1.0
FITEST-F,16,1,1,0,0,0,0,0,0,0,0,0,0,20,0,0,0,0.3289,1000.0,998.8,10.15,1.0
FITEST-F,16,1,2,0,0,0,0,0,0,0,0,5,0,20,0,0,0,0.2502,1000.0,998.8,9.5,0.9818
FITEST-F,16,2,1,0,0,1,0,1,0,0,1,2,0,20,0,0,0,0.438,1000.0,998.8,5.54,1.0
FITEST-F,16,2,1,0,0,1,0,1,0,0,1,0,0,20,0,0,0,0.438,1000.0,998.8,5.54,1.0
FITEST-F,16,2,0,0,0,0,0,0,0,0,2,0,0,20,0,0,0,0.539,1000.0,998.8,6.3,1.0
FITEST-F,16,2,0,0,0,0,0,0,0,0,2,5,0,30,0,0,0,0.5204,1000.0,998.8,6.32,1.0
FITEST-F,16,3,0,0,1,1,0,0,0,0,2,6,1,40,0,0,1,0.001,0.0,3.86,6.28,0.2547
FITEST-F,16,3,0,0,0,1,0,0,0,0,2,6,1,40,0,0,1,0.0,1000.0,3.86,6.28,0.2631
RANDOM,16,0,2,0,1,0,0,1,1,1,2,6,0,30,1,1,0,0.0438,16.17,998.8,4.91,1.0
RANDOM,16,3,3,0,1,1,0,0,1,1,0,1,0,40,0,1,0,0.0001,1.99,998.8,16.75,0.2029
RANDOM,16,1,0,0,0,1,0,1,0,1,2,2,1,20,1,1,0,0.3526,1000.0,3.22,6.4,1.0
RANDOM,16,3,2,0,0,0,1,1,1,0,0,1,1,40,0,0,0,0.0911,1000.0,2.82,13.89,0.3582
RANDOM,16,1,3,0,0,1,1,0,1,0,2,6,1,40,1,0,0,0.3978,1000.0,4.74,6.0,1.0
RANDOM,16,0,1,0,0,1,0,0,0,0,1,6,0,20,1,0,0,0.0321,1000.0,998.8,40.18,1.0
RANDOM,16,0,2,0,1,1,0,1,1,0,2,1,0,20,1,1,0,0.0392,23.83,998.8,4.93,1.0
RANDOM,16,3,1,0,1,1,1,1,1,1,0,2,0,30,0,0,2,0.4155,0.0,998.8,8.86,0.8338
RANDOM,16,3,2,0,0,1,1,0,0,1,1,6,1,30,0,1,0,0.0878,1000.0,2.84,18.96,0.2967
RANDOM,16,2,2,0,1,0,0,0,1,0,0,4,0,30,0,0,0,0.3412,1.74,998.8,1.72,1.0
RANDOM,16,1,3,0,1,1,0,0,0,0,2,6,0,20,1,0,0,0.4522,30.74,998.8,6.0,0.8627
RANDOM,16,2,3,0,0,1,1,1,0,1,1,2,1,30,1,1,0,0.6321,1000.0,4.76,0.13,1.0
RANDOM,16,2,2,0,0,1,0,0,1,0,2,0,1,40,1,0,0,0.317,1000.0,15.93,1.74,1.0
RANDOM,16,0,3,0,1,0,0,1,1,1,1,3,0,30,1,0,0,0.1334,0.0,998.8,38.66,1.0
RANDOM,16,1,1,0,1,1,1,1,1,1,0,2,0,30,0,0,0,0.4297,9.61,998.8,10.15,1.0
RANDOM,16,0,2,0,1,1,1,0,1,0,0,5,0,20,1,0,0,0.0395,32.53,998.8,4.93,1.0
CART-A-39,17,3,1,0,1,0,0,1,0,1,1,1,1,40,1,1,1,0.8005,0.0,3.79,4.28,1.0
CART-A-39,17,3,3,0,1,1,0,0,0,1,2,5,1,20,0,1,1,0.0004,2.29,2.83,17.02,0.2986
CART-A-39,17,3,2,0,1,1,1,1,1,0,1,2,1,30,0,0,1,0.1322,1.5,2.84,18.1,0.2984
CART-A-39,17,3,0,0,1,0,0,1,0,1,1,1,1,40,1,1,0,0.0182,0.0,3.86,6.28,0.418
CART-A-39,17,2,1,0,0,0,0,0,0,0,0,3,1,20,1,1,0,0.438,1000.0,2.84,5.54,1.0
CART-A-39,17,2,2,0,0,0,1,1,1,1,1,5,1,20,1,1,0,0.2762,1000.0,15.93,1.69,1.0
CART-A-39,17,1,1,0,1,1,1,1,0,1,1,1,0,30,1,1,0,0.4236,9.61,998.8,10.15,1.0
CART-A-39,17,2,3,0,1,1,0,1,0,1,1,1,1,40,1,1,0,0.6321,0.0,4.75,0.1,1.0
CART-A-39,17,2,0,0,1,0,0,0,0,0,0,3,1,20,1,1,0,0.5602,20.14,2.75,6.3,1.0
CART-A-39,17,0,0,0,0,0,1,1,1,1,1,5,1,20,1,1,0,0.0614,1000.0,3.22,12.07,1.0
CART-A-39,17,2,1,0,0,1,0,0,0,1,0,0,1,30,1,1,0,0.4813,1000.0,2.79,5.59,1.0
CART-A-39,17,2,1,0,0,0,0,1,0,1,1,1,1,40,1,1,0,0.4721,1000.0,2.91,5.18,1.0
CART-A-39,17,2,0,0,0,0,0,1,0,1,1,1,1,40,1,1,0,0.5212,1000.0,2.81,6.32,1.0
CART-A-39,17,2,2,0,0,0,0,0,0,0,0,3,1,20,1,1,0,0.2726,1000.0,15.93,1.69,1.0
CART-A-39,17,2,0,0,1,1,0,1,0,1,0,1,1,30,1,1,0,0.5204,7.59,2.76,6.32,1.0
CART-A-39,17,1,3,0,1,1,0,1,0,1,1,1,1,40,1,1,0,0.3636,0.0,4.74,6.0,1.0
CART-A-39,17,1,1,0,0,0,0,1,0,1,1,1,1,40,1,1,0,0.4521,1000.0,3.32,10.15,1.0
CART-A-39,17,1,0,0,0,0,0,0,0,0,0,3,1,20,1,1,0,0.3526,1000.0,3.22,6.4,1.0
CART-A-100,17,3,0,0,1,0,0,1,1,1,1,1,1,40,1,0,0,0.0182,0.0,3.86,6.28,0.418
CART-A-100,17,3,1,0,1,0,1,1,0,0,1,1,1,40,0,1,2,0.5038,0.0,7.25,8.87,0.7773
CART-A-100,17,3,2,0,1,0,1,0,0,0,0,2,1,40,1,0,0,0.1006,3.46,2.83,14.25,0.3539
CART-A-100,17,1,0,0,0,0,0,1,0,1,1,1,1,40,1,1,0,0.4217,1000.0,3.22,6.43,1.0
CART-A-100,17,1,3,0,0,1,1,1,1,1,2,2,1,40,1,0,0,0.442,1000.0,4.74,6.0,1.0
CART-A-100,17,1,0,0,0,0,0,0,1,0,2,4,1,20,1,0,0,0.3526,1000.0,3.22,6.4,1.0
CART-A-100,17,3,2,0,0,0,0,1,0,0,0,4,0,30,1,0,1,0.1005,1000.0,998.8,19.63,0.2852
CART-A-100,17,1,2,0,1,0,0,1,1,1,1,1,1,40,1,1,0,0.2947,0.0,8.22,9.5,1.0
CART-A-100,17,2,3,0,0,1,1,1,0,1,2,2,1,40,1,0,0,0.6321,1000.0,4.75,0.07,1.0
CART-A-100,17,3,2,0,0,0,0,0,1,0,2,4,1,20,1,0,1,0.0804,1000.0,2.86,20.94,0.2733
CART-A-100,17,0,3,0,0,0,1,1,1,1,2,0,1,20,0,1,0,0.1496,1000.0,4.74,38.66,1.0
CART-A-100,17,1,2,0,1,0,0,1,0,1,1,1,1,40,1,0,0,0.3026,0.0,8.22,9.5,1.0
SAMOTAI-A-39,17,3,0,0,1,1,0,0,0,1,0,1,0,40,0,1,0,0.0005,0.0,998.8,6.28,0.4016
SAMOTAI-A-39,17,1,2,0,0,1,1,0,0,0,2,6,1,20,1,1,0,0.2813,1000.0,8.22,9.5,0.8929
SAMOTAI-A-39,17,0,3,0,0,1,0,1,0,1,0,1,1,30,1,0,0,0.1334,1000.0,4.74,38.66,1.0
SAMOTAI-A-39,17,0,3,0,1,1,0,1,0,0,2,3,0,30,0,1,0,0.1334,0.0,998.8,38.66,1.0
SAMOTAI-A-39,17,3,1,0,1,1,0,0,1,1,2,3,0,30,1,1,2,0.391,0.0,998.8,8.85,1.0
SAMOTAI-A-39,17,1,1,0,0,0,0,1,1,1,0,4,1,40,0,0,0,0.4519,1000.0,3.32,10.15,1.0
SAMOTAI-A-39,17,2,3,0,1,1,0,0,1,0,0,6,0,20,1,1,0,0.6321,31.21,998.8,0.06,1.0
SAMOTAI-A-39,17,3,2,0,0,1,1,0,0,0,2,6,1,20,1,0,2,0.2262,1000.0,6.3,8.7,1.0
SAMOTAI-A-39,17,3,3,0,1,1,0,0,0,0,0,6,1,20,1,1,0,0.0002,1.99,2.83,16.75,0.2029
SAMOTAI-A-39,17,3,3,0,0,1,1,0,0,1,0,5,1,30,1,0,2,0.0001,1000.0,6.26,15.52,0.3891
SAMOTAI-A-39,17,3,3,0,1,1,0,0,1,1,0,6,1,40,1,1,0,0.0051,0.0,2.83,16.0,0.2153
SAMOTAI-A-39,17,3,3,0,1,1,0,0,0,0,0,5,1,20,1,1,0,0.0003,2.42,2.83,17.14,0.1963
SAMOTAI-A-100,17,1,1,0,0,0,0,0,1,0,1,4,1,40,1,0,0,0.4521,1000.0,3.32,10.15,1.0
SAMOTAI-A-100,17,0,1,0,0,1,0,0,1,0,0,0,0,20,0,1,0,0.0321,1000.0,998.8,40.18,1.0
SAMOTAI-A-100,17,3,0,0,0,1,1,1,0,0,1,1,0,40,1,1,2,0.0003,1000.0,998.8,9.74,0.3929
SAMOTAI-A-100,17,3,2,0,1,0,0,1,0,0,0,3,0,30,1,0,2,0.084,-0.02,998.8,14.72,0.4309
SAMOTAI-A-100,17,2,2,0,1,1,0,1,1,1,1,6,0,20,1,1,0,0.2729,13.72,998.8,1.69,1.0
SAMOTAI-A-100,17,2,2,0,1,1,1,1,0,1,2,1,1,20,0,0,0,0.2648,14.83,15.93,1.69,1.0
SAMOTAI-A-100,17,2,1,0,1,1,1,1,1,1,2,6,0,40,0,1,0,0.5137,0.0,998.8,5.56,1.0
SAMOTAI-A-100,17,0,3,0,1,0,0,1,1,0,0,5,1,40,1,0,0,0.1334,0.0,4.74,38.66,1.0
SAMOTAI-A-100,17,0,3,0,1,0,1,1,1,1,2,6,0,20,0,0,0,0.1406,2.41,998.8,38.66,1.0
SAMOTAI-A-100,17,1,3,0,1,0,0,1,1,1,2,6,0,20,0,1,0,0.4185,32.33,998.8,6.0,0.8167
SAMOTAI-A-100,17,3,3,0,1,1,1,1,1,1,2,6,0,40,0,1,2,0.0003,2.87,998.8,18.26,0.3177
SAMOTAI-A-100,17,1,3,0,1,1,1,1,1,1,2,4,0,20,0,1,0,0.4412,33.61,998.8,6.0,0.7745
CART-F-39,17,3,0,0,1,0,0,1,0,1,1,1,1,40,1,1,1,0.0183,0.0,3.86,6.28,0.2606
CART-F-39,17,3,1,0,1,0,0,0,0,1,2,5,1,20,0,1,1,0.504,2.64,3.83,4.58,1.0
CART-F-39,17,3,1,0,1,0,1,1,1,0,1,2,1,30,0,0,1,0.5816,0.0,3.81,4.43,1.0
CART-F-39,17,0,3,0,0,0,0,1,1,1,2,3,0,20,0,0,0,0.1496,1000.0,998.8,38.66,1.0
CART-F-39,17,1,3,0,1,1,0,1,0,1,1,1,1,40,1,1,0,0.4182,0.0,4.74,6.0,1.0
CART-F-39,17,1,0,0,1,0,0,1,0,1,1,1,1,40,1,1,0,0.6418,0.0,3.2,6.44,1.0
CART-F-39,17,1,1,0,1,0,1,1,1,0,1,2,1,30,0,0,0,0.4297,9.63,3.36,10.15,1.0
CART-F-39,17,2,1,0,1,0,1,0,1,0,0,5,1,20,0,1,0,0.3784,16.54,2.9,5.56,1.0
CART-F-39,17,3,3,0,1,0,0,1,0,1,1,1,1,40,1,1,1,0.0083,0.0,2.83,14.45,0.3529
CART-F-39,17,0,2,0,1,0,0,0,0,0,2,2,1,20,0,0,0,0.0392,32.11,4.77,4.93,1.0
CART-F-39,17,3,1,0,1,0,0,1,0,1,1,1,1,40,1,1,1,0.5035,0.0,3.78,4.3,1.0
CART-F-39,17,3,3,0,1,1,0,1,0,1,1,1,1,40,1,1,1,0.0,0.0,2.83,17.81,0.2814
CART-F-39,17,1,0,0,1,1,1,0,0,0,0,1,0,20,1,1,0,0.3503,3.14,998.8,6.4,1.0
CART-F-39,17,2,0,0,1,0,0,1,0,1,1,1,1,40,1,1,0,0.5212,5.95,2.81,6.32,1.0
CART-F-100,17,3,0,0,1,0,0,1,1,1,1,1,1,40,1,1,0,0.0182,0.0,3.86,6.28,0.418
CART-F-100,17,3,1,0,1,0,1,1,0,0,1,1,1,40,0,0,0,0.0671,0.0,7.25,8.71,0.855
CART-F-100,17,3,2,0,1,0,1,0,0,0,0,2,1,40,1,1,0,0.1475,2.57,2.82,5.1,1.0
CART-F-100,17,3,3,0,0,1,0,1,0,1,1,6,1,40,1,0,1,0.0,1000.0,2.83,13.39,0.3742
CART-F-100,17,3,0,0,1,0,0,1,0,1,1,1,1,40,1,0,0,0.0182,0.0,3.86,6.28,0.418
CART-F-100,17,3,1,0,1,0,1,1,1,0,1,1,1,40,0,0,0,0.0779,0.0,7.25,8.73,1.0
CART-F-100,17,3,2,0,1,0,1,0,1,0,0,2,1,40,1,1,0,0.1419,2.66,2.82,13.34,0.3653
CART-F-100,17,0,2,0,1,1,1,1,0,1,1,3,0,40,1,0,0,0.0883,13.11,998.8,4.9,1.0
CART-F-100,17,3,0,0,1,0,0,1,1,1,1,1,1,40,1,1,2,0.027,0.0,7.28,9.74,0.3598
CART-F-100,17,3,1,0,1,0,1,1,0,0,1,1,1,40,0,1,0,0.0654,0.0,7.24,8.7,1.0
SAMOTAI-F-39,17,2,0,0,1,0,1,0,1,0,1,4,0,40,1,0,0,0.5025,13.54,998.8,6.32,1.0
SAMOTAI-F-39,17,0,2,0,1,0,0,1,1,1,0,0,1,40,0,1,0,0.0866,13.14,4.74,4.9,1.0
SAMOTAI-F-39,17,3,2,0,0,0,1,0,1,1,0,3,0,30,0,1,2,0.3457,1000.0,998.8,8.69,1.0
SAMOTAI-F-39,17,2,3,0,0,1,1,0,0,1,2,0,1,20,0,0,0,0.6321,1000.0,4.77,0.06,1.0
SAMOTAI-F-39,17,0,0,0,0,1,1,0,1,0,2,1,1,30,1,0,0,0.0214,1000.0,3.22,12.07,1.0
SAMOTAI-F-39,17,2,0,0,0,0,0,1,1,0,2,2,0,20,0,1,0,0.539,1000.0,998.8,6.3,1.0
SAMOTAI-F-39,17,2,0,0,0,0,1,1,1,0,0,6,0,40,0,1,0,0.4387,1000.0,998.8,6.32,1.0
SAMOTAI-F-39,17,1,0,0,1,0,0,1,0,1,2,3,0,20,1,0,0,0.3556,0.0,998.8,6.4,1.0
SAMOTAI-F-39,17,1,0,0,1,0,1,0,1,0,1,4,0,40,1,0,0,1.8433,0.0,998.8,6.44,1.0
SAMOTAI-F-39,17,1,0,0,1,0,0,1,1,0,0,6,0,40,1,1,0,0.6555,0.0,998.8,6.45,1.0
SAMOTAI-F-39,17,3,2,0,1,1,0,0,0,1,2,5,0,30,1,0,2,0.6019,1.44,998.8,8.65,1.0
SAMOTAI-F-39,17,0,1,0,1,1,0,1,1,1,0,0,0,30,0,1,0,0.0358,13.74,998.8,40.18,1.0
SAMOTAI-F-39,17,3,2,0,1,1,0,1,0,1,0,6,0,40,1,1,2,0.4197,0.0,998.8,8.68,1.0
SAMOTAI-F-39,17,3,2,0,1,1,0,1,0,1,2,6,0,40,0,1,2,0.4604,0.0,998.8,8.7,1.0
SAMOTAI-F-39,17,2,2,0,0,0,0,0,0,0,1,2,1,20,1,0,0,0.2726,1000.0,15.93,1.69,1.0
SAMOTAI-F-39,17,1,0,0,1,0,0,0,1,0,0,4,1,20,1,0,0,0.353,3.38,3.22,6.4,1.0
SAMOTAI-F-39,17,2,2,0,1,1,1,0,0,0,1,0,0,30,0,1,0,0.4538,1.58,998.8,1.72,1.0
SAMOTAI-F-39,17,3,2,0,1,1,0,1,0,0,1,5,0,40,1,0,1,0.099,0.0,998.8,17.12,0.3074
SAMOTAI-F-100,17,2,2,0,0,0,0,1,1,0,0,5,0,20,1,0,0,0.2726,1000.0,998.8,1.69,1.0
SAMOTAI-F-100,17,3,2,0,1,1,1,0,0,0,2,1,0,40,1,1,1,0.365,1.53,998.8,12.37,0.3405
SAMOTAI-F-100,17,0,1,0,1,0,1,0,0,0,2,3,1,30,1,1,0,0.0258,18.86,3.23,40.18,1.0
SAMOTAI-F-100,17,0,3,0,0,1,0,0,1,0,2,1,0,30,0,1,0,0.1334,1000.0,998.8,38.66,1.0
SAMOTAI-F-100,17,0,0,0,0,1,0,1,1,0,0,2,0,40,0,0,0,0.0011,1000.0,998.8,12.07,1.0
SAMOTAI-F-100,17,1,0,0,1,1,1,1,0,1,1,6,1,30,1,0,0,0.4665,0.0,3.22,6.41,1.0
SAMOTAI-F-100,17,1,3,0,0,1,0,0,0,1,2,6,1,40,1,0,0,0.4678,1000.0,4.74,6.0,1.0
SAMOTAI-F-100,17,0,3,0,1,1,1,0,0,1,2,6,1,30,0,0,0,0.1334,1.76,4.74,38.66,1.0
SAMOTAI-F-100,17,0,3,0,1,1,1,0,0,1,2,3,1,40,0,0,0,0.1337,0.0,4.74,38.66,1.0
SAMOTAI-F-100,17,1,3,0,1,1,1,1,0,1,2,6,1,40,0,0,0,0.4273,0.0,4.74,6.0,1.0
SAMOTAI-F-100,17,3,3,0,0,1,1,1,0,1,0,0,1,30,1,1,2,0.0,1000.0,6.26,16.2,0.3715
SAMOTAI-F-100,17,0,3,0,1,0,0,1,0,1,2,6,1,40,1,0,0,0.1333,0.0,4.74,38.66,1.0
SAMOTAI-F-100,17,3,3,0,0,1,1,1,0,1,2,6,1,40,1,1,2,0.0001,1000.0,6.26,15.23,0.3971
SAMOTAI-F-100,17,0,3,0,1,1,1,0,0,1,2,6,0,30,0,0,0,0.1334,1.78,998.8,38.66,1.0
SAMOTAI-F-100,17,0,3,0,1,1,0,1,0,1,0,6,1,40,1,1,0,0.1334,0.0,4.74,38.66,1.0
SAMOTAE-A,17,1,0,0,0,1,1,1,1,0,0,2,0,40,1,1,0,0.432,1000.0,998.8,6.43,1.0
SAMOTAE-A,17,3,3,0,0,1,0,0,0,0,0,6,0,20,1,0,0,0.0007,1000.0,998.8,14.48,0.241
SAMOTAE-A,17,2,3,0,1,0,0,0,0,0,1,0,0,30,0,1,0,0.6321,14.3,998.8,0.12,1.0
SAMOTAE-A,17,0,2,0,1,0,1,1,0,1,0,5,1,40,0,0,0,0.0523,13.13,4.74,4.9,1.0
SAMOTAE-A,17,0,3,0,1,1,1,1,1,0,2,6,0,20,0,1,0,0.145,1.89,998.8,38.66,1.0
SAMOTAE-A,17,3,0,0,0,1,1,0,1,1,2,5,0,20,0,1,2,0.0003,1000.0,998.8,9.74,0.3738
SAMOTAE-A,17,3,3,0,1,0,0,0,0,0,2,0,0,20,0,1,0,0.0012,1.53,998.8,16.3,0.2102
SAMOTAE-A,17,3,3,0,1,0,1,0,0,1,1,5,1,40,1,1,2,0.0,2.22,6.26,16.14,0.3729
SAMOTAE-A,17,3,3,0,1,0,1,0,0,1,1,5,1,30,1,1,2,0.0001,1.43,6.26,15.52,0.3891
SAMOTAE-A,17,3,3,0,1,1,1,0,1,1,2,6,0,20,0,0,2,0.0005,2.4,998.8,16.31,0.3683
SAMOTAE-A,17,2,3,0,1,0,1,1,0,1,1,2,1,40,0,0,0,0.6321,0.0,4.77,0.1,1.0
SAMOTAE-A,17,1,2,0,0,0,0,0,0,0,1,2,1,20,1,0,0,0.263,1000.0,8.22,9.5,1.0
SAMOTAE-A,17,1,0,0,0,0,0,0,1,0,0,4,1,20,1,0,0,0.3526,1000.0,3.22,6.4,1.0
SAMOTAE-F,17,2,1,0,1,0,1,0,1,0,2,1,0,30,0,1,0,1.5,11.18,998.8,5.3,1.0
SAMOTAE-F,17,0,3,0,0,1,1,1,0,0,2,6,1,40,1,1,0,0.1334,1000.0,4.74,38.66,1.0
SAMOTAE-F,17,0,2,0,1,0,0,0,0,1,0,0,0,40,0,1,0,0.1093,20.36,998.8,4.9,1.0
SAMOTAE-F,17,2,3,0,1,0,1,0,0,1,0,6,0,40,0,0,0,0.6321,2.31,998.8,0.1,1.0
SAMOTAE-F,17,3,0,0,1,0,1,1,1,0,2,6,1,30,0,1,0,0.0001,0.03,3.86,6.28,0.4205
SAMOTAE-F,17,0,0,0,0,1,1,0,1,0,0,3,0,30,1,0,0,0.0359,1000.0,998.8,12.07,1.0
SAMOTAE-F,17,0,0,0,1,0,0,1,1,1,2,1,1,20,0,0,0,0.0651,6.55,3.22,12.07,1.0
SAMOTAE-F,17,3,3,0,1,0,0,0,1,1,2,6,0,40,0,0,2,0.0001,1.44,998.8,15.52,0.3891
SAMOTAE-F,17,3,3,0,1,1,1,1,1,1,2,6,1,40,1,0,2,0.0003,3.13,6.26,19.51,0.2852
SAMOTAE-F,17,3,3,0,1,0,1,0,0,1,1,6,0,40,0,0,2,0.0,6.97,998.8,19.76,0.2639
SAMOTAE-F,17,3,0,0,1,0,1,1,1,0,2,4,1,20,0,1,2,0.0048,0.0,7.28,9.74,0.3604
SAMOTAE-F,17,3,3,0,1,0,0,1,1,1,2,6,0,40,0,0,2,0.0007,2.09,998.8,19.45,0.2866
SAMOTAE-F,17,3,0,0,1,0,1,1,0,0,2,6,1,40,0,1,2,0.018,0.0,7.28,9.74,0.3345
SAMOTAE-F,17,0,2,0,0,1,1,0,1,0,2,5,0,30,0,0,0,0.0438,1000.0,998.8,4.91,1.0
MOSA-A,17,3,1,0,1,1,0,0,0,1,2,3,0,30,0,1,2,0.417,0.0,998.8,8.84,1.0
MOSA-A,17,3,1,0,1,0,0,0,0,1,2,3,0,30,0,1,2,0.3909,0.0,998.8,8.81,1.0
MOSA-A,17,3,1,0,1,1,0,0,0,0,2,3,0,30,0,1,1,0.5529,2.34,998.8,4.39,1.0
MOSA-A,17,3,1,0,1,0,0,1,1,0,0,5,1,30,1,0,2,0.3939,0.0,7.26,8.86,1.0
MOSA-A,17,3,1,0,1,1,0,0,0,1,0,5,1,30,1,0,2,0.3843,0.0,7.26,8.87,1.0
MOSA-F,17,2,3,0,0,1,0,0,0,1,1,5,0,40,0,0,0,0.6321,1000.0,998.8,0.07,1.0
MOSA-F,17,3,0,0,1,0,0,1,1,0,0,2,1,30,0,0,2,0.0029,0.0,7.28,9.74,0.3625
MOSA-F,17,2,1,0,0,0,1,0,1,1,2,5,0,40,0,0,0,0.5026,1000.0,998.8,5.48,1.0
MOSA-F,17,0,2,0,0,1,0,1,1,1,2,0,0,40,0,0,0,0.1093,1000.0,998.8,4.9,1.0
MOSA-F,17,0,1,0,0,1,0,0,0,1,1,5,0,30,0,1,0,0.0098,1000.0,998.8,40.18,1.0
MOSA-F,17,2,1,0,0,0,1,0,0,1,1,5,0,40,0,0,0,0.4537,1000.0,998.8,5.6,1.0
MOSA-F,17,3,1,0,1,0,1,0,0,1,2,5,1,30,0,0,0,0.0819,0.0,7.25,8.75,0.5738
FITEST-A,17,2,1,0,0,1,1,1,0,0,0,5,1,40,1,0,0,0.4811,1000.0,2.87,5.18,1.0
FITEST-A,17,0,1,0,0,1,0,1,0,1,1,0,1,20,1,0,0,0.0321,1000.0,3.25,40.18,1.0
FITEST-A,17,2,3,0,1,0,0,0,0,1,2,4,1,20,1,1,0,0.6321,30.24,4.77,0.06,1.0
FITEST-A,17,2,0,0,1,0,1,1,1,1,1,1,0,30,1,0,0,0.3753,8.29,998.8,6.32,1.0
FITEST-A,17,0,3,0,1,1,1,1,1,0,1,2,1,40,1,0,0,0.1338,0.0,4.74,38.66,1.0
FITEST-A,17,3,3,0,0,1,0,0,0,1,0,5,0,20,1,0,0,0.0012,1000.0,998.8,14.25,0.2448
FITEST-A,17,2,1,0,1,1,1,1,0,0,0,5,1,30,1,0,0,0.4388,0.0,2.89,5.62,1.0
FITEST-A,17,2,2,0,0,0,0,0,0,0,1,4,1,20,1,0,0,0.2726,1000.0,15.93,1.69,1.0
FITEST-A,17,2,1,0,0,0,0,0,0,0,0,4,1,30,1,0,0,0.4723,1000.0,2.79,5.59,1.0
FITEST-A,17,2,3,0,1,0,1,0,0,1,2,4,1,20,1,1,0,0.6321,25.82,4.77,0.06,1.0
FITEST-A,17,2,3,0,1,0,0,0,0,1,2,4,1,30,1,1,0,0.6321,14.5,4.75,0.12,1.0
FITEST-F,17,3,1,0,0,0,0,0,0,0,0,3,1,20,0,0,2,0.2371,1000.0,7.28,8.86,1.0
FITEST-F,17,1,2,0,1,1,0,1,1,0,0,0,1,40,0,1,0,0.2964,0.0,8.22,9.5,1.0
FITEST-F,17,1,2,0,0,0,0,0,1,0,1,5,0,20,1,0,0,0.2621,1000.0,998.8,9.5,0.9023
FITEST-F,17,2,0,0,1,1,1,1,1,1,2,2,1,20,0,0,0,0.5367,15.24,2.78,6.3,1.0
FITEST-F,17,2,2,0,1,0,1,0,1,1,2,4,0,40,0,0,0,0.4731,0.0,998.8,1.74,1.0
FITEST-F,17,1,0,0,1,0,0,1,0,1,0,0,0,20,1,0,0,0.3421,0.0,998.8,6.4,1.0
FITEST-F,17,1,1,0,0,0,0,0,0,0,0,4,0,20,1,0,0,0.3289,1000.0,998.8,10.15,1.0
FITEST-F,17,1,0,0,0,0,0,0,0,0,0,0,0,20,1,0,0,0.3526,1000.0,998.8,6.4,1.0
FITEST-F,17,2,0,0,1,1,1,1,1,1,2,1,1,20,0,0,0,0.5153,15.02,2.77,6.3,1.0
FITEST-F,17,2,2,0,1,0,1,0,1,1,2,4,0,20,1,0,0,0.2731,31.19,998.8,1.69,1.0
FITEST-F,17,1,0,0,1,0,0,1,0,1,0,0,0,40,1,0,0,0.5819,0.0,998.8,6.43,1.0
FITEST-F,17,1,0,0,0,0,0,0,0,0,0,0,0,30,1,0,0,0.4098,1000.0,998.8,6.42,1.0
RANDOM,17,0,3,0,0,1,1,0,1,1,1,1,0,30,0,1,0,0.1334,1000.0,998.8,38.66,1.0
RANDOM,17,0,1,0,1,1,1,0,0,1,2,5,1,20,0,1,0,0.033,34.05,3.25,40.18,1.0
RANDOM,17,1,2,0,1,1,1,1,1,0,2,5,1,40,1,0,0,0.2745,0.0,8.22,9.5,1.0
RANDOM,17,3,2,0,1,1,1,0,0,0,2,3,0,40,0,0,1,0.0904,5.5,998.8,16.16,0.3155
RANDOM,17,2,3,0,1,0,0,1,0,0,2,4,1,30,1,0,0,0.6321,0.0,4.76,0.15,1.0
RANDOM,17,2,3,0,1,1,0,0,1,1,1,2,1,40,1,0,0,0.6321,2.52,4.74,0.08,1.0
RANDOM,17,0,2,0,0,0,0,0,0,1,1,5,1,40,0,1,0,0.1093,1000.0,4.74,4.9,1.0
RANDOM,17,3,1,0,0,0,1,0,1,0,2,2,1,40,0,0,0,0.079,1000.0,7.25,8.71,1.0
RANDOM,17,3,0,0,0,0,1,1,1,1,0,3,1,40,0,1,2,0.0003,1000.0,7.28,9.74,0.3763
RANDOM,17,0,2,0,1,0,0,1,1,0,2,0,0,40,1,0,0,0.0901,13.15,998.8,4.9,1.0
RANDOM,17,0,1,0,0,1,1,0,0,1,1,0,1,40,0,0,0,0.0054,1000.0,3.22,40.18,1.0
RANDOM,17,2,1,0,0,1,1,0,0,1,1,3,0,40,1,0,0,0.4499,1000.0,998.8,5.26,1.0
RANDOM,17,2,2,0,0,0,0,0,0,0,0,0,1,30,1,0,0,0.3096,1000.0,15.93,1.72,1.0
RANDOM,17,0,0,0,1,0,0,0,0,1,0,0,1,40,0,1,0,0.0566,0.0,3.22,12.07,1.0
RANDOM,17,3,1,0,0,1,1,0,0,0,1,0,0,20,1,0,1,0.4998,1000.0,998.8,4.58,1.0
RANDOM,17,1,3,0,1,1,0,1,0,0,1,6,0,20,1,0,0,0.4556,15.26,998.8,6.0,0.9986
RANDOM,17,1,2,0,0,0,1,1,1,0,2,3,0,30,1,1,0,0.2308,1000.0,998.8,9.5,1.0
CART-A-39,18,3,1,0,1,0,0,1,0,1,1,1,1,40,1,1,1,0.8005,0.0,3.79,4.28,1.0
CART-A-39,18,3,3,0,1,1,0,0,0,1,2,5,1,20,0,1,1,0.0004,2.29,2.83,17.02,0.2986
CART-A-39,18,3,2,0,1,1,1,1,1,0,1,2,1,30,0,0,1,0.1322,1.5,2.84,18.1,0.2984
CART-A-39,18,3,0,0,1,0,0,1,0,1,1,1,1,40,1,1,0,0.0182,0.0,3.86,6.28,0.418
CART-A-39,18,2,3,0,0,1,0,0,0,0,0,3,1,20,1,1,0,0.6321,1000.0,4.77,0.06,1.0
CART-A-39,18,2,2,0,0,0,1,1,1,1,1,5,1,20,1,1,0,0.2762,1000.0,15.93,1.69,1.0
CART-A-39,18,3,0,0,0,0,0,1,0,1,1,2,0,20,0,1,2,0.0003,1000.0,998.8,9.74,0.3629
CART-A-39,18,2,3,0,0,0,0,1,0,1,1,1,1,40,1,1,0,0.6321,1000.0,4.75,0.1,1.0
CART-A-39,18,2,0,0,1,0,0,0,0,0,0,3,1,20,1,1,0,0.5602,20.14,2.75,6.3,1.0
CART-A-39,18,1,0,0,0,0,0,0,0,0,0,3,1,20,1,1,0,0.3526,1000.0,3.22,6.4,1.0
CART-A-39,18,3,3,0,1,0,1,1,1,0,0,5,1,30,1,0,1,0.0,1.53,2.83,17.2,0.2945
CART-A-39,18,1,2,0,0,0,0,1,0,1,1,1,1,40,1,1,0,0.2635,1000.0,8.22,9.5,1.0
CART-A-39,18,2,0,0,1,0,0,1,0,1,1,1,1,40,1,1,0,0.5212,5.95,2.81,6.32,1.0
CART-A-100,18,3,0,0,1,0,0,1,0,1,1,1,1,40,1,0,0,0.0182,0.0,3.86,6.28,0.418
CART-A-100,18,3,1,0,1,0,1,1,0,0,1,1,1,40,0,1,2,0.5038,0.0,7.25,8.87,0.7773
CART-A-100,18,3,2,0,1,0,1,0,0,0,0,2,1,40,1,0,0,0.1006,3.46,2.83,14.25,0.3539
CART-A-100,18,1,0,0,0,0,0,1,0,1,1,1,1,40,1,1,0,0.4217,1000.0,3.22,6.43,1.0
CART-A-100,18,2,3,0,0,1,1,1,1,1,2,2,1,40,1,0,0,0.6321,1000.0,4.75,0.1,1.0
CART-A-100,18,1,0,0,0,0,0,0,1,0,2,4,1,20,1,0,0,0.3526,1000.0,3.22,6.4,1.0
CART-A-100,18,3,0,0,1,1,1,1,1,1,0,3,1,30,1,1,1,0.0001,0.81,3.86,6.28,0.2572
CART-A-100,18,0,2,0,1,0,0,1,0,1,1,1,1,40,1,1,0,0.0884,13.14,4.74,4.9,1.0
CART-A-100,18,2,2,0,1,1,1,1,0,1,2,2,1,40,1,0,0,0.3348,0.0,15.93,0.0,1.0
CART-A-100,18,1,2,0,1,1,1,1,0,1,2,2,1,40,1,0,0,0.251,0.0,8.22,9.5,1.0
CART-A-100,18,1,0,0,1,0,0,1,1,1,1,1,1,40,1,0,0,0.6252,0.0,3.21,6.42,1.0
CART-A-100,18,3,3,0,0,1,1,1,1,1,2,2,1,40,1,0,0,0.0004,1000.0,2.83,13.46,0.2584
CART-A-100,18,1,3,0,0,1,1,1,0,1,2,2,1,40,1,1,0,0.3694,1000.0,4.74,6.0,1.0
SAMOTAI-A-39,18,0,1,0,1,0,1,0,1,0,1,5,0,30,1,0,0,0.0181,18.83,998.8,40.18,1.0
SAMOTAI-A-39,18,2,0,0,0,0,1,0,1,1,1,1,1,20,1,0,0,0.519,1000.0,2.83,6.3,1.0
SAMOTAI-A-39,18,3,3,0,1,1,0,1,0,0,0,3,0,20,0,1,2,0.0014,5.6,998.8,19.76,0.2633
SAMOTAI-A-39,18,2,2,0,1,1,0,0,0,0,2,6,1,20,0,0,0,0.2631,30.95,15.93,1.69,1.0
SAMOTAI-A-39,18,0,1,0,0,0,1,0,0,1,0,2,0,40,0,0,0,0.0046,1000.0,998.8,40.18,1.0
SAMOTAI-A-39,18,0,0,0,1,1,0,0,1,0,0,1,1,20,1,0,0,0.0633,18.02,3.22,12.07,1.0
SAMOTAI-A-39,18,1,3,0,1,1,0,0,0,1,0,6,1,40,1,0,0,0.3903,0.0,4.74,6.0,1.0
SAMOTAI-A-39,18,1,3,0,1,1,0,1,1,0,0,0,0,40,1,1,0,0.3617,0.0,998.8,6.0,1.0
SAMOTAI-A-39,18,3,3,0,1,0,1,1,1,1,2,6,1,40,1,1,2,0.0003,1.98,6.26,19.31,0.2904
SAMOTAI-A-39,18,3,3,0,1,1,0,0,0,0,0,6,1,20,1,1,0,0.0002,1.99,2.83,16.75,0.2029
SAMOTAI-A-39,18,3,3,0,1,0,1,1,1,1,2,6,1,40,1,1,0,0.0155,0.0,2.83,14.46,0.2413
SAMOTAI-A-39,18,3,3,0,1,1,1,1,1,1,2,6,1,40,0,1,0,0.0004,0.0,2.83,14.45,0.2413
SAMOTAI-A-39,18,3,3,0,1,0,0,1,1,1,2,6,1,40,0,1,0,0.0012,2.73,2.83,18.12,0.1804
SAMOTAI-A-100,18,1,0,0,0,1,0,1,1,0,0,5,1,30,1,0,0,0.4098,1000.0,3.22,6.42,1.0
SAMOTAI-A-100,18,1,3,0,1,1,1,1,0,1,0,1,0,20,0,0,0,0.4487,33.11,998.8,6.0,0.7476
SAMOTAI-A-100,18,2,3,0,0,0,1,0,1,1,1,4,1,40,1,1,0,0.6321,1000.0,4.75,0.1,1.0
SAMOTAI-A-100,18,3,3,0,1,1,1,1,1,1,2,0,1,40,0,1,0,0.0017,0.0,2.83,14.4,0.2422
SAMOTAI-A-100,18,1,3,0,1,0,0,1,0,1,1,6,1,20,0,1,0,0.4424,33.46,4.74,6.0,0.7705
SAMOTAI-A-100,18,3,1,0,1,0,1,0,0,0,1,4,0,30,0,0,1,0.5427,2.3,998.8,4.42,1.0
SAMOTAI-A-100,18,2,3,0,1,1,0,1,1,1,2,6,0,40,0,0,0,0.6321,0.0,998.8,0.1,1.0
SAMOTAI-A-100,18,3,0,0,1,1,1,1,1,0,2,5,1,30,1,1,2,0.0094,0.0,7.28,9.74,0.3623
SAMOTAI-A-100,18,0,3,0,0,0,0,0,1,1,2,6,1,40,1,1,0,0.1334,1000.0,4.74,38.66,1.0
SAMOTAI-A-100,18,2,1,0,1,0,0,0,1,0,2,6,0,40,1,1,0,1.5,4.95,998.8,5.55,1.0
SAMOTAI-A-100,18,3,3,0,1,1,0,1,1,1,2,6,1,40,1,1,2,0.0,3.98,6.26,19.55,0.2844
SAMOTAI-A-100,18,1,3,0,0,0,0,0,1,1,2,6,0,40,1,1,0,0.4558,1000.0,998.8,6.0,1.0
SAMOTAI-A-100,18,2,2,0,0,0,0,0,0,0,1,2,1,11,1,0,0,0.2867,1000.0,15.93,1.66,0.9728
CART-F-39,18,3,0,0,1,0,0,1,0,1,1,1,1,40,1,1,1,0.0183,0.0,3.86,6.28,0.2606
CART-F-39,18,3,1,0,1,0,0,0,0,1,2,5,1,20,0,1,1,0.504,2.64,3.83,4.58,1.0
CART-F-39,18,3,1,0,1,0,1,1,1,0,1,2,1,30,0,0,1,0.5816,0.0,3.81,4.43,1.0
CART-F-39,18,2,3,0,1,0,0,0,1,0,1,0,0,40,1,0,0,0.6321,2.49,998.8,0.09,1.0
CART-F-39,18,3,0,0,1,0,1,1,1,0,1,2,1,30,0,0,1,0.0001,0.76,3.86,6.28,0.2552
CART-F-39,18,3,3,0,1,0,0,1,0,1,1,1,1,40,1,1,1,0.0083,0.0,2.83,14.45,0.3529
CART-F-39,18,3,1,0,0,0,0,0,1,0,2,2,0,30,1,1,0,0.1255,1000.0,998.8,8.73,1.0
CART-F-39,18,3,3,0,1,1,1,1,1,0,1,2,1,30,0,0,1,0.0007,4.44,2.83,19.1,0.2525
CART-F-39,18,3,3,0,0,1,1,1,1,0,1,2,0,40,0,1,2,0.0002,1000.0,998.8,15.52,0.3894
CART-F-39,18,0,3,0,1,1,1,1,1,0,1,2,1,30,0,0,0,0.1335,0.0,4.74,38.66,1.0
CART-F-39,18,2,1,0,0,0,0,1,0,1,0,1,1,40,0,1,0,0.4718,1000.0,2.91,5.18,1.0
CART-F-100,18,3,0,0,1,0,0,1,1,1,1,1,1,40,1,1,0,0.0182,0.0,3.86,6.28,0.418
CART-F-100,18,3,1,0,1,0,1,1,1,0,1,1,1,40,0,0,0,0.0779,0.0,7.25,8.73,1.0
CART-F-100,18,3,2,0,1,0,1,0,0,0,0,2,1,40,1,0,0,0.1035,4.48,2.82,15.21,0.3421
CART-F-100,18,0,0,0,1,1,0,1,0,0,0,2,0,40,0,0,0,0.0307,0.0,998.8,12.07,1.0
CART-F-100,18,2,0,0,1,0,0,1,0,1,1,1,1,40,1,1,0,0.5212,5.95,2.81,6.32,1.0
CART-F-100,18,3,1,0,1,0,1,1,1,0,1,1,1,40,0,1,0,0.0628,0.0,7.24,8.71,0.8799
CART-F-100,18,2,0,0,1,0,1,1,1,1,2,5,1,20,1,0,0,0.5333,15.35,2.77,6.3,1.0
CART-F-100,18,3,2,0,1,0,0,0,0,0,0,2,1,40,1,0,0,0.1188,3.42,2.82,14.06,0.3561
CART-F-100,18,3,0,0,1,0,0,1,1,1,1,1,1,40,1,0,0,0.0228,0.0,3.86,6.28,0.418
CART-F-100,18,3,1,0,1,0,1,1,1,0,1,1,1,40,0,0,2,0.4587,0.0,7.25,8.88,0.6763
CART-F-100,18,0,2,0,1,0,1,0,1,0,1,2,0,30,1,0,0,0.0395,25.37,998.8,4.91,1.0
CART-F-100,18,3,2,0,1,0,1,0,1,0,0,2,1,40,1,0,0,0.1974,4.42,2.82,15.24,0.3421
SAMOTAI-F-39,18,2,3,0,1,1,0,0,0,1,0,0,0,30,1,1,0,0.6321,14.67,998.8,0.13,1.0
SAMOTAI-F-39,18,0,1,0,1,0,0,1,0,0,2,6,1,40,0,1,0,0.0215,4.33,3.22,40.18,1.0
SAMOTAI-F-39,18,0,0,0,1,0,0,0,1,1,0,3,1,20,0,0,0,0.0645,18.44,3.22,12.07,1.0
SAMOTAI-F-39,18,3,2,0,1,1,1,1,0,1,0,5,1,30,1,0,2,0.3931,0.0,6.28,8.7,1.0
SAMOTAI-F-39,18,3,0,0,0,0,1,0,1,0,1,3,1,40,1,0,0,0.0,1000.0,3.86,6.28,0.4083
SAMOTAI-F-39,18,3,3,0,1,1,1,0,1,0,1,2,0,30,1,0,1,0.0021,0.0,998.8,16.03,0.3199
SAMOTAI-F-39,18,2,0,0,1,0,0,0,1,0,0,6,0,30,0,0,0,0.5131,15.62,998.8,6.32,1.0
SAMOTAI-F-39,18,3,3,0,1,0,0,0,1,1,1,6,0,30,1,0,2,0.0001,1.44,998.8,15.52,0.3891
SAMOTAI-F-39,18,3,3,0,1,0,1,1,1,1,2,6,1,40,1,1,2,0.0004,1.89,6.26,18.36,0.3148
SAMOTAI-F-39,18,3,3,0,1,1,0,0,0,0,0,6,1,30,1,1,0,0.0027,0.0,2.83,16.0,0.2153
SAMOTAI-F-39,18,3,3,0,1,1,1,0,1,1,2,1,1,40,1,1,2,0.001,0.0,6.26,15.37,0.3931
SAMOTAI-F-39,18,0,0,0,1,0,0,1,0,0,2,0,1,30,0,0,0,0.0307,0.0,3.22,12.07,1.0
SAMOTAI-F-39,18,3,3,0,1,1,1,1,1,1,2,6,1,40,1,1,2,0.0005,2.39,6.26,19.57,0.2838
SAMOTAI-F-100,18,1,0,0,1,1,1,0,1,0,1,4,0,40,1,1,0,1.2236,0.0,998.8,6.44,1.0
SAMOTAI-F-100,18,1,3,0,1,1,0,0,1,0,0,0,0,40,1,1,0,0.4494,10.26,998.8,6.0,1.0
SAMOTAI-F-100,18,3,3,0,1,0,0,1,0,0,1,4,1,40,0,1,2,0.0001,1.87,6.26,19.23,0.2923
SAMOTAI-F-100,18,3,0,0,0,1,1,1,1,1,0,0,1,30,1,1,2,0.0003,1000.0,7.28,9.74,0.373
SAMOTAI-F-100,18,0,3,0,1,0,1,1,0,0,0,6,0,20,1,0,0,0.146,1.86,998.8,38.66,1.0
SAMOTAI-F-100,18,0,1,0,0,0,1,1,0,1,2,0,1,20,0,1,0,0.032,1000.0,3.25,40.18,1.0
SAMOTAI-F-100,18,2,0,0,1,0,0,0,0,0,2,6,0,40,0,1,0,0.5212,13.04,998.8,6.32,1.0
SAMOTAI-F-100,18,3,1,0,0,1,1,1,1,0,2,3,0,20,1,1,1,0.4836,1000.0,998.8,4.56,1.0
SAMOTAI-F-100,18,0,2,0,0,1,1,1,1,0,2,3,0,20,1,1,0,0.0425,1000.0,998.8,4.93,1.0
SAMOTAI-F-100,18,2,0,0,1,0,0,0,1,0,2,6,0,40,0,1,0,0.5212,13.04,998.8,6.32,1.0
SAMOTAI-F-100,18,3,3,0,1,1,1,0,0,0,1,0,1,20,0,0,2,0.0008,2.4,6.26,16.31,0.3683
SAMOTAI-F-100,18,2,0,0,1,1,0,0,1,0,0,0,1,20,0,1,0,0.463,19.96,2.81,6.3,1.0
SAMOTAI-F-100,18,3,1,0,0,0,1,0,1,0,1,3,1,40,0,0,0,0.0746,1000.0,7.25,8.72,1.0
SAMOTAI-F-100,18,3,3,0,1,1,1,0,0,0,2,6,0,40,1,1,1,0.0038,0.0,998.8,16.02,0.3199
SAMOTAI-F-100,18,0,0,0,1,0,0,1,1,0,0,6,0,40,0,1,0,0.0344,0.0,998.8,12.07,1.0
SAMOTAE-A,18,2,3,0,0,1,1,1,0,1,1,2,0,30,1,1,0,0.6321,1000.0,998.8,0.13,1.0
SAMOTAE-A,18,1,0,0,0,0,0,0,0,0,2,6,1,40,1,1,0,0.4217,1000.0,3.22,6.43,1.0
SAMOTAE-A,18,2,2,0,1,1,0,1,1,1,0,5,1,30,0,0,0,0.3215,0.0,15.93,1.72,1.0
SAMOTAE-A,18,1,1,0,1,1,1,1,0,0,0,0,1,40,0,0,0,0.4879,7.87,3.35,10.15,1.0
SAMOTAE-A,18,0,3,0,0,1,1,0,1,0,1,0,0,20,1,0,0,0.1518,1000.0,998.8,38.66,1.0
SAMOTAE-A,18,2,3,0,1,0,1,0,1,1,1,2,1,20,0,1,0,0.6321,29.37,4.77,0.06,1.0
SAMOTAE-A,18,3,3,0,0,1,1,1,0,1,2,6,0,30,1,1,2,0.0001,1000.0,998.8,16.31,0.3683
SAMOTAE-A,18,3,3,0,1,1,1,1,1,1,2,6,1,40,1,1,2,0.0011,2.72,6.26,19.76,0.279
SAMOTAE-A,18,3,3,0,0,1,1,1,0,1,1,6,0,30,1,1,2,0.0002,1000.0,998.8,15.52,0.3891
SAMOTAE-A,18,2,3,0,0,0,1,1,1,1,2,5,1,40,1,1,0,0.6321,1000.0,4.75,0.1,1.0
SAMOTAE-A,18,3,2,0,1,1,1,1,0,1,2,6,1,40,0,1,2,0.4857,0.0,6.26,8.68,1.0
SAMOTAE-A,18,2,1,0,0,1,1,0,1,0,2,1,0,30,1,1,0,0.4555,1000.0,998.8,5.5,1.0
SAMOTAE-A,18,3,0,0,1,0,1,1,1,1,2,5,1,40,1,1,2,0.0364,0.0,7.28,9.74,0.3598
SAMOTAE-A,18,2,3,0,0,0,1,0,0,0,1,2,1,20,1,0,0,0.6321,1000.0,4.77,0.07,1.0
SAMOTAE-A,18,1,0,0,0,0,0,0,1,0,0,4,1,20,1,0,0,0.3526,1000.0,3.22,6.4,1.0
SAMOTAE-F,18,2,1,0,1,0,1,0,0,0,0,6,0,40,1,0,0,0.4173,4.62,998.8,5.26,1.0
SAMOTAE-F,18,3,2,0,0,1,0,0,0,0,1,0,0,20,1,0,1,0.0768,1000.0,998.8,20.77,0.275
SAMOTAE-F,18,0,0,0,1,0,1,1,1,0,2,0,1,20,0,0,0,0.0727,6.84,3.22,12.07,1.0
SAMOTAE-F,18,1,0,0,1,1,0,0,0,0,1,2,0,40,0,0,0,0.6688,0.0,998.8,6.45,1.0
SAMOTAE-F,18,0,3,0,0,1,1,1,1,1,1,4,0,30,1,0,0,0.1334,1000.0,998.8,38.66,1.0
SAMOTAE-F,18,2,2,0,1,0,1,0,1,1,0,4,1,20,0,0,0,0.2712,32.42,15.93,1.69,1.0
SAMOTAE-F,18,2,0,0,1,1,0,0,0,1,2,6,0,40,0,1,0,0.5,13.22,998.8,6.32,1.0
SAMOTAE-F,18,3,3,0,0,0,1,1,1,1,0,6,1,40,1,1,2,0.0001,1000.0,6.26,15.52,0.3894
SAMOTAE-F,18,3,3,0,0,0,0,1,0,1,2,6,1,40,1,1,0,0.0006,1000.0,2.83,12.69,0.2719
SAMOTAE-F,18,3,3,0,1,1,1,1,1,1,2,6,1,40,1,1,2,0.0001,4.4,6.26,19.76,0.2681
SAMOTAE-F,18,3,3,0,0,1,0,1,0,0,2,0,0,20,1,1,2,0.0001,1000.0,998.8,16.3,0.3686
SAMOTAE-F,18,3,3,0,0,1,0,1,0,0,1,6,0,40,1,0,2,0.0001,1000.0,998.8,15.52,0.3891
SAMOTAE-F,18,3,0,0,1,1,1,0,1,1,2,0,1,40,1,1,2,0.0003,5.09,7.28,9.74,0.3851
MOSA-A,18,3,3,0,0,0,0,0,1,1,2,1,0,30,1,0,1,0.0001,1000.0,998.8,13.57,0.3708
MOSA-A,18,3,2,0,1,0,0,1,0,1,0,3,1,20,0,1,0,0.0785,7.68,2.86,19.76,0.2871
MOSA-A,18,2,2,0,0,1,0,1,0,0,2,5,1,20,0,1,0,0.2743,1000.0,15.93,1.69,1.0
MOSA-A,18,3,2,0,0,1,1,1,1,0,1,1,1,40,0,0,2,0.3979,1000.0,6.26,8.71,1.0
MOSA-A,18,0,1,0,1,0,0,1,0,1,0,3,1,20,0,1,0,0.0495,24.21,3.25,40.18,1.0
MOSA-A,18,3,2,0,1,0,1,1,0,1,0,3,1,20,0,0,2,0.2278,0.0,6.29,8.69,1.0
MOSA-A,18,0,1,0,0,1,1,1,1,0,1,1,1,40,0,1,0,0.0047,1000.0,3.22,40.18,1.0
MOSA-A,18,3,2,0,0,0,1,1,0,0,1,1,1,40,0,0,2,0.4406,1000.0,6.26,8.68,1.0
MOSA-A,18,3,0,0,1,1,1,0,0,1,1,0,1,40,1,1,2,0.0016,0.0,7.28,9.74,0.3414
MOSA-A,18,3,2,0,1,0,1,1,0,0,0,1,1,40,1,1,2,0.4911,0.0,6.26,8.7,1.0
MOSA-F,18,0,1,0,0,0,0,1,1,1,1,6,0,40,0,0,0,0.0047,1000.0,998.8,40.18,1.0
FITEST-A,18,0,1,0,1,0,0,0,1,1,0,6,1,30,1,0,0,0.0169,18.85,3.23,40.18,1.0
FITEST-A,18,3,3,0,0,0,0,1,0,0,2,4,1,30,0,0,2,0.0001,1000.0,6.26,15.96,0.3775
FITEST-A,18,0,0,0,0,1,0,0,1,0,1,2,0,20,0,1,0,0.0613,1000.0,998.8,12.07,1.0
FITEST-A,18,1,3,0,0,1,0,1,1,1,0,0,0,30,1,1,0,0.4595,1000.0,998.8,6.0,1.0
FITEST-A,18,2,0,0,0,1,0,1,0,0,0,4,1,40,0,1,0,0.4893,1000.0,2.82,6.32,1.0
FITEST-A,18,3,1,0,1,0,1,0,1,0,2,0,1,20,0,1,0,0.1429,1.87,7.28,8.75,0.9431
FITEST-A,18,2,0,0,0,0,1,0,0,0,0,3,1,30,0,1,0,0.5044,1000.0,2.79,6.32,1.0
FITEST-A,18,2,0,0,0,0,1,0,0,0,1,0,1,20,0,1,0,0.5243,1000.0,2.8,6.3,1.0
FITEST-A,18,0,0,0,0,1,0,0,1,0,1,2,0,30,0,1,0,0.0171,1000.0,998.8,12.07,1.0
FITEST-A,18,2,1,0,1,0,1,0,1,0,2,0,1,20,0,1,0,0.3665,17.74,3.01,5.54,1.0
FITEST-A,18,1,0,0,0,1,0,1,0,0,0,4,1,40,0,1,0,0.4217,1000.0,3.22,6.43,1.0
FITEST-A,18,1,0,0,0,0,0,0,0,0,0,2,1,30,0,0,0,0.4098,1000.0,3.22,6.42,1.0
FITEST-A,18,0,0,0,0,0,0,0,0,0,0,4,1,30,0,0,0,0.0171,1000.0,3.22,12.07,1.0
FITEST-A,18,2,0,0,0,0,1,0,0,0,0,3,1,30,1,1,0,0.4634,1000.0,3.01,6.32,1.0
FITEST-A,18,2,0,0,0,0,1,0,0,0,0,3,1,40,1,1,0,1.5,1000.0,3.12,6.32,1.0
FITEST-A,18,2,0,0,0,0,1,0,0,0,2,3,1,40,1,1,0,0.5095,1000.0,2.86,6.32,1.0
FITEST-A,18,2,0,0,0,0,1,0,0,0,2,3,1,30,1,1,0,0.5205,1000.0,2.76,6.32,1.0
FITEST-A,18,2,0,0,0,0,1,0,0,0,1,3,1,30,1,1,0,0.5124,1000.0,2.87,6.32,1.0
FITEST-A,18,2,0,0,0,0,1,0,0,1,1,3,1,30,1,1,0,0.4094,1000.0,3.01,6.32,1.0
FITEST-F,18,2,0,0,1,1,0,0,1,0,1,4,0,40,0,1,0,0.5212,13.04,998.8,6.32,1.0
FITEST-F,18,0,2,0,0,0,1,1,0,1,2,2,1,20,1,0,0,0.0392,1000.0,4.77,4.93,1.0
FITEST-F,18,3,2,0,1,1,1,1,0,0,1,2,0,40,1,1,2,0.5464,0.0,998.8,8.71,1.0
FITEST-F,18,1,3,0,1,1,0,0,0,0,0,5,0,30,1,0,0,0.4659,10.09,998.8,6.0,1.0
FITEST-F,18,3,1,0,0,1,1,1,0,1,1,6,1,20,1,0,0,0.1064,1000.0,7.28,8.75,0.6594
FITEST-F,18,3,3,0,0,1,0,0,1,0,0,2,0,20,0,1,2,0.0,1000.0,998.8,16.23,0.3706
FITEST-F,18,3,1,0,0,1,1,1,0,1,1,6,1,20,0,0,0,0.1085,1000.0,7.28,8.76,0.6867
FITEST-F,18,2,0,0,1,1,0,0,1,0,1,4,0,40,1,1,0,0.5271,13.35,998.8,6.32,1.0
FITEST-F,18,2,0,0,1,1,0,0,1,0,1,3,0,40,0,1,0,0.5213,13.04,998.8,6.32,1.0
FITEST-F,18,3,1,0,0,1,1,1,0,1,1,6,1,30,0,0,0,0.099,1000.0,7.27,8.75,0.6809
FITEST-F,18,2,1,0,1,1,0,0,0,0,1,3,0,40,1,1,0,0.4718,4.07,998.8,5.19,1.0
FITEST-F,18,2,0,0,1,1,0,0,0,0,1,4,0,40,1,1,0,0.5212,13.04,998.8,6.32,1.0
FITEST-F,18,2,0,0,1,1,0,1,1,0,1,4,0,40,1,1,0,0.5212,5.95,998.8,6.32,1.0
RANDOM,18,2,3,0,0,0,1,0,1,1,1,3,0,40,1,1,0,0.6321,1000.0,998.8,0.08,1.0
RANDOM,18,2,3,0,0,1,1,0,1,0,0,6,0,30,0,0,0,0.6321,1000.0,998.8,0.14,1.0
RANDOM,18,3,1,0,1,0,1,0,1,0,2,0,1,40,0,0,0,0.0679,0.0,7.23,8.71,1.0
RANDOM,18,1,0,0,0,0,0,0,1,1,2,5,0,20,0,0,0,0.3526,1000.0,998.8,6.4,1.0
RANDOM,18,0,3,0,1,1,0,1,0,0,0,6,0,30,0,1,0,0.1334,0.0,998.8,38.66,1.0
RANDOM,18,3,2,0,1,1,0,0,1,0,1,1,0,20,1,1,0,0.0813,10.28,998.8,20.83,0.2743
RANDOM,18,1,2,0,1,1,0,1,0,1,1,3,1,20,0,1,0,0.2721,14.07,8.21,9.5,0.9764
RANDOM,18,1,1,0,0,0,1,0,1,0,0,5,1,20,0,1,0,0.3485,1000.0,3.32,10.15,1.0
RANDOM,18,2,3,0,0,0,0,1,0,1,2,3,1,30,1,1,0,0.6321,1000.0,4.76,0.15,1.0
RANDOM,18,2,0,0,0,1,1,1,0,1,2,4,1,30,0,0,0,0.5176,1000.0,2.78,6.32,1.0
RANDOM,18,3,0,0,0,1,1,1,0,1,2,2,0,30,1,1,0,0.0,1000.0,998.8,6.28,0.3894
RANDOM,18,1,1,0,0,0,0,1,0,0,1,4,0,20,0,1,0,0.3289,1000.0,998.8,10.15,1.0
RANDOM,18,3,2,0,0,1,0,1,1,0,1,6,1,40,0,1,0,0.1059,1000.0,2.83,15.22,0.3419
RANDOM,18,3,0,0,0,0,0,0,0,0,1,5,1,30,1,0,0,0.0001,1000.0,3.86,6.28,0.4035
RANDOM,18,1,0,0,0,1,0,1,0,1,1,4,0,40,0,1,0,0.4217,1000.0,998.8,6.43,1.0
RANDOM,18,2,1,0,0,1,1,1,0,0,2,2,0,20,0,0,0,0.4515,1000.0,998.8,5.6,1.0
RANDOM,18,2,1,0,0,1,1,1,1,0,0,1,1,30,0,1,0,0.4813,1000.0,2.77,5.44,1.0
RANDOM,18,0,2,0,1,1,0,1,1,0,2,5,1,30,1,1,0,0.0439,16.01,4.75,4.91,1.0
CART-A-39,19,3,1,0,1,0,0,1,0,1,1,1,1,40,1,1,1,0.8005,0.0,3.79,4.28,1.0
CART-A-39,19,3,1,0,1,0,0,0,0,1,2,5,1,20,0,1,1,0.4802,2.66,3.83,4.57,1.0
CART-A-39,19,3,3,0,1,1,1,1,1,0,1,2,1,30,0,0,1,0.0,2.15,2.83,17.11,0.2964
CART-A-39,19,0,3,0,1,0,0,1,0,1,1,1,1,40,1,1,0,0.1334,0.0,4.74,38.66,1.0
CART-A-39,19,0,2,0,1,0,0,0,0,0,0,3,1,20,1,1,0,0.0392,32.11,4.77,4.93,1.0
CART-A-39,19,1,0,0,0,0,1,1,1,1,1,5,1,20,1,1,0,0.3526,1000.0,3.22,6.4,1.0
CART-A-39,19,2,0,0,1,1,0,0,0,0,0,3,0,30,0,0,0,0.513,15.62,998.8,6.32,1.0
CART-A-39,19,2,3,0,0,1,0,1,0,1,1,1,1,40,1,1,0,0.6321,1000.0,4.75,0.1,1.0
CART-A-39,19,1,1,0,1,0,0,0,0,0,0,3,1,20,1,1,0,0.3285,22.36,3.32,10.15,1.0
CART-A-39,19,2,1,0,0,0,1,1,1,1,1,5,1,20,1,1,0,0.4257,1000.0,2.83,5.65,1.0
CART-A-39,19,3,3,0,1,0,1,1,1,0,1,6,1,20,0,0,1,0.0007,5.03,3.21,21.53,0.1964
CART-A-39,19,1,0,0,1,0,0,1,0,1,1,1,1,40,1,1,0,0.5743,0.0,3.2,6.42,1.0
CART-A-39,19,0,3,0,0,1,0,1,0,1,1,1,1,40,1,1,0,0.1334,1000.0,4.74,38.66,1.0
CART-A-39,19,0,1,0,1,1,0,0,0,0,0,3,1,20,1,1,0,0.0417,33.71,3.25,40.18,1.0
CART-A-39,19,3,1,0,0,0,1,0,1,0,2,6,0,30,0,0,0,0.1311,1000.0,998.8,8.73,1.0
CART-A-39,19,1,2,0,1,0,0,1,0,1,1,1,1,40,1,1,0,0.3067,0.0,8.22,9.5,1.0
CART-A-100,19,3,0,0,1,0,0,1,0,1,1,1,1,40,1,0,0,0.0182,0.0,3.86,6.28,0.418
CART-A-100,19,3,1,0,1,0,1,1,1,0,1,1,1,40,0,0,2,0.4941,0.0,7.25,8.89,0.7567
CART-A-100,19,3,2,0,1,0,1,0,1,0,0,2,1,40,1,1,0,0.2443,4.54,2.83,15.27,0.342
CART-A-100,19,2,2,0,1,0,0,1,1,1,1,1,1,40,1,0,0,0.369,0.0,15.93,1.74,1.0
CART-A-100,19,2,2,0,1,1,1,1,1,1,2,2,1,40,1,1,0,0.4237,0.0,15.93,0.0,1.0
CART-A-100,19,3,2,0,1,0,0,0,0,0,2,4,1,20,1,0,0,0.0867,9.83,2.86,20.02,0.2839
CART-A-100,19,0,0,0,0,0,0,1,0,1,1,1,1,40,1,0,0,0.0011,1000.0,3.22,12.07,1.0
CART-A-100,19,1,3,0,1,1,1,1,0,1,2,2,1,40,1,1,0,0.358,0.0,4.74,6.0,1.0
CART-A-100,19,2,0,0,1,0,0,0,1,0,2,4,1,20,1,1,0,0.5491,20.17,2.77,6.3,1.0
CART-A-100,19,3,3,0,1,1,1,0,0,0,1,0,1,40,1,1,2,0.0014,1.4,6.26,15.52,0.3891
CART-A-100,19,3,0,0,1,0,0,1,0,1,1,1,1,40,1,1,2,0.0217,0.0,7.28,9.74,0.36
CART-A-100,19,1,0,0,1,0,0,0,1,0,2,4,1,20,1,0,0,0.3507,2.99,3.22,6.4,1.0
CART-A-100,19,2,2,0,1,0,0,0,1,0,1,0,0,20,0,0,0,0.2751,31.83,998.8,1.69,1.0
SAMOTAI-A-39,19,2,1,0,1,1,0,0,1,1,2,6,1,20,0,1,0,0.4356,16.64,2.84,5.6,1.0
SAMOTAI-A-39,19,3,1,0,0,0,1,0,1,0,0,0,0,30,0,1,0,0.1315,1000.0,998.8,8.74,1.0
SAMOTAI-A-39,19,1,3,0,0,1,0,0,1,1,1,6,0,40,0,0,0,0.3569,1000.0,998.8,6.0,1.0
SAMOTAI-A-39,19,1,3,0,1,0,1,1,1,1,2,2,0,30,0,0,0,0.4663,0.0,998.8,6.0,1.0
SAMOTAI-A-39,19,2,0,0,0,1,0,1,0,0,2,1,1,20,1,1,0,0.539,1000.0,2.77,6.3,1.0
SAMOTAI-A-39,19,0,1,0,0,0,0,0,1,1,1,3,1,40,1,1,0,0.0047,1000.0,3.22,40.18,1.0
SAMOTAI-A-39,19,2,3,0,1,0,0,0,1,0,0,6,0,40,0,0,0,0.6321,2.14,998.8,0.08,1.0
SAMOTAI-A-39,19,3,3,0,1,0,1,1,1,1,2,6,1,40,1,1,2,0.0003,1.97,6.26,19.34,0.2898
SAMOTAI-A-39,19,3,3,0,1,1,0,0,0,0,0,6,1,30,1,1,0,0.0003,1.49,2.83,16.29,0.2106
SAMOTAI-A-39,19,3,3,0,0,1,1,0,1,0,2,0,0,40,1,1,2,0.0,1000.0,998.8,15.98,0.3772
SAMOTAI-A-39,19,3,3,0,1,0,1,1,1,1,2,6,1,40,1,1,0,0.0019,0.0,2.83,14.45,0.2414
SAMOTAI-A-39,19,3,3,0,1,1,0,0,0,1,2,6,1,40,1,1,1,0.0056,0.0,2.83,15.97,0.3209
SAMOTAI-A-39,19,3,2,0,1,0,0,0,1,1,0,4,0,40,0,1,2,0.3986,1.27,998.8,8.72,1.0
SAMOTAI-A-39,19,3,2,0,1,0,0,0,1,1,0,4,1,40,0,1,2,0.5935,1.51,6.26,8.67,1.0
SAMOTAI-A-100,19,3,1,0,1,0,1,0,1,0,1,3,1,40,0,1,2,0.6738,0.0,7.25,8.79,0.6115
SAMOTAI-A-100,19,3,1,0,0,0,0,0,0,1,2,6,1,20,0,0,0,0.1319,1000.0,7.28,8.75,1.0
SAMOTAI-A-100,19,0,2,0,0,1,0,0,0,1,0,1,1,20,1,1,0,0.0392,1000.0,4.77,4.93,1.0
SAMOTAI-A-100,19,1,3,0,0,0,0,0,0,0,0,6,0,20,0,0,0,0.4625,1000.0,998.8,6.0,0.8007
SAMOTAI-A-100,19,3,1,0,0,0,0,0,0,0,2,0,0,20,1,0,1,0.485,1000.0,998.8,4.55,1.0
SAMOTAI-A-100,19,0,0,0,1,1,0,1,0,0,2,4,0,20,0,0,0,0.0614,9.26,998.8,12.07,1.0
SAMOTAI-A-100,19,2,0,0,1,0,1,0,0,0,2,6,0,40,0,1,0,0.5275,13.29,998.8,6.32,1.0
SAMOTAI-A-100,19,2,3,0,1,0,1,0,1,0,2,5,1,30,1,1,0,0.6321,14.6,4.76,0.15,1.0
SAMOTAI-A-100,19,3,3,0,0,1,1,1,0,1,2,4,1,40,0,0,0,0.0005,1000.0,2.83,13.35,0.2604
SAMOTAI-A-100,19,3,3,0,1,1,1,1,1,1,2,6,1,40,1,1,0,0.0009,0.0,2.83,18.13,0.1803
SAMOTAI-A-100,19,0,2,0,0,0,0,0,1,0,1,0,1,20,0,0,0,0.0392,1000.0,4.77,4.93,1.0
SAMOTAI-A-100,19,0,3,0,0,0,0,0,1,0,2,5,0,40,0,0,0,0.1334,1000.0,998.8,38.66,1.0
CART-F-39,19,3,0,0,1,0,0,1,0,1,1,1,1,40,1,1,1,0.0183,0.0,3.86,6.28,0.2606
CART-F-39,19,3,0,0,1,0,0,0,0,1,2,5,1,20,0,1,1,0.0,2.64,3.86,6.28,0.246
CART-F-39,19,3,1,0,1,0,1,1,1,0,1,2,1,30,0,0,1,0.5816,0.0,3.81,4.43,1.0
CART-F-39,19,3,0,0,1,0,0,1,0,0,2,6,1,40,1,1,2,0.0182,0.0,7.28,9.74,0.36
CART-F-39,19,3,3,0,1,0,0,1,0,1,1,1,1,40,1,1,1,0.0083,0.0,2.83,14.45,0.3529
CART-F-39,19,3,0,0,0,1,1,1,0,0,0,5,1,20,1,1,0,0.0001,1000.0,3.86,6.28,0.4044
CART-F-39,19,2,3,0,1,1,0,0,0,1,2,5,1,20,0,1,0,0.6321,31.09,4.77,0.06,1.0
CART-F-39,19,1,3,0,1,1,1,0,1,0,0,2,0,30,0,0,0,0.3803,10.42,998.8,6.0,1.0
CART-F-39,19,3,2,0,1,0,0,1,0,1,1,1,1,40,1,1,1,0.0837,0.0,2.83,19.01,0.2913
CART-F-39,19,2,3,0,0,1,0,1,0,1,1,2,0,40,0,1,0,0.6321,1000.0,998.8,0.08,1.0
CART-F-100,19,3,0,0,1,0,0,1,1,1,1,1,1,40,1,0,0,0.0228,0.0,3.86,6.28,0.418
CART-F-100,19,3,1,0,1,0,1,1,0,0,1,1,1,40,0,0,0,0.0671,0.0,7.25,8.71,0.855
CART-F-100,19,3,2,0,1,0,1,0,0,0,0,2,1,40,1,0,0,0.1035,4.48,2.82,15.21,0.3421
CART-F-100,19,0,1,0,0,0,1,0,1,1,1,2,1,20,1,0,0,0.032,1000.0,3.25,40.18,1.0
CART-F-100,19,2,0,0,1,0,0,1,0,1,1,1,1,40,1,1,0,0.5212,5.95,2.81,6.32,1.0
CART-F-100,19,3,1,0,1,0,1,1,1,0,1,1,1,40,0,0,0,0.0779,0.0,7.25,8.73,1.0
CART-F-100,19,3,2,0,1,0,1,0,1,0,0,2,1,40,1,0,1,0.23,4.06,2.82,14.84,0.3245
CART-F-100,19,1,2,0,1,1,0,0,1,0,0,1,1,30,1,1,0,0.2358,10.27,8.22,9.5,1.0
CART-F-100,19,0,2,0,0,1,0,1,0,0,0,3,0,40,1,1,0,0.1093,1000.0,998.8,4.9,1.0
CART-F-100,19,2,0,0,1,0,0,1,1,1,1,1,1,40,1,1,0,0.5212,5.95,2.81,6.32,1.0
CART-F-100,19,3,2,0,1,0,1,0,0,0,0,2,1,40,1,0,1,0.1328,3.28,2.82,14.11,0.3311
CART-F-100,19,1,0,0,0,1,0,0,0,0,0,3,1,20,0,1,0,0.3526,1000.0,3.22,6.4,1.0
CART-F-100,19,3,0,0,1,0,0,1,0,1,1,1,1,40,1,1,0,0.0182,0.0,3.86,6.28,0.418
SAMOTAI-F-39,19,0,1,0,0,0,0,0,1,1,0,1,0,20,0,0,0,0.0315,1000.0,998.8,40.18,1.0
SAMOTAI-F-39,19,3,0,0,0,0,1,1,0,0,2,5,1,30,1,0,2,0.0004,1000.0,7.28,9.74,0.3652
SAMOTAI-F-39,19,0,2,0,0,1,1,1,1,0,0,6,1,20,1,1,0,0.0404,1000.0,4.77,4.93,1.0
SAMOTAI-F-39,19,2,3,0,0,1,1,0,0,0,0,2,0,30,1,1,0,0.6321,1000.0,998.8,0.15,1.0
SAMOTAI-F-39,19,1,0,0,0,0,0,0,1,0,2,2,0,40,1,1,0,0.4217,1000.0,998.8,6.43,1.0
SAMOTAI-F-39,19,3,3,0,0,1,0,0,1,0,2,6,0,20,1,1,2,0.0,1000.0,998.8,16.3,0.3686
SAMOTAI-F-39,19,3,0,0,1,0,1,0,1,1,0,6,0,40,0,0,0,0.0004,0.0,998.8,6.28,0.4016
SAMOTAI-F-39,19,3,0,0,1,1,0,1,0,1,0,0,1,40,1,1,2,0.0214,0.0,7.28,9.74,0.3615
SAMOTAI-F-39,19,1,3,0,1,1,1,1,1,0,2,4,0,40,0,0,0,0.4384,0.0,998.8,6.0,1.0
SAMOTAI-F-39,19,3,3,0,0,1,1,0,0,0,0,5,0,40,1,1,0,0.0006,1000.0,998.8,13.29,0.2613
SAMOTAI-F-39,19,3,3,0,0,1,1,0,0,1,2,1,1,30,1,0,2,0.0004,1000.0,6.26,16.3,0.3686
SAMOTAI-F-39,19,3,3,0,0,1,1,0,0,1,2,6,1,40,0,0,0,0.0006,1000.0,2.83,13.18,0.2633
SAMOTAI-F-100,19,0,1,0,1,1,1,0,0,1,0,6,1,30,1,1,0,0.0244,18.98,3.23,40.18,1.0
SAMOTAI-F-100,19,1,3,0,0,1,1,1,0,1,1,1,0,30,0,0,0,0.4142,1000.0,998.8,6.0,1.0
SAMOTAI-F-100,19,1,1,0,0,1,0,0,0,0,2,0,1,20,1,0,0,0.3289,1000.0,3.32,10.15,1.0
SAMOTAI-F-100,19,3,0,0,0,1,0,0,1,0,0,3,0,30,1,0,1,0.0001,1000.0,998.8,6.28,0.2552
SAMOTAI-F-100,19,3,1,0,0,1,0,0,1,1,2,0,0,40,1,1,2,0.4133,1000.0,998.8,8.84,1.0
SAMOTAI-F-100,19,0,0,0,0,0,0,0,1,0,2,4,0,20,1,1,0,0.0613,1000.0,998.8,12.07,1.0
SAMOTAI-F-100,19,2,3,0,0,0,0,1,1,1,2,6,0,40,1,0,0,0.6321,1000.0,998.8,0.1,1.0
SAMOTAI-F-100,19,1,3,0,0,1,0,0,1,1,2,6,1,40,1,0,0,0.3579,1000.0,4.74,6.0,1.0
SAMOTAI-F-100,19,3,3,0,1,1,1,1,1,1,2,6,1,40,1,1,0,0.0064,0.0,2.83,14.45,0.2414
SAMOTAI-F-100,19,3,3,0,0,1,1,1,1,1,2,3,0,40,0,0,0,0.0005,1000.0,998.8,13.4,0.2593
SAMOTAI-F-100,19,3,3,0,1,1,1,1,0,1,1,1,1,20,1,1,2,0.0002,6.37,6.26,19.76,0.2596
SAMOTAI-F-100,19,1,3,0,0,1,0,0,1,1,2,1,1,20,0,1,0,0.4171,1000.0,4.74,6.0,0.792
SAMOTAI-F-100,19,1,2,0,0,1,0,0,1,1,2,1,0,30,0,1,0,0.2542,1000.0,998.8,9.5,1.0
SAMOTAE-A,19,1,3,0,1,0,1,0,0,0,1,1,0,20,1,1,0,0.4544,34.57,998.8,6.0,0.8502
SAMOTAE-A,19,3,2,0,1,1,1,1,1,0,0,6,0,40,0,0,0,0.0687,0.0,998.8,19.04,0.2955
SAMOTAE-A,19,2,0,0,0,0,0,1,0,1,1,0,1,40,0,0,0,0.5212,1000.0,2.81,6.32,1.0
SAMOTAE-A,19,0,3,0,1,0,1,0,1,1,2,5,1,40,1,1,0,0.1336,0.0,4.74,38.66,1.0
SAMOTAE-A,19,0,0,0,1,1,1,1,0,0,0,6,1,40,1,0,0,0.0246,0.0,3.2,12.07,1.0
SAMOTAE-A,19,3,3,0,0,1,1,0,0,1,2,5,0,20,1,0,0,0.0002,1000.0,998.8,14.4,0.2424
SAMOTAE-A,19,3,3,0,0,0,0,1,0,0,1,0,1,40,1,1,2,0.0002,1000.0,6.26,15.52,0.3894
SAMOTAE-A,19,3,3,0,1,1,1,1,1,1,2,6,1,40,1,1,2,0.0011,2.72,6.26,19.76,0.279
SAMOTAE-A,19,3,3,0,0,1,0,1,0,0,1,6,1,40,1,1,2,0.0,1000.0,6.26,16.25,0.3701
SAMOTAE-A,19,0,2,0,1,1,1,1,0,0,1,5,1,30,0,0,0,0.0438,16.0,4.75,4.91,1.0
SAMOTAE-A,19,3,3,0,0,1,0,1,0,0,2,6,0,40,1,1,2,0.0,1000.0,998.8,16.3,0.3686
SAMOTAE-A,19,1,2,0,0,0,0,0,0,0,1,2,1,20,1,0,0,0.263,1000.0,8.22,9.5,1.0
SAMOTAE-A,19,1,0,0,0,0,0,0,1,0,0,4,1,20,1,0,0,0.3526,1000.0,3.22,6.4,1.0
SAMOTAE-F,19,1,0,0,1,0,0,0,1,0,1,4,1,40,0,1,0,0.6503,0.0,3.22,6.44,1.0
SAMOTAE-F,19,0,0,0,0,0,0,0,1,0,2,0,0,20,0,1,0,0.0614,1000.0,998.8,12.07,1.0
SAMOTAE-F,19,3,1,0,0,1,1,1,1,1,2,5,1,20,1,0,1,0.4827,1000.0,3.83,4.56,1.0
SAMOTAE-F,19,3,3,0,0,1,1,0,1,0,1,6,1,40,0,0,2,0.0,1000.0,6.26,15.45,0.3911
SAMOTAE-F,19,1,2,0,1,0,0,1,0,1,0,3,1,20,0,0,0,0.2711,20.63,8.22,9.5,0.9154
SAMOTAE-F,19,2,0,0,0,0,1,1,0,1,0,0,0,40,0,0,0,0.5212,1000.0,998.8,6.32,1.0
SAMOTAE-F,19,0,0,0,1,0,0,0,1,0,0,6,1,40,0,1,0,0.0211,0.0,3.22,12.07,1.0
SAMOTAE-F,19,3,3,0,1,0,0,1,0,1,2,6,0,40,1,1,0,0.0013,0.0,998.8,14.5,0.2407
SAMOTAE-F,19,3,0,0,1,0,1,1,0,1,2,6,0,40,1,1,0,0.0179,0.0,998.8,6.28,0.4044
SAMOTAE-F,19,3,3,0,1,1,1,1,1,1,2,6,1,40,1,1,2,0.0001,4.4,6.26,19.76,0.2681
SAMOTAE-F,19,0,3,0,1,0,0,1,0,1,0,0,1,20,0,0,0,0.149,0.64,4.72,38.66,1.0
SAMOTAE-F,19,3,3,0,1,0,1,1,0,1,2,6,0,40,1,1,0,0.0055,0.0,998.8,14.46,0.2413
SAMOTAE-F,19,3,3,0,1,1,1,1,0,1,0,6,1,40,1,1,2,0.0006,5.12,6.26,19.51,0.2852
MOSA-A,19,2,3,0,0,1,0,1,0,1,2,1,0,30,1,0,0,0.6321,1000.0,998.8,0.12,1.0
MOSA-A,19,3,3,0,1,1,1,1,0,1,2,3,1,40,1,0,1,0.0124,0.0,2.83,14.45,0.3532
MOSA-A,19,2,0,0,0,1,1,1,0,0,0,1,0,20,1,1,0,0.4792,1000.0,998.8,6.3,1.0
MOSA-A,19,1,3,0,1,1,1,1,1,1,1,6,1,30,1,1,0,0.3943,0.95,4.74,6.0,1.0
MOSA-A,19,1,3,0,1,1,0,1,0,1,2,1,0,30,1,0,0,0.3938,1.27,998.8,6.0,1.0
MOSA-A,19,2,0,0,0,0,1,1,0,0,0,1,0,20,1,0,0,0.5106,1000.0,998.8,6.3,1.0
MOSA-A,19,2,3,0,0,1,0,1,0,1,2,1,0,30,1,1,0,0.6321,1000.0,998.8,0.13,1.0
MOSA-F,19,3,2,0,0,1,0,0,1,1,1,6,1,40,0,0,1,0.1849,1000.0,2.82,15.24,0.3216
MOSA-F,19,3,0,0,1,0,0,1,0,0,1,3,0,30,0,0,1,0.0001,1.54,998.8,6.28,0.2516
MOSA-F,19,3,0,0,0,1,1,1,1,1,1,2,0,20,1,0,0,0.0001,1000.0,998.8,6.28,0.3913
MOSA-F,19,3,0,0,1,0,0,1,0,0,1,3,0,30,0,1,1,0.0,0.77,998.8,6.28,0.2552
MOSA-F,19,3,2,0,0,1,0,0,1,1,1,6,1,40,0,1,1,0.0912,1000.0,2.82,15.83,0.3183
FITEST-A,19,3,3,0,0,0,0,0,1,0,1,4,0,20,1,0,1,0.0003,1000.0,998.8,14.47,0.3523
FITEST-A,19,0,3,0,0,0,1,0,1,1,0,0,1,30,0,1,0,0.1334,1000.0,4.74,38.66,1.0
FITEST-A,19,0,2,0,0,0,1,0,0,0,2,6,0,30,0,0,0,0.0439,1000.0,998.8,4.91,1.0
FITEST-A,19,0,0,0,0,0,1,0,0,1,0,0,0,20,0,1,0,0.0614,1000.0,998.8,12.07,1.0
FITEST-A,19,2,0,0,0,1,1,0,1,1,1,6,0,30,1,0,0,1.5,1000.0,998.8,6.32,1.0
FITEST-A,19,0,0,0,0,1,0,0,0,0,2,3,1,30,0,0,0,0.0182,1000.0,3.22,12.07,1.0
FITEST-A,19,0,0,0,0,0,1,0,0,1,0,0,0,40,0,1,0,0.0011,1000.0,998.8,12.07,1.0
FITEST-A,19,0,1,0,0,0,1,0,0,0,2,6,0,30,0,0,0,0.0098,1000.0,998.8,40.18,1.0
FITEST-A,19,0,2,0,0,0,1,0,1,1,0,0,0,30,0,0,0,0.0438,1000.0,998.8,4.91,1.0
FITEST-A,19,1,0,0,0,0,1,0,1,1,0,5,0,30,0,0,0,0.4098,1000.0,998.8,6.42,1.0
FITEST-F,19,0,0,0,1,0,0,0,0,1,0,6,0,20,1,0,0,0.0645,18.65,998.8,12.07,1.0
FITEST-F,19,0,2,0,1,0,0,1,0,1,1,0,1,20,0,0,0,0.0392,23.84,4.77,4.93,1.0
FITEST-F,19,3,2,0,1,1,1,0,0,0,1,3,1,40,1,0,2,0.0697,3.2,6.26,15.8,0.4167
FITEST-F,19,0,3,0,0,1,0,0,0,0,0,2,0,40,1,0,0,0.1334,1000.0,998.8,38.66,1.0
FITEST-F,19,2,0,0,0,1,1,1,1,1,1,3,0,40,0,1,0,0.5212,1000.0,998.8,6.32,1.0
FITEST-F,19,3,2,0,0,1,0,1,1,0,0,5,0,20,1,1,1,0.0874,1000.0,998.8,19.59,0.2859
FITEST-F,19,3,2,0,1,1,1,0,1,0,1,3,1,40,1,0,2,0.0753,0.0,6.26,15.75,0.4176
FITEST-F,19,2,2,0,0,1,0,0,0,0,0,2,0,40,1,0,0,0.3128,1000.0,998.8,1.74,1.0
FITEST-F,19,0,2,0,0,1,0,0,0,0,0,2,0,40,1,0,0,0.1093,1000.0,998.8,4.9,1.0
FITEST-F,19,2,1,0,0,1,1,0,1,0,1,3,0,40,0,0,0,1.5,1000.0,998.8,5.47,1.0
FITEST-F,19,2,0,0,0,1,1,0,1,0,1,3,0,40,0,0,0,0.4081,1000.0,998.8,6.32,1.0
FITEST-F,19,2,0,0,1,1,1,1,1,1,1,3,0,40,0,1,0,0.4888,6.0,998.8,6.32,1.0
FITEST-F,19,2,1,0,0,1,1,0,0,0,1,3,0,40,0,0,0,0.4369,1000.0,998.8,5.63,1.0
RANDOM,19,2,0,0,0,1,0,0,1,1,2,0,1,20,0,1,0,0.539,1000.0,2.77,6.3,1.0
RANDOM,19,2,3,0,1,0,0,1,0,0,0,3,0,40,1,0,0,0.6321,0.0,998.8,0.1,1.0
RANDOM,19,1,2,0,1,0,1,0,0,1,1,4,0,40,0,1,0,0.2884,6.29,998.8,9.5,1.0
RANDOM,19,2,2,0,1,0,1,0,1,0,2,3,0,40,0,1,0,0.5868,0.0,998.8,1.74,1.0
RANDOM,19,2,0,0,0,1,1,1,1,1,2,2,0,30,0,1,0,0.5572,1000.0,998.8,6.32,1.0
RANDOM,19,3,1,0,1,1,1,1,1,0,2,3,0,30,1,0,1,0.5521,0.0,998.8,4.38,0.8119
RANDOM,19,2,2,0,0,0,1,0,0,1,2,0,1,20,1,1,0,0.2726,1000.0,15.93,1.69,1.0
RANDOM,19,3,3,0,1,1,1,0,1,1,1,4,0,40,1,0,0,0.0114,0.0,998.8,16.02,0.2151
RANDOM,19,2,3,0,1,1,1,1,1,0,2,3,0,40,0,1,0,0.6321,0.0,998.8,0.08,1.0
RANDOM,19,2,1,0,0,0,0,0,1,0,2,6,0,40,0,0,0,0.4718,1000.0,998.8,5.18,1.0
RANDOM,19,2,3,0,1,1,0,0,1,1,2,1,1,40,0,1,0,0.6321,2.53,4.75,0.11,1.0
RANDOM,19,0,2,0,0,1,1,0,0,1,1,4,1,30,1,1,0,0.0439,1000.0,4.75,4.91,1.0
RANDOM,19,0,2,0,0,1,1,0,1,0,1,4,0,20,1,0,0,0.0392,1000.0,998.8,4.93,1.0
RANDOM,19,2,0,0,0,0,1,0,1,0,2,5,1,40,0,0,0,0.4701,1000.0,2.83,6.32,1.0
RANDOM,19,3,2,0,0,1,1,1,1,0,2,4,1,40,0,1,2,0.4258,1000.0,6.26,8.65,1.0
RANDOM,19,2,2,0,1,1,1,0,0,1,1,6,0,40,1,0,0,0.5891,0.0,998.8,1.74,1.0
RANDOM,19,2,0,0,0,0,0,1,0,1,2,1,1,20,0,0,0,0.539,1000.0,2.77,6.3,1.0
RANDOM,19,1,1,0,0,0,1,1,0,0,0,4,0,20,1,1,0,0.3078,1000.0,998.8,10.15,1.0
RANDOM,19,0,1,0,1,0,1,0,1,1,2,3,0,20,1,1,0,0.0414,34.59,998.8,40.18,1.0
CART-A-39,20,3,1,0,1,0,0,1,0,1,1,1,1,40,1,1,1,0.8005,0.0,3.79,4.28,1.0
CART-A-39,20,3,1,0,1,0,0,0,0,1,2,5,1,20,0,1,1,0.4802,2.66,3.83,4.57,1.0
CART-A-39,20,3,3,0,1,1,1,1,1,0,1,2,1,30,0,0,1,0.0,2.15,2.83,17.11,0.2964
CART-A-39,20,0,3,0,1,0,0,1,0,1,1,1,1,40,1,1,0,0.1334,0.0,4.74,38.66,1.0
CART-A-39,20,2,2,0,1,0,0,0,0,0,0,3,1,20,1,1,0,0.2744,30.49,15.93,1.69,1.0
CART-A-39,20,2,3,0,1,1,1,1,1,1,1,5,1,20,1,1,0,0.6321,28.94,4.77,0.09,1.0
CART-A-39,20,1,3,0,1,1,0,1,1,1,1,6,0,40,1,0,0,0.3986,0.0,998.8,6.0,1.0
CART-A-39,20,1,2,0,0,0,0,1,1,1,1,1,1,40,1,1,0,0.2631,1000.0,8.22,9.5,1.0
CART-A-39,20,1,0,0,0,0,0,0,0,0,0,3,1,20,1,1,0,0.3526,1000.0,3.22,6.4,1.0
CART-A-39,20,0,2,0,1,0,1,1,0,1,1,5,1,20,1,1,0,0.0406,23.83,4.77,4.93,1.0
CART-A-39,20,2,3,0,1,0,0,0,0,1,1,4,1,20,1,1,0,0.6321,26.37,4.77,0.09,1.0
CART-A-39,20,2,3,0,1,1,0,1,0,1,1,1,1,40,1,1,0,0.6321,0.0,4.75,0.1,1.0
CART-A-39,20,1,0,0,1,0,0,0,0,0,0,3,1,20,1,1,0,0.3527,3.03,3.22,6.4,1.0
CART-A-100,20,3,0,0,1,0,0,1,0,1,1,1,1,40,1,0,0,0.0182,0.0,3.86,6.28,0.418
CART-A-100,20,3,1,0,1,0,1,1,1,0,1,1,1,40,0,0,0,0.0994,0.0,7.25,8.72,0.8535
CART-A-100,20,3,2,0,1,0,1,0,0,0,0,2,1,40,1,0,0,0.1006,3.46,2.83,14.25,0.3539
CART-A-100,20,2,2,0,1,0,0,1,1,1,1,1,1,40,1,1,0,0.3651,0.0,15.93,1.74,1.0
CART-A-100,20,0,2,0,1,1,1,1,1,1,2,2,1,40,1,0,0,0.1093,13.11,4.74,4.9,1.0
CART-A-100,20,3,2,0,0,0,0,0,0,0,2,4,1,20,1,1,0,0.0799,1000.0,2.86,21.69,0.2641
CART-A-100,20,3,0,0,0,1,1,1,0,1,0,6,1,30,0,1,0,0.0,1000.0,3.86,6.28,0.3817
CART-A-100,20,1,2,0,1,0,0,1,1,1,1,1,1,40,1,1,0,0.2947,0.0,8.22,9.5,1.0
CART-A-100,20,2,2,0,1,1,1,1,1,1,2,2,1,40,1,0,0,1.5,0.0,15.93,0.0,1.0
CART-A-100,20,2,3,0,0,0,0,0,1,0,2,4,1,20,1,1,0,0.6321,1000.0,4.77,0.11,1.0
CART-A-100,20,0,1,0,1,0,1,1,1,0,1,1,1,40,0,0,0,0.0525,5.57,3.22,40.18,1.0
CART-A-100,20,1,0,0,1,0,0,0,1,0,2,4,1,20,1,0,0,0.3507,2.99,3.22,6.4,1.0
CART-A-100,20,2,1,0,1,1,0,0,0,0,2,6,1,30,1,0,0,0.4764,9.11,2.78,5.42,1.0
CART-A-100,20,0,2,0,0,0,0,1,1,0,2,5,1,40,0,0,0,0.1093,1000.0,4.74,4.9,1.0
CART-A-100,20,1,1,0,0,0,1,1,0,0,1,1,1,40,0,0,0,0.4521,1000.0,3.32,10.15,1.0
SAMOTAI-A-39,20,3,3,0,1,0,1,0,0,1,1,1,1,30,1,0,1,0.0,2.0,2.83,16.75,0.3043
SAMOTAI-A-39,20,3,0,0,1,1,0,0,1,0,0,3,0,40,0,0,2,0.0024,0.0,998.8,9.74,0.3428
SAMOTAI-A-39,20,1,3,0,1,1,1,0,1,0,1,5,0,20,0,1,0,0.4464,34.57,998.8,6.0,0.9135
SAMOTAI-A-39,20,1,0,0,0,1,1,1,1,1,2,4,1,30,0,0,0,0.4098,1000.0,3.22,6.42,1.0
SAMOTAI-A-39,20,0,2,0,1,0,0,0,1,0,0,1,1,30,1,0,0,0.0438,25.03,4.75,4.91,1.0
SAMOTAI-A-39,20,3,0,0,1,1,0,1,1,1,0,6,0,20,1,0,2,0.0076,0.0,998.8,9.74,0.3602
SAMOTAI-A-39,20,2,0,0,0,0,1,1,1,1,2,6,0,40,0,0,0,0.5212,1000.0,998.8,6.32,1.0
SAMOTAI-A-39,20,3,3,0,1,0,1,1,1,1,2,6,1,40,1,1,2,0.0003,1.97,6.26,19.34,0.2898
SAMOTAI-A-39,20,0,0,0,0,0,1,1,1,1,2,6,0,40,0,0,0,0.0011,1000.0,998.8,12.07,1.0
SAMOTAI-A-39,20,3,3,0,1,0,1,1,1,1,2,6,1,40,1,1,0,0.0019,0.0,2.83,14.45,0.2414
SAMOTAI-A-39,20,3,0,0,1,0,1,0,1,1,2,6,1,40,1,0,2,0.0028,0.0,7.28,9.74,0.342
SAMOTAI-A-39,20,1,3,0,1,0,0,1,0,0,2,1,1,30,1,1,0,0.4416,0.0,4.74,6.0,1.0
SAMOTAI-A-39,20,0,0,0,0,0,1,1,1,1,2,3,0,40,0,0,0,0.0011,1000.0,998.8,12.07,1.0
SAMOTAI-A-39,20,2,2,0,0,0,0,0,0,0,1,2,1,20,1,0,0,0.2726,1000.0,15.93,1.69,1.0
SAMOTAI-A-100,20,3,3,0,1,1,1,1,1,1,2,3,1,20,0,1,0,0.0001,3.67,2.83,18.22,0.1787
SAMOTAI-A-100,20,0,3,0,0,0,0,1,0,0,2,0,0,40,0,0,0,0.1334,1000.0,998.8,38.66,1.0
SAMOTAI-A-100,20,0,3,0,0,1,1,0,0,0,1,5,0,40,0,0,0,0.1334,1000.0,998.8,38.66,1.0
SAMOTAI-A-100,20,3,0,0,1,1,1,0,0,1,1,6,1,20,1,1,2,0.0003,6.98,7.28,9.74,0.2723
SAMOTAI-A-100,20,1,0,0,0,0,0,1,1,0,2,2,0,20,1,0,0,0.3526,1000.0,998.8,6.4,1.0
SAMOTAI-A-100,20,3,0,0,0,0,1,1,1,1,1,1,1,40,0,1,2,0.0003,1000.0,7.28,9.74,0.3847
SAMOTAI-A-100,20,2,2,0,0,1,0,1,1,0,2,6,0,40,0,0,0,0.3295,1000.0,998.8,1.74,1.0
SAMOTAI-A-100,20,3,3,0,1,0,1,1,1,1,2,6,1,40,1,1,2,0.0009,3.28,6.26,19.76,0.2607
SAMOTAI-A-100,20,3,3,0,1,0,1,1,1,1,2,6,1,40,1,1,0,0.0051,0.0,2.83,14.41,0.2422
SAMOTAI-A-100,20,3,3,0,1,0,1,1,1,1,2,4,0,40,0,0,0,0.0009,0.0,998.8,14.45,0.2413
SAMOTAI-A-100,20,3,3,0,1,0,1,0,0,1,2,4,0,40,0,0,0,0.0015,0.0,998.8,15.99,0.2156
SAMOTAI-A-100,20,3,2,0,0,0,0,1,1,1,2,6,1,40,0,0,1,0.2264,1000.0,2.82,15.25,0.3209
SAMOTAI-A-100,20,1,1,0,0,0,0,1,0,0,1,5,0,20,1,1,0,0.3289,1000.0,998.8,10.15,1.0
CART-F-39,20,3,0,0,1,0,0,1,0,1,1,1,1,40,1,1,1,0.0183,0.0,3.86,6.28,0.2606
CART-F-39,20,3,1,0,1,0,0,0,0,1,2,5,1,20,0,1,1,0.504,2.64,3.83,4.58,1.0
CART-F-39,20,3,1,0,1,0,1,1,1,0,1,2,1,30,0,0,1,0.5816,0.0,3.81,4.43,1.0
CART-F-39,20,2,2,0,0,1,1,1,0,0,0,2,1,40,0,0,0,0.3048,1000.0,15.93,1.74,1.0
CART-F-39,20,3,2,0,1,1,0,1,0,1,1,1,1,40,1,1,1,0.0654,0.0,2.82,18.92,0.2924
CART-F-39,20,3,0,0,1,0,1,1,1,0,1,2,1,30,0,0,1,0.0001,0.76,3.86,6.28,0.2552
CART-F-39,20,0,2,0,0,1,1,1,0,1,2,3,1,20,1,0,0,0.0392,1000.0,4.77,4.93,1.0
CART-F-39,20,3,3,0,1,1,0,1,0,1,1,1,1,40,1,1,1,0.0,0.0,2.83,17.81,0.2814
CART-F-39,20,3,1,0,1,0,0,1,0,1,1,1,1,40,1,1,1,0.5035,0.0,3.78,4.3,1.0
CART-F-39,20,2,3,0,1,1,1,1,1,0,1,2,1,30,0,0,0,0.6321,0.0,4.75,0.14,1.0
CART-F-39,20,1,0,0,0,0,1,0,0,1,0,2,1,30,1,0,0,0.4098,1000.0,3.22,6.42,1.0
CART-F-39,20,2,0,0,1,0,0,1,0,1,1,1,1,40,1,1,0,0.5212,5.95,2.81,6.32,1.0
CART-F-100,20,3,0,0,1,0,0,1,1,1,1,1,1,40,1,1,0,0.0182,0.0,3.86,6.28,0.418
CART-F-100,20,3,1,0,1,0,1,1,0,0,1,1,1,40,0,0,0,0.0671,0.0,7.25,8.71,0.855
CART-F-100,20,3,2,0,1,0,1,0,0,0,0,2,1,40,1,1,0,0.1475,2.57,2.82,5.1,1.0
CART-F-100,20,3,2,0,1,0,1,1,0,0,1,4,1,40,0,1,0,0.0572,0.0,2.82,19.01,0.296
CART-F-100,20,3,0,0,1,0,0,1,0,1,1,1,1,40,1,1,0,0.0182,0.0,3.86,6.28,0.418
CART-F-100,20,3,1,0,1,0,0,1,1,0,1,1,1,40,0,0,0,0.0622,0.0,7.25,8.72,1.0
CART-F-100,20,3,2,0,1,1,0,0,1,1,2,6,0,40,0,0,1,0.166,4.34,998.8,15.15,0.3225
CART-F-100,20,3,2,0,1,0,1,0,1,0,0,2,1,40,1,0,0,0.1974,4.42,2.82,15.24,0.3421
CART-F-100,20,2,2,0,1,0,1,0,0,0,1,4,1,20,1,1,0,0.2709,31.42,15.93,1.69,1.0
CART-F-100,20,3,0,0,1,0,0,1,1,1,1,1,1,40,1,0,0,0.0228,0.0,3.86,6.28,0.418
SAMOTAI-F-39,20,1,2,0,0,1,0,1,0,0,2,2,1,20,1,0,0,0.2428,1000.0,8.22,9.5,0.7564
SAMOTAI-F-39,20,0,0,0,0,0,1,0,0,0,0,6,1,40,0,1,0,0.0011,1000.0,3.22,12.07,1.0
SAMOTAI-F-39,20,3,3,0,1,1,0,1,0,0,2,6,0,30,1,0,1,0.0004,2.21,998.8,17.01,0.2986
SAMOTAI-F-39,20,2,0,0,1,1,0,0,0,1,1,6,1,40,0,0,0,0.4923,13.19,2.82,6.32,1.0
SAMOTAI-F-39,20,0,3,0,0,0,1,0,1,0,0,4,0,30,0,1,0,0.1334,1000.0,998.8,38.66,1.0
SAMOTAI-F-39,20,3,3,0,0,0,0,0,1,0,0,1,1,40,0,0,2,0.0001,1000.0,6.26,15.52,0.3894
SAMOTAI-F-39,20,1,2,0,1,1,0,0,1,0,0,6,0,40,0,0,0,0.2595,9.41,998.8,9.5,1.0
SAMOTAI-F-39,20,3,2,0,1,1,0,1,0,1,0,0,1,40,1,1,2,0.4866,0.0,6.26,8.71,1.0
SAMOTAI-F-39,20,3,3,0,1,1,1,1,1,1,2,6,1,40,1,1,0,0.0055,0.0,2.83,14.46,0.2411
SAMOTAI-F-39,20,3,3,0,1,1,0,0,0,0,0,3,1,20,1,1,0,0.0002,2.42,2.83,17.14,0.1965
SAMOTAI-F-39,20,3,2,0,1,1,1,1,0,1,0,1,0,40,1,1,2,0.0716,-0.12,998.8,14.98,0.4272
SAMOTAI-F-39,20,3,2,0,0,0,1,1,1,0,0,1,0,40,1,1,2,0.3996,1000.0,998.8,8.68,1.0
SAMOTAI-F-100,20,2,3,0,1,0,1,1,0,1,0,4,1,30,1,1,0,0.6321,0.0,4.76,0.15,1.0
SAMOTAI-F-100,20,1,1,0,0,0,0,1,1,0,2,3,0,20,0,0,0,0.3289,1000.0,998.8,10.15,1.0
SAMOTAI-F-100,20,3,1,0,0,0,0,1,1,1,1,6,0,20,1,0,2,0.2382,1000.0,998.8,8.86,1.0
SAMOTAI-F-100,20,2,3,0,0,0,1,0,1,1,0,1,1,40,0,1,0,0.6321,1000.0,4.75,0.1,1.0
SAMOTAI-F-100,20,1,1,0,1,1,0,0,1,1,0,0,0,20,1,0,0,0.3288,22.36,998.8,10.15,1.0
SAMOTAI-F-100,20,2,1,0,1,1,1,0,1,1,2,0,1,40,0,0,0,1.5,6.19,3.13,5.44,1.0
SAMOTAI-F-100,20,2,3,0,1,1,1,0,0,1,2,6,1,40,1,0,0,0.6321,2.34,4.75,0.07,1.0
SAMOTAI-F-100,20,3,3,0,1,1,1,1,1,1,2,2,1,40,1,1,0,0.0032,0.0,2.83,14.45,0.2413
SAMOTAI-F-100,20,3,3,0,1,1,1,1,1,1,2,6,1,40,1,1,0,0.0064,0.0,2.83,14.45,0.2414
SAMOTAI-F-100,20,3,3,0,0,0,0,0,1,1,2,6,1,40,1,1,0,0.0006,1000.0,2.83,13.28,0.2615
SAMOTAI-F-100,20,3,3,0,0,1,1,0,0,0,2,2,1,20,0,1,2,0.0002,1000.0,6.26,16.31,0.3683
SAMOTAI-F-100,20,3,0,0,1,1,1,0,0,1,1,3,0,20,0,0,1,0.0053,0.0,998.8,6.28,0.2543
SAMOTAI-F-100,20,3,3,0,0,0,1,0,0,1,2,0,1,20,0,1,2,0.0001,1000.0,6.26,16.31,0.3683
SAMOTAE-A,20,1,2,0,1,0,1,0,0,0,1,6,1,40,1,1,0,0.5319,0.0,8.22,9.5,1.0
SAMOTAE-A,20,2,2,0,0,0,0,0,0,0,0,2,0,40,1,1,0,0.317,1000.0,998.8,1.74,1.0
SAMOTAE-A,20,1,3,0,1,1,0,0,1,0,1,4,0,20,0,0,0,0.4227,31.5,998.8,6.0,1.0
SAMOTAE-A,20,3,0,0,0,1,1,1,1,1,2,1,0,30,1,0,1,0.0,1000.0,998.8,6.28,0.2556
SAMOTAE-A,20,0,0,0,1,0,1,0,1,0,0,5,0,30,0,1,0,0.0171,2.19,998.8,12.07,1.0
SAMOTAE-A,20,0,1,0,1,1,0,0,0,1,2,1,0,30,0,1,0,0.0329,24.02,998.8,40.18,1.0
SAMOTAE-A,20,3,3,0,1,1,0,1,1,0,2,6,1,20,0,0,2,0.0008,5.46,6.26,19.76,0.2662
SAMOTAE-A,20,0,3,0,0,1,1,0,0,1,2,6,1,20,1,1,0,0.1463,1000.0,4.74,38.66,1.0
SAMOTAE-A,20,3,0,0,0,1,0,0,0,0,2,6,1,30,0,1,2,0.0003,1000.0,7.28,9.74,0.3625
SAMOTAE-A,20,3,3,0,1,1,0,0,0,1,2,0,1,40,1,0,2,0.0003,1.43,6.26,15.52,0.3891
SAMOTAE-A,20,3,3,0,0,0,1,0,0,1,2,6,1,30,1,1,2,0.0,1000.0,6.26,16.19,0.3715
SAMOTAE-A,20,1,3,0,0,0,0,0,0,0,1,3,1,20,1,0,0,0.4254,1000.0,4.74,6.0,1.0
SAMOTAE-A,20,1,0,0,0,0,0,0,1,0,0,4,1,20,1,0,0,0.3526,1000.0,3.22,6.4,1.0
SAMOTAE-F,20,3,2,0,0,1,0,1,1,0,1,6,1,30,1,0,0,0.0623,1000.0,2.84,20.01,0.2839
SAMOTAE-F,20,0,3,0,0,0,0,1,1,1,2,6,1,30,0,0,0,0.1334,1000.0,4.74,38.66,1.0
SAMOTAE-F,20,0,2,0,1,1,0,1,1,1,2,0,0,30,0,0,0,0.0438,16.01,998.8,4.91,1.0
SAMOTAE-F,20,0,0,0,0,0,0,0,1,0,0,1,0,40,1,1,0,0.0011,1000.0,998.8,12.07,1.0
SAMOTAE-F,20,3,3,0,1,1,0,0,0,1,0,0,0,40,1,1,2,0.0001,1.36,998.8,15.47,0.3905
SAMOTAE-F,20,1,3,0,0,0,1,0,1,0,1,3,1,20,1,0,0,0.4027,1000.0,4.74,6.0,0.819
SAMOTAE-F,20,3,1,0,0,0,1,1,1,1,2,6,1,20,0,0,0,0.1394,1000.0,7.28,8.75,1.0
SAMOTAE-F,20,3,3,0,1,1,1,1,1,1,2,6,1,40,1,1,2,0.0001,4.4,6.26,19.76,0.2681
SAMOTAE-F,20,3,2,0,1,1,0,1,1,0,0,6,1,20,1,0,2,0.0954,6.33,6.29,14.82,0.4294
SAMOTAE-F,20,0,3,0,1,1,1,1,0,1,2,6,1,40,1,1,0,0.1334,0.0,4.74,38.66,1.0
SAMOTAE-F,20,0,2,0,1,1,1,1,0,0,0,4,0,20,0,0,0,0.0392,23.82,998.8,4.93,1.0
SAMOTAE-F,20,3,3,0,1,0,1,1,1,1,2,6,1,20,0,0,0,0.001,5.07,2.83,19.8,0.1531
MOSA-A,20,0,3,0,0,1,1,0,0,0,1,4,1,20,1,1,0,0.1383,1000.0,4.74,38.66,1.0
MOSA-A,20,3,1,0,1,0,0,0,1,1,2,1,1,20,0,1,0,0.1192,1.53,7.28,8.76,0.9163
MOSA-A,20,0,1,0,0,1,0,0,1,1,2,6,1,20,1,1,0,0.0321,1000.0,3.25,40.18,1.0
MOSA-A,20,2,3,0,0,1,1,0,0,0,1,1,1,20,1,1,0,0.6321,1000.0,4.77,0.06,1.0
MOSA-A,20,2,1,0,0,1,1,0,0,0,1,1,1,20,1,1,0,0.3784,1000.0,2.9,5.44,1.0
MOSA-F,20,3,1,0,1,0,1,0,1,0,0,4,1,40,0,1,1,0.6138,1.86,3.78,4.47,1.0
MOSA-F,20,0,3,0,0,0,1,1,0,0,1,5,1,30,1,0,0,0.1334,1000.0,4.74,38.66,1.0
MOSA-F,20,3,1,0,1,1,1,0,1,1,2,6,0,20,0,1,1,0.5083,2.68,998.8,4.57,0.8957
MOSA-F,20,3,2,0,1,1,0,1,0,1,2,5,0,40,1,1,2,0.4818,0.0,998.8,8.73,1.0
MOSA-F,20,3,3,0,1,1,1,0,1,1,2,5,0,20,0,1,1,0.0004,2.32,998.8,17.07,0.2974
MOSA-F,20,3,1,0,1,1,1,0,1,1,2,5,0,40,1,1,2,0.3117,0.0,998.8,8.81,0.6078
MOSA-F,20,3,2,0,1,1,0,1,1,1,2,6,0,20,0,1,1,0.0814,8.72,998.8,20.72,0.2755
FITEST-A,20,1,0,0,0,0,1,0,0,1,0,0,0,30,0,1,0,0.4097,1000.0,998.8,6.42,1.0
FITEST-A,20,3,1,0,1,1,1,1,0,0,1,5,1,30,0,1,1,0.6084,0.0,3.78,4.36,1.0
FITEST-A,20,3,2,0,1,0,1,1,0,0,1,1,1,30,0,1,0,0.1266,1.46,2.84,18.1,0.3071
FITEST-A,20,0,3,0,1,1,0,0,0,1,2,5,0,40,1,1,0,0.1335,0.0,998.8,38.66,1.0
FITEST-A,20,3,1,0,1,1,1,1,0,0,0,6,1,30,0,1,1,0.5955,0.0,3.8,4.33,1.0
FITEST-A,20,3,1,0,1,1,1,1,0,0,0,5,1,30,0,1,1,0.6217,0.0,3.81,4.31,1.0
FITEST-A,20,1,0,0,0,0,0,0,0,0,0,4,0,30,0,1,0,0.4098,1000.0,998.8,6.42,1.0
FITEST-A,20,3,3,0,1,0,1,0,1,0,1,1,1,30,0,1,0,0.01,0.0,2.83,16.01,0.2151
FITEST-A,20,3,1,0,1,0,1,1,0,0,1,4,1,30,0,1,0,0.1324,0.0,7.26,8.73,1.0
FITEST-A,20,1,0,0,0,1,0,1,1,1,2,3,1,20,1,1,0,0.3526,1000.0,3.22,6.4,1.0
FITEST-A,20,0,0,0,0,0,0,0,0,0,0,0,0,30,0,1,0,0.0171,1000.0,998.8,12.07,1.0
FITEST-A,20,0,0,0,1,1,1,0,0,0,0,3,0,30,1,0,0,0.02,1.86,998.8,12.07,1.0
FITEST-F,20,3,2,0,0,0,0,1,0,0,1,4,1,20,1,1,1,0.0882,1000.0,2.86,19.97,0.2823
FITEST-F,20,3,2,0,0,1,0,1,0,0,2,0,1,40,1,0,2,0.4655,1000.0,6.26,8.72,1.0
FITEST-F,20,1,1,0,0,1,1,0,0,1,1,6,0,30,0,0,0,0.4236,1000.0,998.8,10.15,1.0
FITEST-F,20,0,2,0,0,1,0,1,1,1,1,1,1,30,1,1,0,0.0438,1000.0,4.75,4.91,1.0
FITEST-F,20,1,0,0,0,0,1,1,0,1,0,0,1,20,0,0,0,0.3526,1000.0,3.22,6.4,1.0
FITEST-F,20,3,2,0,0,1,1,0,1,1,0,1,1,30,0,0,0,0.1047,1000.0,2.84,18.1,0.3071
FITEST-F,20,2,1,0,1,1,1,0,0,1,0,1,0,30,0,0,0,0.4594,12.45,998.8,5.44,1.0
FITEST-F,20,1,1,0,1,1,1,0,0,1,0,5,0,30,0,0,0,0.4297,20.03,998.8,10.15,1.0
FITEST-F,20,3,2,0,0,1,1,0,1,1,0,1,1,20,0,0,0,0.0896,1000.0,2.86,20.02,0.2839
FITEST-F,20,3,2,0,0,0,0,1,0,0,1,4,1,30,1,1,1,0.1261,1000.0,2.84,18.79,0.2924
FITEST-F,20,3,2,0,0,1,1,0,1,1,0,0,1,30,0,0,0,0.1444,1000.0,2.84,18.1,0.3072
FITEST-F,20,3,2,0,0,0,0,1,0,0,0,4,1,30,1,1,0,0.097,1000.0,2.84,18.6,0.3009
RANDOM,20,0,0,0,0,1,1,0,1,1,1,1,1,20,1,1,0,0.0614,1000.0,3.22,12.07,1.0
RANDOM,20,3,1,0,0,0,0,0,1,1,2,2,0,40,1,1,2,0.3893,1000.0,998.8,8.84,1.0
RANDOM,20,3,0,0,1,1,1,1,1,1,2,3,0,20,1,0,2,0.022,0.0,998.8,9.74,0.36
RANDOM,20,1,1,0,1,0,1,1,1,0,1,6,0,20,0,0,0,0.3318,17.69,998.8,10.15,1.0
RANDOM,20,2,2,0,0,0,0,1,0,1,0,1,0,20,1,0,0,0.2744,1000.0,998.8,1.69,1.0
RANDOM,20,3,2,0,0,0,1,0,1,1,2,3,1,30,0,0,1,0.0867,1000.0,2.84,18.09,0.2993
RANDOM,20,3,0,0,0,0,0,1,1,1,1,3,1,30,0,0,1,0.0,1000.0,3.86,6.28,0.2511
RANDOM,20,0,0,0,0,0,0,1,1,1,2,3,0,40,1,1,0,0.0011,1000.0,998.8,12.07,1.0
RANDOM,20,3,1,0,1,0,1,0,0,1,2,2,0,20,0,1,2,0.232,1.83,998.8,8.85,0.7371
RANDOM,20,2,1,0,1,0,1,0,1,1,0,2,0,40,1,1,0,0.4267,4.78,998.8,5.4,1.0
RANDOM,20,0,0,0,1,1,0,0,1,0,2,4,1,20,1,0,0,0.063,18.45,3.22,12.07,1.0
RANDOM,20,1,0,0,1,0,0,0,1,0,1,5,1,20,0,1,0,0.3582,3.01,3.22,6.4,1.0
RANDOM,20,3,2,0,1,1,1,0,1,0,1,0,0,20,1,1,0,0.0942,8.69,998.8,18.92,0.2971
RANDOM,20,2,0,0,1,1,1,0,0,1,1,0,0,20,0,1,0,0.4825,20.12,998.8,6.3,1.0
RANDOM,20,2,0,0,1,1,0,1,1,1,0,1,0,40,1,1,0,0.5212,5.95,998.8,6.32,1.0
RANDOM,20,2,1,0,1,0,1,0,0,0,0,4,1,30,0,0,0,0.4695,11.81,2.81,5.56,1.0
